
dotprod.riscv:     file format elf64-littleriscv


Disassembly of section .text:

0000000000010120 <exit>:
   10120:	1141                	addi	sp,sp,-16
   10122:	4581                	li	a1,0
   10124:	e022                	sd	s0,0(sp)
   10126:	e406                	sd	ra,8(sp)
   10128:	842a                	mv	s0,a0
   1012a:	011000ef          	jal	1093a <__call_exitprocs>
   1012e:	8901b783          	ld	a5,-1904(gp) # 1b658 <__stdio_exit_handler>
   10132:	c391                	beqz	a5,10136 <exit+0x16>
   10134:	9782                	jalr	a5
   10136:	8522                	mv	a0,s0
   10138:	4bb070ef          	jal	17df2 <_exit>

000000000001013c <main>:
   1013c:	6571                	lui	a0,0x1c
   1013e:	686d                	lui	a6,0x1b
   10140:	1141                	addi	sp,sp,-16
   10142:	6d050513          	addi	a0,a0,1744 # 1c6d0 <A>
   10146:	6d080813          	addi	a6,a6,1744 # 1b6d0 <B>
   1014a:	787882b7          	lui	t0,0x78788
   1014e:	6bca2fb7          	lui	t6,0x6bca2
   10152:	6f05                	lui	t5,0x1
   10154:	e406                	sd	ra,8(sp)
   10156:	832a                	mv	t1,a0
   10158:	88c2                	mv	a7,a6
   1015a:	87928293          	addi	t0,t0,-1927 # 78787879 <__BSS_END__+0x78769c31>
   1015e:	af3f8f93          	addi	t6,t6,-1293 # 6bca1af3 <__BSS_END__+0x6bc83eab>
   10162:	c01f0f13          	addi	t5,t5,-1023 # c01 <exit-0xf51f>
   10166:	459d                	li	a1,7
   10168:	4605                	li	a2,1
   1016a:	6e85                	lui	t4,0x1
   1016c:	03f58733          	mul	a4,a1,t6
   10170:	41f5d79b          	sraiw	a5,a1,0x1f
   10174:	41f65e1b          	sraiw	t3,a2,0x1f
   10178:	0891                	addi	a7,a7,4
   1017a:	0311                	addi	t1,t1,4
   1017c:	025606b3          	mul	a3,a2,t0
   10180:	970d                	srai	a4,a4,0x23
   10182:	9f1d                	subw	a4,a4,a5
   10184:	0027179b          	slliw	a5,a4,0x2
   10188:	9fb9                	addw	a5,a5,a4
   1018a:	0027979b          	slliw	a5,a5,0x2
   1018e:	9f99                	subw	a5,a5,a4
   10190:	40f587bb          	subw	a5,a1,a5
   10194:	fef8ae23          	sw	a5,-4(a7)
   10198:	2595                	addiw	a1,a1,5
   1019a:	4236d793          	srai	a5,a3,0x23
   1019e:	41c787bb          	subw	a5,a5,t3
   101a2:	0047971b          	slliw	a4,a5,0x4
   101a6:	9fb9                	addw	a5,a5,a4
   101a8:	40f607bb          	subw	a5,a2,a5
   101ac:	fef32e23          	sw	a5,-4(t1)
   101b0:	260d                	addiw	a2,a2,3
   101b2:	fbe61de3          	bne	a2,t5,1016c <main+0x30>
   101b6:	01d506b3          	add	a3,a0,t4
   101ba:	4581                	li	a1,0
   101bc:	411c                	lw	a5,0(a0)
   101be:	00082703          	lw	a4,0(a6)
   101c2:	0511                	addi	a0,a0,4
   101c4:	0811                	addi	a6,a6,4
   101c6:	02e787b3          	mul	a5,a5,a4
   101ca:	95be                	add	a1,a1,a5
   101cc:	fed518e3          	bne	a0,a3,101bc <main+0x80>
   101d0:	6565                	lui	a0,0x19
   101d2:	22050513          	addi	a0,a0,544 # 19220 <__clzdi2+0x34>
   101d6:	3e6000ef          	jal	105bc <printf>
   101da:	60a2                	ld	ra,8(sp)
   101dc:	4501                	li	a0,0
   101de:	0141                	addi	sp,sp,16
   101e0:	8082                	ret

00000000000101e2 <register_fini>:
   101e2:	00000793          	li	a5,0
   101e6:	c791                	beqz	a5,101f2 <register_fini+0x10>
   101e8:	6551                	lui	a0,0x14
   101ea:	cd250513          	addi	a0,a0,-814 # 13cd2 <__libc_fini_array>
   101ee:	0350006f          	j	10a22 <atexit>
   101f2:	8082                	ret

00000000000101f4 <_start>:
   101f4:	0000c197          	auipc	gp,0xc
   101f8:	bd418193          	addi	gp,gp,-1068 # 1bdc8 <__global_pointer$>
   101fc:	00000513          	li	a0,0
   10200:	c119                	beqz	a0,10206 <_start+0x12>
   10202:	01751073          	csrw	jvt,a0
   10206:	0000b517          	auipc	a0,0xb
   1020a:	45250513          	addi	a0,a0,1106 # 1b658 <__stdio_exit_handler>
   1020e:	0000e617          	auipc	a2,0xe
   10212:	a3a60613          	addi	a2,a2,-1478 # 1dc48 <__BSS_END__>
   10216:	8e09                	sub	a2,a2,a0
   10218:	4581                	li	a1,0
   1021a:	676000ef          	jal	10890 <memset>
   1021e:	00001517          	auipc	a0,0x1
   10222:	80450513          	addi	a0,a0,-2044 # 10a22 <atexit>
   10226:	c519                	beqz	a0,10234 <_start+0x40>
   10228:	00004517          	auipc	a0,0x4
   1022c:	aaa50513          	addi	a0,a0,-1366 # 13cd2 <__libc_fini_array>
   10230:	7f2000ef          	jal	10a22 <atexit>
   10234:	5fa000ef          	jal	1082e <__libc_init_array>
   10238:	4502                	lw	a0,0(sp)
   1023a:	002c                	addi	a1,sp,8
   1023c:	00351613          	slli	a2,a0,0x3
   10240:	0621                	addi	a2,a2,8
   10242:	962e                	add	a2,a2,a1
   10244:	ef9ff0ef          	jal	1013c <main>
   10248:	bde1                	j	10120 <exit>

000000000001024a <__do_global_dtors_aux>:
   1024a:	1141                	addi	sp,sp,-16
   1024c:	e022                	sd	s0,0(sp)
   1024e:	8d01c783          	lbu	a5,-1840(gp) # 1b698 <completed.1>
   10252:	e406                	sd	ra,8(sp)
   10254:	ef91                	bnez	a5,10270 <__do_global_dtors_aux+0x26>
   10256:	00000793          	li	a5,0
   1025a:	cb81                	beqz	a5,1026a <__do_global_dtors_aux+0x20>
   1025c:	6569                	lui	a0,0x1a
   1025e:	a6050513          	addi	a0,a0,-1440 # 19a60 <__EH_FRAME_BEGIN__>
   10262:	00000097          	auipc	ra,0x0
   10266:	000000e7          	jalr	zero # 0 <exit-0x10120>
   1026a:	4785                	li	a5,1
   1026c:	8cf18823          	sb	a5,-1840(gp) # 1b698 <completed.1>
   10270:	60a2                	ld	ra,8(sp)
   10272:	6402                	ld	s0,0(sp)
   10274:	0141                	addi	sp,sp,16
   10276:	8082                	ret

0000000000010278 <frame_dummy>:
   10278:	00000793          	li	a5,0
   1027c:	cb91                	beqz	a5,10290 <frame_dummy+0x18>
   1027e:	6569                	lui	a0,0x1a
   10280:	8d818593          	addi	a1,gp,-1832 # 1b6a0 <object.0>
   10284:	a6050513          	addi	a0,a0,-1440 # 19a60 <__EH_FRAME_BEGIN__>
   10288:	00000317          	auipc	t1,0x0
   1028c:	00000067          	jr	zero # 0 <exit-0x10120>
   10290:	8082                	ret

0000000000010292 <__fp_lock>:
   10292:	4501                	li	a0,0
   10294:	8082                	ret

0000000000010296 <stdio_exit_handler>:
   10296:	666d                	lui	a2,0x1b
   10298:	65cd                	lui	a1,0x13
   1029a:	656d                	lui	a0,0x1b
   1029c:	a8060613          	addi	a2,a2,-1408 # 1aa80 <__sglue>
   102a0:	44c58593          	addi	a1,a1,1100 # 1344c <_fclose_r>
   102a4:	a9850513          	addi	a0,a0,-1384 # 1aa98 <_impure_data>
   102a8:	a4ad                	j	10512 <_fwalk_sglue>

00000000000102aa <cleanup_stdio>:
   102aa:	650c                	ld	a1,8(a0)
   102ac:	1141                	addi	sp,sp,-16
   102ae:	67f5                	lui	a5,0x1d
   102b0:	e022                	sd	s0,0(sp)
   102b2:	e406                	sd	ra,8(sp)
   102b4:	6d078793          	addi	a5,a5,1744 # 1d6d0 <__sf>
   102b8:	842a                	mv	s0,a0
   102ba:	00f58463          	beq	a1,a5,102c2 <cleanup_stdio+0x18>
   102be:	18e030ef          	jal	1344c <_fclose_r>
   102c2:	680c                	ld	a1,16(s0)
   102c4:	67f5                	lui	a5,0x1d
   102c6:	78078793          	addi	a5,a5,1920 # 1d780 <__sf+0xb0>
   102ca:	00f58563          	beq	a1,a5,102d4 <cleanup_stdio+0x2a>
   102ce:	8522                	mv	a0,s0
   102d0:	17c030ef          	jal	1344c <_fclose_r>
   102d4:	6c0c                	ld	a1,24(s0)
   102d6:	67f9                	lui	a5,0x1e
   102d8:	83078793          	addi	a5,a5,-2000 # 1d830 <__sf+0x160>
   102dc:	00f58863          	beq	a1,a5,102ec <cleanup_stdio+0x42>
   102e0:	8522                	mv	a0,s0
   102e2:	6402                	ld	s0,0(sp)
   102e4:	60a2                	ld	ra,8(sp)
   102e6:	0141                	addi	sp,sp,16
   102e8:	1640306f          	j	1344c <_fclose_r>
   102ec:	60a2                	ld	ra,8(sp)
   102ee:	6402                	ld	s0,0(sp)
   102f0:	0141                	addi	sp,sp,16
   102f2:	8082                	ret

00000000000102f4 <__fp_unlock>:
   102f4:	4501                	li	a0,0
   102f6:	8082                	ret

00000000000102f8 <global_stdio_init.part.0>:
   102f8:	7179                	addi	sp,sp,-48
   102fa:	67c1                	lui	a5,0x10
   102fc:	f022                	sd	s0,32(sp)
   102fe:	29678793          	addi	a5,a5,662 # 10296 <stdio_exit_handler>
   10302:	6475                	lui	s0,0x1d
   10304:	6575                	lui	a0,0x1d
   10306:	6d040413          	addi	s0,s0,1744 # 1d6d0 <__sf>
   1030a:	f406                	sd	ra,40(sp)
   1030c:	ec26                	sd	s1,24(sp)
   1030e:	e84a                	sd	s2,16(sp)
   10310:	e44e                	sd	s3,8(sp)
   10312:	e052                	sd	s4,0(sp)
   10314:	88f1b823          	sd	a5,-1904(gp) # 1b658 <__stdio_exit_handler>
   10318:	4621                	li	a2,8
   1031a:	4791                	li	a5,4
   1031c:	4581                	li	a1,0
   1031e:	77450513          	addi	a0,a0,1908 # 1d774 <__sf+0xa4>
   10322:	c81c                	sw	a5,16(s0)
   10324:	00043023          	sd	zero,0(s0)
   10328:	00043423          	sd	zero,8(s0)
   1032c:	0a042623          	sw	zero,172(s0)
   10330:	00043c23          	sd	zero,24(s0)
   10334:	02042023          	sw	zero,32(s0)
   10338:	02042423          	sw	zero,40(s0)
   1033c:	554000ef          	jal	10890 <memset>
   10340:	6a41                	lui	s4,0x10
   10342:	69c1                	lui	s3,0x10
   10344:	6941                	lui	s2,0x10
   10346:	64c1                	lui	s1,0x10
   10348:	6579                	lui	a0,0x1e
   1034a:	67c1                	lui	a5,0x10
   1034c:	5e8a0a13          	addi	s4,s4,1512 # 105e8 <__sread>
   10350:	62498993          	addi	s3,s3,1572 # 10624 <__swrite>
   10354:	67690913          	addi	s2,s2,1654 # 10676 <__sseek>
   10358:	6b848493          	addi	s1,s1,1720 # 106b8 <__sclose>
   1035c:	07a5                	addi	a5,a5,9 # 10009 <exit-0x117>
   1035e:	4621                	li	a2,8
   10360:	4581                	li	a1,0
   10362:	82450513          	addi	a0,a0,-2012 # 1d824 <__sf+0x154>
   10366:	0cf42023          	sw	a5,192(s0)
   1036a:	03443c23          	sd	s4,56(s0)
   1036e:	05343023          	sd	s3,64(s0)
   10372:	05243423          	sd	s2,72(s0)
   10376:	e824                	sd	s1,80(s0)
   10378:	f800                	sd	s0,48(s0)
   1037a:	0a043823          	sd	zero,176(s0)
   1037e:	0a043c23          	sd	zero,184(s0)
   10382:	14042e23          	sw	zero,348(s0)
   10386:	0c043423          	sd	zero,200(s0)
   1038a:	0c042823          	sw	zero,208(s0)
   1038e:	0c042c23          	sw	zero,216(s0)
   10392:	4fe000ef          	jal	10890 <memset>
   10396:	6775                	lui	a4,0x1d
   10398:	6579                	lui	a0,0x1e
   1039a:	000207b7          	lui	a5,0x20
   1039e:	07c9                	addi	a5,a5,18 # 20012 <__BSS_END__+0x23ca>
   103a0:	78070713          	addi	a4,a4,1920 # 1d780 <__sf+0xb0>
   103a4:	8d450513          	addi	a0,a0,-1836 # 1d8d4 <__sf+0x204>
   103a8:	4621                	li	a2,8
   103aa:	4581                	li	a1,0
   103ac:	0f443423          	sd	s4,232(s0)
   103b0:	0f343823          	sd	s3,240(s0)
   103b4:	0f243c23          	sd	s2,248(s0)
   103b8:	10943023          	sd	s1,256(s0)
   103bc:	16f42823          	sw	a5,368(s0)
   103c0:	16043023          	sd	zero,352(s0)
   103c4:	16043423          	sd	zero,360(s0)
   103c8:	20042623          	sw	zero,524(s0)
   103cc:	16043c23          	sd	zero,376(s0)
   103d0:	18042023          	sw	zero,384(s0)
   103d4:	18042423          	sw	zero,392(s0)
   103d8:	f078                	sd	a4,224(s0)
   103da:	4b6000ef          	jal	10890 <memset>
   103de:	67f9                	lui	a5,0x1e
   103e0:	83078793          	addi	a5,a5,-2000 # 1d830 <__sf+0x160>
   103e4:	19443c23          	sd	s4,408(s0)
   103e8:	1b343023          	sd	s3,416(s0)
   103ec:	1b243423          	sd	s2,424(s0)
   103f0:	1a943823          	sd	s1,432(s0)
   103f4:	70a2                	ld	ra,40(sp)
   103f6:	18f43823          	sd	a5,400(s0)
   103fa:	7402                	ld	s0,32(sp)
   103fc:	64e2                	ld	s1,24(sp)
   103fe:	6942                	ld	s2,16(sp)
   10400:	69a2                	ld	s3,8(sp)
   10402:	6a02                	ld	s4,0(sp)
   10404:	6145                	addi	sp,sp,48
   10406:	8082                	ret

0000000000010408 <__sfp>:
   10408:	8901b783          	ld	a5,-1904(gp) # 1b658 <__stdio_exit_handler>
   1040c:	7179                	addi	sp,sp,-48
   1040e:	ec26                	sd	s1,24(sp)
   10410:	f406                	sd	ra,40(sp)
   10412:	f022                	sd	s0,32(sp)
   10414:	84aa                	mv	s1,a0
   10416:	cbcd                	beqz	a5,104c8 <__sfp+0xc0>
   10418:	66ed                	lui	a3,0x1b
   1041a:	a8068693          	addi	a3,a3,-1408 # 1aa80 <__sglue>
   1041e:	0b000813          	li	a6,176
   10422:	4698                	lw	a4,8(a3)
   10424:	06e05363          	blez	a4,1048a <__sfp+0x82>
   10428:	1702                	slli	a4,a4,0x20
   1042a:	9301                	srli	a4,a4,0x20
   1042c:	03070733          	mul	a4,a4,a6
   10430:	6a80                	ld	s0,16(a3)
   10432:	9722                	add	a4,a4,s0
   10434:	a029                	j	1043e <__sfp+0x36>
   10436:	0b040413          	addi	s0,s0,176
   1043a:	04e40863          	beq	s0,a4,1048a <__sfp+0x82>
   1043e:	01041783          	lh	a5,16(s0)
   10442:	fbf5                	bnez	a5,10436 <__sfp+0x2e>
   10444:	77c1                	lui	a5,0xffff0
   10446:	0785                	addi	a5,a5,1 # ffffffffffff0001 <__BSS_END__+0xfffffffffffd23b9>
   10448:	c81c                	sw	a5,16(s0)
   1044a:	0a042623          	sw	zero,172(s0)
   1044e:	00043023          	sd	zero,0(s0)
   10452:	00043423          	sd	zero,8(s0)
   10456:	00043c23          	sd	zero,24(s0)
   1045a:	02042023          	sw	zero,32(s0)
   1045e:	02042423          	sw	zero,40(s0)
   10462:	4621                	li	a2,8
   10464:	4581                	li	a1,0
   10466:	0a440513          	addi	a0,s0,164
   1046a:	426000ef          	jal	10890 <memset>
   1046e:	04043c23          	sd	zero,88(s0)
   10472:	06042023          	sw	zero,96(s0)
   10476:	06043c23          	sd	zero,120(s0)
   1047a:	08042023          	sw	zero,128(s0)
   1047e:	70a2                	ld	ra,40(sp)
   10480:	8522                	mv	a0,s0
   10482:	7402                	ld	s0,32(sp)
   10484:	64e2                	ld	s1,24(sp)
   10486:	6145                	addi	sp,sp,48
   10488:	8082                	ret
   1048a:	6280                	ld	s0,0(a3)
   1048c:	c019                	beqz	s0,10492 <__sfp+0x8a>
   1048e:	86a2                	mv	a3,s0
   10490:	bf49                	j	10422 <__sfp+0x1a>
   10492:	2d800593          	li	a1,728
   10496:	8526                	mv	a0,s1
   10498:	e436                	sd	a3,8(sp)
   1049a:	097000ef          	jal	10d30 <_malloc_r>
   1049e:	66a2                	ld	a3,8(sp)
   104a0:	842a                	mv	s0,a0
   104a2:	c515                	beqz	a0,104ce <__sfp+0xc6>
   104a4:	4791                	li	a5,4
   104a6:	c51c                	sw	a5,8(a0)
   104a8:	0561                	addi	a0,a0,24
   104aa:	00043023          	sd	zero,0(s0)
   104ae:	e808                	sd	a0,16(s0)
   104b0:	2c000613          	li	a2,704
   104b4:	4581                	li	a1,0
   104b6:	e436                	sd	a3,8(sp)
   104b8:	3d8000ef          	jal	10890 <memset>
   104bc:	66a2                	ld	a3,8(sp)
   104be:	0b000813          	li	a6,176
   104c2:	e280                	sd	s0,0(a3)
   104c4:	86a2                	mv	a3,s0
   104c6:	bfb1                	j	10422 <__sfp+0x1a>
   104c8:	e31ff0ef          	jal	102f8 <global_stdio_init.part.0>
   104cc:	b7b1                	j	10418 <__sfp+0x10>
   104ce:	0006b023          	sd	zero,0(a3)
   104d2:	47b1                	li	a5,12
   104d4:	c09c                	sw	a5,0(s1)
   104d6:	b765                	j	1047e <__sfp+0x76>

00000000000104d8 <__sinit>:
   104d8:	653c                	ld	a5,72(a0)
   104da:	c391                	beqz	a5,104de <__sinit+0x6>
   104dc:	8082                	ret
   104de:	67c1                	lui	a5,0x10
   104e0:	8901b703          	ld	a4,-1904(gp) # 1b658 <__stdio_exit_handler>
   104e4:	2aa78793          	addi	a5,a5,682 # 102aa <cleanup_stdio>
   104e8:	e53c                	sd	a5,72(a0)
   104ea:	fb6d                	bnez	a4,104dc <__sinit+0x4>
   104ec:	b531                	j	102f8 <global_stdio_init.part.0>

00000000000104ee <__sfp_lock_acquire>:
   104ee:	8082                	ret

00000000000104f0 <__sfp_lock_release>:
   104f0:	8082                	ret

00000000000104f2 <__fp_lock_all>:
   104f2:	666d                	lui	a2,0x1b
   104f4:	65c1                	lui	a1,0x10
   104f6:	a8060613          	addi	a2,a2,-1408 # 1aa80 <__sglue>
   104fa:	29258593          	addi	a1,a1,658 # 10292 <__fp_lock>
   104fe:	4501                	li	a0,0
   10500:	a809                	j	10512 <_fwalk_sglue>

0000000000010502 <__fp_unlock_all>:
   10502:	666d                	lui	a2,0x1b
   10504:	65c1                	lui	a1,0x10
   10506:	a8060613          	addi	a2,a2,-1408 # 1aa80 <__sglue>
   1050a:	2f458593          	addi	a1,a1,756 # 102f4 <__fp_unlock>
   1050e:	4501                	li	a0,0
   10510:	a009                	j	10512 <_fwalk_sglue>

0000000000010512 <_fwalk_sglue>:
   10512:	715d                	addi	sp,sp,-80
   10514:	f84a                	sd	s2,48(sp)
   10516:	f44e                	sd	s3,40(sp)
   10518:	f052                	sd	s4,32(sp)
   1051a:	ec56                	sd	s5,24(sp)
   1051c:	e85a                	sd	s6,16(sp)
   1051e:	e45e                	sd	s7,8(sp)
   10520:	e062                	sd	s8,0(sp)
   10522:	e486                	sd	ra,72(sp)
   10524:	e0a2                	sd	s0,64(sp)
   10526:	fc26                	sd	s1,56(sp)
   10528:	89b2                	mv	s3,a2
   1052a:	8aaa                	mv	s5,a0
   1052c:	8b2e                	mv	s6,a1
   1052e:	4901                	li	s2,0
   10530:	0b000b93          	li	s7,176
   10534:	4c05                	li	s8,1
   10536:	5a7d                	li	s4,-1
   10538:	0089a483          	lw	s1,8(s3)
   1053c:	02905b63          	blez	s1,10572 <_fwalk_sglue+0x60>
   10540:	1482                	slli	s1,s1,0x20
   10542:	9081                	srli	s1,s1,0x20
   10544:	037484b3          	mul	s1,s1,s7
   10548:	0109b403          	ld	s0,16(s3)
   1054c:	94a2                	add	s1,s1,s0
   1054e:	01045783          	lhu	a5,16(s0)
   10552:	00fc7c63          	bgeu	s8,a5,1056a <_fwalk_sglue+0x58>
   10556:	01241783          	lh	a5,18(s0)
   1055a:	85a2                	mv	a1,s0
   1055c:	8556                	mv	a0,s5
   1055e:	01478663          	beq	a5,s4,1056a <_fwalk_sglue+0x58>
   10562:	9b02                	jalr	s6
   10564:	01256933          	or	s2,a0,s2
   10568:	2901                	sext.w	s2,s2
   1056a:	0b040413          	addi	s0,s0,176
   1056e:	fe9410e3          	bne	s0,s1,1054e <_fwalk_sglue+0x3c>
   10572:	0009b983          	ld	s3,0(s3)
   10576:	fc0991e3          	bnez	s3,10538 <_fwalk_sglue+0x26>
   1057a:	60a6                	ld	ra,72(sp)
   1057c:	6406                	ld	s0,64(sp)
   1057e:	74e2                	ld	s1,56(sp)
   10580:	79a2                	ld	s3,40(sp)
   10582:	7a02                	ld	s4,32(sp)
   10584:	6ae2                	ld	s5,24(sp)
   10586:	6b42                	ld	s6,16(sp)
   10588:	6ba2                	ld	s7,8(sp)
   1058a:	6c02                	ld	s8,0(sp)
   1058c:	854a                	mv	a0,s2
   1058e:	7942                	ld	s2,48(sp)
   10590:	6161                	addi	sp,sp,80
   10592:	8082                	ret

0000000000010594 <_printf_r>:
   10594:	715d                	addi	sp,sp,-80
   10596:	8e2e                	mv	t3,a1
   10598:	690c                	ld	a1,16(a0)
   1059a:	02010313          	addi	t1,sp,32
   1059e:	f032                	sd	a2,32(sp)
   105a0:	f436                	sd	a3,40(sp)
   105a2:	8672                	mv	a2,t3
   105a4:	869a                	mv	a3,t1
   105a6:	ec06                	sd	ra,24(sp)
   105a8:	f83a                	sd	a4,48(sp)
   105aa:	fc3e                	sd	a5,56(sp)
   105ac:	e0c2                	sd	a6,64(sp)
   105ae:	e4c6                	sd	a7,72(sp)
   105b0:	e41a                	sd	t1,8(sp)
   105b2:	5e9000ef          	jal	1139a <_vfprintf_r>
   105b6:	60e2                	ld	ra,24(sp)
   105b8:	6161                	addi	sp,sp,80
   105ba:	8082                	ret

00000000000105bc <printf>:
   105bc:	8781b303          	ld	t1,-1928(gp) # 1b640 <_impure_ptr>
   105c0:	711d                	addi	sp,sp,-96
   105c2:	f832                	sd	a2,48(sp)
   105c4:	fc36                	sd	a3,56(sp)
   105c6:	f42e                	sd	a1,40(sp)
   105c8:	e0ba                	sd	a4,64(sp)
   105ca:	e4be                	sd	a5,72(sp)
   105cc:	e8c2                	sd	a6,80(sp)
   105ce:	ecc6                	sd	a7,88(sp)
   105d0:	01033583          	ld	a1,16(t1) # 10298 <stdio_exit_handler+0x2>
   105d4:	1034                	addi	a3,sp,40
   105d6:	862a                	mv	a2,a0
   105d8:	851a                	mv	a0,t1
   105da:	ec06                	sd	ra,24(sp)
   105dc:	e436                	sd	a3,8(sp)
   105de:	5bd000ef          	jal	1139a <_vfprintf_r>
   105e2:	60e2                	ld	ra,24(sp)
   105e4:	6125                	addi	sp,sp,96
   105e6:	8082                	ret

00000000000105e8 <__sread>:
   105e8:	1141                	addi	sp,sp,-16
   105ea:	e022                	sd	s0,0(sp)
   105ec:	842e                	mv	s0,a1
   105ee:	01259583          	lh	a1,18(a1)
   105f2:	e406                	sd	ra,8(sp)
   105f4:	1c2000ef          	jal	107b6 <_read_r>
   105f8:	00054963          	bltz	a0,1060a <__sread+0x22>
   105fc:	685c                	ld	a5,144(s0)
   105fe:	60a2                	ld	ra,8(sp)
   10600:	97aa                	add	a5,a5,a0
   10602:	e85c                	sd	a5,144(s0)
   10604:	6402                	ld	s0,0(sp)
   10606:	0141                	addi	sp,sp,16
   10608:	8082                	ret
   1060a:	01045783          	lhu	a5,16(s0)
   1060e:	777d                	lui	a4,0xfffff
   10610:	177d                	addi	a4,a4,-1 # ffffffffffffefff <__BSS_END__+0xfffffffffffe13b7>
   10612:	8ff9                	and	a5,a5,a4
   10614:	60a2                	ld	ra,8(sp)
   10616:	00f41823          	sh	a5,16(s0)
   1061a:	6402                	ld	s0,0(sp)
   1061c:	0141                	addi	sp,sp,16
   1061e:	8082                	ret

0000000000010620 <__seofread>:
   10620:	4501                	li	a0,0
   10622:	8082                	ret

0000000000010624 <__swrite>:
   10624:	01059783          	lh	a5,16(a1)
   10628:	7179                	addi	sp,sp,-48
   1062a:	8336                	mv	t1,a3
   1062c:	f406                	sd	ra,40(sp)
   1062e:	1007f693          	andi	a3,a5,256
   10632:	872e                	mv	a4,a1
   10634:	88b2                	mv	a7,a2
   10636:	882a                	mv	a6,a0
   10638:	ee91                	bnez	a3,10654 <__swrite+0x30>
   1063a:	76fd                	lui	a3,0xfffff
   1063c:	16fd                	addi	a3,a3,-1 # ffffffffffffefff <__BSS_END__+0xfffffffffffe13b7>
   1063e:	70a2                	ld	ra,40(sp)
   10640:	8ff5                	and	a5,a5,a3
   10642:	01271583          	lh	a1,18(a4)
   10646:	00f71823          	sh	a5,16(a4)
   1064a:	869a                	mv	a3,t1
   1064c:	8646                	mv	a2,a7
   1064e:	8542                	mv	a0,a6
   10650:	6145                	addi	sp,sp,48
   10652:	a245                	j	107f2 <_write_r>
   10654:	01259583          	lh	a1,18(a1)
   10658:	e832                	sd	a2,16(sp)
   1065a:	4689                	li	a3,2
   1065c:	4601                	li	a2,0
   1065e:	ec1a                	sd	t1,24(sp)
   10660:	e03a                	sd	a4,0(sp)
   10662:	e42a                	sd	a0,8(sp)
   10664:	116000ef          	jal	1077a <_lseek_r>
   10668:	6702                	ld	a4,0(sp)
   1066a:	6362                	ld	t1,24(sp)
   1066c:	68c2                	ld	a7,16(sp)
   1066e:	01071783          	lh	a5,16(a4)
   10672:	6822                	ld	a6,8(sp)
   10674:	b7d9                	j	1063a <__swrite+0x16>

0000000000010676 <__sseek>:
   10676:	1141                	addi	sp,sp,-16
   10678:	e022                	sd	s0,0(sp)
   1067a:	842e                	mv	s0,a1
   1067c:	01259583          	lh	a1,18(a1)
   10680:	e406                	sd	ra,8(sp)
   10682:	0f8000ef          	jal	1077a <_lseek_r>
   10686:	577d                	li	a4,-1
   10688:	01041783          	lh	a5,16(s0)
   1068c:	00e50b63          	beq	a0,a4,106a2 <__sseek+0x2c>
   10690:	6705                	lui	a4,0x1
   10692:	8fd9                	or	a5,a5,a4
   10694:	60a2                	ld	ra,8(sp)
   10696:	e848                	sd	a0,144(s0)
   10698:	00f41823          	sh	a5,16(s0)
   1069c:	6402                	ld	s0,0(sp)
   1069e:	0141                	addi	sp,sp,16
   106a0:	8082                	ret
   106a2:	80050713          	addi	a4,a0,-2048
   106a6:	80070713          	addi	a4,a4,-2048 # 800 <exit-0xf920>
   106aa:	8ff9                	and	a5,a5,a4
   106ac:	60a2                	ld	ra,8(sp)
   106ae:	00f41823          	sh	a5,16(s0)
   106b2:	6402                	ld	s0,0(sp)
   106b4:	0141                	addi	sp,sp,16
   106b6:	8082                	ret

00000000000106b8 <__sclose>:
   106b8:	01259583          	lh	a1,18(a1)
   106bc:	a009                	j	106be <_close_r>

00000000000106be <_close_r>:
   106be:	1101                	addi	sp,sp,-32
   106c0:	e822                	sd	s0,16(sp)
   106c2:	e426                	sd	s1,8(sp)
   106c4:	84aa                	mv	s1,a0
   106c6:	852e                	mv	a0,a1
   106c8:	ec06                	sd	ra,24(sp)
   106ca:	8801ac23          	sw	zero,-1896(gp) # 1b660 <errno>
   106ce:	6fa070ef          	jal	17dc8 <_close>
   106d2:	57fd                	li	a5,-1
   106d4:	00f50763          	beq	a0,a5,106e2 <_close_r+0x24>
   106d8:	60e2                	ld	ra,24(sp)
   106da:	6442                	ld	s0,16(sp)
   106dc:	64a2                	ld	s1,8(sp)
   106de:	6105                	addi	sp,sp,32
   106e0:	8082                	ret
   106e2:	8981a783          	lw	a5,-1896(gp) # 1b660 <errno>
   106e6:	dbed                	beqz	a5,106d8 <_close_r+0x1a>
   106e8:	60e2                	ld	ra,24(sp)
   106ea:	6442                	ld	s0,16(sp)
   106ec:	c09c                	sw	a5,0(s1)
   106ee:	64a2                	ld	s1,8(sp)
   106f0:	6105                	addi	sp,sp,32
   106f2:	8082                	ret

00000000000106f4 <_reclaim_reent>:
   106f4:	8781b783          	ld	a5,-1928(gp) # 1b640 <_impure_ptr>
   106f8:	08a78063          	beq	a5,a0,10778 <_reclaim_reent+0x84>
   106fc:	752c                	ld	a1,104(a0)
   106fe:	7179                	addi	sp,sp,-48
   10700:	ec26                	sd	s1,24(sp)
   10702:	f406                	sd	ra,40(sp)
   10704:	f022                	sd	s0,32(sp)
   10706:	84aa                	mv	s1,a0
   10708:	c98d                	beqz	a1,1073a <_reclaim_reent+0x46>
   1070a:	e84a                	sd	s2,16(sp)
   1070c:	e44e                	sd	s3,8(sp)
   1070e:	4901                	li	s2,0
   10710:	20000993          	li	s3,512
   10714:	012587b3          	add	a5,a1,s2
   10718:	6380                	ld	s0,0(a5)
   1071a:	c801                	beqz	s0,1072a <_reclaim_reent+0x36>
   1071c:	85a2                	mv	a1,s0
   1071e:	6000                	ld	s0,0(s0)
   10720:	8526                	mv	a0,s1
   10722:	3d6000ef          	jal	10af8 <_free_r>
   10726:	f87d                	bnez	s0,1071c <_reclaim_reent+0x28>
   10728:	74ac                	ld	a1,104(s1)
   1072a:	0921                	addi	s2,s2,8
   1072c:	ff3914e3          	bne	s2,s3,10714 <_reclaim_reent+0x20>
   10730:	8526                	mv	a0,s1
   10732:	3c6000ef          	jal	10af8 <_free_r>
   10736:	6942                	ld	s2,16(sp)
   10738:	69a2                	ld	s3,8(sp)
   1073a:	68ac                	ld	a1,80(s1)
   1073c:	c581                	beqz	a1,10744 <_reclaim_reent+0x50>
   1073e:	8526                	mv	a0,s1
   10740:	3b8000ef          	jal	10af8 <_free_r>
   10744:	70a0                	ld	s0,96(s1)
   10746:	c419                	beqz	s0,10754 <_reclaim_reent+0x60>
   10748:	85a2                	mv	a1,s0
   1074a:	6000                	ld	s0,0(s0)
   1074c:	8526                	mv	a0,s1
   1074e:	3aa000ef          	jal	10af8 <_free_r>
   10752:	f87d                	bnez	s0,10748 <_reclaim_reent+0x54>
   10754:	7cac                	ld	a1,120(s1)
   10756:	c581                	beqz	a1,1075e <_reclaim_reent+0x6a>
   10758:	8526                	mv	a0,s1
   1075a:	39e000ef          	jal	10af8 <_free_r>
   1075e:	64bc                	ld	a5,72(s1)
   10760:	c799                	beqz	a5,1076e <_reclaim_reent+0x7a>
   10762:	7402                	ld	s0,32(sp)
   10764:	70a2                	ld	ra,40(sp)
   10766:	8526                	mv	a0,s1
   10768:	64e2                	ld	s1,24(sp)
   1076a:	6145                	addi	sp,sp,48
   1076c:	8782                	jr	a5
   1076e:	70a2                	ld	ra,40(sp)
   10770:	7402                	ld	s0,32(sp)
   10772:	64e2                	ld	s1,24(sp)
   10774:	6145                	addi	sp,sp,48
   10776:	8082                	ret
   10778:	8082                	ret

000000000001077a <_lseek_r>:
   1077a:	1101                	addi	sp,sp,-32
   1077c:	87ae                	mv	a5,a1
   1077e:	e822                	sd	s0,16(sp)
   10780:	e426                	sd	s1,8(sp)
   10782:	85b2                	mv	a1,a2
   10784:	84aa                	mv	s1,a0
   10786:	8636                	mv	a2,a3
   10788:	853e                	mv	a0,a5
   1078a:	ec06                	sd	ra,24(sp)
   1078c:	8801ac23          	sw	zero,-1896(gp) # 1b660 <errno>
   10790:	704070ef          	jal	17e94 <_lseek>
   10794:	57fd                	li	a5,-1
   10796:	00f50763          	beq	a0,a5,107a4 <_lseek_r+0x2a>
   1079a:	60e2                	ld	ra,24(sp)
   1079c:	6442                	ld	s0,16(sp)
   1079e:	64a2                	ld	s1,8(sp)
   107a0:	6105                	addi	sp,sp,32
   107a2:	8082                	ret
   107a4:	8981a783          	lw	a5,-1896(gp) # 1b660 <errno>
   107a8:	dbed                	beqz	a5,1079a <_lseek_r+0x20>
   107aa:	60e2                	ld	ra,24(sp)
   107ac:	6442                	ld	s0,16(sp)
   107ae:	c09c                	sw	a5,0(s1)
   107b0:	64a2                	ld	s1,8(sp)
   107b2:	6105                	addi	sp,sp,32
   107b4:	8082                	ret

00000000000107b6 <_read_r>:
   107b6:	1101                	addi	sp,sp,-32
   107b8:	87ae                	mv	a5,a1
   107ba:	e822                	sd	s0,16(sp)
   107bc:	e426                	sd	s1,8(sp)
   107be:	85b2                	mv	a1,a2
   107c0:	84aa                	mv	s1,a0
   107c2:	8636                	mv	a2,a3
   107c4:	853e                	mv	a0,a5
   107c6:	ec06                	sd	ra,24(sp)
   107c8:	8801ac23          	sw	zero,-1896(gp) # 1b660 <errno>
   107cc:	6f2070ef          	jal	17ebe <_read>
   107d0:	57fd                	li	a5,-1
   107d2:	00f50763          	beq	a0,a5,107e0 <_read_r+0x2a>
   107d6:	60e2                	ld	ra,24(sp)
   107d8:	6442                	ld	s0,16(sp)
   107da:	64a2                	ld	s1,8(sp)
   107dc:	6105                	addi	sp,sp,32
   107de:	8082                	ret
   107e0:	8981a783          	lw	a5,-1896(gp) # 1b660 <errno>
   107e4:	dbed                	beqz	a5,107d6 <_read_r+0x20>
   107e6:	60e2                	ld	ra,24(sp)
   107e8:	6442                	ld	s0,16(sp)
   107ea:	c09c                	sw	a5,0(s1)
   107ec:	64a2                	ld	s1,8(sp)
   107ee:	6105                	addi	sp,sp,32
   107f0:	8082                	ret

00000000000107f2 <_write_r>:
   107f2:	1101                	addi	sp,sp,-32
   107f4:	87ae                	mv	a5,a1
   107f6:	e822                	sd	s0,16(sp)
   107f8:	e426                	sd	s1,8(sp)
   107fa:	85b2                	mv	a1,a2
   107fc:	84aa                	mv	s1,a0
   107fe:	8636                	mv	a2,a3
   10800:	853e                	mv	a0,a5
   10802:	ec06                	sd	ra,24(sp)
   10804:	8801ac23          	sw	zero,-1896(gp) # 1b660 <errno>
   10808:	734070ef          	jal	17f3c <_write>
   1080c:	57fd                	li	a5,-1
   1080e:	00f50763          	beq	a0,a5,1081c <_write_r+0x2a>
   10812:	60e2                	ld	ra,24(sp)
   10814:	6442                	ld	s0,16(sp)
   10816:	64a2                	ld	s1,8(sp)
   10818:	6105                	addi	sp,sp,32
   1081a:	8082                	ret
   1081c:	8981a783          	lw	a5,-1896(gp) # 1b660 <errno>
   10820:	dbed                	beqz	a5,10812 <_write_r+0x20>
   10822:	60e2                	ld	ra,24(sp)
   10824:	6442                	ld	s0,16(sp)
   10826:	c09c                	sw	a5,0(s1)
   10828:	64a2                	ld	s1,8(sp)
   1082a:	6105                	addi	sp,sp,32
   1082c:	8082                	ret

000000000001082e <__libc_init_array>:
   1082e:	1101                	addi	sp,sp,-32
   10830:	e822                	sd	s0,16(sp)
   10832:	e04a                	sd	s2,0(sp)
   10834:	646d                	lui	s0,0x1b
   10836:	696d                	lui	s2,0x1b
   10838:	ec06                	sd	ra,24(sp)
   1083a:	e426                	sd	s1,8(sp)
   1083c:	a6490913          	addi	s2,s2,-1436 # 1aa64 <__preinit_array_end>
   10840:	a6440413          	addi	s0,s0,-1436 # 1aa64 <__preinit_array_end>
   10844:	00890d63          	beq	s2,s0,1085e <__libc_init_array+0x30>
   10848:	40890933          	sub	s2,s2,s0
   1084c:	40395913          	srai	s2,s2,0x3
   10850:	4481                	li	s1,0
   10852:	601c                	ld	a5,0(s0)
   10854:	0485                	addi	s1,s1,1
   10856:	0421                	addi	s0,s0,8
   10858:	9782                	jalr	a5
   1085a:	ff24ece3          	bltu	s1,s2,10852 <__libc_init_array+0x24>
   1085e:	696d                	lui	s2,0x1b
   10860:	646d                	lui	s0,0x1b
   10862:	a7890913          	addi	s2,s2,-1416 # 1aa78 <__do_global_dtors_aux_fini_array_entry>
   10866:	a6840413          	addi	s0,s0,-1432 # 1aa68 <__init_array_start>
   1086a:	00890d63          	beq	s2,s0,10884 <__libc_init_array+0x56>
   1086e:	40890933          	sub	s2,s2,s0
   10872:	40395913          	srai	s2,s2,0x3
   10876:	4481                	li	s1,0
   10878:	601c                	ld	a5,0(s0)
   1087a:	0485                	addi	s1,s1,1
   1087c:	0421                	addi	s0,s0,8
   1087e:	9782                	jalr	a5
   10880:	ff24ece3          	bltu	s1,s2,10878 <__libc_init_array+0x4a>
   10884:	60e2                	ld	ra,24(sp)
   10886:	6442                	ld	s0,16(sp)
   10888:	64a2                	ld	s1,8(sp)
   1088a:	6902                	ld	s2,0(sp)
   1088c:	6105                	addi	sp,sp,32
   1088e:	8082                	ret

0000000000010890 <memset>:
   10890:	433d                	li	t1,15
   10892:	872a                	mv	a4,a0
   10894:	02c37163          	bgeu	t1,a2,108b6 <memset+0x26>
   10898:	00f77793          	andi	a5,a4,15
   1089c:	e3c1                	bnez	a5,1091c <memset+0x8c>
   1089e:	e1bd                	bnez	a1,10904 <memset+0x74>
   108a0:	ff067693          	andi	a3,a2,-16
   108a4:	8a3d                	andi	a2,a2,15
   108a6:	96ba                	add	a3,a3,a4
   108a8:	e30c                	sd	a1,0(a4)
   108aa:	e70c                	sd	a1,8(a4)
   108ac:	0741                	addi	a4,a4,16
   108ae:	fed76de3          	bltu	a4,a3,108a8 <memset+0x18>
   108b2:	e211                	bnez	a2,108b6 <memset+0x26>
   108b4:	8082                	ret
   108b6:	40c306b3          	sub	a3,t1,a2
   108ba:	068a                	slli	a3,a3,0x2
   108bc:	00000297          	auipc	t0,0x0
   108c0:	9696                	add	a3,a3,t0
   108c2:	00a68067          	jr	10(a3)
   108c6:	00b70723          	sb	a1,14(a4)
   108ca:	00b706a3          	sb	a1,13(a4)
   108ce:	00b70623          	sb	a1,12(a4)
   108d2:	00b705a3          	sb	a1,11(a4)
   108d6:	00b70523          	sb	a1,10(a4)
   108da:	00b704a3          	sb	a1,9(a4)
   108de:	00b70423          	sb	a1,8(a4)
   108e2:	00b703a3          	sb	a1,7(a4)
   108e6:	00b70323          	sb	a1,6(a4)
   108ea:	00b702a3          	sb	a1,5(a4)
   108ee:	00b70223          	sb	a1,4(a4)
   108f2:	00b701a3          	sb	a1,3(a4)
   108f6:	00b70123          	sb	a1,2(a4)
   108fa:	00b700a3          	sb	a1,1(a4)
   108fe:	00b70023          	sb	a1,0(a4)
   10902:	8082                	ret
   10904:	0ff5f593          	zext.b	a1,a1
   10908:	00859693          	slli	a3,a1,0x8
   1090c:	8dd5                	or	a1,a1,a3
   1090e:	01059693          	slli	a3,a1,0x10
   10912:	8dd5                	or	a1,a1,a3
   10914:	02059693          	slli	a3,a1,0x20
   10918:	8dd5                	or	a1,a1,a3
   1091a:	b759                	j	108a0 <memset+0x10>
   1091c:	00279693          	slli	a3,a5,0x2
   10920:	00000297          	auipc	t0,0x0
   10924:	9696                	add	a3,a3,t0
   10926:	8286                	mv	t0,ra
   10928:	fa2680e7          	jalr	-94(a3)
   1092c:	8096                	mv	ra,t0
   1092e:	17c1                	addi	a5,a5,-16
   10930:	8f1d                	sub	a4,a4,a5
   10932:	963e                	add	a2,a2,a5
   10934:	f8c371e3          	bgeu	t1,a2,108b6 <memset+0x26>
   10938:	b79d                	j	1089e <memset+0xe>

000000000001093a <__call_exitprocs>:
   1093a:	715d                	addi	sp,sp,-80
   1093c:	f052                	sd	s4,32(sp)
   1093e:	f84a                	sd	s2,48(sp)
   10940:	8a01b903          	ld	s2,-1888(gp) # 1b668 <__atexit>
   10944:	e486                	sd	ra,72(sp)
   10946:	06090e63          	beqz	s2,109c2 <__call_exitprocs+0x88>
   1094a:	f44e                	sd	s3,40(sp)
   1094c:	ec56                	sd	s5,24(sp)
   1094e:	e85a                	sd	s6,16(sp)
   10950:	e45e                	sd	s7,8(sp)
   10952:	e0a2                	sd	s0,64(sp)
   10954:	fc26                	sd	s1,56(sp)
   10956:	e062                	sd	s8,0(sp)
   10958:	8b2a                	mv	s6,a0
   1095a:	8bae                	mv	s7,a1
   1095c:	59fd                	li	s3,-1
   1095e:	4a85                	li	s5,1
   10960:	00892403          	lw	s0,8(s2)
   10964:	347d                	addiw	s0,s0,-1
   10966:	04044763          	bltz	s0,109b4 <__call_exitprocs+0x7a>
   1096a:	01090493          	addi	s1,s2,16
   1096e:	00341793          	slli	a5,s0,0x3
   10972:	94be                	add	s1,s1,a5
   10974:	040b9c63          	bnez	s7,109cc <__call_exitprocs+0x92>
   10978:	00892783          	lw	a5,8(s2)
   1097c:	6094                	ld	a3,0(s1)
   1097e:	37fd                	addiw	a5,a5,-1
   10980:	08878863          	beq	a5,s0,10a10 <__call_exitprocs+0xd6>
   10984:	0004b023          	sd	zero,0(s1)
   10988:	c295                	beqz	a3,109ac <__call_exitprocs+0x72>
   1098a:	31092783          	lw	a5,784(s2)
   1098e:	008a973b          	sllw	a4,s5,s0
   10992:	00892c03          	lw	s8,8(s2)
   10996:	8ff9                	and	a5,a5,a4
   10998:	ebb9                	bnez	a5,109ee <__call_exitprocs+0xb4>
   1099a:	9682                	jalr	a3
   1099c:	00892703          	lw	a4,8(s2)
   109a0:	8a01b783          	ld	a5,-1888(gp) # 1b668 <__atexit>
   109a4:	07871363          	bne	a4,s8,10a0a <__call_exitprocs+0xd0>
   109a8:	07279163          	bne	a5,s2,10a0a <__call_exitprocs+0xd0>
   109ac:	347d                	addiw	s0,s0,-1
   109ae:	14e1                	addi	s1,s1,-8
   109b0:	fd3412e3          	bne	s0,s3,10974 <__call_exitprocs+0x3a>
   109b4:	6406                	ld	s0,64(sp)
   109b6:	74e2                	ld	s1,56(sp)
   109b8:	79a2                	ld	s3,40(sp)
   109ba:	6ae2                	ld	s5,24(sp)
   109bc:	6b42                	ld	s6,16(sp)
   109be:	6ba2                	ld	s7,8(sp)
   109c0:	6c02                	ld	s8,0(sp)
   109c2:	60a6                	ld	ra,72(sp)
   109c4:	7942                	ld	s2,48(sp)
   109c6:	7a02                	ld	s4,32(sp)
   109c8:	6161                	addi	sp,sp,80
   109ca:	8082                	ret
   109cc:	2004b783          	ld	a5,512(s1)
   109d0:	fff4071b          	addiw	a4,s0,-1
   109d4:	fafb82e3          	beq	s7,a5,10978 <__call_exitprocs+0x3e>
   109d8:	3479                	addiw	s0,s0,-2
   109da:	fd370de3          	beq	a4,s3,109b4 <__call_exitprocs+0x7a>
   109de:	1f84b783          	ld	a5,504(s1)
   109e2:	03778a63          	beq	a5,s7,10a16 <__call_exitprocs+0xdc>
   109e6:	14c1                	addi	s1,s1,-16
   109e8:	ff3412e3          	bne	s0,s3,109cc <__call_exitprocs+0x92>
   109ec:	b7e1                	j	109b4 <__call_exitprocs+0x7a>
   109ee:	31492783          	lw	a5,788(s2)
   109f2:	1004b583          	ld	a1,256(s1)
   109f6:	8f7d                	and	a4,a4,a5
   109f8:	e315                	bnez	a4,10a1c <__call_exitprocs+0xe2>
   109fa:	855a                	mv	a0,s6
   109fc:	9682                	jalr	a3
   109fe:	00892703          	lw	a4,8(s2)
   10a02:	8a01b783          	ld	a5,-1888(gp) # 1b668 <__atexit>
   10a06:	fb8701e3          	beq	a4,s8,109a8 <__call_exitprocs+0x6e>
   10a0a:	d7cd                	beqz	a5,109b4 <__call_exitprocs+0x7a>
   10a0c:	893e                	mv	s2,a5
   10a0e:	bf89                	j	10960 <__call_exitprocs+0x26>
   10a10:	00892423          	sw	s0,8(s2)
   10a14:	bf95                	j	10988 <__call_exitprocs+0x4e>
   10a16:	843a                	mv	s0,a4
   10a18:	14e1                	addi	s1,s1,-8
   10a1a:	bfb9                	j	10978 <__call_exitprocs+0x3e>
   10a1c:	852e                	mv	a0,a1
   10a1e:	9682                	jalr	a3
   10a20:	bfb5                	j	1099c <__call_exitprocs+0x62>

0000000000010a22 <atexit>:
   10a22:	85aa                	mv	a1,a0
   10a24:	4681                	li	a3,0
   10a26:	4601                	li	a2,0
   10a28:	4501                	li	a0,0
   10a2a:	5d80306f          	j	14002 <__register_exitproc>

0000000000010a2e <_malloc_trim_r>:
   10a2e:	7179                	addi	sp,sp,-48
   10a30:	e84a                	sd	s2,16(sp)
   10a32:	696d                	lui	s2,0x1b
   10a34:	f022                	sd	s0,32(sp)
   10a36:	ec26                	sd	s1,24(sp)
   10a38:	e44e                	sd	s3,8(sp)
   10a3a:	842e                	mv	s0,a1
   10a3c:	f406                	sd	ra,40(sp)
   10a3e:	89aa                	mv	s3,a0
   10a40:	c1090913          	addi	s2,s2,-1008 # 1ac10 <__malloc_av_>
   10a44:	153000ef          	jal	11396 <__malloc_lock>
   10a48:	01093783          	ld	a5,16(s2)
   10a4c:	6705                	lui	a4,0x1
   10a4e:	6784                	ld	s1,8(a5)
   10a50:	98f1                	andi	s1,s1,-4
   10a52:	7ff48793          	addi	a5,s1,2047
   10a56:	7e078793          	addi	a5,a5,2016
   10a5a:	40878433          	sub	s0,a5,s0
   10a5e:	8031                	srli	s0,s0,0xc
   10a60:	147d                	addi	s0,s0,-1
   10a62:	0432                	slli	s0,s0,0xc
   10a64:	00e44b63          	blt	s0,a4,10a7a <_malloc_trim_r+0x4c>
   10a68:	4581                	li	a1,0
   10a6a:	854e                	mv	a0,s3
   10a6c:	230030ef          	jal	13c9c <_sbrk_r>
   10a70:	01093783          	ld	a5,16(s2)
   10a74:	97a6                	add	a5,a5,s1
   10a76:	00f50d63          	beq	a0,a5,10a90 <_malloc_trim_r+0x62>
   10a7a:	854e                	mv	a0,s3
   10a7c:	11d000ef          	jal	11398 <__malloc_unlock>
   10a80:	70a2                	ld	ra,40(sp)
   10a82:	7402                	ld	s0,32(sp)
   10a84:	64e2                	ld	s1,24(sp)
   10a86:	6942                	ld	s2,16(sp)
   10a88:	69a2                	ld	s3,8(sp)
   10a8a:	4501                	li	a0,0
   10a8c:	6145                	addi	sp,sp,48
   10a8e:	8082                	ret
   10a90:	408005b3          	neg	a1,s0
   10a94:	854e                	mv	a0,s3
   10a96:	206030ef          	jal	13c9c <_sbrk_r>
   10a9a:	57fd                	li	a5,-1
   10a9c:	02f50963          	beq	a0,a5,10ace <_malloc_trim_r+0xa0>
   10aa0:	6779                	lui	a4,0x1e
   10aa2:	01093683          	ld	a3,16(s2)
   10aa6:	8e073783          	ld	a5,-1824(a4) # 1d8e0 <__malloc_current_mallinfo>
   10aaa:	8c81                	sub	s1,s1,s0
   10aac:	0014e493          	ori	s1,s1,1
   10ab0:	854e                	mv	a0,s3
   10ab2:	8f81                	sub	a5,a5,s0
   10ab4:	e684                	sd	s1,8(a3)
   10ab6:	8ef73023          	sd	a5,-1824(a4)
   10aba:	0df000ef          	jal	11398 <__malloc_unlock>
   10abe:	70a2                	ld	ra,40(sp)
   10ac0:	7402                	ld	s0,32(sp)
   10ac2:	64e2                	ld	s1,24(sp)
   10ac4:	6942                	ld	s2,16(sp)
   10ac6:	69a2                	ld	s3,8(sp)
   10ac8:	4505                	li	a0,1
   10aca:	6145                	addi	sp,sp,48
   10acc:	8082                	ret
   10ace:	4581                	li	a1,0
   10ad0:	854e                	mv	a0,s3
   10ad2:	1ca030ef          	jal	13c9c <_sbrk_r>
   10ad6:	01093703          	ld	a4,16(s2)
   10ada:	46fd                	li	a3,31
   10adc:	40e507b3          	sub	a5,a0,a4
   10ae0:	f8f6dde3          	bge	a3,a5,10a7a <_malloc_trim_r+0x4c>
   10ae4:	8801b603          	ld	a2,-1920(gp) # 1b648 <__malloc_sbrk_base>
   10ae8:	0017e793          	ori	a5,a5,1
   10aec:	66f9                	lui	a3,0x1e
   10aee:	8d11                	sub	a0,a0,a2
   10af0:	e71c                	sd	a5,8(a4)
   10af2:	8ea6b023          	sd	a0,-1824(a3) # 1d8e0 <__malloc_current_mallinfo>
   10af6:	b751                	j	10a7a <_malloc_trim_r+0x4c>

0000000000010af8 <_free_r>:
   10af8:	c1e5                	beqz	a1,10bd8 <_free_r+0xe0>
   10afa:	1101                	addi	sp,sp,-32
   10afc:	e822                	sd	s0,16(sp)
   10afe:	e42e                	sd	a1,8(sp)
   10b00:	842a                	mv	s0,a0
   10b02:	ec06                	sd	ra,24(sp)
   10b04:	093000ef          	jal	11396 <__malloc_lock>
   10b08:	65a2                	ld	a1,8(sp)
   10b0a:	686d                	lui	a6,0x1b
   10b0c:	c1080813          	addi	a6,a6,-1008 # 1ac10 <__malloc_av_>
   10b10:	ff85b503          	ld	a0,-8(a1)
   10b14:	ff058713          	addi	a4,a1,-16
   10b18:	01083883          	ld	a7,16(a6)
   10b1c:	ffe57793          	andi	a5,a0,-2
   10b20:	00f70633          	add	a2,a4,a5
   10b24:	6614                	ld	a3,8(a2)
   10b26:	00157313          	andi	t1,a0,1
   10b2a:	9af1                	andi	a3,a3,-4
   10b2c:	12c88263          	beq	a7,a2,10c50 <_free_r+0x158>
   10b30:	e614                	sd	a3,8(a2)
   10b32:	00d608b3          	add	a7,a2,a3
   10b36:	0088b883          	ld	a7,8(a7)
   10b3a:	0018f893          	andi	a7,a7,1
   10b3e:	06031963          	bnez	t1,10bb0 <_free_r+0xb8>
   10b42:	ff05b303          	ld	t1,-16(a1)
   10b46:	65ed                	lui	a1,0x1b
   10b48:	c2058593          	addi	a1,a1,-992 # 1ac20 <__malloc_av_+0x10>
   10b4c:	40670733          	sub	a4,a4,t1
   10b50:	6b08                	ld	a0,16(a4)
   10b52:	979a                	add	a5,a5,t1
   10b54:	0eb50163          	beq	a0,a1,10c36 <_free_r+0x13e>
   10b58:	01873303          	ld	t1,24(a4)
   10b5c:	00653c23          	sd	t1,24(a0)
   10b60:	00a33823          	sd	a0,16(t1)
   10b64:	12088063          	beqz	a7,10c84 <_free_r+0x18c>
   10b68:	0017e693          	ori	a3,a5,1
   10b6c:	e714                	sd	a3,8(a4)
   10b6e:	e21c                	sd	a5,0(a2)
   10b70:	1ff00693          	li	a3,511
   10b74:	06f6ec63          	bltu	a3,a5,10bec <_free_r+0xf4>
   10b78:	838d                	srli	a5,a5,0x3
   10b7a:	00179693          	slli	a3,a5,0x1
   10b7e:	2689                	addiw	a3,a3,2
   10b80:	068e                	slli	a3,a3,0x3
   10b82:	00883503          	ld	a0,8(a6)
   10b86:	96c2                	add	a3,a3,a6
   10b88:	628c                	ld	a1,0(a3)
   10b8a:	4027d61b          	sraiw	a2,a5,0x2
   10b8e:	4785                	li	a5,1
   10b90:	00c797b3          	sll	a5,a5,a2
   10b94:	8fc9                	or	a5,a5,a0
   10b96:	ff068613          	addi	a2,a3,-16
   10b9a:	eb0c                	sd	a1,16(a4)
   10b9c:	ef10                	sd	a2,24(a4)
   10b9e:	00f83423          	sd	a5,8(a6)
   10ba2:	e298                	sd	a4,0(a3)
   10ba4:	ed98                	sd	a4,24(a1)
   10ba6:	8522                	mv	a0,s0
   10ba8:	6442                	ld	s0,16(sp)
   10baa:	60e2                	ld	ra,24(sp)
   10bac:	6105                	addi	sp,sp,32
   10bae:	a7ed                	j	11398 <__malloc_unlock>
   10bb0:	02089563          	bnez	a7,10bda <_free_r+0xe2>
   10bb4:	65ed                	lui	a1,0x1b
   10bb6:	97b6                	add	a5,a5,a3
   10bb8:	c2058593          	addi	a1,a1,-992 # 1ac20 <__malloc_av_+0x10>
   10bbc:	6a14                	ld	a3,16(a2)
   10bbe:	0017e893          	ori	a7,a5,1
   10bc2:	00f70533          	add	a0,a4,a5
   10bc6:	0eb68f63          	beq	a3,a1,10cc4 <_free_r+0x1cc>
   10bca:	6e10                	ld	a2,24(a2)
   10bcc:	ee90                	sd	a2,24(a3)
   10bce:	ea14                	sd	a3,16(a2)
   10bd0:	01173423          	sd	a7,8(a4)
   10bd4:	e11c                	sd	a5,0(a0)
   10bd6:	bf69                	j	10b70 <_free_r+0x78>
   10bd8:	8082                	ret
   10bda:	00156513          	ori	a0,a0,1
   10bde:	fea5bc23          	sd	a0,-8(a1)
   10be2:	e21c                	sd	a5,0(a2)
   10be4:	1ff00693          	li	a3,511
   10be8:	f8f6f8e3          	bgeu	a3,a5,10b78 <_free_r+0x80>
   10bec:	0097d693          	srli	a3,a5,0x9
   10bf0:	4611                	li	a2,4
   10bf2:	08d66b63          	bltu	a2,a3,10c88 <_free_r+0x190>
   10bf6:	0067d693          	srli	a3,a5,0x6
   10bfa:	00169593          	slli	a1,a3,0x1
   10bfe:	0725859b          	addiw	a1,a1,114
   10c02:	058e                	slli	a1,a1,0x3
   10c04:	0386861b          	addiw	a2,a3,56
   10c08:	95c2                	add	a1,a1,a6
   10c0a:	6194                	ld	a3,0(a1)
   10c0c:	15c1                	addi	a1,a1,-16
   10c0e:	00d59663          	bne	a1,a3,10c1a <_free_r+0x122>
   10c12:	a0d9                	j	10cd8 <_free_r+0x1e0>
   10c14:	6a94                	ld	a3,16(a3)
   10c16:	00d58663          	beq	a1,a3,10c22 <_free_r+0x12a>
   10c1a:	6690                	ld	a2,8(a3)
   10c1c:	9a71                	andi	a2,a2,-4
   10c1e:	fec7ebe3          	bltu	a5,a2,10c14 <_free_r+0x11c>
   10c22:	6e8c                	ld	a1,24(a3)
   10c24:	ef0c                	sd	a1,24(a4)
   10c26:	eb14                	sd	a3,16(a4)
   10c28:	8522                	mv	a0,s0
   10c2a:	6442                	ld	s0,16(sp)
   10c2c:	60e2                	ld	ra,24(sp)
   10c2e:	e998                	sd	a4,16(a1)
   10c30:	ee98                	sd	a4,24(a3)
   10c32:	6105                	addi	sp,sp,32
   10c34:	a795                	j	11398 <__malloc_unlock>
   10c36:	06089a63          	bnez	a7,10caa <_free_r+0x1b2>
   10c3a:	6e0c                	ld	a1,24(a2)
   10c3c:	6a10                	ld	a2,16(a2)
   10c3e:	96be                	add	a3,a3,a5
   10c40:	0016e793          	ori	a5,a3,1
   10c44:	ee0c                	sd	a1,24(a2)
   10c46:	e990                	sd	a2,16(a1)
   10c48:	e71c                	sd	a5,8(a4)
   10c4a:	9736                	add	a4,a4,a3
   10c4c:	e314                	sd	a3,0(a4)
   10c4e:	bfa1                	j	10ba6 <_free_r+0xae>
   10c50:	96be                	add	a3,a3,a5
   10c52:	00031a63          	bnez	t1,10c66 <_free_r+0x16e>
   10c56:	ff05b783          	ld	a5,-16(a1)
   10c5a:	8f1d                	sub	a4,a4,a5
   10c5c:	6b10                	ld	a2,16(a4)
   10c5e:	96be                	add	a3,a3,a5
   10c60:	6f1c                	ld	a5,24(a4)
   10c62:	ee1c                	sd	a5,24(a2)
   10c64:	eb90                	sd	a2,16(a5)
   10c66:	0016e613          	ori	a2,a3,1
   10c6a:	8881b783          	ld	a5,-1912(gp) # 1b650 <__malloc_trim_threshold>
   10c6e:	e710                	sd	a2,8(a4)
   10c70:	00e83823          	sd	a4,16(a6)
   10c74:	f2f6e9e3          	bltu	a3,a5,10ba6 <_free_r+0xae>
   10c78:	8b81b583          	ld	a1,-1864(gp) # 1b680 <__malloc_top_pad>
   10c7c:	8522                	mv	a0,s0
   10c7e:	db1ff0ef          	jal	10a2e <_malloc_trim_r>
   10c82:	b715                	j	10ba6 <_free_r+0xae>
   10c84:	97b6                	add	a5,a5,a3
   10c86:	bf1d                	j	10bbc <_free_r+0xc4>
   10c88:	4651                	li	a2,20
   10c8a:	02d67563          	bgeu	a2,a3,10cb4 <_free_r+0x1bc>
   10c8e:	05400613          	li	a2,84
   10c92:	04d66e63          	bltu	a2,a3,10cee <_free_r+0x1f6>
   10c96:	00c7d693          	srli	a3,a5,0xc
   10c9a:	00169593          	slli	a1,a3,0x1
   10c9e:	0de5859b          	addiw	a1,a1,222
   10ca2:	058e                	slli	a1,a1,0x3
   10ca4:	06e6861b          	addiw	a2,a3,110
   10ca8:	b785                	j	10c08 <_free_r+0x110>
   10caa:	0017e693          	ori	a3,a5,1
   10cae:	e714                	sd	a3,8(a4)
   10cb0:	e21c                	sd	a5,0(a2)
   10cb2:	bdd5                	j	10ba6 <_free_r+0xae>
   10cb4:	00169593          	slli	a1,a3,0x1
   10cb8:	0b85859b          	addiw	a1,a1,184
   10cbc:	058e                	slli	a1,a1,0x3
   10cbe:	05b6861b          	addiw	a2,a3,91
   10cc2:	b799                	j	10c08 <_free_r+0x110>
   10cc4:	02e83423          	sd	a4,40(a6)
   10cc8:	02e83023          	sd	a4,32(a6)
   10ccc:	ef0c                	sd	a1,24(a4)
   10cce:	eb0c                	sd	a1,16(a4)
   10cd0:	01173423          	sd	a7,8(a4)
   10cd4:	e11c                	sd	a5,0(a0)
   10cd6:	bdc1                	j	10ba6 <_free_r+0xae>
   10cd8:	00883503          	ld	a0,8(a6)
   10cdc:	4026561b          	sraiw	a2,a2,0x2
   10ce0:	4785                	li	a5,1
   10ce2:	00c797b3          	sll	a5,a5,a2
   10ce6:	8fc9                	or	a5,a5,a0
   10ce8:	00f83423          	sd	a5,8(a6)
   10cec:	bf25                	j	10c24 <_free_r+0x12c>
   10cee:	15400613          	li	a2,340
   10cf2:	00d66c63          	bltu	a2,a3,10d0a <_free_r+0x212>
   10cf6:	00f7d693          	srli	a3,a5,0xf
   10cfa:	00169593          	slli	a1,a3,0x1
   10cfe:	0f05859b          	addiw	a1,a1,240
   10d02:	058e                	slli	a1,a1,0x3
   10d04:	0776861b          	addiw	a2,a3,119
   10d08:	b701                	j	10c08 <_free_r+0x110>
   10d0a:	55400613          	li	a2,1364
   10d0e:	00d66c63          	bltu	a2,a3,10d26 <_free_r+0x22e>
   10d12:	0127d693          	srli	a3,a5,0x12
   10d16:	00169593          	slli	a1,a3,0x1
   10d1a:	0fa5859b          	addiw	a1,a1,250
   10d1e:	058e                	slli	a1,a1,0x3
   10d20:	07c6861b          	addiw	a2,a3,124
   10d24:	b5d5                	j	10c08 <_free_r+0x110>
   10d26:	7f000593          	li	a1,2032
   10d2a:	07e00613          	li	a2,126
   10d2e:	bde9                	j	10c08 <_free_r+0x110>

0000000000010d30 <_malloc_r>:
   10d30:	711d                	addi	sp,sp,-96
   10d32:	e8a2                	sd	s0,80(sp)
   10d34:	ec86                	sd	ra,88(sp)
   10d36:	01758713          	addi	a4,a1,23
   10d3a:	02e00793          	li	a5,46
   10d3e:	842a                	mv	s0,a0
   10d40:	06e7e363          	bltu	a5,a4,10da6 <_malloc_r+0x76>
   10d44:	02000713          	li	a4,32
   10d48:	04b76863          	bltu	a4,a1,10d98 <_malloc_r+0x68>
   10d4c:	64a000ef          	jal	11396 <__malloc_lock>
   10d50:	02000713          	li	a4,32
   10d54:	05000693          	li	a3,80
   10d58:	4891                	li	a7,4
   10d5a:	686d                	lui	a6,0x1b
   10d5c:	c1080813          	addi	a6,a6,-1008 # 1ac10 <__malloc_av_>
   10d60:	96c2                	add	a3,a3,a6
   10d62:	669c                	ld	a5,8(a3)
   10d64:	ff068613          	addi	a2,a3,-16
   10d68:	32c78463          	beq	a5,a2,11090 <_malloc_r+0x360>
   10d6c:	6798                	ld	a4,8(a5)
   10d6e:	6f90                	ld	a2,24(a5)
   10d70:	6b8c                	ld	a1,16(a5)
   10d72:	9b71                	andi	a4,a4,-4
   10d74:	973e                	add	a4,a4,a5
   10d76:	6714                	ld	a3,8(a4)
   10d78:	ed90                	sd	a2,24(a1)
   10d7a:	ea0c                	sd	a1,16(a2)
   10d7c:	0016e693          	ori	a3,a3,1
   10d80:	8522                	mv	a0,s0
   10d82:	e714                	sd	a3,8(a4)
   10d84:	e43e                	sd	a5,8(sp)
   10d86:	612000ef          	jal	11398 <__malloc_unlock>
   10d8a:	67a2                	ld	a5,8(sp)
   10d8c:	60e6                	ld	ra,88(sp)
   10d8e:	6446                	ld	s0,80(sp)
   10d90:	01078513          	addi	a0,a5,16
   10d94:	6125                	addi	sp,sp,96
   10d96:	8082                	ret
   10d98:	47b1                	li	a5,12
   10d9a:	c01c                	sw	a5,0(s0)
   10d9c:	4501                	li	a0,0
   10d9e:	60e6                	ld	ra,88(sp)
   10da0:	6446                	ld	s0,80(sp)
   10da2:	6125                	addi	sp,sp,96
   10da4:	8082                	ret
   10da6:	4785                	li	a5,1
   10da8:	9b41                	andi	a4,a4,-16
   10daa:	07fe                	slli	a5,a5,0x1f
   10dac:	fef776e3          	bgeu	a4,a5,10d98 <_malloc_r+0x68>
   10db0:	feb764e3          	bltu	a4,a1,10d98 <_malloc_r+0x68>
   10db4:	e43a                	sd	a4,8(sp)
   10db6:	5e0000ef          	jal	11396 <__malloc_lock>
   10dba:	6722                	ld	a4,8(sp)
   10dbc:	1f700793          	li	a5,503
   10dc0:	38e7f663          	bgeu	a5,a4,1114c <_malloc_r+0x41c>
   10dc4:	00975793          	srli	a5,a4,0x9
   10dc8:	12078463          	beqz	a5,10ef0 <_malloc_r+0x1c0>
   10dcc:	4691                	li	a3,4
   10dce:	30f6e863          	bltu	a3,a5,110de <_malloc_r+0x3ae>
   10dd2:	00675793          	srli	a5,a4,0x6
   10dd6:	0397889b          	addiw	a7,a5,57
   10dda:	0018951b          	slliw	a0,a7,0x1
   10dde:	03878e1b          	addiw	t3,a5,56
   10de2:	050e                	slli	a0,a0,0x3
   10de4:	686d                	lui	a6,0x1b
   10de6:	c1080813          	addi	a6,a6,-1008 # 1ac10 <__malloc_av_>
   10dea:	9542                	add	a0,a0,a6
   10dec:	651c                	ld	a5,8(a0)
   10dee:	1541                	addi	a0,a0,-16
   10df0:	02f50163          	beq	a0,a5,10e12 <_malloc_r+0xe2>
   10df4:	437d                	li	t1,31
   10df6:	a039                	j	10e04 <_malloc_r+0xd4>
   10df8:	6f8c                	ld	a1,24(a5)
   10dfa:	26065863          	bgez	a2,1106a <_malloc_r+0x33a>
   10dfe:	00b50a63          	beq	a0,a1,10e12 <_malloc_r+0xe2>
   10e02:	87ae                	mv	a5,a1
   10e04:	6794                	ld	a3,8(a5)
   10e06:	9af1                	andi	a3,a3,-4
   10e08:	40e68633          	sub	a2,a3,a4
   10e0c:	fec356e3          	bge	t1,a2,10df8 <_malloc_r+0xc8>
   10e10:	88f2                	mv	a7,t3
   10e12:	02083783          	ld	a5,32(a6)
   10e16:	6e6d                	lui	t3,0x1b
   10e18:	c20e0e13          	addi	t3,t3,-992 # 1ac20 <__malloc_av_+0x10>
   10e1c:	23c78063          	beq	a5,t3,1103c <_malloc_r+0x30c>
   10e20:	0087b303          	ld	t1,8(a5)
   10e24:	467d                	li	a2,31
   10e26:	ffc37313          	andi	t1,t1,-4
   10e2a:	40e306b3          	sub	a3,t1,a4
   10e2e:	34d64563          	blt	a2,a3,11178 <_malloc_r+0x448>
   10e32:	03c83423          	sd	t3,40(a6)
   10e36:	03c83023          	sd	t3,32(a6)
   10e3a:	3206d063          	bgez	a3,1115a <_malloc_r+0x42a>
   10e3e:	1ff00693          	li	a3,511
   10e42:	00883583          	ld	a1,8(a6)
   10e46:	2466ea63          	bltu	a3,t1,1109a <_malloc_r+0x36a>
   10e4a:	00335313          	srli	t1,t1,0x3
   10e4e:	00131693          	slli	a3,t1,0x1
   10e52:	2689                	addiw	a3,a3,2
   10e54:	068e                	slli	a3,a3,0x3
   10e56:	96c2                	add	a3,a3,a6
   10e58:	6288                	ld	a0,0(a3)
   10e5a:	4023531b          	sraiw	t1,t1,0x2
   10e5e:	4605                	li	a2,1
   10e60:	00661633          	sll	a2,a2,t1
   10e64:	8dd1                	or	a1,a1,a2
   10e66:	ff068613          	addi	a2,a3,-16
   10e6a:	eb88                	sd	a0,16(a5)
   10e6c:	ef90                	sd	a2,24(a5)
   10e6e:	00b83423          	sd	a1,8(a6)
   10e72:	e29c                	sd	a5,0(a3)
   10e74:	ed1c                	sd	a5,24(a0)
   10e76:	4028d79b          	sraiw	a5,a7,0x2
   10e7a:	4505                	li	a0,1
   10e7c:	00f51533          	sll	a0,a0,a5
   10e80:	06a5ef63          	bltu	a1,a0,10efe <_malloc_r+0x1ce>
   10e84:	00b577b3          	and	a5,a0,a1
   10e88:	ef89                	bnez	a5,10ea2 <_malloc_r+0x172>
   10e8a:	0506                	slli	a0,a0,0x1
   10e8c:	ffc8f893          	andi	a7,a7,-4
   10e90:	00b577b3          	and	a5,a0,a1
   10e94:	2891                	addiw	a7,a7,4
   10e96:	e791                	bnez	a5,10ea2 <_malloc_r+0x172>
   10e98:	0506                	slli	a0,a0,0x1
   10e9a:	00b577b3          	and	a5,a0,a1
   10e9e:	2891                	addiw	a7,a7,4
   10ea0:	dfe5                	beqz	a5,10e98 <_malloc_r+0x168>
   10ea2:	4efd                	li	t4,31
   10ea4:	00189f13          	slli	t5,a7,0x1
   10ea8:	2f09                	addiw	t5,t5,2
   10eaa:	0f0e                	slli	t5,t5,0x3
   10eac:	1f41                	addi	t5,t5,-16
   10eae:	9f42                	add	t5,t5,a6
   10eb0:	837a                	mv	t1,t5
   10eb2:	01833683          	ld	a3,24(t1)
   10eb6:	8fc6                	mv	t6,a7
   10eb8:	24d30463          	beq	t1,a3,11100 <_malloc_r+0x3d0>
   10ebc:	6690                	ld	a2,8(a3)
   10ebe:	87b6                	mv	a5,a3
   10ec0:	6e94                	ld	a3,24(a3)
   10ec2:	9a71                	andi	a2,a2,-4
   10ec4:	40e605b3          	sub	a1,a2,a4
   10ec8:	24bec563          	blt	t4,a1,11112 <_malloc_r+0x3e2>
   10ecc:	fe05c6e3          	bltz	a1,10eb8 <_malloc_r+0x188>
   10ed0:	963e                	add	a2,a2,a5
   10ed2:	6618                	ld	a4,8(a2)
   10ed4:	6b8c                	ld	a1,16(a5)
   10ed6:	8522                	mv	a0,s0
   10ed8:	00176713          	ori	a4,a4,1
   10edc:	e618                	sd	a4,8(a2)
   10ede:	ed94                	sd	a3,24(a1)
   10ee0:	ea8c                	sd	a1,16(a3)
   10ee2:	e43e                	sd	a5,8(sp)
   10ee4:	4b4000ef          	jal	11398 <__malloc_unlock>
   10ee8:	67a2                	ld	a5,8(sp)
   10eea:	01078513          	addi	a0,a5,16
   10eee:	bd45                	j	10d9e <_malloc_r+0x6e>
   10ef0:	40000513          	li	a0,1024
   10ef4:	04000893          	li	a7,64
   10ef8:	03f00e13          	li	t3,63
   10efc:	b5e5                	j	10de4 <_malloc_r+0xb4>
   10efe:	01083783          	ld	a5,16(a6)
   10f02:	6794                	ld	a3,8(a5)
   10f04:	ffc6f313          	andi	t1,a3,-4
   10f08:	40e30633          	sub	a2,t1,a4
   10f0c:	00e36663          	bltu	t1,a4,10f18 <_malloc_r+0x1e8>
   10f10:	02062693          	slti	a3,a2,32
   10f14:	12068763          	beqz	a3,11042 <_malloc_r+0x312>
   10f18:	8b81b583          	ld	a1,-1864(gp) # 1b680 <__malloc_top_pad>
   10f1c:	8801b603          	ld	a2,-1920(gp) # 1b648 <__malloc_sbrk_base>
   10f20:	56fd                	li	a3,-1
   10f22:	95ba                	add	a1,a1,a4
   10f24:	30d60763          	beq	a2,a3,11232 <_malloc_r+0x502>
   10f28:	6685                	lui	a3,0x1
   10f2a:	06fd                	addi	a3,a3,31 # 101f <exit-0xf101>
   10f2c:	95b6                	add	a1,a1,a3
   10f2e:	76fd                	lui	a3,0xfffff
   10f30:	8df5                	and	a1,a1,a3
   10f32:	8522                	mv	a0,s0
   10f34:	f442                	sd	a6,40(sp)
   10f36:	f03e                	sd	a5,32(sp)
   10f38:	ec3a                	sd	a4,24(sp)
   10f3a:	e81a                	sd	t1,16(sp)
   10f3c:	e42e                	sd	a1,8(sp)
   10f3e:	55f020ef          	jal	13c9c <_sbrk_r>
   10f42:	56fd                	li	a3,-1
   10f44:	65a2                	ld	a1,8(sp)
   10f46:	6342                	ld	t1,16(sp)
   10f48:	6762                	ld	a4,24(sp)
   10f4a:	7782                	ld	a5,32(sp)
   10f4c:	7822                	ld	a6,40(sp)
   10f4e:	8e2a                	mv	t3,a0
   10f50:	26d50a63          	beq	a0,a3,111c4 <_malloc_r+0x494>
   10f54:	006786b3          	add	a3,a5,t1
   10f58:	26d56463          	bltu	a0,a3,111c0 <_malloc_r+0x490>
   10f5c:	6ef9                	lui	t4,0x1e
   10f5e:	8e0e8e93          	addi	t4,t4,-1824 # 1d8e0 <__malloc_current_mallinfo>
   10f62:	000eb603          	ld	a2,0(t4)
   10f66:	962e                	add	a2,a2,a1
   10f68:	00ceb023          	sd	a2,0(t4)
   10f6c:	36a68363          	beq	a3,a0,112d2 <_malloc_r+0x5a2>
   10f70:	8801bf03          	ld	t5,-1920(gp) # 1b648 <__malloc_sbrk_base>
   10f74:	557d                	li	a0,-1
   10f76:	36af0963          	beq	t5,a0,112e8 <_malloc_r+0x5b8>
   10f7a:	40de06b3          	sub	a3,t3,a3
   10f7e:	96b2                	add	a3,a3,a2
   10f80:	00deb023          	sd	a3,0(t4)
   10f84:	00fe7f13          	andi	t5,t3,15
   10f88:	2c0f0163          	beqz	t5,1124a <_malloc_r+0x51a>
   10f8c:	ff0e7e13          	andi	t3,t3,-16
   10f90:	6885                	lui	a7,0x1
   10f92:	0e41                	addi	t3,t3,16
   10f94:	08c1                	addi	a7,a7,16 # 1010 <exit-0xf110>
   10f96:	00be0633          	add	a2,t3,a1
   10f9a:	41e885b3          	sub	a1,a7,t5
   10f9e:	8d91                	sub	a1,a1,a2
   10fa0:	15d2                	slli	a1,a1,0x34
   10fa2:	91d1                	srli	a1,a1,0x34
   10fa4:	8522                	mv	a0,s0
   10fa6:	e4c2                	sd	a6,72(sp)
   10fa8:	e0f6                	sd	t4,64(sp)
   10faa:	fc3e                	sd	a5,56(sp)
   10fac:	f83a                	sd	a4,48(sp)
   10fae:	f41a                	sd	t1,40(sp)
   10fb0:	f072                	sd	t3,32(sp)
   10fb2:	ec7a                	sd	t5,24(sp)
   10fb4:	e832                	sd	a2,16(sp)
   10fb6:	e42e                	sd	a1,8(sp)
   10fb8:	4e5020ef          	jal	13c9c <_sbrk_r>
   10fbc:	86aa                	mv	a3,a0
   10fbe:	557d                	li	a0,-1
   10fc0:	65a2                	ld	a1,8(sp)
   10fc2:	6642                	ld	a2,16(sp)
   10fc4:	6f62                	ld	t5,24(sp)
   10fc6:	7e02                	ld	t3,32(sp)
   10fc8:	7322                	ld	t1,40(sp)
   10fca:	7742                	ld	a4,48(sp)
   10fcc:	77e2                	ld	a5,56(sp)
   10fce:	6e86                	ld	t4,64(sp)
   10fd0:	6826                	ld	a6,72(sp)
   10fd2:	34a68e63          	beq	a3,a0,1132e <_malloc_r+0x5fe>
   10fd6:	000eb603          	ld	a2,0(t4)
   10fda:	41c686b3          	sub	a3,a3,t3
   10fde:	96ae                	add	a3,a3,a1
   10fe0:	0016e693          	ori	a3,a3,1
   10fe4:	01c83823          	sd	t3,16(a6)
   10fe8:	962e                	add	a2,a2,a1
   10fea:	00de3423          	sd	a3,8(t3)
   10fee:	00ceb023          	sd	a2,0(t4)
   10ff2:	03078763          	beq	a5,a6,11020 <_malloc_r+0x2f0>
   10ff6:	457d                	li	a0,31
   10ff8:	2e657b63          	bgeu	a0,t1,112ee <_malloc_r+0x5be>
   10ffc:	678c                	ld	a1,8(a5)
   10ffe:	fe830693          	addi	a3,t1,-24
   11002:	9ac1                	andi	a3,a3,-16
   11004:	8985                	andi	a1,a1,1
   11006:	8dd5                	or	a1,a1,a3
   11008:	e78c                	sd	a1,8(a5)
   1100a:	48a5                	li	a7,9
   1100c:	00d785b3          	add	a1,a5,a3
   11010:	0115b423          	sd	a7,8(a1)
   11014:	0115b823          	sd	a7,16(a1)
   11018:	32d56063          	bltu	a0,a3,11338 <_malloc_r+0x608>
   1101c:	008e3683          	ld	a3,8(t3)
   11020:	8b01b583          	ld	a1,-1872(gp) # 1b678 <__malloc_max_sbrked_mem>
   11024:	00c5f463          	bgeu	a1,a2,1102c <_malloc_r+0x2fc>
   11028:	8ac1b823          	sd	a2,-1872(gp) # 1b678 <__malloc_max_sbrked_mem>
   1102c:	8a81b583          	ld	a1,-1880(gp) # 1b670 <__malloc_max_total_mem>
   11030:	00c5f463          	bgeu	a1,a2,11038 <_malloc_r+0x308>
   11034:	8ac1b423          	sd	a2,-1880(gp) # 1b670 <__malloc_max_total_mem>
   11038:	87f2                	mv	a5,t3
   1103a:	aa41                	j	111ca <_malloc_r+0x49a>
   1103c:	00883583          	ld	a1,8(a6)
   11040:	bd1d                	j	10e76 <_malloc_r+0x146>
   11042:	00176693          	ori	a3,a4,1
   11046:	e794                	sd	a3,8(a5)
   11048:	973e                	add	a4,a4,a5
   1104a:	00166613          	ori	a2,a2,1
   1104e:	00e83823          	sd	a4,16(a6)
   11052:	8522                	mv	a0,s0
   11054:	e710                	sd	a2,8(a4)
   11056:	e43e                	sd	a5,8(sp)
   11058:	340000ef          	jal	11398 <__malloc_unlock>
   1105c:	67a2                	ld	a5,8(sp)
   1105e:	60e6                	ld	ra,88(sp)
   11060:	6446                	ld	s0,80(sp)
   11062:	01078513          	addi	a0,a5,16
   11066:	6125                	addi	sp,sp,96
   11068:	8082                	ret
   1106a:	6b90                	ld	a2,16(a5)
   1106c:	96be                	add	a3,a3,a5
   1106e:	6698                	ld	a4,8(a3)
   11070:	ee0c                	sd	a1,24(a2)
   11072:	e990                	sd	a2,16(a1)
   11074:	00176713          	ori	a4,a4,1
   11078:	8522                	mv	a0,s0
   1107a:	e698                	sd	a4,8(a3)
   1107c:	e43e                	sd	a5,8(sp)
   1107e:	31a000ef          	jal	11398 <__malloc_unlock>
   11082:	67a2                	ld	a5,8(sp)
   11084:	60e6                	ld	ra,88(sp)
   11086:	6446                	ld	s0,80(sp)
   11088:	01078513          	addi	a0,a5,16
   1108c:	6125                	addi	sp,sp,96
   1108e:	8082                	ret
   11090:	6e9c                	ld	a5,24(a3)
   11092:	2889                	addiw	a7,a7,2
   11094:	d6f68fe3          	beq	a3,a5,10e12 <_malloc_r+0xe2>
   11098:	b9d1                	j	10d6c <_malloc_r+0x3c>
   1109a:	00935693          	srli	a3,t1,0x9
   1109e:	4611                	li	a2,4
   110a0:	10d67663          	bgeu	a2,a3,111ac <_malloc_r+0x47c>
   110a4:	4651                	li	a2,20
   110a6:	1ed66163          	bltu	a2,a3,11288 <_malloc_r+0x558>
   110aa:	00169513          	slli	a0,a3,0x1
   110ae:	0b85051b          	addiw	a0,a0,184
   110b2:	050e                	slli	a0,a0,0x3
   110b4:	05b6861b          	addiw	a2,a3,91 # fffffffffffff05b <__BSS_END__+0xfffffffffffe1413>
   110b8:	9542                	add	a0,a0,a6
   110ba:	6114                	ld	a3,0(a0)
   110bc:	1541                	addi	a0,a0,-16
   110be:	00d51663          	bne	a0,a3,110ca <_malloc_r+0x39a>
   110c2:	aa9d                	j	11238 <_malloc_r+0x508>
   110c4:	6a94                	ld	a3,16(a3)
   110c6:	00d50663          	beq	a0,a3,110d2 <_malloc_r+0x3a2>
   110ca:	6690                	ld	a2,8(a3)
   110cc:	9a71                	andi	a2,a2,-4
   110ce:	fec36be3          	bltu	t1,a2,110c4 <_malloc_r+0x394>
   110d2:	6e88                	ld	a0,24(a3)
   110d4:	ef88                	sd	a0,24(a5)
   110d6:	eb94                	sd	a3,16(a5)
   110d8:	e91c                	sd	a5,16(a0)
   110da:	ee9c                	sd	a5,24(a3)
   110dc:	bb69                	j	10e76 <_malloc_r+0x146>
   110de:	46d1                	li	a3,20
   110e0:	10f6f263          	bgeu	a3,a5,111e4 <_malloc_r+0x4b4>
   110e4:	05400693          	li	a3,84
   110e8:	1af6ee63          	bltu	a3,a5,112a4 <_malloc_r+0x574>
   110ec:	00c75793          	srli	a5,a4,0xc
   110f0:	06f7889b          	addiw	a7,a5,111
   110f4:	0018951b          	slliw	a0,a7,0x1
   110f8:	06e78e1b          	addiw	t3,a5,110
   110fc:	050e                	slli	a0,a0,0x3
   110fe:	b1dd                	j	10de4 <_malloc_r+0xb4>
   11100:	2f85                	addiw	t6,t6,1
   11102:	003ff793          	andi	a5,t6,3
   11106:	0341                	addi	t1,t1,16
   11108:	0e078b63          	beqz	a5,111fe <_malloc_r+0x4ce>
   1110c:	01833683          	ld	a3,24(t1)
   11110:	b365                	j	10eb8 <_malloc_r+0x188>
   11112:	6b88                	ld	a0,16(a5)
   11114:	00176893          	ori	a7,a4,1
   11118:	0117b423          	sd	a7,8(a5)
   1111c:	ed14                	sd	a3,24(a0)
   1111e:	ea88                	sd	a0,16(a3)
   11120:	973e                	add	a4,a4,a5
   11122:	02e83423          	sd	a4,40(a6)
   11126:	02e83023          	sd	a4,32(a6)
   1112a:	0015e693          	ori	a3,a1,1
   1112e:	963e                	add	a2,a2,a5
   11130:	01c73c23          	sd	t3,24(a4)
   11134:	01c73823          	sd	t3,16(a4)
   11138:	e714                	sd	a3,8(a4)
   1113a:	8522                	mv	a0,s0
   1113c:	e20c                	sd	a1,0(a2)
   1113e:	e43e                	sd	a5,8(sp)
   11140:	258000ef          	jal	11398 <__malloc_unlock>
   11144:	67a2                	ld	a5,8(sp)
   11146:	01078513          	addi	a0,a5,16
   1114a:	b991                	j	10d9e <_malloc_r+0x6e>
   1114c:	00375893          	srli	a7,a4,0x3
   11150:	00189693          	slli	a3,a7,0x1
   11154:	2689                	addiw	a3,a3,2
   11156:	068e                	slli	a3,a3,0x3
   11158:	b109                	j	10d5a <_malloc_r+0x2a>
   1115a:	933e                	add	t1,t1,a5
   1115c:	00833703          	ld	a4,8(t1)
   11160:	8522                	mv	a0,s0
   11162:	e43e                	sd	a5,8(sp)
   11164:	00176713          	ori	a4,a4,1
   11168:	00e33423          	sd	a4,8(t1)
   1116c:	22c000ef          	jal	11398 <__malloc_unlock>
   11170:	67a2                	ld	a5,8(sp)
   11172:	01078513          	addi	a0,a5,16
   11176:	b125                	j	10d9e <_malloc_r+0x6e>
   11178:	00176613          	ori	a2,a4,1
   1117c:	e790                	sd	a2,8(a5)
   1117e:	973e                	add	a4,a4,a5
   11180:	02e83423          	sd	a4,40(a6)
   11184:	02e83023          	sd	a4,32(a6)
   11188:	0016e613          	ori	a2,a3,1
   1118c:	933e                	add	t1,t1,a5
   1118e:	01c73c23          	sd	t3,24(a4)
   11192:	01c73823          	sd	t3,16(a4)
   11196:	e710                	sd	a2,8(a4)
   11198:	8522                	mv	a0,s0
   1119a:	00d33023          	sd	a3,0(t1)
   1119e:	e43e                	sd	a5,8(sp)
   111a0:	1f8000ef          	jal	11398 <__malloc_unlock>
   111a4:	67a2                	ld	a5,8(sp)
   111a6:	01078513          	addi	a0,a5,16
   111aa:	bed5                	j	10d9e <_malloc_r+0x6e>
   111ac:	00635693          	srli	a3,t1,0x6
   111b0:	00169513          	slli	a0,a3,0x1
   111b4:	0725051b          	addiw	a0,a0,114
   111b8:	050e                	slli	a0,a0,0x3
   111ba:	0386861b          	addiw	a2,a3,56
   111be:	bded                	j	110b8 <_malloc_r+0x388>
   111c0:	11078063          	beq	a5,a6,112c0 <_malloc_r+0x590>
   111c4:	01083783          	ld	a5,16(a6)
   111c8:	6794                	ld	a3,8(a5)
   111ca:	9af1                	andi	a3,a3,-4
   111cc:	40e68633          	sub	a2,a3,a4
   111d0:	00e6e663          	bltu	a3,a4,111dc <_malloc_r+0x4ac>
   111d4:	02062693          	slti	a3,a2,32
   111d8:	e60685e3          	beqz	a3,11042 <_malloc_r+0x312>
   111dc:	8522                	mv	a0,s0
   111de:	1ba000ef          	jal	11398 <__malloc_unlock>
   111e2:	be6d                	j	10d9c <_malloc_r+0x6c>
   111e4:	05c7889b          	addiw	a7,a5,92
   111e8:	0018951b          	slliw	a0,a7,0x1
   111ec:	05b78e1b          	addiw	t3,a5,91
   111f0:	050e                	slli	a0,a0,0x3
   111f2:	becd                	j	10de4 <_malloc_r+0xb4>
   111f4:	010f3783          	ld	a5,16(t5)
   111f8:	38fd                	addiw	a7,a7,-1
   111fa:	19e79b63          	bne	a5,t5,11390 <_malloc_r+0x660>
   111fe:	0038f793          	andi	a5,a7,3
   11202:	1f41                	addi	t5,t5,-16
   11204:	fbe5                	bnez	a5,111f4 <_malloc_r+0x4c4>
   11206:	00883683          	ld	a3,8(a6)
   1120a:	fff54793          	not	a5,a0
   1120e:	8ff5                	and	a5,a5,a3
   11210:	00f83423          	sd	a5,8(a6)
   11214:	0506                	slli	a0,a0,0x1
   11216:	fff50693          	addi	a3,a0,-1
   1121a:	cef6f2e3          	bgeu	a3,a5,10efe <_malloc_r+0x1ce>
   1121e:	00f576b3          	and	a3,a0,a5
   11222:	e691                	bnez	a3,1122e <_malloc_r+0x4fe>
   11224:	0506                	slli	a0,a0,0x1
   11226:	00f576b3          	and	a3,a0,a5
   1122a:	2f91                	addiw	t6,t6,4
   1122c:	dee5                	beqz	a3,11224 <_malloc_r+0x4f4>
   1122e:	88fe                	mv	a7,t6
   11230:	b995                	j	10ea4 <_malloc_r+0x174>
   11232:	02058593          	addi	a1,a1,32
   11236:	b9f5                	j	10f32 <_malloc_r+0x202>
   11238:	4026561b          	sraiw	a2,a2,0x2
   1123c:	4305                	li	t1,1
   1123e:	00c31633          	sll	a2,t1,a2
   11242:	8dd1                	or	a1,a1,a2
   11244:	00b83423          	sd	a1,8(a6)
   11248:	b571                	j	110d4 <_malloc_r+0x3a4>
   1124a:	00be0633          	add	a2,t3,a1
   1124e:	40c005b3          	neg	a1,a2
   11252:	15d2                	slli	a1,a1,0x34
   11254:	91d1                	srli	a1,a1,0x34
   11256:	8522                	mv	a0,s0
   11258:	e0c2                	sd	a6,64(sp)
   1125a:	fc76                	sd	t4,56(sp)
   1125c:	f83e                	sd	a5,48(sp)
   1125e:	f43a                	sd	a4,40(sp)
   11260:	f01a                	sd	t1,32(sp)
   11262:	ec72                	sd	t3,24(sp)
   11264:	e42e                	sd	a1,8(sp)
   11266:	e832                	sd	a2,16(sp)
   11268:	235020ef          	jal	13c9c <_sbrk_r>
   1126c:	86aa                	mv	a3,a0
   1126e:	557d                	li	a0,-1
   11270:	65a2                	ld	a1,8(sp)
   11272:	6e62                	ld	t3,24(sp)
   11274:	7302                	ld	t1,32(sp)
   11276:	7722                	ld	a4,40(sp)
   11278:	77c2                	ld	a5,48(sp)
   1127a:	7ee2                	ld	t4,56(sp)
   1127c:	6806                	ld	a6,64(sp)
   1127e:	d4a69ce3          	bne	a3,a0,10fd6 <_malloc_r+0x2a6>
   11282:	66c2                	ld	a3,16(sp)
   11284:	4581                	li	a1,0
   11286:	bb81                	j	10fd6 <_malloc_r+0x2a6>
   11288:	05400613          	li	a2,84
   1128c:	06d66563          	bltu	a2,a3,112f6 <_malloc_r+0x5c6>
   11290:	00c35693          	srli	a3,t1,0xc
   11294:	00169513          	slli	a0,a3,0x1
   11298:	0de5051b          	addiw	a0,a0,222
   1129c:	050e                	slli	a0,a0,0x3
   1129e:	06e6861b          	addiw	a2,a3,110
   112a2:	bd19                	j	110b8 <_malloc_r+0x388>
   112a4:	15400693          	li	a3,340
   112a8:	06f6e563          	bltu	a3,a5,11312 <_malloc_r+0x5e2>
   112ac:	00f75793          	srli	a5,a4,0xf
   112b0:	0787889b          	addiw	a7,a5,120
   112b4:	0018951b          	slliw	a0,a7,0x1
   112b8:	07778e1b          	addiw	t3,a5,119
   112bc:	050e                	slli	a0,a0,0x3
   112be:	b61d                	j	10de4 <_malloc_r+0xb4>
   112c0:	6ef9                	lui	t4,0x1e
   112c2:	8e0e8e93          	addi	t4,t4,-1824 # 1d8e0 <__malloc_current_mallinfo>
   112c6:	000eb603          	ld	a2,0(t4)
   112ca:	962e                	add	a2,a2,a1
   112cc:	00ceb023          	sd	a2,0(t4)
   112d0:	b145                	j	10f70 <_malloc_r+0x240>
   112d2:	1552                	slli	a0,a0,0x34
   112d4:	c8051ee3          	bnez	a0,10f70 <_malloc_r+0x240>
   112d8:	01083e03          	ld	t3,16(a6)
   112dc:	959a                	add	a1,a1,t1
   112de:	0015e693          	ori	a3,a1,1
   112e2:	00de3423          	sd	a3,8(t3)
   112e6:	bb2d                	j	11020 <_malloc_r+0x2f0>
   112e8:	89c1b023          	sd	t3,-1920(gp) # 1b648 <__malloc_sbrk_base>
   112ec:	b961                	j	10f84 <_malloc_r+0x254>
   112ee:	4785                	li	a5,1
   112f0:	00fe3423          	sd	a5,8(t3)
   112f4:	b5e5                	j	111dc <_malloc_r+0x4ac>
   112f6:	15400613          	li	a2,340
   112fa:	06d66163          	bltu	a2,a3,1135c <_malloc_r+0x62c>
   112fe:	00f35693          	srli	a3,t1,0xf
   11302:	00169513          	slli	a0,a3,0x1
   11306:	0f05051b          	addiw	a0,a0,240
   1130a:	050e                	slli	a0,a0,0x3
   1130c:	0776861b          	addiw	a2,a3,119
   11310:	b365                	j	110b8 <_malloc_r+0x388>
   11312:	55400693          	li	a3,1364
   11316:	06f6e163          	bltu	a3,a5,11378 <_malloc_r+0x648>
   1131a:	01275793          	srli	a5,a4,0x12
   1131e:	07d7889b          	addiw	a7,a5,125
   11322:	0018951b          	slliw	a0,a7,0x1
   11326:	07c78e1b          	addiw	t3,a5,124
   1132a:	050e                	slli	a0,a0,0x3
   1132c:	bc65                	j	10de4 <_malloc_r+0xb4>
   1132e:	1f41                	addi	t5,t5,-16
   11330:	01e606b3          	add	a3,a2,t5
   11334:	4581                	li	a1,0
   11336:	b145                	j	10fd6 <_malloc_r+0x2a6>
   11338:	01078593          	addi	a1,a5,16
   1133c:	8522                	mv	a0,s0
   1133e:	ec42                	sd	a6,24(sp)
   11340:	e876                	sd	t4,16(sp)
   11342:	e43a                	sd	a4,8(sp)
   11344:	fb4ff0ef          	jal	10af8 <_free_r>
   11348:	6862                	ld	a6,24(sp)
   1134a:	6ec2                	ld	t4,16(sp)
   1134c:	6722                	ld	a4,8(sp)
   1134e:	01083e03          	ld	t3,16(a6)
   11352:	000eb603          	ld	a2,0(t4)
   11356:	008e3683          	ld	a3,8(t3)
   1135a:	b1d9                	j	11020 <_malloc_r+0x2f0>
   1135c:	55400613          	li	a2,1364
   11360:	02d66363          	bltu	a2,a3,11386 <_malloc_r+0x656>
   11364:	01235693          	srli	a3,t1,0x12
   11368:	00169513          	slli	a0,a3,0x1
   1136c:	0fa5051b          	addiw	a0,a0,250
   11370:	050e                	slli	a0,a0,0x3
   11372:	07c6861b          	addiw	a2,a3,124
   11376:	b389                	j	110b8 <_malloc_r+0x388>
   11378:	7f000513          	li	a0,2032
   1137c:	07f00893          	li	a7,127
   11380:	07e00e13          	li	t3,126
   11384:	b485                	j	10de4 <_malloc_r+0xb4>
   11386:	7f000513          	li	a0,2032
   1138a:	07e00613          	li	a2,126
   1138e:	b32d                	j	110b8 <_malloc_r+0x388>
   11390:	00883783          	ld	a5,8(a6)
   11394:	b541                	j	11214 <_malloc_r+0x4e4>

0000000000011396 <__malloc_lock>:
   11396:	8082                	ret

0000000000011398 <__malloc_unlock>:
   11398:	8082                	ret

000000000001139a <_vfprintf_r>:
   1139a:	db010113          	addi	sp,sp,-592
   1139e:	24113423          	sd	ra,584(sp)
   113a2:	24813023          	sd	s0,576(sp)
   113a6:	22913c23          	sd	s1,568(sp)
   113aa:	21613823          	sd	s6,528(sp)
   113ae:	ec36                	sd	a3,24(sp)
   113b0:	8b32                	mv	s6,a2
   113b2:	84ae                	mv	s1,a1
   113b4:	842a                	mv	s0,a0
   113b6:	e02a                	sd	a0,0(sp)
   113b8:	0d5020ef          	jal	13c8c <_localeconv_r>
   113bc:	611c                	ld	a5,0(a0)
   113be:	853e                	mv	a0,a5
   113c0:	e8be                	sd	a5,80(sp)
   113c2:	30f020ef          	jal	13ed0 <strlen>
   113c6:	e4aa                	sd	a0,72(sp)
   113c8:	e982                	sd	zero,208(sp)
   113ca:	ed82                	sd	zero,216(sp)
   113cc:	c409                	beqz	s0,113d6 <_vfprintf_r+0x3c>
   113ce:	643c                	ld	a5,72(s0)
   113d0:	e399                	bnez	a5,113d6 <_vfprintf_r+0x3c>
   113d2:	3760106f          	j	12748 <_vfprintf_r+0x13ae>
   113d6:	01049703          	lh	a4,16(s1)
   113da:	0ac4a783          	lw	a5,172(s1)
   113de:	6609                	lui	a2,0x2
   113e0:	03271693          	slli	a3,a4,0x32
   113e4:	0006ca63          	bltz	a3,113f8 <_vfprintf_r+0x5e>
   113e8:	76f9                	lui	a3,0xffffe
   113ea:	16fd                	addi	a3,a3,-1 # ffffffffffffdfff <__BSS_END__+0xfffffffffffe03b7>
   113ec:	8f51                	or	a4,a4,a2
   113ee:	8ff5                	and	a5,a5,a3
   113f0:	00e49823          	sh	a4,16(s1)
   113f4:	0af4a623          	sw	a5,172(s1)
   113f8:	03279713          	slli	a4,a5,0x32
   113fc:	00075463          	bgez	a4,11404 <_vfprintf_r+0x6a>
   11400:	3d70106f          	j	12fd6 <_vfprintf_r+0x1c3c>
   11404:	01049783          	lh	a5,16(s1)
   11408:	0087f713          	andi	a4,a5,8
   1140c:	20070363          	beqz	a4,11612 <_vfprintf_r+0x278>
   11410:	6c98                	ld	a4,24(s1)
   11412:	20070063          	beqz	a4,11612 <_vfprintf_r+0x278>
   11416:	8be9                	andi	a5,a5,26
   11418:	4729                	li	a4,10
   1141a:	20e78963          	beq	a5,a4,1162c <_vfprintf_r+0x292>
   1141e:	67e5                	lui	a5,0x19
   11420:	23313423          	sd	s3,552(sp)
   11424:	23413023          	sd	s4,544(sp)
   11428:	16010993          	addi	s3,sp,352
   1142c:	6a65                	lui	s4,0x19
   1142e:	3f078793          	addi	a5,a5,1008 # 193f0 <__clzdi2+0x204>
   11432:	21713423          	sd	s7,520(sp)
   11436:	ffe6                	sd	s9,504(sp)
   11438:	23213823          	sd	s2,560(sp)
   1143c:	21513c23          	sd	s5,536(sp)
   11440:	21813023          	sd	s8,512(sp)
   11444:	fbea                	sd	s10,496(sp)
   11446:	f7ee                	sd	s11,488(sp)
   11448:	f982                	sd	zero,240(sp)
   1144a:	d582                	sw	zero,232(sp)
   1144c:	f1ce                	sd	s3,224(sp)
   1144e:	8bce                	mv	s7,s3
   11450:	f43e                	sd	a5,40(sp)
   11452:	560a0a13          	addi	s4,s4,1376 # 19560 <zeroes.0>
   11456:	f802                	sd	zero,48(sp)
   11458:	f482                	sd	zero,104(sp)
   1145a:	fc82                	sd	zero,120(sp)
   1145c:	e502                	sd	zero,136(sp)
   1145e:	f882                	sd	zero,112(sp)
   11460:	e802                	sd	zero,16(sp)
   11462:	4441                	li	s0,16
   11464:	8cda                	mv	s9,s6
   11466:	e426                	sd	s1,8(sp)
   11468:	000cc703          	lbu	a4,0(s9)
   1146c:	8966                	mv	s2,s9
   1146e:	fdb70793          	addi	a5,a4,-37
   11472:	0007069b          	sext.w	a3,a4
   11476:	c7a1                	beqz	a5,114be <_vfprintf_r+0x124>
   11478:	c2b9                	beqz	a3,114be <_vfprintf_r+0x124>
   1147a:	8aca                	mv	s5,s2
   1147c:	00194703          	lbu	a4,1(s2)
   11480:	0905                	addi	s2,s2,1
   11482:	0007079b          	sext.w	a5,a4
   11486:	c701                	beqz	a4,1148e <_vfprintf_r+0xf4>
   11488:	fdb78793          	addi	a5,a5,-37
   1148c:	f7fd                	bnez	a5,1147a <_vfprintf_r+0xe0>
   1148e:	41990b3b          	subw	s6,s2,s9
   11492:	020b0663          	beqz	s6,114be <_vfprintf_r+0x124>
   11496:	774e                	ld	a4,240(sp)
   11498:	57ae                	lw	a5,232(sp)
   1149a:	019bb023          	sd	s9,0(s7)
   1149e:	975a                	add	a4,a4,s6
   114a0:	2785                	addiw	a5,a5,1
   114a2:	016bb423          	sd	s6,8(s7)
   114a6:	f9ba                	sd	a4,240(sp)
   114a8:	d5be                	sw	a5,232(sp)
   114aa:	471d                	li	a4,7
   114ac:	0bc1                	addi	s7,s7,16
   114ae:	18f74c63          	blt	a4,a5,11646 <_vfprintf_r+0x2ac>
   114b2:	67c2                	ld	a5,16(sp)
   114b4:	001ac703          	lbu	a4,1(s5)
   114b8:	016787bb          	addw	a5,a5,s6
   114bc:	e83e                	sd	a5,16(sp)
   114be:	e319                	bnez	a4,114c4 <_vfprintf_r+0x12a>
   114c0:	3240106f          	j	127e4 <_vfprintf_r+0x144a>
   114c4:	00194303          	lbu	t1,1(s2)
   114c8:	00190c93          	addi	s9,s2,1
   114cc:	0a0103a3          	sb	zero,167(sp)
   114d0:	5afd                	li	s5,-1
   114d2:	4d01                	li	s10,0
   114d4:	05a00913          	li	s2,90
   114d8:	4481                	li	s1,0
   114da:	0c85                	addi	s9,s9,1
   114dc:	00030d9b          	sext.w	s11,t1
   114e0:	fe0d879b          	addiw	a5,s11,-32
   114e4:	04f96363          	bltu	s2,a5,1152a <_vfprintf_r+0x190>
   114e8:	02079713          	slli	a4,a5,0x20
   114ec:	01e75793          	srli	a5,a4,0x1e
   114f0:	7722                	ld	a4,40(sp)
   114f2:	97ba                	add	a5,a5,a4
   114f4:	439c                	lw	a5,0(a5)
   114f6:	8782                	jr	a5
   114f8:	4d01                	li	s10,0
   114fa:	46a5                	li	a3,9
   114fc:	002d179b          	slliw	a5,s10,0x2
   11500:	0c85                	addi	s9,s9,1
   11502:	01a78d3b          	addw	s10,a5,s10
   11506:	fffcc783          	lbu	a5,-1(s9)
   1150a:	fd0d8d9b          	addiw	s11,s11,-48
   1150e:	001d1d1b          	slliw	s10,s10,0x1
   11512:	fd07871b          	addiw	a4,a5,-48
   11516:	01ad8d3b          	addw	s10,s11,s10
   1151a:	00078d9b          	sext.w	s11,a5
   1151e:	fce6ffe3          	bgeu	a3,a4,114fc <_vfprintf_r+0x162>
   11522:	fe0d879b          	addiw	a5,s11,-32
   11526:	fcf971e3          	bgeu	s2,a5,114e8 <_vfprintf_r+0x14e>
   1152a:	8e26                	mv	t3,s1
   1152c:	000d9463          	bnez	s11,11534 <_vfprintf_r+0x19a>
   11530:	2b40106f          	j	127e4 <_vfprintf_r+0x144a>
   11534:	4885                	li	a7,1
   11536:	0fb10c23          	sb	s11,248(sp)
   1153a:	0a0103a3          	sb	zero,167(sp)
   1153e:	8846                	mv	a6,a7
   11540:	f002                	sd	zero,32(sp)
   11542:	4a81                	li	s5,0
   11544:	e082                	sd	zero,64(sp)
   11546:	fc02                	sd	zero,56(sp)
   11548:	4481                	li	s1,0
   1154a:	19bc                	addi	a5,sp,248
   1154c:	794e                	ld	s2,240(sp)
   1154e:	084e7b13          	andi	s6,t3,132
   11552:	85ca                	mv	a1,s2
   11554:	700b0c63          	beqz	s6,11c6c <_vfprintf_r+0x8d2>
   11558:	0a714703          	lbu	a4,167(sp)
   1155c:	c339                	beqz	a4,115a2 <_vfprintf_r+0x208>
   1155e:	562e                	lw	a2,232(sp)
   11560:	4381                	li	t2,0
   11562:	0a710713          	addi	a4,sp,167
   11566:	00ebb023          	sd	a4,0(s7)
   1156a:	0905                	addi	s2,s2,1
   1156c:	4705                	li	a4,1
   1156e:	2605                	addiw	a2,a2,1 # 2001 <exit-0xe11f>
   11570:	00ebb423          	sd	a4,8(s7)
   11574:	f9ca                	sd	s2,240(sp)
   11576:	d5b2                	sw	a2,232(sp)
   11578:	471d                	li	a4,7
   1157a:	0bc1                	addi	s7,s7,16
   1157c:	2cc74963          	blt	a4,a2,1184e <_vfprintf_r+0x4b4>
   11580:	02038163          	beqz	t2,115a2 <_vfprintf_r+0x208>
   11584:	562e                	lw	a2,232(sp)
   11586:	1138                	addi	a4,sp,168
   11588:	00ebb023          	sd	a4,0(s7)
   1158c:	0909                	addi	s2,s2,2
   1158e:	4709                	li	a4,2
   11590:	2605                	addiw	a2,a2,1
   11592:	00ebb423          	sd	a4,8(s7)
   11596:	f9ca                	sd	s2,240(sp)
   11598:	d5b2                	sw	a2,232(sp)
   1159a:	471d                	li	a4,7
   1159c:	0bc1                	addi	s7,s7,16
   1159e:	30c74ce3          	blt	a4,a2,120b6 <_vfprintf_r+0xd1c>
   115a2:	08000713          	li	a4,128
   115a6:	12eb05e3          	beq	s6,a4,11ed0 <_vfprintf_r+0xb36>
   115aa:	411a8abb          	subw	s5,s5,a7
   115ae:	6d504b63          	bgtz	s5,11c84 <_vfprintf_r+0x8ea>
   115b2:	100e7713          	andi	a4,t3,256
   115b6:	76071e63          	bnez	a4,11d32 <_vfprintf_r+0x998>
   115ba:	00fbb023          	sd	a5,0(s7)
   115be:	57ae                	lw	a5,232(sp)
   115c0:	9946                	add	s2,s2,a7
   115c2:	f9ca                	sd	s2,240(sp)
   115c4:	2785                	addiw	a5,a5,1
   115c6:	011bb423          	sd	a7,8(s7)
   115ca:	471d                	li	a4,7
   115cc:	d5be                	sw	a5,232(sp)
   115ce:	30f74d63          	blt	a4,a5,118e8 <_vfprintf_r+0x54e>
   115d2:	0bc1                	addi	s7,s7,16
   115d4:	004e7f13          	andi	t5,t3,4
   115d8:	000f0663          	beqz	t5,115e4 <_vfprintf_r+0x24a>
   115dc:	410d0abb          	subw	s5,s10,a6
   115e0:	2f504ee3          	bgtz	s5,120dc <_vfprintf_r+0xd42>
   115e4:	87ea                	mv	a5,s10
   115e6:	010d5363          	bge	s10,a6,115ec <_vfprintf_r+0x252>
   115ea:	87c2                	mv	a5,a6
   115ec:	6742                	ld	a4,16(sp)
   115ee:	9fb9                	addw	a5,a5,a4
   115f0:	e83e                	sd	a5,16(sp)
   115f2:	180919e3          	bnez	s2,11f84 <_vfprintf_r+0xbea>
   115f6:	7782                	ld	a5,32(sp)
   115f8:	d582                	sw	zero,232(sp)
   115fa:	c789                	beqz	a5,11604 <_vfprintf_r+0x26a>
   115fc:	7582                	ld	a1,32(sp)
   115fe:	6502                	ld	a0,0(sp)
   11600:	cf8ff0ef          	jal	10af8 <_free_r>
   11604:	8bce                	mv	s7,s3
   11606:	b58d                	j	11468 <_vfprintf_r+0xce>
   11608:	000cc303          	lbu	t1,0(s9)
   1160c:	0104e493          	ori	s1,s1,16
   11610:	b5e9                	j	114da <_vfprintf_r+0x140>
   11612:	6502                	ld	a0,0(sp)
   11614:	85a6                	mv	a1,s1
   11616:	46a020ef          	jal	13a80 <__swsetup_r>
   1161a:	c119                	beqz	a0,11620 <_vfprintf_r+0x286>
   1161c:	1bb0106f          	j	12fd6 <_vfprintf_r+0x1c3c>
   11620:	01049783          	lh	a5,16(s1)
   11624:	4729                	li	a4,10
   11626:	8be9                	andi	a5,a5,26
   11628:	dee79be3          	bne	a5,a4,1141e <_vfprintf_r+0x84>
   1162c:	01249783          	lh	a5,18(s1)
   11630:	de07c7e3          	bltz	a5,1141e <_vfprintf_r+0x84>
   11634:	66e2                	ld	a3,24(sp)
   11636:	6502                	ld	a0,0(sp)
   11638:	865a                	mv	a2,s6
   1163a:	85a6                	mv	a1,s1
   1163c:	559010ef          	jal	13394 <__sbprintf>
   11640:	e82a                	sd	a0,16(sp)
   11642:	1890006f          	j	11fca <_vfprintf_r+0xc30>
   11646:	65a2                	ld	a1,8(sp)
   11648:	6502                	ld	a0,0(sp)
   1164a:	1190                	addi	a2,sp,224
   1164c:	5db010ef          	jal	13426 <__sprint_r>
   11650:	c119                	beqz	a0,11656 <_vfprintf_r+0x2bc>
   11652:	3570106f          	j	131a8 <_vfprintf_r+0x1e0e>
   11656:	8bce                	mv	s7,s3
   11658:	bda9                	j	114b2 <_vfprintf_r+0x118>
   1165a:	0084f793          	andi	a5,s1,8
   1165e:	8e26                	mv	t3,s1
   11660:	620796e3          	bnez	a5,1248c <_vfprintf_r+0x10f2>
   11664:	f026                	sd	s1,32(sp)
   11666:	64e2                	ld	s1,24(sp)
   11668:	2088                	fld	fa0,0(s1)
   1166a:	2bf070ef          	jal	19128 <__extenddftf2>
   1166e:	7e02                	ld	t3,32(sp)
   11670:	00848793          	addi	a5,s1,8
   11674:	ec3e                	sd	a5,24(sp)
   11676:	e9aa                	sd	a0,208(sp)
   11678:	0988                	addi	a0,sp,208
   1167a:	f072                	sd	t3,32(sp)
   1167c:	edae                	sd	a1,216(sp)
   1167e:	359020ef          	jal	141d6 <_ldcheck>
   11682:	d92a                	sw	a0,176(sp)
   11684:	4789                	li	a5,2
   11686:	7e02                	ld	t3,32(sp)
   11688:	00f51463          	bne	a0,a5,11690 <_vfprintf_r+0x2f6>
   1168c:	1160106f          	j	127a2 <_vfprintf_r+0x1408>
   11690:	4785                	li	a5,1
   11692:	00f51463          	bne	a0,a5,1169a <_vfprintf_r+0x300>
   11696:	21c0106f          	j	128b2 <_vfprintf_r+0x1518>
   1169a:	fdfdf913          	andi	s2,s11,-33
   1169e:	04100793          	li	a5,65
   116a2:	00f90463          	beq	s2,a5,116aa <_vfprintf_r+0x310>
   116a6:	1c80106f          	j	1286e <_vfprintf_r+0x14d4>
   116aa:	03000793          	li	a5,48
   116ae:	0af10423          	sb	a5,168(sp)
   116b2:	06100713          	li	a4,97
   116b6:	05800793          	li	a5,88
   116ba:	00ed9463          	bne	s11,a4,116c2 <_vfprintf_r+0x328>
   116be:	5d20106f          	j	12c90 <_vfprintf_r+0x18f6>
   116c2:	0af104a3          	sb	a5,169(sp)
   116c6:	06300793          	li	a5,99
   116ca:	0157d463          	bge	a5,s5,116d2 <_vfprintf_r+0x338>
   116ce:	5ca0106f          	j	12c98 <_vfprintf_r+0x18fe>
   116d2:	65ee                	ld	a1,216(sp)
   116d4:	654e                	ld	a0,208(sp)
   116d6:	0005d463          	bgez	a1,116de <_vfprintf_r+0x344>
   116da:	2610106f          	j	1313a <_vfprintf_r+0x1da0>
   116de:	ec82                	sd	zero,88(sp)
   116e0:	f002                	sd	zero,32(sp)
   116e2:	19bc                	addi	a5,sp,248
   116e4:	f83e                	sd	a5,48(sp)
   116e6:	1910                	addi	a2,sp,176
   116e8:	002e6793          	ori	a5,t3,2
   116ec:	fc3e                	sd	a5,56(sp)
   116ee:	07d020ef          	jal	13f6a <frexpl>
   116f2:	00fff6b7          	lui	a3,0xfff
   116f6:	169a                	slli	a3,a3,0x26
   116f8:	4601                	li	a2,0
   116fa:	2db060ef          	jal	181d4 <__multf3>
   116fe:	4601                	li	a2,0
   11700:	4681                	li	a3,0
   11702:	84aa                	mv	s1,a0
   11704:	892e                	mv	s2,a1
   11706:	0bb060ef          	jal	17fc0 <__eqtf2>
   1170a:	77c2                	ld	a5,48(sp)
   1170c:	e119                	bnez	a0,11712 <_vfprintf_r+0x378>
   1170e:	4705                	li	a4,1
   11710:	d93a                	sw	a4,176(sp)
   11712:	06100713          	li	a4,97
   11716:	00ed9463          	bne	s11,a4,1171e <_vfprintf_r+0x384>
   1171a:	3d90106f          	j	132f2 <_vfprintf_r+0x1f58>
   1171e:	6765                	lui	a4,0x19
   11720:	26870713          	addi	a4,a4,616 # 19268 <__clzdi2+0x7c>
   11724:	f83a                	sd	a4,48(sp)
   11726:	e0de                	sd	s7,64(sp)
   11728:	f0e6                	sd	s9,96(sp)
   1172a:	7bc2                	ld	s7,48(sp)
   1172c:	8b3e                	mv	s6,a5
   1172e:	8cbe                	mv	s9,a5
   11730:	a809                	j	11742 <_vfprintf_r+0x3a8>
   11732:	4601                	li	a2,0
   11734:	4681                	li	a3,0
   11736:	08b060ef          	jal	17fc0 <__eqtf2>
   1173a:	e119                	bnez	a0,11740 <_vfprintf_r+0x3a6>
   1173c:	2990106f          	j	131d4 <_vfprintf_r+0x1e3a>
   11740:	3afd                	addiw	s5,s5,-1
   11742:	040036b7          	lui	a3,0x4003
   11746:	1692                	slli	a3,a3,0x24
   11748:	4601                	li	a2,0
   1174a:	8526                	mv	a0,s1
   1174c:	85ca                	mv	a1,s2
   1174e:	287060ef          	jal	181d4 <__multf3>
   11752:	84ae                	mv	s1,a1
   11754:	892a                	mv	s2,a0
   11756:	0f3070ef          	jal	19048 <__fixtfsi>
   1175a:	00050c1b          	sext.w	s8,a0
   1175e:	8562                	mv	a0,s8
   11760:	177070ef          	jal	190d6 <__floatsitf>
   11764:	862a                	mv	a2,a0
   11766:	86ae                	mv	a3,a1
   11768:	854a                	mv	a0,s2
   1176a:	85a6                	mv	a1,s1
   1176c:	07c070ef          	jal	187e8 <__subtf3>
   11770:	018b86b3          	add	a3,s7,s8
   11774:	0006c683          	lbu	a3,0(a3) # 4003000 <__BSS_END__+0x3fe53b8>
   11778:	865a                	mv	a2,s6
   1177a:	84aa                	mv	s1,a0
   1177c:	00db0023          	sb	a3,0(s6)
   11780:	0b05                	addi	s6,s6,1
   11782:	892e                	mv	s2,a1
   11784:	fa0a97e3          	bnez	s5,11732 <_vfprintf_r+0x398>
   11788:	01fff6b7          	lui	a3,0x1fff
   1178c:	875a                	mv	a4,s6
   1178e:	84b2                	mv	s1,a2
   11790:	1696                	slli	a3,a3,0x25
   11792:	4601                	li	a2,0
   11794:	6b86                	ld	s7,64(sp)
   11796:	8b62                	mv	s6,s8
   11798:	e0e6                	sd	s9,64(sp)
   1179a:	8aaa                	mv	s5,a0
   1179c:	8c3a                	mv	s8,a4
   1179e:	0cb060ef          	jal	18068 <__getf2>
   117a2:	7c86                	ld	s9,96(sp)
   117a4:	6786                	ld	a5,64(sp)
   117a6:	00a04f63          	bgtz	a0,117c4 <_vfprintf_r+0x42a>
   117aa:	01fff6b7          	lui	a3,0x1fff
   117ae:	8556                	mv	a0,s5
   117b0:	85ca                	mv	a1,s2
   117b2:	1696                	slli	a3,a3,0x25
   117b4:	4601                	li	a2,0
   117b6:	00b060ef          	jal	17fc0 <__eqtf2>
   117ba:	6786                	ld	a5,64(sp)
   117bc:	e521                	bnez	a0,11804 <_vfprintf_r+0x46a>
   117be:	001b7713          	andi	a4,s6,1
   117c2:	c329                	beqz	a4,11804 <_vfprintf_r+0x46a>
   117c4:	7742                	ld	a4,48(sp)
   117c6:	e5a6                	sd	s1,200(sp)
   117c8:	fffc4683          	lbu	a3,-1(s8)
   117cc:	00f74603          	lbu	a2,15(a4)
   117d0:	8762                	mv	a4,s8
   117d2:	00d61e63          	bne	a2,a3,117ee <_vfprintf_r+0x454>
   117d6:	03000593          	li	a1,48
   117da:	feb70fa3          	sb	a1,-1(a4)
   117de:	672e                	ld	a4,200(sp)
   117e0:	fff70693          	addi	a3,a4,-1
   117e4:	e5b6                	sd	a3,200(sp)
   117e6:	fff74683          	lbu	a3,-1(a4)
   117ea:	fec688e3          	beq	a3,a2,117da <_vfprintf_r+0x440>
   117ee:	03900613          	li	a2,57
   117f2:	00c69463          	bne	a3,a2,117fa <_vfprintf_r+0x460>
   117f6:	3250106f          	j	1331a <_vfprintf_r+0x1f80>
   117fa:	2685                	addiw	a3,a3,1 # 1fff001 <__BSS_END__+0x1fe13b9>
   117fc:	0ff6f693          	zext.b	a3,a3
   11800:	fed70fa3          	sb	a3,-1(a4)
   11804:	56ca                	lw	a3,176(sp)
   11806:	00fd871b          	addiw	a4,s11,15
   1180a:	0ae10c23          	sb	a4,184(sp)
   1180e:	40fc063b          	subw	a2,s8,a5
   11812:	fff6871b          	addiw	a4,a3,-1
   11816:	d93a                	sw	a4,176(sp)
   11818:	f832                	sd	a2,48(sp)
   1181a:	00075463          	bgez	a4,11822 <_vfprintf_r+0x488>
   1181e:	2af0106f          	j	132cc <_vfprintf_r+0x1f32>
   11822:	02b00693          	li	a3,43
   11826:	0ad10ca3          	sb	a3,185(sp)
   1182a:	46a5                	li	a3,9
   1182c:	00e6d463          	bge	a3,a4,11834 <_vfprintf_r+0x49a>
   11830:	52e0106f          	j	12d5e <_vfprintf_r+0x19c4>
   11834:	0ba10693          	addi	a3,sp,186
   11838:	0307071b          	addiw	a4,a4,48
   1183c:	00e68023          	sb	a4,0(a3)
   11840:	1398                	addi	a4,sp,480
   11842:	8e99                	sub	a3,a3,a4
   11844:	1296871b          	addiw	a4,a3,297
   11848:	f4ba                	sd	a4,104(sp)
   1184a:	5840106f          	j	12dce <_vfprintf_r+0x1a34>
   1184e:	65a2                	ld	a1,8(sp)
   11850:	6502                	ld	a0,0(sp)
   11852:	1190                	addi	a2,sp,224
   11854:	ed46                	sd	a7,152(sp)
   11856:	e942                	sd	a6,144(sp)
   11858:	e172                	sd	t3,128(sp)
   1185a:	f0be                	sd	a5,96(sp)
   1185c:	ec9e                	sd	t2,88(sp)
   1185e:	3c9010ef          	jal	13426 <__sprint_r>
   11862:	72051863          	bnez	a0,11f92 <_vfprintf_r+0xbf8>
   11866:	794e                	ld	s2,240(sp)
   11868:	68ea                	ld	a7,152(sp)
   1186a:	684a                	ld	a6,144(sp)
   1186c:	6e0a                	ld	t3,128(sp)
   1186e:	7786                	ld	a5,96(sp)
   11870:	63e6                	ld	t2,88(sp)
   11872:	8bce                	mv	s7,s3
   11874:	b331                	j	11580 <_vfprintf_r+0x1e6>
   11876:	572e                	lw	a4,232(sp)
   11878:	66e5                	lui	a3,0x19
   1187a:	28868693          	addi	a3,a3,648 # 19288 <__clzdi2+0x9c>
   1187e:	00dbb023          	sd	a3,0(s7)
   11882:	0905                	addi	s2,s2,1
   11884:	4685                	li	a3,1
   11886:	2705                	addiw	a4,a4,1
   11888:	00dbb423          	sd	a3,8(s7)
   1188c:	f9ca                	sd	s2,240(sp)
   1188e:	d5ba                	sw	a4,232(sp)
   11890:	469d                	li	a3,7
   11892:	0bc1                	addi	s7,s7,16
   11894:	00e6d463          	bge	a3,a4,1189c <_vfprintf_r+0x502>
   11898:	5d20106f          	j	12e6a <_vfprintf_r+0x1ad0>
   1189c:	7742                	ld	a4,48(sp)
   1189e:	8f51                	or	a4,a4,a2
   118a0:	e319                	bnez	a4,118a6 <_vfprintf_r+0x50c>
   118a2:	22a0106f          	j	12acc <_vfprintf_r+0x1732>
   118a6:	66a6                	ld	a3,72(sp)
   118a8:	572e                	lw	a4,232(sp)
   118aa:	65c6                	ld	a1,80(sp)
   118ac:	9936                	add	s2,s2,a3
   118ae:	2705                	addiw	a4,a4,1
   118b0:	00dbb423          	sd	a3,8(s7)
   118b4:	00bbb023          	sd	a1,0(s7)
   118b8:	f9ca                	sd	s2,240(sp)
   118ba:	d5ba                	sw	a4,232(sp)
   118bc:	469d                	li	a3,7
   118be:	0bc1                	addi	s7,s7,16
   118c0:	00e6d463          	bge	a3,a4,118c8 <_vfprintf_r+0x52e>
   118c4:	22e0106f          	j	12af2 <_vfprintf_r+0x1758>
   118c8:	00065463          	bgez	a2,118d0 <_vfprintf_r+0x536>
   118cc:	7540106f          	j	13020 <_vfprintf_r+0x1c86>
   118d0:	76c2                	ld	a3,48(sp)
   118d2:	2705                	addiw	a4,a4,1
   118d4:	00fbb023          	sd	a5,0(s7)
   118d8:	9936                	add	s2,s2,a3
   118da:	f9ca                	sd	s2,240(sp)
   118dc:	d5ba                	sw	a4,232(sp)
   118de:	00dbb423          	sd	a3,8(s7)
   118e2:	479d                	li	a5,7
   118e4:	cee7d7e3          	bge	a5,a4,115d2 <_vfprintf_r+0x238>
   118e8:	65a2                	ld	a1,8(sp)
   118ea:	6502                	ld	a0,0(sp)
   118ec:	1190                	addi	a2,sp,224
   118ee:	e0c2                	sd	a6,64(sp)
   118f0:	fc72                	sd	t3,56(sp)
   118f2:	335010ef          	jal	13426 <__sprint_r>
   118f6:	68051e63          	bnez	a0,11f92 <_vfprintf_r+0xbf8>
   118fa:	794e                	ld	s2,240(sp)
   118fc:	7e62                	ld	t3,56(sp)
   118fe:	6806                	ld	a6,64(sp)
   11900:	8bce                	mv	s7,s3
   11902:	b9c9                	j	115d4 <_vfprintf_r+0x23a>
   11904:	6762                	ld	a4,24(sp)
   11906:	8e26                	mv	t3,s1
   11908:	4885                	li	a7,1
   1190a:	431c                	lw	a5,0(a4)
   1190c:	0a0103a3          	sb	zero,167(sp)
   11910:	0ef10c23          	sb	a5,248(sp)
   11914:	00870793          	addi	a5,a4,8
   11918:	ec3e                	sd	a5,24(sp)
   1191a:	b115                	j	1153e <_vfprintf_r+0x1a4>
   1191c:	6762                	ld	a4,24(sp)
   1191e:	0a0103a3          	sb	zero,167(sp)
   11922:	8e26                	mv	t3,s1
   11924:	631c                	ld	a5,0(a4)
   11926:	00870493          	addi	s1,a4,8
   1192a:	4c0780e3          	beqz	a5,125ea <_vfprintf_r+0x1250>
   1192e:	6c0ac6e3          	bltz	s5,127fa <_vfprintf_r+0x1460>
   11932:	853e                	mv	a0,a5
   11934:	8656                	mv	a2,s5
   11936:	4581                	li	a1,0
   11938:	fc72                	sd	t3,56(sp)
   1193a:	ec3e                	sd	a5,24(sp)
   1193c:	234020ef          	jal	13b70 <memchr>
   11940:	f02a                	sd	a0,32(sp)
   11942:	0a714703          	lbu	a4,167(sp)
   11946:	67e2                	ld	a5,24(sp)
   11948:	7e62                	ld	t3,56(sp)
   1194a:	e119                	bnez	a0,11950 <_vfprintf_r+0x5b6>
   1194c:	6720106f          	j	12fbe <_vfprintf_r+0x1c24>
   11950:	40f508bb          	subw	a7,a0,a5
   11954:	86c6                	mv	a3,a7
   11956:	0008d463          	bgez	a7,1195e <_vfprintf_r+0x5c4>
   1195a:	24a0106f          	j	12ba4 <_vfprintf_r+0x180a>
   1195e:	0006881b          	sext.w	a6,a3
   11962:	c319                	beqz	a4,11968 <_vfprintf_r+0x5ce>
   11964:	0016881b          	addiw	a6,a3,1
   11968:	ec26                	sd	s1,24(sp)
   1196a:	4950006f          	j	125fe <_vfprintf_r+0x1264>
   1196e:	6762                	ld	a4,24(sp)
   11970:	0204f793          	andi	a5,s1,32
   11974:	8e26                	mv	t3,s1
   11976:	0721                	addi	a4,a4,8
   11978:	e7c9                	bnez	a5,11a02 <_vfprintf_r+0x668>
   1197a:	0104f793          	andi	a5,s1,16
   1197e:	c399                	beqz	a5,11984 <_vfprintf_r+0x5ea>
   11980:	6f20106f          	j	13072 <_vfprintf_r+0x1cd8>
   11984:	66e2                	ld	a3,24(sp)
   11986:	0404f793          	andi	a5,s1,64
   1198a:	0006a903          	lw	s2,0(a3)
   1198e:	6a078ae3          	beqz	a5,12842 <_vfprintf_r+0x14a8>
   11992:	0109191b          	slliw	s2,s2,0x10
   11996:	4109591b          	sraiw	s2,s2,0x10
   1199a:	ec3a                	sd	a4,24(sp)
   1199c:	87ca                	mv	a5,s2
   1199e:	0607c863          	bltz	a5,11a0e <_vfprintf_r+0x674>
   119a2:	080ac063          	bltz	s5,11a22 <_vfprintf_r+0x688>
   119a6:	f7fe7e13          	andi	t3,t3,-129
   119aa:	06091c63          	bnez	s2,11a22 <_vfprintf_r+0x688>
   119ae:	060a9a63          	bnez	s5,11a22 <_vfprintf_r+0x688>
   119b2:	0a714503          	lbu	a0,167(sp)
   119b6:	6e0505e3          	beqz	a0,128a0 <_vfprintf_r+0x1506>
   119ba:	4801                	li	a6,0
   119bc:	4481                	li	s1,0
   119be:	f002                	sd	zero,32(sp)
   119c0:	4881                	li	a7,0
   119c2:	4a81                	li	s5,0
   119c4:	0afc                	addi	a5,sp,348
   119c6:	2805                	addiw	a6,a6,1
   119c8:	e099                	bnez	s1,119ce <_vfprintf_r+0x634>
   119ca:	1970106f          	j	13360 <_vfprintf_r+0x1fc6>
   119ce:	794e                	ld	s2,240(sp)
   119d0:	562e                	lw	a2,232(sp)
   119d2:	084e7b13          	andi	s6,t3,132
   119d6:	2809                	addiw	a6,a6,2
   119d8:	85ca                	mv	a1,s2
   119da:	86b2                	mv	a3,a2
   119dc:	600b0363          	beqz	s6,11fe2 <_vfprintf_r+0xc48>
   119e0:	e082                	sd	zero,64(sp)
   119e2:	fc02                	sd	zero,56(sp)
   119e4:	4481                	li	s1,0
   119e6:	ba0500e3          	beqz	a0,11586 <_vfprintf_r+0x1ec>
   119ea:	4389                	li	t2,2
   119ec:	be9d                	j	11562 <_vfprintf_r+0x1c8>
   119ee:	0204f793          	andi	a5,s1,32
   119f2:	0104ef13          	ori	t5,s1,16
   119f6:	2a0785e3          	beqz	a5,124a0 <_vfprintf_r+0x1106>
   119fa:	67e2                	ld	a5,24(sp)
   119fc:	8e7a                	mv	t3,t5
   119fe:	00878713          	addi	a4,a5,8
   11a02:	67e2                	ld	a5,24(sp)
   11a04:	ec3a                	sd	a4,24(sp)
   11a06:	639c                	ld	a5,0(a5)
   11a08:	893e                	mv	s2,a5
   11a0a:	f807dce3          	bgez	a5,119a2 <_vfprintf_r+0x608>
   11a0e:	02d00793          	li	a5,45
   11a12:	0af103a3          	sb	a5,167(sp)
   11a16:	41200933          	neg	s2,s2
   11a1a:	000ac463          	bltz	s5,11a22 <_vfprintf_r+0x688>
   11a1e:	f7fe7e13          	andi	t3,t3,-129
   11a22:	4c25                	li	s8,9
   11a24:	112c6463          	bltu	s8,s2,11b2c <_vfprintf_r+0x792>
   11a28:	0309091b          	addiw	s2,s2,48
   11a2c:	15210da3          	sb	s2,347(sp)
   11a30:	000a881b          	sext.w	a6,s5
   11a34:	295050e3          	blez	s5,124b4 <_vfprintf_r+0x111a>
   11a38:	0a714503          	lbu	a0,167(sp)
   11a3c:	4481                	li	s1,0
   11a3e:	4885                	li	a7,1
   11a40:	15b10793          	addi	a5,sp,347
   11a44:	f002                	sd	zero,32(sp)
   11a46:	d149                	beqz	a0,119c8 <_vfprintf_r+0x62e>
   11a48:	2805                	addiw	a6,a6,1
   11a4a:	bfbd                	j	119c8 <_vfprintf_r+0x62e>
   11a4c:	67e2                	ld	a5,24(sp)
   11a4e:	0007ad03          	lw	s10,0(a5)
   11a52:	1a0d55e3          	bgez	s10,123fc <_vfprintf_r+0x1062>
   11a56:	67e2                	ld	a5,24(sp)
   11a58:	41a00d3b          	negw	s10,s10
   11a5c:	07a1                	addi	a5,a5,8
   11a5e:	ec3e                	sd	a5,24(sp)
   11a60:	000cc303          	lbu	t1,0(s9)
   11a64:	0044e493          	ori	s1,s1,4
   11a68:	bc8d                	j	114da <_vfprintf_r+0x140>
   11a6a:	02b00793          	li	a5,43
   11a6e:	000cc303          	lbu	t1,0(s9)
   11a72:	0af103a3          	sb	a5,167(sp)
   11a76:	b495                	j	114da <_vfprintf_r+0x140>
   11a78:	000cc303          	lbu	t1,0(s9)
   11a7c:	0804e493          	ori	s1,s1,128
   11a80:	bca9                	j	114da <_vfprintf_r+0x140>
   11a82:	000ccd83          	lbu	s11,0(s9)
   11a86:	02a00793          	li	a5,42
   11a8a:	001c8613          	addi	a2,s9,1
   11a8e:	00fd9463          	bne	s11,a5,11a96 <_vfprintf_r+0x6fc>
   11a92:	7f80106f          	j	1328a <_vfprintf_r+0x1ef0>
   11a96:	fd0d871b          	addiw	a4,s11,-48
   11a9a:	45a5                	li	a1,9
   11a9c:	4681                	li	a3,0
   11a9e:	8cb2                	mv	s9,a2
   11aa0:	4a81                	li	s5,0
   11aa2:	a2e5efe3          	bltu	a1,a4,114e0 <_vfprintf_r+0x146>
   11aa6:	0026979b          	slliw	a5,a3,0x2
   11aaa:	00064d83          	lbu	s11,0(a2)
   11aae:	9fb5                	addw	a5,a5,a3
   11ab0:	0017979b          	slliw	a5,a5,0x1
   11ab4:	00e786bb          	addw	a3,a5,a4
   11ab8:	fd0d871b          	addiw	a4,s11,-48
   11abc:	0605                	addi	a2,a2,1
   11abe:	fee5f4e3          	bgeu	a1,a4,11aa6 <_vfprintf_r+0x70c>
   11ac2:	00068a9b          	sext.w	s5,a3
   11ac6:	2806cbe3          	bltz	a3,1255c <_vfprintf_r+0x11c2>
   11aca:	8cb2                	mv	s9,a2
   11acc:	bc11                	j	114e0 <_vfprintf_r+0x146>
   11ace:	0204f793          	andi	a5,s1,32
   11ad2:	0104ef13          	ori	t5,s1,16
   11ad6:	eb8d                	bnez	a5,11b08 <_vfprintf_r+0x76e>
   11ad8:	6762                	ld	a4,24(sp)
   11ada:	0a0103a3          	sb	zero,167(sp)
   11ade:	00073903          	ld	s2,0(a4)
   11ae2:	00870793          	addi	a5,a4,8
   11ae6:	1e0ac0e3          	bltz	s5,124c6 <_vfprintf_r+0x112c>
   11aea:	ec3e                	sd	a5,24(sp)
   11aec:	f7ff7e13          	andi	t3,t5,-129
   11af0:	f20919e3          	bnez	s2,11a22 <_vfprintf_r+0x688>
   11af4:	f20a97e3          	bnez	s5,11a22 <_vfprintf_r+0x688>
   11af8:	4481                	li	s1,0
   11afa:	ae81                	j	11e4a <_vfprintf_r+0xab0>
   11afc:	0204f793          	andi	a5,s1,32
   11b00:	8e26                	mv	t3,s1
   11b02:	140787e3          	beqz	a5,12450 <_vfprintf_r+0x10b6>
   11b06:	8f26                	mv	t5,s1
   11b08:	6762                	ld	a4,24(sp)
   11b0a:	0a0103a3          	sb	zero,167(sp)
   11b0e:	00073903          	ld	s2,0(a4)
   11b12:	00870793          	addi	a5,a4,8
   11b16:	1a0ac8e3          	bltz	s5,124c6 <_vfprintf_r+0x112c>
   11b1a:	ec3e                	sd	a5,24(sp)
   11b1c:	f7ff7e13          	andi	t3,t5,-129
   11b20:	f00a91e3          	bnez	s5,11a22 <_vfprintf_r+0x688>
   11b24:	ee091fe3          	bnez	s2,11a22 <_vfprintf_r+0x688>
   11b28:	4481                	li	s1,0
   11b2a:	a605                	j	11e4a <_vfprintf_r+0xab0>
   11b2c:	ccccd7b7          	lui	a5,0xccccd
   11b30:	ccd78793          	addi	a5,a5,-819 # ffffffffcccccccd <__BSS_END__+0xffffffffcccaf085>
   11b34:	02079b13          	slli	s6,a5,0x20
   11b38:	15c10893          	addi	a7,sp,348
   11b3c:	74e6                	ld	s1,120(sp)
   11b3e:	9b3e                	add	s6,s6,a5
   11b40:	8646                	mv	a2,a7
   11b42:	4581                	li	a1,0
   11b44:	400e7813          	andi	a6,t3,1024
   11b48:	a809                	j	11b5a <_vfprintf_r+0x7c0>
   11b4a:	874a                	mv	a4,s2
   11b4c:	03693933          	mulhu	s2,s2,s6
   11b50:	863e                	mv	a2,a5
   11b52:	00395913          	srli	s2,s2,0x3
   11b56:	02ec7f63          	bgeu	s8,a4,11b94 <_vfprintf_r+0x7fa>
   11b5a:	036936b3          	mulhu	a3,s2,s6
   11b5e:	2585                	addiw	a1,a1,1
   11b60:	fff60793          	addi	a5,a2,-1
   11b64:	828d                	srli	a3,a3,0x3
   11b66:	00269713          	slli	a4,a3,0x2
   11b6a:	9736                	add	a4,a4,a3
   11b6c:	0706                	slli	a4,a4,0x1
   11b6e:	40e90733          	sub	a4,s2,a4
   11b72:	0307071b          	addiw	a4,a4,48
   11b76:	fee60fa3          	sb	a4,-1(a2)
   11b7a:	fc0808e3          	beqz	a6,11b4a <_vfprintf_r+0x7b0>
   11b7e:	0004c703          	lbu	a4,0(s1)
   11b82:	f0170693          	addi	a3,a4,-255
   11b86:	d2f1                	beqz	a3,11b4a <_vfprintf_r+0x7b0>
   11b88:	fcb711e3          	bne	a4,a1,11b4a <_vfprintf_r+0x7b0>
   11b8c:	012c7463          	bgeu	s8,s2,11b94 <_vfprintf_r+0x7fa>
   11b90:	3ca0106f          	j	12f5a <_vfprintf_r+0x1bc0>
   11b94:	fca6                	sd	s1,120(sp)
   11b96:	f82e                	sd	a1,48(sp)
   11b98:	40f888bb          	subw	a7,a7,a5
   11b9c:	000a881b          	sext.w	a6,s5
   11ba0:	011ad463          	bge	s5,a7,11ba8 <_vfprintf_r+0x80e>
   11ba4:	0008881b          	sext.w	a6,a7
   11ba8:	0a714503          	lbu	a0,167(sp)
   11bac:	4481                	li	s1,0
   11bae:	f002                	sd	zero,32(sp)
   11bb0:	bd59                	j	11a46 <_vfprintf_r+0x6ac>
   11bb2:	6b02                	ld	s6,0(sp)
   11bb4:	855a                	mv	a0,s6
   11bb6:	0d6020ef          	jal	13c8c <_localeconv_r>
   11bba:	651c                	ld	a5,8(a0)
   11bbc:	853e                	mv	a0,a5
   11bbe:	f8be                	sd	a5,112(sp)
   11bc0:	310020ef          	jal	13ed0 <strlen>
   11bc4:	87aa                	mv	a5,a0
   11bc6:	855a                	mv	a0,s6
   11bc8:	e53e                	sd	a5,136(sp)
   11bca:	8b3e                	mv	s6,a5
   11bcc:	0c0020ef          	jal	13c8c <_localeconv_r>
   11bd0:	6918                	ld	a4,16(a0)
   11bd2:	000cc303          	lbu	t1,0(s9)
   11bd6:	fcba                	sd	a4,120(sp)
   11bd8:	900b01e3          	beqz	s6,114da <_vfprintf_r+0x140>
   11bdc:	8e070fe3          	beqz	a4,114da <_vfprintf_r+0x140>
   11be0:	00074783          	lbu	a5,0(a4)
   11be4:	8e078be3          	beqz	a5,114da <_vfprintf_r+0x140>
   11be8:	4004e493          	ori	s1,s1,1024
   11bec:	b0fd                	j	114da <_vfprintf_r+0x140>
   11bee:	000cc303          	lbu	t1,0(s9)
   11bf2:	0014e493          	ori	s1,s1,1
   11bf6:	b0d5                	j	114da <_vfprintf_r+0x140>
   11bf8:	0a714783          	lbu	a5,167(sp)
   11bfc:	000cc303          	lbu	t1,0(s9)
   11c00:	8c079de3          	bnez	a5,114da <_vfprintf_r+0x140>
   11c04:	02000793          	li	a5,32
   11c08:	0af103a3          	sb	a5,167(sp)
   11c0c:	b0f9                	j	114da <_vfprintf_r+0x140>
   11c0e:	000cc303          	lbu	t1,0(s9)
   11c12:	0084e493          	ori	s1,s1,8
   11c16:	b0d1                	j	114da <_vfprintf_r+0x140>
   11c18:	67e2                	ld	a5,24(sp)
   11c1a:	0104e813          	ori	a6,s1,16
   11c1e:	00878713          	addi	a4,a5,8
   11c22:	67e2                	ld	a5,24(sp)
   11c24:	6394                	ld	a3,0(a5)
   11c26:	ec3a                	sd	a4,24(sp)
   11c28:	0a0103a3          	sb	zero,167(sp)
   11c2c:	bff87e13          	andi	t3,a6,-1025
   11c30:	520ac963          	bltz	s5,12162 <_vfprintf_r+0xdc8>
   11c34:	b7f87e13          	andi	t3,a6,-1153
   11c38:	520a9563          	bnez	s5,12162 <_vfprintf_r+0xdc8>
   11c3c:	52069363          	bnez	a3,12162 <_vfprintf_r+0xdc8>
   11c40:	00187813          	andi	a6,a6,1
   11c44:	70080763          	beqz	a6,12352 <_vfprintf_r+0xfb8>
   11c48:	794e                	ld	s2,240(sp)
   11c4a:	03000793          	li	a5,48
   11c4e:	14f10da3          	sb	a5,347(sp)
   11c52:	f002                	sd	zero,32(sp)
   11c54:	e082                	sd	zero,64(sp)
   11c56:	fc02                	sd	zero,56(sp)
   11c58:	084e7b13          	andi	s6,t3,132
   11c5c:	88c2                	mv	a7,a6
   11c5e:	4a81                	li	s5,0
   11c60:	4481                	li	s1,0
   11c62:	15b10793          	addi	a5,sp,347
   11c66:	85ca                	mv	a1,s2
   11c68:	8e0b18e3          	bnez	s6,11558 <_vfprintf_r+0x1be>
   11c6c:	410d073b          	subw	a4,s10,a6
   11c70:	6ce04d63          	bgtz	a4,1234a <_vfprintf_r+0xfb0>
   11c74:	0a714703          	lbu	a4,167(sp)
   11c78:	8e0713e3          	bnez	a4,1155e <_vfprintf_r+0x1c4>
   11c7c:	411a8abb          	subw	s5,s5,a7
   11c80:	935059e3          	blez	s5,115b2 <_vfprintf_r+0x218>
   11c84:	66e5                	lui	a3,0x19
   11c86:	562e                	lw	a2,232(sp)
   11c88:	56068693          	addi	a3,a3,1376 # 19560 <zeroes.0>
   11c8c:	07545263          	bge	s0,s5,11cf0 <_vfprintf_r+0x956>
   11c90:	85a6                	mv	a1,s1
   11c92:	ecbe                	sd	a5,88(sp)
   11c94:	84d6                	mv	s1,s5
   11c96:	87de                	mv	a5,s7
   11c98:	874a                	mv	a4,s2
   11c9a:	4b1d                	li	s6,7
   11c9c:	8c72                	mv	s8,t3
   11c9e:	f0c2                	sd	a6,96(sp)
   11ca0:	8946                	mv	s2,a7
   11ca2:	8bd2                	mv	s7,s4
   11ca4:	8aae                	mv	s5,a1
   11ca6:	a021                	j	11cae <_vfprintf_r+0x914>
   11ca8:	34c1                	addiw	s1,s1,-16
   11caa:	02945963          	bge	s0,s1,11cdc <_vfprintf_r+0x942>
   11cae:	0741                	addi	a4,a4,16
   11cb0:	2605                	addiw	a2,a2,1
   11cb2:	0147b023          	sd	s4,0(a5)
   11cb6:	e780                	sd	s0,8(a5)
   11cb8:	f9ba                	sd	a4,240(sp)
   11cba:	d5b2                	sw	a2,232(sp)
   11cbc:	07c1                	addi	a5,a5,16
   11cbe:	fecb55e3          	bge	s6,a2,11ca8 <_vfprintf_r+0x90e>
   11cc2:	65a2                	ld	a1,8(sp)
   11cc4:	6502                	ld	a0,0(sp)
   11cc6:	1190                	addi	a2,sp,224
   11cc8:	75e010ef          	jal	13426 <__sprint_r>
   11ccc:	2c051363          	bnez	a0,11f92 <_vfprintf_r+0xbf8>
   11cd0:	34c1                	addiw	s1,s1,-16
   11cd2:	774e                	ld	a4,240(sp)
   11cd4:	562e                	lw	a2,232(sp)
   11cd6:	87ce                	mv	a5,s3
   11cd8:	fc944be3          	blt	s0,s1,11cae <_vfprintf_r+0x914>
   11cdc:	86de                	mv	a3,s7
   11cde:	7806                	ld	a6,96(sp)
   11ce0:	8bbe                	mv	s7,a5
   11ce2:	67e6                	ld	a5,88(sp)
   11ce4:	85d6                	mv	a1,s5
   11ce6:	88ca                	mv	a7,s2
   11ce8:	8aa6                	mv	s5,s1
   11cea:	8e62                	mv	t3,s8
   11cec:	893a                	mv	s2,a4
   11cee:	84ae                	mv	s1,a1
   11cf0:	9956                	add	s2,s2,s5
   11cf2:	2605                	addiw	a2,a2,1
   11cf4:	00dbb023          	sd	a3,0(s7)
   11cf8:	015bb423          	sd	s5,8(s7)
   11cfc:	f9ca                	sd	s2,240(sp)
   11cfe:	d5b2                	sw	a2,232(sp)
   11d00:	471d                	li	a4,7
   11d02:	0bc1                	addi	s7,s7,16
   11d04:	8ac757e3          	bge	a4,a2,115b2 <_vfprintf_r+0x218>
   11d08:	65a2                	ld	a1,8(sp)
   11d0a:	6502                	ld	a0,0(sp)
   11d0c:	1190                	addi	a2,sp,224
   11d0e:	e946                	sd	a7,144(sp)
   11d10:	e142                	sd	a6,128(sp)
   11d12:	f0f2                	sd	t3,96(sp)
   11d14:	ecbe                	sd	a5,88(sp)
   11d16:	710010ef          	jal	13426 <__sprint_r>
   11d1a:	26051c63          	bnez	a0,11f92 <_vfprintf_r+0xbf8>
   11d1e:	7e06                	ld	t3,96(sp)
   11d20:	794e                	ld	s2,240(sp)
   11d22:	68ca                	ld	a7,144(sp)
   11d24:	100e7713          	andi	a4,t3,256
   11d28:	680a                	ld	a6,128(sp)
   11d2a:	67e6                	ld	a5,88(sp)
   11d2c:	8bce                	mv	s7,s3
   11d2e:	880706e3          	beqz	a4,115ba <_vfprintf_r+0x220>
   11d32:	06500713          	li	a4,101
   11d36:	2db75263          	bge	a4,s11,11ffa <_vfprintf_r+0xc60>
   11d3a:	654e                	ld	a0,208(sp)
   11d3c:	65ee                	ld	a1,216(sp)
   11d3e:	4601                	li	a2,0
   11d40:	4681                	li	a3,0
   11d42:	e142                	sd	a6,128(sp)
   11d44:	f0f2                	sd	t3,96(sp)
   11d46:	ecbe                	sd	a5,88(sp)
   11d48:	278060ef          	jal	17fc0 <__eqtf2>
   11d4c:	67e6                	ld	a5,88(sp)
   11d4e:	7e06                	ld	t3,96(sp)
   11d50:	680a                	ld	a6,128(sp)
   11d52:	44051a63          	bnez	a0,121a6 <_vfprintf_r+0xe0c>
   11d56:	57ae                	lw	a5,232(sp)
   11d58:	6765                	lui	a4,0x19
   11d5a:	28870713          	addi	a4,a4,648 # 19288 <__clzdi2+0x9c>
   11d5e:	00ebb023          	sd	a4,0(s7)
   11d62:	0905                	addi	s2,s2,1
   11d64:	4705                	li	a4,1
   11d66:	2785                	addiw	a5,a5,1
   11d68:	00ebb423          	sd	a4,8(s7)
   11d6c:	f9ca                	sd	s2,240(sp)
   11d6e:	d5be                	sw	a5,232(sp)
   11d70:	471d                	li	a4,7
   11d72:	0bc1                	addi	s7,s7,16
   11d74:	1ef741e3          	blt	a4,a5,12756 <_vfprintf_r+0x13bc>
   11d78:	57ca                	lw	a5,176(sp)
   11d7a:	7742                	ld	a4,48(sp)
   11d7c:	66e7db63          	bge	a5,a4,123f2 <_vfprintf_r+0x1058>
   11d80:	6726                	ld	a4,72(sp)
   11d82:	57ae                	lw	a5,232(sp)
   11d84:	66c6                	ld	a3,80(sp)
   11d86:	993a                	add	s2,s2,a4
   11d88:	2785                	addiw	a5,a5,1
   11d8a:	00ebb423          	sd	a4,8(s7)
   11d8e:	00dbb023          	sd	a3,0(s7)
   11d92:	f9ca                	sd	s2,240(sp)
   11d94:	d5be                	sw	a5,232(sp)
   11d96:	471d                	li	a4,7
   11d98:	0bc1                	addi	s7,s7,16
   11d9a:	7cf74563          	blt	a4,a5,12564 <_vfprintf_r+0x11ca>
   11d9e:	77c2                	ld	a5,48(sp)
   11da0:	fff78a9b          	addiw	s5,a5,-1
   11da4:	835058e3          	blez	s5,115d4 <_vfprintf_r+0x23a>
   11da8:	4b41                	li	s6,16
   11daa:	57ae                	lw	a5,232(sp)
   11dac:	66e5                	lui	a3,0x19
   11dae:	015b4463          	blt	s6,s5,11db6 <_vfprintf_r+0xa1c>
   11db2:	0b20106f          	j	12e64 <_vfprintf_r+0x1aca>
   11db6:	84d6                	mv	s1,s5
   11db8:	874a                	mv	a4,s2
   11dba:	4d9d                	li	s11,7
   11dbc:	8ac2                	mv	s5,a6
   11dbe:	8972                	mv	s2,t3
   11dc0:	56068c13          	addi	s8,a3,1376 # 19560 <zeroes.0>
   11dc4:	a021                	j	11dcc <_vfprintf_r+0xa32>
   11dc6:	34c1                	addiw	s1,s1,-16
   11dc8:	1a9b59e3          	bge	s6,s1,1277a <_vfprintf_r+0x13e0>
   11dcc:	0741                	addi	a4,a4,16
   11dce:	2785                	addiw	a5,a5,1
   11dd0:	018bb023          	sd	s8,0(s7)
   11dd4:	016bb423          	sd	s6,8(s7)
   11dd8:	f9ba                	sd	a4,240(sp)
   11dda:	d5be                	sw	a5,232(sp)
   11ddc:	0bc1                	addi	s7,s7,16
   11dde:	fefdd4e3          	bge	s11,a5,11dc6 <_vfprintf_r+0xa2c>
   11de2:	65a2                	ld	a1,8(sp)
   11de4:	6502                	ld	a0,0(sp)
   11de6:	1190                	addi	a2,sp,224
   11de8:	63e010ef          	jal	13426 <__sprint_r>
   11dec:	1a051363          	bnez	a0,11f92 <_vfprintf_r+0xbf8>
   11df0:	774e                	ld	a4,240(sp)
   11df2:	57ae                	lw	a5,232(sp)
   11df4:	8bce                	mv	s7,s3
   11df6:	bfc1                	j	11dc6 <_vfprintf_r+0xa2c>
   11df8:	000cc303          	lbu	t1,0(s9)
   11dfc:	06800793          	li	a5,104
   11e00:	78f30863          	beq	t1,a5,12590 <_vfprintf_r+0x11f6>
   11e04:	0404e493          	ori	s1,s1,64
   11e08:	ed2ff06f          	j	114da <_vfprintf_r+0x140>
   11e0c:	000cc303          	lbu	t1,0(s9)
   11e10:	0204e493          	ori	s1,s1,32
   11e14:	ec6ff06f          	j	114da <_vfprintf_r+0x140>
   11e18:	67a1                	lui	a5,0x8
   11e1a:	83078793          	addi	a5,a5,-2000 # 7830 <exit-0x88f0>
   11e1e:	0af11423          	sh	a5,168(sp)
   11e22:	67e2                	ld	a5,24(sp)
   11e24:	0a0103a3          	sb	zero,167(sp)
   11e28:	6398                	ld	a4,0(a5)
   11e2a:	00878593          	addi	a1,a5,8
   11e2e:	6a0ac063          	bltz	s5,124ce <_vfprintf_r+0x1134>
   11e32:	f7f4ff13          	andi	t5,s1,-129
   11e36:	002f6e13          	ori	t3,t5,2
   11e3a:	18071ee3          	bnez	a4,127d6 <_vfprintf_r+0x143c>
   11e3e:	180a9ce3          	bnez	s5,127d6 <_vfprintf_r+0x143c>
   11e42:	ec2e                	sd	a1,24(sp)
   11e44:	4489                	li	s1,2
   11e46:	07800d93          	li	s11,120
   11e4a:	0a714503          	lbu	a0,167(sp)
   11e4e:	4a81                	li	s5,0
   11e50:	4801                	li	a6,0
   11e52:	4881                	li	a7,0
   11e54:	0afc                	addi	a5,sp,348
   11e56:	f002                	sd	zero,32(sp)
   11e58:	b6fd                	j	11a46 <_vfprintf_r+0x6ac>
   11e5a:	6762                	ld	a4,24(sp)
   11e5c:	0204f793          	andi	a5,s1,32
   11e60:	8e26                	mv	t3,s1
   11e62:	0721                	addi	a4,a4,8
   11e64:	5c079163          	bnez	a5,12426 <_vfprintf_r+0x108c>
   11e68:	0104f793          	andi	a5,s1,16
   11e6c:	5a079d63          	bnez	a5,12426 <_vfprintf_r+0x108c>
   11e70:	66e2                	ld	a3,24(sp)
   11e72:	0404f793          	andi	a5,s1,64
   11e76:	4294                	lw	a3,0(a3)
   11e78:	1e0781e3          	beqz	a5,1285a <_vfprintf_r+0x14c0>
   11e7c:	16c2                	slli	a3,a3,0x30
   11e7e:	92c1                	srli	a3,a3,0x30
   11e80:	ec3a                	sd	a4,24(sp)
   11e82:	8826                	mv	a6,s1
   11e84:	b355                	j	11c28 <_vfprintf_r+0x88e>
   11e86:	66e2                	ld	a3,24(sp)
   11e88:	0204f793          	andi	a5,s1,32
   11e8c:	6298                	ld	a4,0(a3)
   11e8e:	06a1                	addi	a3,a3,8
   11e90:	ec36                	sd	a3,24(sp)
   11e92:	58079663          	bnez	a5,1241e <_vfprintf_r+0x1084>
   11e96:	0104f793          	andi	a5,s1,16
   11e9a:	58079263          	bnez	a5,1241e <_vfprintf_r+0x1084>
   11e9e:	0404f793          	andi	a5,s1,64
   11ea2:	4a079ce3          	bnez	a5,12b5a <_vfprintf_r+0x17c0>
   11ea6:	2004ff13          	andi	t5,s1,512
   11eaa:	67c2                	ld	a5,16(sp)
   11eac:	000f1463          	bnez	t5,11eb4 <_vfprintf_r+0xb1a>
   11eb0:	21a0106f          	j	130ca <_vfprintf_r+0x1d30>
   11eb4:	00f70023          	sb	a5,0(a4)
   11eb8:	db0ff06f          	j	11468 <_vfprintf_r+0xce>
   11ebc:	000cc303          	lbu	t1,0(s9)
   11ec0:	06c00793          	li	a5,108
   11ec4:	6af30f63          	beq	t1,a5,12582 <_vfprintf_r+0x11e8>
   11ec8:	0104e493          	ori	s1,s1,16
   11ecc:	e0eff06f          	j	114da <_vfprintf_r+0x140>
   11ed0:	410d0b3b          	subw	s6,s10,a6
   11ed4:	ed605b63          	blez	s6,115aa <_vfprintf_r+0x210>
   11ed8:	42c1                	li	t0,16
   11eda:	562e                	lw	a2,232(sp)
   11edc:	66e5                	lui	a3,0x19
   11ede:	0162c463          	blt	t0,s6,11ee6 <_vfprintf_r+0xb4c>
   11ee2:	1d00106f          	j	130b2 <_vfprintf_r+0x1d18>
   11ee6:	8c3e                	mv	s8,a5
   11ee8:	874a                	mv	a4,s2
   11eea:	87de                	mv	a5,s7
   11eec:	439d                	li	t2,7
   11eee:	8ba6                	mv	s7,s1
   11ef0:	ecf2                	sd	t3,88(sp)
   11ef2:	84da                	mv	s1,s6
   11ef4:	f0c2                	sd	a6,96(sp)
   11ef6:	8b46                	mv	s6,a7
   11ef8:	56068913          	addi	s2,a3,1376 # 19560 <zeroes.0>
   11efc:	a021                	j	11f04 <_vfprintf_r+0xb6a>
   11efe:	34c1                	addiw	s1,s1,-16
   11f00:	0292db63          	bge	t0,s1,11f36 <_vfprintf_r+0xb9c>
   11f04:	0741                	addi	a4,a4,16
   11f06:	2605                	addiw	a2,a2,1
   11f08:	0127b023          	sd	s2,0(a5)
   11f0c:	0057b423          	sd	t0,8(a5)
   11f10:	f9ba                	sd	a4,240(sp)
   11f12:	d5b2                	sw	a2,232(sp)
   11f14:	07c1                	addi	a5,a5,16
   11f16:	fec3d4e3          	bge	t2,a2,11efe <_vfprintf_r+0xb64>
   11f1a:	65a2                	ld	a1,8(sp)
   11f1c:	6502                	ld	a0,0(sp)
   11f1e:	1190                	addi	a2,sp,224
   11f20:	506010ef          	jal	13426 <__sprint_r>
   11f24:	e53d                	bnez	a0,11f92 <_vfprintf_r+0xbf8>
   11f26:	42c1                	li	t0,16
   11f28:	34c1                	addiw	s1,s1,-16
   11f2a:	774e                	ld	a4,240(sp)
   11f2c:	562e                	lw	a2,232(sp)
   11f2e:	87ce                	mv	a5,s3
   11f30:	439d                	li	t2,7
   11f32:	fc92c9e3          	blt	t0,s1,11f04 <_vfprintf_r+0xb6a>
   11f36:	6e66                	ld	t3,88(sp)
   11f38:	7806                	ld	a6,96(sp)
   11f3a:	88da                	mv	a7,s6
   11f3c:	86ca                	mv	a3,s2
   11f3e:	8b26                	mv	s6,s1
   11f40:	893a                	mv	s2,a4
   11f42:	84de                	mv	s1,s7
   11f44:	8bbe                	mv	s7,a5
   11f46:	87e2                	mv	a5,s8
   11f48:	995a                	add	s2,s2,s6
   11f4a:	2605                	addiw	a2,a2,1
   11f4c:	00dbb023          	sd	a3,0(s7)
   11f50:	016bb423          	sd	s6,8(s7)
   11f54:	f9ca                	sd	s2,240(sp)
   11f56:	d5b2                	sw	a2,232(sp)
   11f58:	471d                	li	a4,7
   11f5a:	0bc1                	addi	s7,s7,16
   11f5c:	e4c75763          	bge	a4,a2,115aa <_vfprintf_r+0x210>
   11f60:	65a2                	ld	a1,8(sp)
   11f62:	6502                	ld	a0,0(sp)
   11f64:	1190                	addi	a2,sp,224
   11f66:	e946                	sd	a7,144(sp)
   11f68:	e142                	sd	a6,128(sp)
   11f6a:	f0f2                	sd	t3,96(sp)
   11f6c:	ecbe                	sd	a5,88(sp)
   11f6e:	4b8010ef          	jal	13426 <__sprint_r>
   11f72:	e105                	bnez	a0,11f92 <_vfprintf_r+0xbf8>
   11f74:	794e                	ld	s2,240(sp)
   11f76:	67e6                	ld	a5,88(sp)
   11f78:	7e06                	ld	t3,96(sp)
   11f7a:	680a                	ld	a6,128(sp)
   11f7c:	68ca                	ld	a7,144(sp)
   11f7e:	8bce                	mv	s7,s3
   11f80:	e2aff06f          	j	115aa <_vfprintf_r+0x210>
   11f84:	65a2                	ld	a1,8(sp)
   11f86:	6502                	ld	a0,0(sp)
   11f88:	1190                	addi	a2,sp,224
   11f8a:	49c010ef          	jal	13426 <__sprint_r>
   11f8e:	e6050463          	beqz	a0,115f6 <_vfprintf_r+0x25c>
   11f92:	64a2                	ld	s1,8(sp)
   11f94:	7582                	ld	a1,32(sp)
   11f96:	c581                	beqz	a1,11f9e <_vfprintf_r+0xc04>
   11f98:	6502                	ld	a0,0(sp)
   11f9a:	b5ffe0ef          	jal	10af8 <_free_r>
   11f9e:	0104d783          	lhu	a5,16(s1)
   11fa2:	23013903          	ld	s2,560(sp)
   11fa6:	22813983          	ld	s3,552(sp)
   11faa:	0407f793          	andi	a5,a5,64
   11fae:	22013a03          	ld	s4,544(sp)
   11fb2:	21813a83          	ld	s5,536(sp)
   11fb6:	20813b83          	ld	s7,520(sp)
   11fba:	20013c03          	ld	s8,512(sp)
   11fbe:	7cfe                	ld	s9,504(sp)
   11fc0:	7d5e                	ld	s10,496(sp)
   11fc2:	7dbe                	ld	s11,488(sp)
   11fc4:	c399                	beqz	a5,11fca <_vfprintf_r+0xc30>
   11fc6:	0100106f          	j	12fd6 <_vfprintf_r+0x1c3c>
   11fca:	24813083          	ld	ra,584(sp)
   11fce:	24013403          	ld	s0,576(sp)
   11fd2:	6542                	ld	a0,16(sp)
   11fd4:	23813483          	ld	s1,568(sp)
   11fd8:	21013b03          	ld	s6,528(sp)
   11fdc:	25010113          	addi	sp,sp,592
   11fe0:	8082                	ret
   11fe2:	410d073b          	subw	a4,s10,a6
   11fe6:	e082                	sd	zero,64(sp)
   11fe8:	fc02                	sd	zero,56(sp)
   11fea:	2ce04363          	bgtz	a4,122b0 <_vfprintf_r+0xf16>
   11fee:	4481                	li	s1,0
   11ff0:	d8050b63          	beqz	a0,11586 <_vfprintf_r+0x1ec>
   11ff4:	4389                	li	t2,2
   11ff6:	d6cff06f          	j	11562 <_vfprintf_r+0x1c8>
   11ffa:	5aae                	lw	s5,232(sp)
   11ffc:	7642                	ld	a2,48(sp)
   11ffe:	4685                	li	a3,1
   12000:	2a85                	addiw	s5,s5,1
   12002:	9936                	add	s2,s2,a3
   12004:	8756                	mv	a4,s5
   12006:	010b8b13          	addi	s6,s7,16
   1200a:	34c6dd63          	bge	a3,a2,12364 <_vfprintf_r+0xfca>
   1200e:	4685                	li	a3,1
   12010:	00dbb423          	sd	a3,8(s7)
   12014:	00fbb023          	sd	a5,0(s7)
   12018:	f9ca                	sd	s2,240(sp)
   1201a:	d5ba                	sw	a4,232(sp)
   1201c:	469d                	li	a3,7
   1201e:	68e6c663          	blt	a3,a4,126aa <_vfprintf_r+0x1310>
   12022:	6726                	ld	a4,72(sp)
   12024:	66c6                	ld	a3,80(sp)
   12026:	2a85                	addiw	s5,s5,1
   12028:	993a                	add	s2,s2,a4
   1202a:	00eb3423          	sd	a4,8(s6)
   1202e:	00db3023          	sd	a3,0(s6)
   12032:	f9ca                	sd	s2,240(sp)
   12034:	d5d6                	sw	s5,232(sp)
   12036:	471d                	li	a4,7
   12038:	0b41                	addi	s6,s6,16
   1203a:	65574763          	blt	a4,s5,12688 <_vfprintf_r+0x12ee>
   1203e:	ecbe                	sd	a5,88(sp)
   12040:	654e                	ld	a0,208(sp)
   12042:	77c2                	ld	a5,48(sp)
   12044:	65ee                	ld	a1,216(sp)
   12046:	4601                	li	a2,0
   12048:	4681                	li	a3,0
   1204a:	e0c2                	sd	a6,64(sp)
   1204c:	fc72                	sd	t3,56(sp)
   1204e:	fff78b9b          	addiw	s7,a5,-1
   12052:	76f050ef          	jal	17fc0 <__eqtf2>
   12056:	7e62                	ld	t3,56(sp)
   12058:	6806                	ld	a6,64(sp)
   1205a:	34050163          	beqz	a0,1239c <_vfprintf_r+0x1002>
   1205e:	67e6                	ld	a5,88(sp)
   12060:	2a85                	addiw	s5,s5,1
   12062:	995e                	add	s2,s2,s7
   12064:	0785                	addi	a5,a5,1
   12066:	d5d6                	sw	s5,232(sp)
   12068:	f9ca                	sd	s2,240(sp)
   1206a:	00fb3023          	sd	a5,0(s6)
   1206e:	017b3423          	sd	s7,8(s6)
   12072:	479d                	li	a5,7
   12074:	4d57c563          	blt	a5,s5,1253e <_vfprintf_r+0x11a4>
   12078:	0b41                	addi	s6,s6,16
   1207a:	7726                	ld	a4,104(sp)
   1207c:	193c                	addi	a5,sp,184
   1207e:	2a85                	addiw	s5,s5,1
   12080:	993a                	add	s2,s2,a4
   12082:	00fb3023          	sd	a5,0(s6)
   12086:	f9ca                	sd	s2,240(sp)
   12088:	d5d6                	sw	s5,232(sp)
   1208a:	00eb3423          	sd	a4,8(s6)
   1208e:	479d                	li	a5,7
   12090:	010b0b93          	addi	s7,s6,16
   12094:	d557d063          	bge	a5,s5,115d4 <_vfprintf_r+0x23a>
   12098:	65a2                	ld	a1,8(sp)
   1209a:	6502                	ld	a0,0(sp)
   1209c:	1190                	addi	a2,sp,224
   1209e:	e0c2                	sd	a6,64(sp)
   120a0:	fc72                	sd	t3,56(sp)
   120a2:	384010ef          	jal	13426 <__sprint_r>
   120a6:	ee0516e3          	bnez	a0,11f92 <_vfprintf_r+0xbf8>
   120aa:	794e                	ld	s2,240(sp)
   120ac:	6806                	ld	a6,64(sp)
   120ae:	7e62                	ld	t3,56(sp)
   120b0:	8bce                	mv	s7,s3
   120b2:	d22ff06f          	j	115d4 <_vfprintf_r+0x23a>
   120b6:	65a2                	ld	a1,8(sp)
   120b8:	6502                	ld	a0,0(sp)
   120ba:	1190                	addi	a2,sp,224
   120bc:	e946                	sd	a7,144(sp)
   120be:	e142                	sd	a6,128(sp)
   120c0:	f0f2                	sd	t3,96(sp)
   120c2:	ecbe                	sd	a5,88(sp)
   120c4:	362010ef          	jal	13426 <__sprint_r>
   120c8:	ec0515e3          	bnez	a0,11f92 <_vfprintf_r+0xbf8>
   120cc:	794e                	ld	s2,240(sp)
   120ce:	68ca                	ld	a7,144(sp)
   120d0:	680a                	ld	a6,128(sp)
   120d2:	7e06                	ld	t3,96(sp)
   120d4:	67e6                	ld	a5,88(sp)
   120d6:	8bce                	mv	s7,s3
   120d8:	ccaff06f          	j	115a2 <_vfprintf_r+0x208>
   120dc:	4b41                	li	s6,16
   120de:	57ae                	lw	a5,232(sp)
   120e0:	66e5                	lui	a3,0x19
   120e2:	015b4463          	blt	s6,s5,120ea <_vfprintf_r+0xd50>
   120e6:	7930006f          	j	13078 <_vfprintf_r+0x1cde>
   120ea:	874a                	mv	a4,s2
   120ec:	6c22                	ld	s8,8(sp)
   120ee:	4d9d                	li	s11,7
   120f0:	8942                	mv	s2,a6
   120f2:	57068493          	addi	s1,a3,1392 # 19570 <blanks.1>
   120f6:	a021                	j	120fe <_vfprintf_r+0xd64>
   120f8:	3ac1                	addiw	s5,s5,-16
   120fa:	035b5a63          	bge	s6,s5,1212e <_vfprintf_r+0xd94>
   120fe:	0741                	addi	a4,a4,16
   12100:	2785                	addiw	a5,a5,1
   12102:	009bb023          	sd	s1,0(s7)
   12106:	016bb423          	sd	s6,8(s7)
   1210a:	f9ba                	sd	a4,240(sp)
   1210c:	d5be                	sw	a5,232(sp)
   1210e:	0bc1                	addi	s7,s7,16
   12110:	fefdd4e3          	bge	s11,a5,120f8 <_vfprintf_r+0xd5e>
   12114:	6502                	ld	a0,0(sp)
   12116:	1190                	addi	a2,sp,224
   12118:	85e2                	mv	a1,s8
   1211a:	30c010ef          	jal	13426 <__sprint_r>
   1211e:	64051b63          	bnez	a0,12774 <_vfprintf_r+0x13da>
   12122:	3ac1                	addiw	s5,s5,-16
   12124:	774e                	ld	a4,240(sp)
   12126:	57ae                	lw	a5,232(sp)
   12128:	8bce                	mv	s7,s3
   1212a:	fd5b4ae3          	blt	s6,s5,120fe <_vfprintf_r+0xd64>
   1212e:	884a                	mv	a6,s2
   12130:	86a6                	mv	a3,s1
   12132:	893a                	mv	s2,a4
   12134:	9956                	add	s2,s2,s5
   12136:	2785                	addiw	a5,a5,1
   12138:	f9ca                	sd	s2,240(sp)
   1213a:	d5be                	sw	a5,232(sp)
   1213c:	00dbb023          	sd	a3,0(s7)
   12140:	015bb423          	sd	s5,8(s7)
   12144:	471d                	li	a4,7
   12146:	c8f75f63          	bge	a4,a5,115e4 <_vfprintf_r+0x24a>
   1214a:	65a2                	ld	a1,8(sp)
   1214c:	6502                	ld	a0,0(sp)
   1214e:	1190                	addi	a2,sp,224
   12150:	fc42                	sd	a6,56(sp)
   12152:	2d4010ef          	jal	13426 <__sprint_r>
   12156:	e2051ee3          	bnez	a0,11f92 <_vfprintf_r+0xbf8>
   1215a:	794e                	ld	s2,240(sp)
   1215c:	7862                	ld	a6,56(sp)
   1215e:	c86ff06f          	j	115e4 <_vfprintf_r+0x24a>
   12162:	15c10893          	addi	a7,sp,348
   12166:	87c6                	mv	a5,a7
   12168:	0076f713          	andi	a4,a3,7
   1216c:	863e                	mv	a2,a5
   1216e:	03070713          	addi	a4,a4,48
   12172:	828d                	srli	a3,a3,0x3
   12174:	fee78fa3          	sb	a4,-1(a5)
   12178:	17fd                	addi	a5,a5,-1
   1217a:	f6fd                	bnez	a3,12168 <_vfprintf_r+0xdce>
   1217c:	fd070713          	addi	a4,a4,-48
   12180:	03000693          	li	a3,48
   12184:	c709                	beqz	a4,1218e <_vfprintf_r+0xdf4>
   12186:	001e7713          	andi	a4,t3,1
   1218a:	2a071163          	bnez	a4,1242c <_vfprintf_r+0x1092>
   1218e:	40f888bb          	subw	a7,a7,a5
   12192:	000a881b          	sext.w	a6,s5
   12196:	271acc63          	blt	s5,a7,1240e <_vfprintf_r+0x1074>
   1219a:	f002                	sd	zero,32(sp)
   1219c:	e082                	sd	zero,64(sp)
   1219e:	fc02                	sd	zero,56(sp)
   121a0:	4481                	li	s1,0
   121a2:	baaff06f          	j	1154c <_vfprintf_r+0x1b2>
   121a6:	564a                	lw	a2,176(sp)
   121a8:	ecc05763          	blez	a2,11876 <_vfprintf_r+0x4dc>
   121ac:	76c2                	ld	a3,48(sp)
   121ae:	8726                	mv	a4,s1
   121b0:	3696c163          	blt	a3,s1,12512 <_vfprintf_r+0x1178>
   121b4:	00070d9b          	sext.w	s11,a4
   121b8:	01b05f63          	blez	s11,121d6 <_vfprintf_r+0xe3c>
   121bc:	572e                	lw	a4,232(sp)
   121be:	996e                	add	s2,s2,s11
   121c0:	00fbb023          	sd	a5,0(s7)
   121c4:	2705                	addiw	a4,a4,1
   121c6:	01bbb423          	sd	s11,8(s7)
   121ca:	f9ca                	sd	s2,240(sp)
   121cc:	d5ba                	sw	a4,232(sp)
   121ce:	469d                	li	a3,7
   121d0:	0bc1                	addi	s7,s7,16
   121d2:	0ce6cce3          	blt	a3,a4,12aaa <_vfprintf_r+0x1710>
   121d6:	8aee                	mv	s5,s11
   121d8:	400dc263          	bltz	s11,125dc <_vfprintf_r+0x1242>
   121dc:	41548abb          	subw	s5,s1,s5
   121e0:	43504663          	bgtz	s5,1260c <_vfprintf_r+0x1272>
   121e4:	400e7713          	andi	a4,t3,1024
   121e8:	00978db3          	add	s11,a5,s1
   121ec:	70071663          	bnez	a4,128f8 <_vfprintf_r+0x155e>
   121f0:	5aca                	lw	s5,176(sp)
   121f2:	76c2                	ld	a3,48(sp)
   121f4:	00dac663          	blt	s5,a3,12200 <_vfprintf_r+0xe66>
   121f8:	001e7713          	andi	a4,t3,1
   121fc:	10070ee3          	beqz	a4,12b18 <_vfprintf_r+0x177e>
   12200:	66a6                	ld	a3,72(sp)
   12202:	572e                	lw	a4,232(sp)
   12204:	6646                	ld	a2,80(sp)
   12206:	9936                	add	s2,s2,a3
   12208:	2705                	addiw	a4,a4,1
   1220a:	00dbb423          	sd	a3,8(s7)
   1220e:	00cbb023          	sd	a2,0(s7)
   12212:	f9ca                	sd	s2,240(sp)
   12214:	d5ba                	sw	a4,232(sp)
   12216:	469d                	li	a3,7
   12218:	0bc1                	addi	s7,s7,16
   1221a:	48e6cce3          	blt	a3,a4,12eb2 <_vfprintf_r+0x1b18>
   1221e:	7742                	ld	a4,48(sp)
   12220:	97ba                	add	a5,a5,a4
   12222:	41b78b33          	sub	s6,a5,s11
   12226:	41570abb          	subw	s5,a4,s5
   1222a:	000b079b          	sext.w	a5,s6
   1222e:	00fad363          	bge	s5,a5,12234 <_vfprintf_r+0xe9a>
   12232:	8b56                	mv	s6,s5
   12234:	2b01                	sext.w	s6,s6
   12236:	01605f63          	blez	s6,12254 <_vfprintf_r+0xeba>
   1223a:	57ae                	lw	a5,232(sp)
   1223c:	995a                	add	s2,s2,s6
   1223e:	01bbb023          	sd	s11,0(s7)
   12242:	2785                	addiw	a5,a5,1
   12244:	016bb423          	sd	s6,8(s7)
   12248:	f9ca                	sd	s2,240(sp)
   1224a:	d5be                	sw	a5,232(sp)
   1224c:	471d                	li	a4,7
   1224e:	0bc1                	addi	s7,s7,16
   12250:	58f74be3          	blt	a4,a5,12fe6 <_vfprintf_r+0x1c4c>
   12254:	87da                	mv	a5,s6
   12256:	000b5363          	bgez	s6,1225c <_vfprintf_r+0xec2>
   1225a:	4781                	li	a5,0
   1225c:	40fa8abb          	subw	s5,s5,a5
   12260:	b7505a63          	blez	s5,115d4 <_vfprintf_r+0x23a>
   12264:	4b41                	li	s6,16
   12266:	57ae                	lw	a5,232(sp)
   12268:	66e5                	lui	a3,0x19
   1226a:	3f5b5de3          	bge	s6,s5,12e64 <_vfprintf_r+0x1aca>
   1226e:	84d6                	mv	s1,s5
   12270:	874a                	mv	a4,s2
   12272:	4d9d                	li	s11,7
   12274:	8ac2                	mv	s5,a6
   12276:	8972                	mv	s2,t3
   12278:	56068c13          	addi	s8,a3,1376 # 19560 <zeroes.0>
   1227c:	a021                	j	12284 <_vfprintf_r+0xeea>
   1227e:	34c1                	addiw	s1,s1,-16
   12280:	4e9b5d63          	bge	s6,s1,1277a <_vfprintf_r+0x13e0>
   12284:	0741                	addi	a4,a4,16
   12286:	2785                	addiw	a5,a5,1
   12288:	018bb023          	sd	s8,0(s7)
   1228c:	016bb423          	sd	s6,8(s7)
   12290:	f9ba                	sd	a4,240(sp)
   12292:	d5be                	sw	a5,232(sp)
   12294:	0bc1                	addi	s7,s7,16
   12296:	fefdd4e3          	bge	s11,a5,1227e <_vfprintf_r+0xee4>
   1229a:	65a2                	ld	a1,8(sp)
   1229c:	6502                	ld	a0,0(sp)
   1229e:	1190                	addi	a2,sp,224
   122a0:	186010ef          	jal	13426 <__sprint_r>
   122a4:	ce0517e3          	bnez	a0,11f92 <_vfprintf_r+0xbf8>
   122a8:	774e                	ld	a4,240(sp)
   122aa:	57ae                	lw	a5,232(sp)
   122ac:	8bce                	mv	s7,s3
   122ae:	bfc1                	j	1227e <_vfprintf_r+0xee4>
   122b0:	4389                	li	t2,2
   122b2:	4941                	li	s2,16
   122b4:	8636                	mv	a2,a3
   122b6:	66e5                	lui	a3,0x19
   122b8:	52e953e3          	bge	s2,a4,12fde <_vfprintf_r+0x1c44>
   122bc:	f0be                	sd	a5,96(sp)
   122be:	e956                	sd	s5,144(sp)
   122c0:	87de                	mv	a5,s7
   122c2:	4f9d                	li	t6,7
   122c4:	84ba                	mv	s1,a4
   122c6:	ec9e                	sd	t2,88(sp)
   122c8:	e172                	sd	t3,128(sp)
   122ca:	8c42                	mv	s8,a6
   122cc:	8bc6                	mv	s7,a7
   122ce:	57068a93          	addi	s5,a3,1392 # 19570 <blanks.1>
   122d2:	a021                	j	122da <_vfprintf_r+0xf40>
   122d4:	34c1                	addiw	s1,s1,-16
   122d6:	02995b63          	bge	s2,s1,1230c <_vfprintf_r+0xf72>
   122da:	05c1                	addi	a1,a1,16
   122dc:	2605                	addiw	a2,a2,1
   122de:	0157b023          	sd	s5,0(a5)
   122e2:	0127b423          	sd	s2,8(a5)
   122e6:	f9ae                	sd	a1,240(sp)
   122e8:	d5b2                	sw	a2,232(sp)
   122ea:	07c1                	addi	a5,a5,16
   122ec:	fecfd4e3          	bge	t6,a2,122d4 <_vfprintf_r+0xf3a>
   122f0:	65a2                	ld	a1,8(sp)
   122f2:	6502                	ld	a0,0(sp)
   122f4:	1190                	addi	a2,sp,224
   122f6:	130010ef          	jal	13426 <__sprint_r>
   122fa:	c8051ce3          	bnez	a0,11f92 <_vfprintf_r+0xbf8>
   122fe:	34c1                	addiw	s1,s1,-16
   12300:	75ce                	ld	a1,240(sp)
   12302:	562e                	lw	a2,232(sp)
   12304:	87ce                	mv	a5,s3
   12306:	4f9d                	li	t6,7
   12308:	fc9949e3          	blt	s2,s1,122da <_vfprintf_r+0xf40>
   1230c:	88de                	mv	a7,s7
   1230e:	86d6                	mv	a3,s5
   12310:	8bbe                	mv	s7,a5
   12312:	63e6                	ld	t2,88(sp)
   12314:	6e0a                	ld	t3,128(sp)
   12316:	7786                	ld	a5,96(sp)
   12318:	6aca                	ld	s5,144(sp)
   1231a:	8726                	mv	a4,s1
   1231c:	8862                	mv	a6,s8
   1231e:	00b70933          	add	s2,a4,a1
   12322:	2605                	addiw	a2,a2,1
   12324:	00ebb423          	sd	a4,8(s7)
   12328:	f9ca                	sd	s2,240(sp)
   1232a:	d5b2                	sw	a2,232(sp)
   1232c:	00dbb023          	sd	a3,0(s7)
   12330:	471d                	li	a4,7
   12332:	3ac74363          	blt	a4,a2,126d8 <_vfprintf_r+0x133e>
   12336:	0a714703          	lbu	a4,167(sp)
   1233a:	0bc1                	addi	s7,s7,16
   1233c:	84da                	mv	s1,s6
   1233e:	e769                	bnez	a4,12408 <_vfprintf_r+0x106e>
   12340:	a6038563          	beqz	t2,115aa <_vfprintf_r+0x210>
   12344:	4b01                	li	s6,0
   12346:	a40ff06f          	j	11586 <_vfprintf_r+0x1ec>
   1234a:	56ae                	lw	a3,232(sp)
   1234c:	8b26                	mv	s6,s1
   1234e:	4381                	li	t2,0
   12350:	b78d                	j	122b2 <_vfprintf_r+0xf18>
   12352:	4881                	li	a7,0
   12354:	4a81                	li	s5,0
   12356:	e082                	sd	zero,64(sp)
   12358:	fc02                	sd	zero,56(sp)
   1235a:	4481                	li	s1,0
   1235c:	f002                	sd	zero,32(sp)
   1235e:	0afc                	addi	a5,sp,348
   12360:	9ecff06f          	j	1154c <_vfprintf_r+0x1b2>
   12364:	00de7633          	and	a2,t3,a3
   12368:	ca0613e3          	bnez	a2,1200e <_vfprintf_r+0xc74>
   1236c:	00fbb023          	sd	a5,0(s7)
   12370:	00dbb423          	sd	a3,8(s7)
   12374:	f9ca                	sd	s2,240(sp)
   12376:	d5d6                	sw	s5,232(sp)
   12378:	479d                	li	a5,7
   1237a:	d157d0e3          	bge	a5,s5,1207a <_vfprintf_r+0xce0>
   1237e:	65a2                	ld	a1,8(sp)
   12380:	6502                	ld	a0,0(sp)
   12382:	1190                	addi	a2,sp,224
   12384:	e0c2                	sd	a6,64(sp)
   12386:	fc72                	sd	t3,56(sp)
   12388:	09e010ef          	jal	13426 <__sprint_r>
   1238c:	c00513e3          	bnez	a0,11f92 <_vfprintf_r+0xbf8>
   12390:	794e                	ld	s2,240(sp)
   12392:	5aae                	lw	s5,232(sp)
   12394:	6806                	ld	a6,64(sp)
   12396:	7e62                	ld	t3,56(sp)
   12398:	8b4e                	mv	s6,s3
   1239a:	b1c5                	j	1207a <_vfprintf_r+0xce0>
   1239c:	7742                	ld	a4,48(sp)
   1239e:	4785                	li	a5,1
   123a0:	cce7dde3          	bge	a5,a4,1207a <_vfprintf_r+0xce0>
   123a4:	47c5                	li	a5,17
   123a6:	66e5                	lui	a3,0x19
   123a8:	6ce7d8e3          	bge	a5,a4,13278 <_vfprintf_r+0x1ede>
   123ac:	874a                	mv	a4,s2
   123ae:	84de                	mv	s1,s7
   123b0:	4dc1                	li	s11,16
   123b2:	479d                	li	a5,7
   123b4:	8972                	mv	s2,t3
   123b6:	8bc2                	mv	s7,a6
   123b8:	56068c13          	addi	s8,a3,1376 # 19560 <zeroes.0>
   123bc:	a021                	j	123c4 <_vfprintf_r+0x102a>
   123be:	34c1                	addiw	s1,s1,-16
   123c0:	149ddf63          	bge	s11,s1,1251e <_vfprintf_r+0x1184>
   123c4:	0741                	addi	a4,a4,16
   123c6:	2a85                	addiw	s5,s5,1
   123c8:	018b3023          	sd	s8,0(s6)
   123cc:	01bb3423          	sd	s11,8(s6)
   123d0:	f9ba                	sd	a4,240(sp)
   123d2:	d5d6                	sw	s5,232(sp)
   123d4:	0b41                	addi	s6,s6,16
   123d6:	ff57d4e3          	bge	a5,s5,123be <_vfprintf_r+0x1024>
   123da:	65a2                	ld	a1,8(sp)
   123dc:	6502                	ld	a0,0(sp)
   123de:	1190                	addi	a2,sp,224
   123e0:	046010ef          	jal	13426 <__sprint_r>
   123e4:	ba0517e3          	bnez	a0,11f92 <_vfprintf_r+0xbf8>
   123e8:	774e                	ld	a4,240(sp)
   123ea:	5aae                	lw	s5,232(sp)
   123ec:	8b4e                	mv	s6,s3
   123ee:	479d                	li	a5,7
   123f0:	b7f9                	j	123be <_vfprintf_r+0x1024>
   123f2:	001e7793          	andi	a5,t3,1
   123f6:	9c078f63          	beqz	a5,115d4 <_vfprintf_r+0x23a>
   123fa:	b259                	j	11d80 <_vfprintf_r+0x9e6>
   123fc:	07a1                	addi	a5,a5,8
   123fe:	000cc303          	lbu	t1,0(s9)
   12402:	ec3e                	sd	a5,24(sp)
   12404:	8d6ff06f          	j	114da <_vfprintf_r+0x140>
   12408:	4b01                	li	s6,0
   1240a:	958ff06f          	j	11562 <_vfprintf_r+0x1c8>
   1240e:	0008881b          	sext.w	a6,a7
   12412:	f002                	sd	zero,32(sp)
   12414:	e082                	sd	zero,64(sp)
   12416:	fc02                	sd	zero,56(sp)
   12418:	4481                	li	s1,0
   1241a:	932ff06f          	j	1154c <_vfprintf_r+0x1b2>
   1241e:	67c2                	ld	a5,16(sp)
   12420:	e31c                	sd	a5,0(a4)
   12422:	846ff06f          	j	11468 <_vfprintf_r+0xce>
   12426:	8872                	mv	a6,t3
   12428:	ffaff06f          	j	11c22 <_vfprintf_r+0x888>
   1242c:	1679                	addi	a2,a2,-2
   1242e:	40c888bb          	subw	a7,a7,a2
   12432:	fed78fa3          	sb	a3,-1(a5)
   12436:	000a881b          	sext.w	a6,s5
   1243a:	011ad463          	bge	s5,a7,12442 <_vfprintf_r+0x10a8>
   1243e:	0008881b          	sext.w	a6,a7
   12442:	87b2                	mv	a5,a2
   12444:	f002                	sd	zero,32(sp)
   12446:	e082                	sd	zero,64(sp)
   12448:	fc02                	sd	zero,56(sp)
   1244a:	4481                	li	s1,0
   1244c:	900ff06f          	j	1154c <_vfprintf_r+0x1b2>
   12450:	0104f793          	andi	a5,s1,16
   12454:	3c0793e3          	bnez	a5,1301a <_vfprintf_r+0x1c80>
   12458:	66e2                	ld	a3,24(sp)
   1245a:	0404f793          	andi	a5,s1,64
   1245e:	0006a903          	lw	s2,0(a3)
   12462:	00868713          	addi	a4,a3,8
   12466:	1e078e63          	beqz	a5,12662 <_vfprintf_r+0x12c8>
   1246a:	1942                	slli	s2,s2,0x30
   1246c:	0a0103a3          	sb	zero,167(sp)
   12470:	03095913          	srli	s2,s2,0x30
   12474:	200ac163          	bltz	s5,12676 <_vfprintf_r+0x12dc>
   12478:	012aefb3          	or	t6,s5,s2
   1247c:	000f849b          	sext.w	s1,t6
   12480:	ec3a                	sd	a4,24(sp)
   12482:	f7fe7e13          	andi	t3,t3,-129
   12486:	d8049e63          	bnez	s1,11a22 <_vfprintf_r+0x688>
   1248a:	b2c1                	j	11e4a <_vfprintf_r+0xab0>
   1248c:	67e2                	ld	a5,24(sp)
   1248e:	07bd                	addi	a5,a5,15
   12490:	9bc1                	andi	a5,a5,-16
   12492:	01078713          	addi	a4,a5,16
   12496:	6388                	ld	a0,0(a5)
   12498:	678c                	ld	a1,8(a5)
   1249a:	ec3a                	sd	a4,24(sp)
   1249c:	9daff06f          	j	11676 <_vfprintf_r+0x2dc>
   124a0:	67e2                	ld	a5,24(sp)
   124a2:	00878713          	addi	a4,a5,8
   124a6:	67e2                	ld	a5,24(sp)
   124a8:	8e7a                	mv	t3,t5
   124aa:	ec3a                	sd	a4,24(sp)
   124ac:	639c                	ld	a5,0(a5)
   124ae:	893e                	mv	s2,a5
   124b0:	ceeff06f          	j	1199e <_vfprintf_r+0x604>
   124b4:	0a714503          	lbu	a0,167(sp)
   124b8:	4805                	li	a6,1
   124ba:	4481                	li	s1,0
   124bc:	4885                	li	a7,1
   124be:	15b10793          	addi	a5,sp,347
   124c2:	d82ff06f          	j	11a44 <_vfprintf_r+0x6aa>
   124c6:	ec3e                	sd	a5,24(sp)
   124c8:	8e7a                	mv	t3,t5
   124ca:	d58ff06f          	j	11a22 <_vfprintf_r+0x688>
   124ce:	6665                	lui	a2,0x19
   124d0:	0024ee13          	ori	t3,s1,2
   124d4:	ec2e                	sd	a1,24(sp)
   124d6:	25060613          	addi	a2,a2,592 # 19250 <__clzdi2+0x64>
   124da:	4489                	li	s1,2
   124dc:	4501                	li	a0,0
   124de:	07800d93          	li	s11,120
   124e2:	15c10893          	addi	a7,sp,348
   124e6:	87c6                	mv	a5,a7
   124e8:	00f77693          	andi	a3,a4,15
   124ec:	96b2                	add	a3,a3,a2
   124ee:	0006c683          	lbu	a3,0(a3)
   124f2:	8311                	srli	a4,a4,0x4
   124f4:	17fd                	addi	a5,a5,-1
   124f6:	00d78023          	sb	a3,0(a5)
   124fa:	f77d                	bnez	a4,124e8 <_vfprintf_r+0x114e>
   124fc:	40f888bb          	subw	a7,a7,a5
   12500:	000a881b          	sext.w	a6,s5
   12504:	d51ad063          	bge	s5,a7,11a44 <_vfprintf_r+0x6aa>
   12508:	0008881b          	sext.w	a6,a7
   1250c:	f002                	sd	zero,32(sp)
   1250e:	d38ff06f          	j	11a46 <_vfprintf_r+0x6ac>
   12512:	8736                	mv	a4,a3
   12514:	00070d9b          	sext.w	s11,a4
   12518:	cbb042e3          	bgtz	s11,121bc <_vfprintf_r+0xe22>
   1251c:	b96d                	j	121d6 <_vfprintf_r+0xe3c>
   1251e:	8e4a                	mv	t3,s2
   12520:	885e                	mv	a6,s7
   12522:	893a                	mv	s2,a4
   12524:	8ba6                	mv	s7,s1
   12526:	86e2                	mv	a3,s8
   12528:	995e                	add	s2,s2,s7
   1252a:	2a85                	addiw	s5,s5,1
   1252c:	f9ca                	sd	s2,240(sp)
   1252e:	d5d6                	sw	s5,232(sp)
   12530:	00db3023          	sd	a3,0(s6)
   12534:	017b3423          	sd	s7,8(s6)
   12538:	479d                	li	a5,7
   1253a:	b357dfe3          	bge	a5,s5,12078 <_vfprintf_r+0xcde>
   1253e:	65a2                	ld	a1,8(sp)
   12540:	6502                	ld	a0,0(sp)
   12542:	1190                	addi	a2,sp,224
   12544:	e0c2                	sd	a6,64(sp)
   12546:	fc72                	sd	t3,56(sp)
   12548:	6df000ef          	jal	13426 <__sprint_r>
   1254c:	a40513e3          	bnez	a0,11f92 <_vfprintf_r+0xbf8>
   12550:	794e                	ld	s2,240(sp)
   12552:	5aae                	lw	s5,232(sp)
   12554:	7e62                	ld	t3,56(sp)
   12556:	6806                	ld	a6,64(sp)
   12558:	8b4e                	mv	s6,s3
   1255a:	b605                	j	1207a <_vfprintf_r+0xce0>
   1255c:	5afd                	li	s5,-1
   1255e:	8cb2                	mv	s9,a2
   12560:	f81fe06f          	j	114e0 <_vfprintf_r+0x146>
   12564:	65a2                	ld	a1,8(sp)
   12566:	6502                	ld	a0,0(sp)
   12568:	1190                	addi	a2,sp,224
   1256a:	e0c2                	sd	a6,64(sp)
   1256c:	fc72                	sd	t3,56(sp)
   1256e:	6b9000ef          	jal	13426 <__sprint_r>
   12572:	a20510e3          	bnez	a0,11f92 <_vfprintf_r+0xbf8>
   12576:	794e                	ld	s2,240(sp)
   12578:	6806                	ld	a6,64(sp)
   1257a:	7e62                	ld	t3,56(sp)
   1257c:	8bce                	mv	s7,s3
   1257e:	821ff06f          	j	11d9e <_vfprintf_r+0xa04>
   12582:	001cc303          	lbu	t1,1(s9)
   12586:	0204e493          	ori	s1,s1,32
   1258a:	0c85                	addi	s9,s9,1
   1258c:	f4ffe06f          	j	114da <_vfprintf_r+0x140>
   12590:	001cc303          	lbu	t1,1(s9)
   12594:	2004e493          	ori	s1,s1,512
   12598:	0c85                	addi	s9,s9,1
   1259a:	f41fe06f          	j	114da <_vfprintf_r+0x140>
   1259e:	6665                	lui	a2,0x19
   125a0:	8e26                	mv	t3,s1
   125a2:	26860613          	addi	a2,a2,616 # 19268 <__clzdi2+0x7c>
   125a6:	6762                	ld	a4,24(sp)
   125a8:	020e7793          	andi	a5,t3,32
   125ac:	00870593          	addi	a1,a4,8
   125b0:	c7f1                	beqz	a5,1267c <_vfprintf_r+0x12e2>
   125b2:	6318                	ld	a4,0(a4)
   125b4:	001e7793          	andi	a5,t3,1
   125b8:	00e036b3          	snez	a3,a4
   125bc:	c399                	beqz	a5,125c2 <_vfprintf_r+0x1228>
   125be:	16069263          	bnez	a3,12722 <_vfprintf_r+0x1388>
   125c2:	0a0103a3          	sb	zero,167(sp)
   125c6:	100ac363          	bltz	s5,126cc <_vfprintf_r+0x1332>
   125ca:	b7fe7e13          	andi	t3,t3,-1153
   125ce:	180a9263          	bnez	s5,12752 <_vfprintf_r+0x13b8>
   125d2:	18069063          	bnez	a3,12752 <_vfprintf_r+0x13b8>
   125d6:	ec2e                	sd	a1,24(sp)
   125d8:	4481                	li	s1,0
   125da:	b885                	j	11e4a <_vfprintf_r+0xab0>
   125dc:	4a81                	li	s5,0
   125de:	befd                	j	121dc <_vfprintf_r+0xe42>
   125e0:	6665                	lui	a2,0x19
   125e2:	8e26                	mv	t3,s1
   125e4:	25060613          	addi	a2,a2,592 # 19250 <__clzdi2+0x64>
   125e8:	bf7d                	j	125a6 <_vfprintf_r+0x120c>
   125ea:	4799                	li	a5,6
   125ec:	000a881b          	sext.w	a6,s5
   125f0:	4b57ea63          	bltu	a5,s5,12aa4 <_vfprintf_r+0x170a>
   125f4:	67e5                	lui	a5,0x19
   125f6:	ec26                	sd	s1,24(sp)
   125f8:	88c2                	mv	a7,a6
   125fa:	28078793          	addi	a5,a5,640 # 19280 <__clzdi2+0x94>
   125fe:	f002                	sd	zero,32(sp)
   12600:	4a81                	li	s5,0
   12602:	e082                	sd	zero,64(sp)
   12604:	fc02                	sd	zero,56(sp)
   12606:	4481                	li	s1,0
   12608:	f45fe06f          	j	1154c <_vfprintf_r+0x1b2>
   1260c:	48c1                	li	a7,16
   1260e:	572e                	lw	a4,232(sp)
   12610:	66e5                	lui	a3,0x19
   12612:	5158d0e3          	bge	a7,s5,13312 <_vfprintf_r+0x1f78>
   12616:	85a6                	mv	a1,s1
   12618:	8b56                	mv	s6,s5
   1261a:	84be                	mv	s1,a5
   1261c:	864a                	mv	a2,s2
   1261e:	87de                	mv	a5,s7
   12620:	4d9d                	li	s11,7
   12622:	8ac2                	mv	s5,a6
   12624:	8972                	mv	s2,t3
   12626:	56068c13          	addi	s8,a3,1376 # 19560 <zeroes.0>
   1262a:	8bae                	mv	s7,a1
   1262c:	a021                	j	12634 <_vfprintf_r+0x129a>
   1262e:	3b41                	addiw	s6,s6,-16
   12630:	4368d463          	bge	a7,s6,12a58 <_vfprintf_r+0x16be>
   12634:	0641                	addi	a2,a2,16
   12636:	2705                	addiw	a4,a4,1
   12638:	0187b023          	sd	s8,0(a5)
   1263c:	0117b423          	sd	a7,8(a5)
   12640:	f9b2                	sd	a2,240(sp)
   12642:	d5ba                	sw	a4,232(sp)
   12644:	07c1                	addi	a5,a5,16
   12646:	feedd4e3          	bge	s11,a4,1262e <_vfprintf_r+0x1294>
   1264a:	65a2                	ld	a1,8(sp)
   1264c:	6502                	ld	a0,0(sp)
   1264e:	1190                	addi	a2,sp,224
   12650:	5d7000ef          	jal	13426 <__sprint_r>
   12654:	92051fe3          	bnez	a0,11f92 <_vfprintf_r+0xbf8>
   12658:	764e                	ld	a2,240(sp)
   1265a:	572e                	lw	a4,232(sp)
   1265c:	87ce                	mv	a5,s3
   1265e:	48c1                	li	a7,16
   12660:	b7f9                	j	1262e <_vfprintf_r+0x1294>
   12662:	2004f493          	andi	s1,s1,512
   12666:	0a0103a3          	sb	zero,167(sp)
   1266a:	4c048863          	beqz	s1,12b3a <_vfprintf_r+0x17a0>
   1266e:	0ff97913          	zext.b	s2,s2
   12672:	e00ad3e3          	bgez	s5,12478 <_vfprintf_r+0x10de>
   12676:	ec3a                	sd	a4,24(sp)
   12678:	baaff06f          	j	11a22 <_vfprintf_r+0x688>
   1267c:	010e7793          	andi	a5,t3,16
   12680:	cbc1                	beqz	a5,12710 <_vfprintf_r+0x1376>
   12682:	67e2                	ld	a5,24(sp)
   12684:	6398                	ld	a4,0(a5)
   12686:	b73d                	j	125b4 <_vfprintf_r+0x121a>
   12688:	65a2                	ld	a1,8(sp)
   1268a:	6502                	ld	a0,0(sp)
   1268c:	1190                	addi	a2,sp,224
   1268e:	ecc2                	sd	a6,88(sp)
   12690:	e0f2                	sd	t3,64(sp)
   12692:	fc3e                	sd	a5,56(sp)
   12694:	593000ef          	jal	13426 <__sprint_r>
   12698:	8e051de3          	bnez	a0,11f92 <_vfprintf_r+0xbf8>
   1269c:	794e                	ld	s2,240(sp)
   1269e:	5aae                	lw	s5,232(sp)
   126a0:	6866                	ld	a6,88(sp)
   126a2:	6e06                	ld	t3,64(sp)
   126a4:	77e2                	ld	a5,56(sp)
   126a6:	8b4e                	mv	s6,s3
   126a8:	ba59                	j	1203e <_vfprintf_r+0xca4>
   126aa:	65a2                	ld	a1,8(sp)
   126ac:	6502                	ld	a0,0(sp)
   126ae:	1190                	addi	a2,sp,224
   126b0:	ecc2                	sd	a6,88(sp)
   126b2:	e0f2                	sd	t3,64(sp)
   126b4:	fc3e                	sd	a5,56(sp)
   126b6:	571000ef          	jal	13426 <__sprint_r>
   126ba:	8c051ce3          	bnez	a0,11f92 <_vfprintf_r+0xbf8>
   126be:	794e                	ld	s2,240(sp)
   126c0:	5aae                	lw	s5,232(sp)
   126c2:	6866                	ld	a6,88(sp)
   126c4:	6e06                	ld	t3,64(sp)
   126c6:	77e2                	ld	a5,56(sp)
   126c8:	8b4e                	mv	s6,s3
   126ca:	baa1                	j	12022 <_vfprintf_r+0xc88>
   126cc:	bffe7e13          	andi	t3,t3,-1025
   126d0:	ec2e                	sd	a1,24(sp)
   126d2:	4481                	li	s1,0
   126d4:	4501                	li	a0,0
   126d6:	b531                	j	124e2 <_vfprintf_r+0x1148>
   126d8:	65a2                	ld	a1,8(sp)
   126da:	6502                	ld	a0,0(sp)
   126dc:	1190                	addi	a2,sp,224
   126de:	ed46                	sd	a7,152(sp)
   126e0:	e942                	sd	a6,144(sp)
   126e2:	e172                	sd	t3,128(sp)
   126e4:	f0be                	sd	a5,96(sp)
   126e6:	ec9e                	sd	t2,88(sp)
   126e8:	53f000ef          	jal	13426 <__sprint_r>
   126ec:	8a0513e3          	bnez	a0,11f92 <_vfprintf_r+0xbf8>
   126f0:	0a714703          	lbu	a4,167(sp)
   126f4:	794e                	ld	s2,240(sp)
   126f6:	63e6                	ld	t2,88(sp)
   126f8:	7786                	ld	a5,96(sp)
   126fa:	6e0a                	ld	t3,128(sp)
   126fc:	684a                	ld	a6,144(sp)
   126fe:	68ea                	ld	a7,152(sp)
   12700:	84da                	mv	s1,s6
   12702:	12070263          	beqz	a4,12826 <_vfprintf_r+0x148c>
   12706:	562e                	lw	a2,232(sp)
   12708:	4b01                	li	s6,0
   1270a:	8bce                	mv	s7,s3
   1270c:	e57fe06f          	j	11562 <_vfprintf_r+0x1c8>
   12710:	6762                	ld	a4,24(sp)
   12712:	040e7793          	andi	a5,t3,64
   12716:	4318                	lw	a4,0(a4)
   12718:	10078e63          	beqz	a5,12834 <_vfprintf_r+0x149a>
   1271c:	1742                	slli	a4,a4,0x30
   1271e:	9341                	srli	a4,a4,0x30
   12720:	bd51                	j	125b4 <_vfprintf_r+0x121a>
   12722:	03000793          	li	a5,48
   12726:	0bb104a3          	sb	s11,169(sp)
   1272a:	0a0103a3          	sb	zero,167(sp)
   1272e:	0af10423          	sb	a5,168(sp)
   12732:	1a0acb63          	bltz	s5,128e8 <_vfprintf_r+0x154e>
   12736:	b7fe7f13          	andi	t5,t3,-1153
   1273a:	002f6e13          	ori	t3,t5,2
   1273e:	4489                	li	s1,2
   12740:	0a714503          	lbu	a0,167(sp)
   12744:	ec2e                	sd	a1,24(sp)
   12746:	bb71                	j	124e2 <_vfprintf_r+0x1148>
   12748:	6502                	ld	a0,0(sp)
   1274a:	d8ffd0ef          	jal	104d8 <__sinit>
   1274e:	c89fe06f          	j	113d6 <_vfprintf_r+0x3c>
   12752:	4481                	li	s1,0
   12754:	b7f5                	j	12740 <_vfprintf_r+0x13a6>
   12756:	65a2                	ld	a1,8(sp)
   12758:	6502                	ld	a0,0(sp)
   1275a:	1190                	addi	a2,sp,224
   1275c:	e0c2                	sd	a6,64(sp)
   1275e:	fc72                	sd	t3,56(sp)
   12760:	4c7000ef          	jal	13426 <__sprint_r>
   12764:	820517e3          	bnez	a0,11f92 <_vfprintf_r+0xbf8>
   12768:	794e                	ld	s2,240(sp)
   1276a:	6806                	ld	a6,64(sp)
   1276c:	7e62                	ld	t3,56(sp)
   1276e:	8bce                	mv	s7,s3
   12770:	e08ff06f          	j	11d78 <_vfprintf_r+0x9de>
   12774:	84e2                	mv	s1,s8
   12776:	81fff06f          	j	11f94 <_vfprintf_r+0xbfa>
   1277a:	8e4a                	mv	t3,s2
   1277c:	8856                	mv	a6,s5
   1277e:	893a                	mv	s2,a4
   12780:	8aa6                	mv	s5,s1
   12782:	86e2                	mv	a3,s8
   12784:	9956                	add	s2,s2,s5
   12786:	2785                	addiw	a5,a5,1
   12788:	f9ca                	sd	s2,240(sp)
   1278a:	d5be                	sw	a5,232(sp)
   1278c:	00dbb023          	sd	a3,0(s7)
   12790:	015bb423          	sd	s5,8(s7)
   12794:	471d                	li	a4,7
   12796:	00f74463          	blt	a4,a5,1279e <_vfprintf_r+0x1404>
   1279a:	e39fe06f          	j	115d2 <_vfprintf_r+0x238>
   1279e:	94aff06f          	j	118e8 <_vfprintf_r+0x54e>
   127a2:	654e                	ld	a0,208(sp)
   127a4:	65ee                	ld	a1,216(sp)
   127a6:	f7fe7e13          	andi	t3,t3,-129
   127aa:	4601                	li	a2,0
   127ac:	4681                	li	a3,0
   127ae:	f072                	sd	t3,32(sp)
   127b0:	16f050ef          	jal	1811e <__letf2>
   127b4:	7e02                	ld	t3,32(sp)
   127b6:	6e054263          	bltz	a0,12e9a <_vfprintf_r+0x1b00>
   127ba:	04700793          	li	a5,71
   127be:	0a714703          	lbu	a4,167(sp)
   127c2:	3fb7c663          	blt	a5,s11,12bae <_vfprintf_r+0x1814>
   127c6:	67e5                	lui	a5,0x19
   127c8:	23078793          	addi	a5,a5,560 # 19230 <__clzdi2+0x44>
   127cc:	10071563          	bnez	a4,128d6 <_vfprintf_r+0x153c>
   127d0:	488d                	li	a7,3
   127d2:	8846                	mv	a6,a7
   127d4:	b52d                	j	125fe <_vfprintf_r+0x1264>
   127d6:	6665                	lui	a2,0x19
   127d8:	25060613          	addi	a2,a2,592 # 19250 <__clzdi2+0x64>
   127dc:	4489                	li	s1,2
   127de:	07800d93          	li	s11,120
   127e2:	bfb9                	j	12740 <_vfprintf_r+0x13a6>
   127e4:	77ce                	ld	a5,240(sp)
   127e6:	64a2                	ld	s1,8(sp)
   127e8:	fa078b63          	beqz	a5,11f9e <_vfprintf_r+0xc04>
   127ec:	6502                	ld	a0,0(sp)
   127ee:	1190                	addi	a2,sp,224
   127f0:	85a6                	mv	a1,s1
   127f2:	435000ef          	jal	13426 <__sprint_r>
   127f6:	fa8ff06f          	j	11f9e <_vfprintf_r+0xc04>
   127fa:	853e                	mv	a0,a5
   127fc:	f072                	sd	t3,32(sp)
   127fe:	ec3e                	sd	a5,24(sp)
   12800:	6d0010ef          	jal	13ed0 <strlen>
   12804:	0005089b          	sext.w	a7,a0
   12808:	67e2                	ld	a5,24(sp)
   1280a:	7e02                	ld	t3,32(sp)
   1280c:	8746                	mv	a4,a7
   1280e:	3808ce63          	bltz	a7,12baa <_vfprintf_r+0x1810>
   12812:	0a714683          	lbu	a3,167(sp)
   12816:	0007081b          	sext.w	a6,a4
   1281a:	94068763          	beqz	a3,11968 <_vfprintf_r+0x5ce>
   1281e:	0017081b          	addiw	a6,a4,1
   12822:	ec26                	sd	s1,24(sp)
   12824:	bbe9                	j	125fe <_vfprintf_r+0x1264>
   12826:	30038763          	beqz	t2,12b34 <_vfprintf_r+0x179a>
   1282a:	562e                	lw	a2,232(sp)
   1282c:	4b01                	li	s6,0
   1282e:	8bce                	mv	s7,s3
   12830:	d57fe06f          	j	11586 <_vfprintf_r+0x1ec>
   12834:	200e7793          	andi	a5,t3,512
   12838:	32078a63          	beqz	a5,12b6c <_vfprintf_r+0x17d2>
   1283c:	0ff77713          	zext.b	a4,a4
   12840:	bb95                	j	125b4 <_vfprintf_r+0x121a>
   12842:	2004f793          	andi	a5,s1,512
   12846:	30078f63          	beqz	a5,12b64 <_vfprintf_r+0x17ca>
   1284a:	0189191b          	slliw	s2,s2,0x18
   1284e:	4189591b          	sraiw	s2,s2,0x18
   12852:	ec3a                	sd	a4,24(sp)
   12854:	87ca                	mv	a5,s2
   12856:	948ff06f          	j	1199e <_vfprintf_r+0x604>
   1285a:	2004f793          	andi	a5,s1,512
   1285e:	30078a63          	beqz	a5,12b72 <_vfprintf_r+0x17d8>
   12862:	0ff6f693          	zext.b	a3,a3
   12866:	ec3a                	sd	a4,24(sp)
   12868:	8826                	mv	a6,s1
   1286a:	bbeff06f          	j	11c28 <_vfprintf_r+0x88e>
   1286e:	100e6713          	ori	a4,t3,256
   12872:	57fd                	li	a5,-1
   12874:	f03a                	sd	a4,32(sp)
   12876:	64ce                	ld	s1,208(sp)
   12878:	6b6e                	ld	s6,216(sp)
   1287a:	32fa8e63          	beq	s5,a5,12bb6 <_vfprintf_r+0x181c>
   1287e:	ec82                	sd	zero,88(sp)
   12880:	000a9663          	bnez	s5,1288c <_vfprintf_r+0x14f2>
   12884:	fb990713          	addi	a4,s2,-71
   12888:	46070163          	beqz	a4,12cea <_vfprintf_r+0x1950>
   1288c:	320b5963          	bgez	s6,12bbe <_vfprintf_r+0x1824>
   12890:	57fd                	li	a5,-1
   12892:	17fe                	slli	a5,a5,0x3f
   12894:	00fb4b33          	xor	s6,s6,a5
   12898:	02d00793          	li	a5,45
   1289c:	ecbe                	sd	a5,88(sp)
   1289e:	a605                	j	12bbe <_vfprintf_r+0x1824>
   128a0:	f002                	sd	zero,32(sp)
   128a2:	4881                	li	a7,0
   128a4:	e082                	sd	zero,64(sp)
   128a6:	fc02                	sd	zero,56(sp)
   128a8:	4481                	li	s1,0
   128aa:	0afc                	addi	a5,sp,348
   128ac:	4801                	li	a6,0
   128ae:	c9ffe06f          	j	1154c <_vfprintf_r+0x1b2>
   128b2:	67ee                	ld	a5,216(sp)
   128b4:	f7fe7e13          	andi	t3,t3,-129
   128b8:	03f7d493          	srli	s1,a5,0x3f
   128bc:	2c07d163          	bgez	a5,12b7e <_vfprintf_r+0x17e4>
   128c0:	02d00793          	li	a5,45
   128c4:	0af103a3          	sb	a5,167(sp)
   128c8:	04700793          	li	a5,71
   128cc:	0db7d4e3          	bge	a5,s11,13194 <_vfprintf_r+0x1dfa>
   128d0:	67e5                	lui	a5,0x19
   128d2:	24878793          	addi	a5,a5,584 # 19248 <__clzdi2+0x5c>
   128d6:	f002                	sd	zero,32(sp)
   128d8:	488d                	li	a7,3
   128da:	4a81                	li	s5,0
   128dc:	e082                	sd	zero,64(sp)
   128de:	fc02                	sd	zero,56(sp)
   128e0:	4481                	li	s1,0
   128e2:	4811                	li	a6,4
   128e4:	c69fe06f          	j	1154c <_vfprintf_r+0x1b2>
   128e8:	bffe7f13          	andi	t5,t3,-1025
   128ec:	002f6e13          	ori	t3,t5,2
   128f0:	ec2e                	sd	a1,24(sp)
   128f2:	4489                	li	s1,2
   128f4:	4501                	li	a0,0
   128f6:	b6f5                	j	124e2 <_vfprintf_r+0x1148>
   128f8:	7662                	ld	a2,56(sp)
   128fa:	6586                	ld	a1,64(sp)
   128fc:	00b66733          	or	a4,a2,a1
   12900:	26070ce3          	beqz	a4,13378 <_vfprintf_r+0x1fde>
   12904:	7742                	ld	a4,48(sp)
   12906:	ecea                	sd	s10,88(sp)
   12908:	ed66                	sd	s9,152(sp)
   1290a:	7d66                	ld	s10,120(sp)
   1290c:	6caa                	ld	s9,136(sp)
   1290e:	6aa2                	ld	s5,8(sp)
   12910:	00e78333          	add	t1,a5,a4
   12914:	68e5                	lui	a7,0x19
   12916:	8c6e                	mv	s8,s11
   12918:	f0be                	sd	a5,96(sp)
   1291a:	874a                	mv	a4,s2
   1291c:	87de                	mv	a5,s7
   1291e:	56088893          	addi	a7,a7,1376 # 19560 <zeroes.0>
   12922:	469d                	li	a3,7
   12924:	4b41                	li	s6,16
   12926:	e172                	sd	t3,128(sp)
   12928:	8dae                	mv	s11,a1
   1292a:	e942                	sd	a6,144(sp)
   1292c:	8932                	mv	s2,a2
   1292e:	8b9a                	mv	s7,t1
   12930:	07b04b63          	bgtz	s11,129a6 <_vfprintf_r+0x160c>
   12934:	1d7d                	addi	s10,s10,-1
   12936:	397d                	addiw	s2,s2,-1
   12938:	562e                	lw	a2,232(sp)
   1293a:	75c6                	ld	a1,112(sp)
   1293c:	9766                	add	a4,a4,s9
   1293e:	2605                	addiw	a2,a2,1
   12940:	e38c                	sd	a1,0(a5)
   12942:	0197b423          	sd	s9,8(a5)
   12946:	f9ba                	sd	a4,240(sp)
   12948:	d5b2                	sw	a2,232(sp)
   1294a:	07c1                	addi	a5,a5,16
   1294c:	0cc6c563          	blt	a3,a2,12a16 <_vfprintf_r+0x167c>
   12950:	000d4603          	lbu	a2,0(s10)
   12954:	418b83b3          	sub	t2,s7,s8
   12958:	0003859b          	sext.w	a1,t2
   1295c:	0006081b          	sext.w	a6,a2
   12960:	82de                	mv	t0,s7
   12962:	00b65363          	bge	a2,a1,12968 <_vfprintf_r+0x15ce>
   12966:	83c2                	mv	t2,a6
   12968:	0003849b          	sext.w	s1,t2
   1296c:	02905063          	blez	s1,1298c <_vfprintf_r+0x15f2>
   12970:	562e                	lw	a2,232(sp)
   12972:	9726                	add	a4,a4,s1
   12974:	f9ba                	sd	a4,240(sp)
   12976:	2605                	addiw	a2,a2,1
   12978:	0187b023          	sd	s8,0(a5)
   1297c:	e784                	sd	s1,8(a5)
   1297e:	d5b2                	sw	a2,232(sp)
   12980:	0ac6c963          	blt	a3,a2,12a32 <_vfprintf_r+0x1698>
   12984:	000d4603          	lbu	a2,0(s10)
   12988:	07c1                	addi	a5,a5,16
   1298a:	8832                	mv	a6,a2
   1298c:	85a6                	mv	a1,s1
   1298e:	0004d363          	bgez	s1,12994 <_vfprintf_r+0x15fa>
   12992:	4581                	li	a1,0
   12994:	40b804bb          	subw	s1,a6,a1
   12998:	00904963          	bgtz	s1,129aa <_vfprintf_r+0x1610>
   1299c:	9c32                	add	s8,s8,a2
   1299e:	f92049e3          	bgtz	s2,12930 <_vfprintf_r+0x1596>
   129a2:	33b05563          	blez	s11,12ccc <_vfprintf_r+0x1932>
   129a6:	3dfd                	addiw	s11,s11,-1
   129a8:	bf41                	j	12938 <_vfprintf_r+0x159e>
   129aa:	65e5                	lui	a1,0x19
   129ac:	562e                	lw	a2,232(sp)
   129ae:	56058593          	addi	a1,a1,1376 # 19560 <zeroes.0>
   129b2:	049b5663          	bge	s6,s1,129fe <_vfprintf_r+0x1664>
   129b6:	fc16                	sd	t0,56(sp)
   129b8:	e0c6                	sd	a7,64(sp)
   129ba:	a021                	j	129c2 <_vfprintf_r+0x1628>
   129bc:	34c1                	addiw	s1,s1,-16
   129be:	029b5e63          	bge	s6,s1,129fa <_vfprintf_r+0x1660>
   129c2:	0741                	addi	a4,a4,16
   129c4:	2605                	addiw	a2,a2,1
   129c6:	0117b023          	sd	a7,0(a5)
   129ca:	0167b423          	sd	s6,8(a5)
   129ce:	f9ba                	sd	a4,240(sp)
   129d0:	d5b2                	sw	a2,232(sp)
   129d2:	07c1                	addi	a5,a5,16
   129d4:	fec6d4e3          	bge	a3,a2,129bc <_vfprintf_r+0x1622>
   129d8:	6502                	ld	a0,0(sp)
   129da:	1190                	addi	a2,sp,224
   129dc:	85d6                	mv	a1,s5
   129de:	249000ef          	jal	13426 <__sprint_r>
   129e2:	4a051663          	bnez	a0,12e8e <_vfprintf_r+0x1af4>
   129e6:	66e5                	lui	a3,0x19
   129e8:	34c1                	addiw	s1,s1,-16
   129ea:	56068893          	addi	a7,a3,1376 # 19560 <zeroes.0>
   129ee:	774e                	ld	a4,240(sp)
   129f0:	562e                	lw	a2,232(sp)
   129f2:	87ce                	mv	a5,s3
   129f4:	469d                	li	a3,7
   129f6:	fc9b46e3          	blt	s6,s1,129c2 <_vfprintf_r+0x1628>
   129fa:	72e2                	ld	t0,56(sp)
   129fc:	6586                	ld	a1,64(sp)
   129fe:	9726                	add	a4,a4,s1
   12a00:	2605                	addiw	a2,a2,1
   12a02:	f9ba                	sd	a4,240(sp)
   12a04:	d5b2                	sw	a2,232(sp)
   12a06:	e38c                	sd	a1,0(a5)
   12a08:	e784                	sd	s1,8(a5)
   12a0a:	52c6c763          	blt	a3,a2,12f38 <_vfprintf_r+0x1b9e>
   12a0e:	000d4603          	lbu	a2,0(s10)
   12a12:	07c1                	addi	a5,a5,16
   12a14:	b761                	j	1299c <_vfprintf_r+0x1602>
   12a16:	6502                	ld	a0,0(sp)
   12a18:	1190                	addi	a2,sp,224
   12a1a:	85d6                	mv	a1,s5
   12a1c:	20b000ef          	jal	13426 <__sprint_r>
   12a20:	46051763          	bnez	a0,12e8e <_vfprintf_r+0x1af4>
   12a24:	66e5                	lui	a3,0x19
   12a26:	56068893          	addi	a7,a3,1376 # 19560 <zeroes.0>
   12a2a:	774e                	ld	a4,240(sp)
   12a2c:	87ce                	mv	a5,s3
   12a2e:	469d                	li	a3,7
   12a30:	b705                	j	12950 <_vfprintf_r+0x15b6>
   12a32:	6502                	ld	a0,0(sp)
   12a34:	1190                	addi	a2,sp,224
   12a36:	85d6                	mv	a1,s5
   12a38:	fc16                	sd	t0,56(sp)
   12a3a:	1ed000ef          	jal	13426 <__sprint_r>
   12a3e:	44051863          	bnez	a0,12e8e <_vfprintf_r+0x1af4>
   12a42:	000d4603          	lbu	a2,0(s10)
   12a46:	66e5                	lui	a3,0x19
   12a48:	56068893          	addi	a7,a3,1376 # 19560 <zeroes.0>
   12a4c:	774e                	ld	a4,240(sp)
   12a4e:	72e2                	ld	t0,56(sp)
   12a50:	87ce                	mv	a5,s3
   12a52:	8832                	mv	a6,a2
   12a54:	469d                	li	a3,7
   12a56:	bf1d                	j	1298c <_vfprintf_r+0x15f2>
   12a58:	85de                	mv	a1,s7
   12a5a:	8e4a                	mv	t3,s2
   12a5c:	8856                	mv	a6,s5
   12a5e:	8bbe                	mv	s7,a5
   12a60:	8ada                	mv	s5,s6
   12a62:	87a6                	mv	a5,s1
   12a64:	8932                	mv	s2,a2
   12a66:	86e2                	mv	a3,s8
   12a68:	84ae                	mv	s1,a1
   12a6a:	9956                	add	s2,s2,s5
   12a6c:	2705                	addiw	a4,a4,1
   12a6e:	00dbb023          	sd	a3,0(s7)
   12a72:	015bb423          	sd	s5,8(s7)
   12a76:	f9ca                	sd	s2,240(sp)
   12a78:	d5ba                	sw	a4,232(sp)
   12a7a:	469d                	li	a3,7
   12a7c:	0bc1                	addi	s7,s7,16
   12a7e:	f6e6d363          	bge	a3,a4,121e4 <_vfprintf_r+0xe4a>
   12a82:	65a2                	ld	a1,8(sp)
   12a84:	6502                	ld	a0,0(sp)
   12a86:	1190                	addi	a2,sp,224
   12a88:	e142                	sd	a6,128(sp)
   12a8a:	f0f2                	sd	t3,96(sp)
   12a8c:	ecbe                	sd	a5,88(sp)
   12a8e:	199000ef          	jal	13426 <__sprint_r>
   12a92:	d0051063          	bnez	a0,11f92 <_vfprintf_r+0xbf8>
   12a96:	794e                	ld	s2,240(sp)
   12a98:	680a                	ld	a6,128(sp)
   12a9a:	7e06                	ld	t3,96(sp)
   12a9c:	67e6                	ld	a5,88(sp)
   12a9e:	8bce                	mv	s7,s3
   12aa0:	f44ff06f          	j	121e4 <_vfprintf_r+0xe4a>
   12aa4:	0007881b          	sext.w	a6,a5
   12aa8:	b6b1                	j	125f4 <_vfprintf_r+0x125a>
   12aaa:	65a2                	ld	a1,8(sp)
   12aac:	6502                	ld	a0,0(sp)
   12aae:	1190                	addi	a2,sp,224
   12ab0:	e142                	sd	a6,128(sp)
   12ab2:	f0f2                	sd	t3,96(sp)
   12ab4:	ecbe                	sd	a5,88(sp)
   12ab6:	171000ef          	jal	13426 <__sprint_r>
   12aba:	cc051c63          	bnez	a0,11f92 <_vfprintf_r+0xbf8>
   12abe:	794e                	ld	s2,240(sp)
   12ac0:	680a                	ld	a6,128(sp)
   12ac2:	7e06                	ld	t3,96(sp)
   12ac4:	67e6                	ld	a5,88(sp)
   12ac6:	8bce                	mv	s7,s3
   12ac8:	f0eff06f          	j	121d6 <_vfprintf_r+0xe3c>
   12acc:	001e7713          	andi	a4,t3,1
   12ad0:	e319                	bnez	a4,12ad6 <_vfprintf_r+0x173c>
   12ad2:	b03fe06f          	j	115d4 <_vfprintf_r+0x23a>
   12ad6:	66a6                	ld	a3,72(sp)
   12ad8:	572e                	lw	a4,232(sp)
   12ada:	6646                	ld	a2,80(sp)
   12adc:	9936                	add	s2,s2,a3
   12ade:	2705                	addiw	a4,a4,1
   12ae0:	00dbb423          	sd	a3,8(s7)
   12ae4:	f9ca                	sd	s2,240(sp)
   12ae6:	00cbb023          	sd	a2,0(s7)
   12aea:	d5ba                	sw	a4,232(sp)
   12aec:	469d                	li	a3,7
   12aee:	3ae6d363          	bge	a3,a4,12e94 <_vfprintf_r+0x1afa>
   12af2:	65a2                	ld	a1,8(sp)
   12af4:	6502                	ld	a0,0(sp)
   12af6:	1190                	addi	a2,sp,224
   12af8:	ecc2                	sd	a6,88(sp)
   12afa:	e0f2                	sd	t3,64(sp)
   12afc:	fc3e                	sd	a5,56(sp)
   12afe:	129000ef          	jal	13426 <__sprint_r>
   12b02:	c8051863          	bnez	a0,11f92 <_vfprintf_r+0xbf8>
   12b06:	564a                	lw	a2,176(sp)
   12b08:	794e                	ld	s2,240(sp)
   12b0a:	572e                	lw	a4,232(sp)
   12b0c:	6866                	ld	a6,88(sp)
   12b0e:	6e06                	ld	t3,64(sp)
   12b10:	77e2                	ld	a5,56(sp)
   12b12:	8bce                	mv	s7,s3
   12b14:	db5fe06f          	j	118c8 <_vfprintf_r+0x52e>
   12b18:	00d78b33          	add	s6,a5,a3
   12b1c:	41bb0b33          	sub	s6,s6,s11
   12b20:	41568abb          	subw	s5,a3,s5
   12b24:	000b079b          	sext.w	a5,s6
   12b28:	00fad363          	bge	s5,a5,12b2e <_vfprintf_r+0x1794>
   12b2c:	8b56                	mv	s6,s5
   12b2e:	2b01                	sext.w	s6,s6
   12b30:	f24ff06f          	j	12254 <_vfprintf_r+0xeba>
   12b34:	8bce                	mv	s7,s3
   12b36:	a75fe06f          	j	115aa <_vfprintf_r+0x210>
   12b3a:	1902                	slli	s2,s2,0x20
   12b3c:	02095913          	srli	s2,s2,0x20
   12b40:	b20acbe3          	bltz	s5,12676 <_vfprintf_r+0x12dc>
   12b44:	ec3a                	sd	a4,24(sp)
   12b46:	f7fe7e13          	andi	t3,t3,-129
   12b4a:	000a8463          	beqz	s5,12b52 <_vfprintf_r+0x17b8>
   12b4e:	ed5fe06f          	j	11a22 <_vfprintf_r+0x688>
   12b52:	ae090c63          	beqz	s2,11e4a <_vfprintf_r+0xab0>
   12b56:	ecdfe06f          	j	11a22 <_vfprintf_r+0x688>
   12b5a:	67c2                	ld	a5,16(sp)
   12b5c:	00f71023          	sh	a5,0(a4)
   12b60:	909fe06f          	j	11468 <_vfprintf_r+0xce>
   12b64:	ec3a                	sd	a4,24(sp)
   12b66:	87ca                	mv	a5,s2
   12b68:	e37fe06f          	j	1199e <_vfprintf_r+0x604>
   12b6c:	1702                	slli	a4,a4,0x20
   12b6e:	9301                	srli	a4,a4,0x20
   12b70:	b491                	j	125b4 <_vfprintf_r+0x121a>
   12b72:	1682                	slli	a3,a3,0x20
   12b74:	9281                	srli	a3,a3,0x20
   12b76:	ec3a                	sd	a4,24(sp)
   12b78:	8826                	mv	a6,s1
   12b7a:	8aeff06f          	j	11c28 <_vfprintf_r+0x88e>
   12b7e:	04700793          	li	a5,71
   12b82:	0a714703          	lbu	a4,167(sp)
   12b86:	5db7d463          	bge	a5,s11,1314e <_vfprintf_r+0x1db4>
   12b8a:	67e5                	lui	a5,0x19
   12b8c:	24878793          	addi	a5,a5,584 # 19248 <__clzdi2+0x5c>
   12b90:	7c071063          	bnez	a4,13350 <_vfprintf_r+0x1fb6>
   12b94:	488d                	li	a7,3
   12b96:	8846                	mv	a6,a7
   12b98:	4a81                	li	s5,0
   12b9a:	e082                	sd	zero,64(sp)
   12b9c:	fc02                	sd	zero,56(sp)
   12b9e:	f002                	sd	zero,32(sp)
   12ba0:	9adfe06f          	j	1154c <_vfprintf_r+0x1b2>
   12ba4:	4681                	li	a3,0
   12ba6:	db9fe06f          	j	1195e <_vfprintf_r+0x5c4>
   12baa:	4701                	li	a4,0
   12bac:	b19d                	j	12812 <_vfprintf_r+0x1478>
   12bae:	67e5                	lui	a5,0x19
   12bb0:	23878793          	addi	a5,a5,568 # 19238 <__clzdi2+0x4c>
   12bb4:	b921                	j	127cc <_vfprintf_r+0x1432>
   12bb6:	720b4663          	bltz	s6,132e2 <_vfprintf_r+0x1f48>
   12bba:	ec82                	sd	zero,88(sp)
   12bbc:	4a99                	li	s5,6
   12bbe:	04600793          	li	a5,70
   12bc2:	30f91a63          	bne	s2,a5,12ed6 <_vfprintf_r+0x1b3c>
   12bc6:	6502                	ld	a0,0(sp)
   12bc8:	191c                	addi	a5,sp,176
   12bca:	8756                	mv	a4,s5
   12bcc:	468d                	li	a3,3
   12bce:	865a                	mv	a2,s6
   12bd0:	0c810893          	addi	a7,sp,200
   12bd4:	0b410813          	addi	a6,sp,180
   12bd8:	85a6                	mv	a1,s1
   12bda:	f872                	sd	t3,48(sp)
   12bdc:	496010ef          	jal	14072 <_ldtoa_r>
   12be0:	00054603          	lbu	a2,0(a0)
   12be4:	03000693          	li	a3,48
   12be8:	7e42                	ld	t3,48(sp)
   12bea:	87aa                	mv	a5,a0
   12bec:	01550733          	add	a4,a0,s5
   12bf0:	60d60b63          	beq	a2,a3,13206 <_vfprintf_r+0x1e6c>
   12bf4:	56ca                	lw	a3,176(sp)
   12bf6:	00d70c33          	add	s8,a4,a3
   12bfa:	8526                	mv	a0,s1
   12bfc:	85da                	mv	a1,s6
   12bfe:	4601                	li	a2,0
   12c00:	4681                	li	a3,0
   12c02:	fc72                	sd	t3,56(sp)
   12c04:	f83e                	sd	a5,48(sp)
   12c06:	3ba050ef          	jal	17fc0 <__eqtf2>
   12c0a:	77c2                	ld	a5,48(sp)
   12c0c:	7e62                	ld	t3,56(sp)
   12c0e:	58050863          	beqz	a0,1319e <_vfprintf_r+0x1e04>
   12c12:	68ae                	ld	a7,200(sp)
   12c14:	7388f063          	bgeu	a7,s8,13334 <_vfprintf_r+0x1f9a>
   12c18:	03000693          	li	a3,48
   12c1c:	00188713          	addi	a4,a7,1
   12c20:	e5ba                	sd	a4,200(sp)
   12c22:	00d88023          	sb	a3,0(a7)
   12c26:	68ae                	ld	a7,200(sp)
   12c28:	ff88eae3          	bltu	a7,s8,12c1c <_vfprintf_r+0x1882>
   12c2c:	40f888b3          	sub	a7,a7,a5
   12c30:	0008869b          	sext.w	a3,a7
   12c34:	04700713          	li	a4,71
   12c38:	f836                	sd	a3,48(sp)
   12c3a:	54ca                	lw	s1,176(sp)
   12c3c:	0ee90b63          	beq	s2,a4,12d32 <_vfprintf_r+0x1998>
   12c40:	04600713          	li	a4,70
   12c44:	0ee91d63          	bne	s2,a4,12d3e <_vfprintf_r+0x19a4>
   12c48:	001e7713          	andi	a4,t3,1
   12c4c:	00eae733          	or	a4,s5,a4
   12c50:	2701                	sext.w	a4,a4
   12c52:	64905a63          	blez	s1,132a6 <_vfprintf_r+0x1f0c>
   12c56:	60071963          	bnez	a4,13268 <_vfprintf_r+0x1ece>
   12c5a:	88a6                	mv	a7,s1
   12c5c:	06600d93          	li	s11,102
   12c60:	400e7f13          	andi	t5,t3,1024
   12c64:	4e0f1b63          	bnez	t5,1315a <_vfprintf_r+0x1dc0>
   12c68:	0008881b          	sext.w	a6,a7
   12c6c:	0008d363          	bgez	a7,12c72 <_vfprintf_r+0x18d8>
   12c70:	4801                	li	a6,0
   12c72:	6766                	ld	a4,88(sp)
   12c74:	38070d63          	beqz	a4,1300e <_vfprintf_r+0x1c74>
   12c78:	02d00713          	li	a4,45
   12c7c:	0ae103a3          	sb	a4,167(sp)
   12c80:	2805                	addiw	a6,a6,1
   12c82:	7e02                	ld	t3,32(sp)
   12c84:	4a81                	li	s5,0
   12c86:	f002                	sd	zero,32(sp)
   12c88:	e082                	sd	zero,64(sp)
   12c8a:	fc02                	sd	zero,56(sp)
   12c8c:	8c1fe06f          	j	1154c <_vfprintf_r+0x1b2>
   12c90:	07800793          	li	a5,120
   12c94:	a2ffe06f          	j	116c2 <_vfprintf_r+0x328>
   12c98:	6502                	ld	a0,0(sp)
   12c9a:	001a859b          	addiw	a1,s5,1
   12c9e:	f072                	sd	t3,32(sp)
   12ca0:	890fe0ef          	jal	10d30 <_malloc_r>
   12ca4:	7e02                	ld	t3,32(sp)
   12ca6:	87aa                	mv	a5,a0
   12ca8:	68050b63          	beqz	a0,1333e <_vfprintf_r+0x1fa4>
   12cac:	65ee                	ld	a1,216(sp)
   12cae:	f03e                	sd	a5,32(sp)
   12cb0:	ec82                	sd	zero,88(sp)
   12cb2:	654e                	ld	a0,208(sp)
   12cb4:	0005c463          	bltz	a1,12cbc <_vfprintf_r+0x1922>
   12cb8:	a2dfe06f          	j	116e4 <_vfprintf_r+0x34a>
   12cbc:	577d                	li	a4,-1
   12cbe:	177e                	slli	a4,a4,0x3f
   12cc0:	8db9                	xor	a1,a1,a4
   12cc2:	02d00713          	li	a4,45
   12cc6:	ecba                	sd	a4,88(sp)
   12cc8:	a1dfe06f          	j	116e4 <_vfprintf_r+0x34a>
   12ccc:	8bbe                	mv	s7,a5
   12cce:	fcea                	sd	s10,120(sp)
   12cd0:	7786                	ld	a5,96(sp)
   12cd2:	6e0a                	ld	t3,128(sp)
   12cd4:	6d66                	ld	s10,88(sp)
   12cd6:	684a                	ld	a6,144(sp)
   12cd8:	6cea                	ld	s9,152(sp)
   12cda:	8de2                	mv	s11,s8
   12cdc:	893a                	mv	s2,a4
   12cde:	8c16                	mv	s8,t0
   12ce0:	d1bc7863          	bgeu	s8,s11,121f0 <_vfprintf_r+0xe56>
   12ce4:	8de2                	mv	s11,s8
   12ce6:	d0aff06f          	j	121f0 <_vfprintf_r+0xe56>
   12cea:	000b5863          	bgez	s6,12cfa <_vfprintf_r+0x1960>
   12cee:	17fe                	slli	a5,a5,0x3f
   12cf0:	00fb4b33          	xor	s6,s6,a5
   12cf4:	02d00793          	li	a5,45
   12cf8:	ecbe                	sd	a5,88(sp)
   12cfa:	6502                	ld	a0,0(sp)
   12cfc:	191c                	addi	a5,sp,176
   12cfe:	0c810893          	addi	a7,sp,200
   12d02:	0b410813          	addi	a6,sp,180
   12d06:	4705                	li	a4,1
   12d08:	4689                	li	a3,2
   12d0a:	85a6                	mv	a1,s1
   12d0c:	865a                	mv	a2,s6
   12d0e:	fc72                	sd	t3,56(sp)
   12d10:	362010ef          	jal	14072 <_ldtoa_r>
   12d14:	7e62                	ld	t3,56(sp)
   12d16:	4a85                	li	s5,1
   12d18:	87aa                	mv	a5,a0
   12d1a:	f856                	sd	s5,48(sp)
   12d1c:	001e7713          	andi	a4,t3,1
   12d20:	36071063          	bnez	a4,13080 <_vfprintf_r+0x1ce6>
   12d24:	68ae                	ld	a7,200(sp)
   12d26:	54ca                	lw	s1,176(sp)
   12d28:	40f888b3          	sub	a7,a7,a5
   12d2c:	0008871b          	sext.w	a4,a7
   12d30:	f83a                	sd	a4,48(sp)
   12d32:	ffd4a713          	slti	a4,s1,-3
   12d36:	e319                	bnez	a4,12d3c <_vfprintf_r+0x19a2>
   12d38:	0c9add63          	bge	s5,s1,12e12 <_vfprintf_r+0x1a78>
   12d3c:	3df9                	addiw	s11,s11,-2
   12d3e:	fff4871b          	addiw	a4,s1,-1
   12d42:	0bb10c23          	sb	s11,184(sp)
   12d46:	d93a                	sw	a4,176(sp)
   12d48:	46074363          	bltz	a4,131ae <_vfprintf_r+0x1e14>
   12d4c:	02b00693          	li	a3,43
   12d50:	0ad10ca3          	sb	a3,185(sp)
   12d54:	46a5                	li	a3,9
   12d56:	46e6d563          	bge	a3,a4,131c0 <_vfprintf_r+0x1e26>
   12d5a:	fc72                	sd	t3,56(sp)
   12d5c:	f002                	sd	zero,32(sp)
   12d5e:	0c710f13          	addi	t5,sp,199
   12d62:	666668b7          	lui	a7,0x66666
   12d66:	857a                	mv	a0,t5
   12d68:	66788893          	addi	a7,a7,1639 # 66666667 <__BSS_END__+0x66648a1f>
   12d6c:	06300f93          	li	t6,99
   12d70:	031706b3          	mul	a3,a4,a7
   12d74:	41f7561b          	sraiw	a2,a4,0x1f
   12d78:	883a                	mv	a6,a4
   12d7a:	85aa                	mv	a1,a0
   12d7c:	157d                	addi	a0,a0,-1
   12d7e:	9689                	srai	a3,a3,0x22
   12d80:	9e91                	subw	a3,a3,a2
   12d82:	0026961b          	slliw	a2,a3,0x2
   12d86:	9e35                	addw	a2,a2,a3
   12d88:	0016161b          	slliw	a2,a2,0x1
   12d8c:	9f11                	subw	a4,a4,a2
   12d8e:	0307071b          	addiw	a4,a4,48
   12d92:	fee58fa3          	sb	a4,-1(a1)
   12d96:	8736                	mv	a4,a3
   12d98:	fd0fcce3          	blt	t6,a6,12d70 <_vfprintf_r+0x19d6>
   12d9c:	0306871b          	addiw	a4,a3,48
   12da0:	fee50fa3          	sb	a4,-1(a0)
   12da4:	ffe58713          	addi	a4,a1,-2
   12da8:	57e77e63          	bgeu	a4,t5,13324 <_vfprintf_r+0x1f8a>
   12dac:	0ba10513          	addi	a0,sp,186
   12db0:	86aa                	mv	a3,a0
   12db2:	00074603          	lbu	a2,0(a4)
   12db6:	0705                	addi	a4,a4,1
   12db8:	0685                	addi	a3,a3,1
   12dba:	fec68fa3          	sb	a2,-1(a3)
   12dbe:	ffe71ae3          	bne	a4,t5,12db2 <_vfprintf_r+0x1a18>
   12dc2:	972a                	add	a4,a4,a0
   12dc4:	0709                	addi	a4,a4,2
   12dc6:	8f0d                	sub	a4,a4,a1
   12dc8:	1934                	addi	a3,sp,184
   12dca:	9f15                	subw	a4,a4,a3
   12dcc:	f4ba                	sd	a4,104(sp)
   12dce:	7642                	ld	a2,48(sp)
   12dd0:	7726                	ld	a4,104(sp)
   12dd2:	4685                	li	a3,1
   12dd4:	9f31                	addw	a4,a4,a2
   12dd6:	88ba                	mv	a7,a4
   12dd8:	30c6d963          	bge	a3,a2,130ea <_vfprintf_r+0x1d50>
   12ddc:	66a6                	ld	a3,72(sp)
   12dde:	00e688bb          	addw	a7,a3,a4
   12de2:	7762                	ld	a4,56(sp)
   12de4:	0008881b          	sext.w	a6,a7
   12de8:	bff77f13          	andi	t5,a4,-1025
   12dec:	100f6e13          	ori	t3,t5,256
   12df0:	0008d363          	bgez	a7,12df6 <_vfprintf_r+0x1a5c>
   12df4:	4801                	li	a6,0
   12df6:	7762                	ld	a4,56(sp)
   12df8:	00277493          	andi	s1,a4,2
   12dfc:	6766                	ld	a4,88(sp)
   12dfe:	2a070e63          	beqz	a4,130ba <_vfprintf_r+0x1d20>
   12e02:	02d00513          	li	a0,45
   12e06:	0aa103a3          	sb	a0,167(sp)
   12e0a:	4a81                	li	s5,0
   12e0c:	2805                	addiw	a6,a6,1
   12e0e:	bbbfe06f          	j	119c8 <_vfprintf_r+0x62e>
   12e12:	7742                	ld	a4,48(sp)
   12e14:	02e4c663          	blt	s1,a4,12e40 <_vfprintf_r+0x1aa6>
   12e18:	001e7713          	andi	a4,t3,1
   12e1c:	88a6                	mv	a7,s1
   12e1e:	c701                	beqz	a4,12e26 <_vfprintf_r+0x1a8c>
   12e20:	6726                	ld	a4,72(sp)
   12e22:	009708bb          	addw	a7,a4,s1
   12e26:	400e7f13          	andi	t5,t3,1024
   12e2a:	000f0463          	beqz	t5,12e32 <_vfprintf_r+0x1a98>
   12e2e:	32904463          	bgtz	s1,13156 <_vfprintf_r+0x1dbc>
   12e32:	0008881b          	sext.w	a6,a7
   12e36:	0208c363          	bltz	a7,12e5c <_vfprintf_r+0x1ac2>
   12e3a:	06700d93          	li	s11,103
   12e3e:	bd15                	j	12c72 <_vfprintf_r+0x18d8>
   12e40:	6726                	ld	a4,72(sp)
   12e42:	06700d93          	li	s11,103
   12e46:	011708bb          	addw	a7,a4,a7
   12e4a:	e0904be3          	bgtz	s1,12c60 <_vfprintf_r+0x18c6>
   12e4e:	409888bb          	subw	a7,a7,s1
   12e52:	2885                	addiw	a7,a7,1
   12e54:	0008881b          	sext.w	a6,a7
   12e58:	fe08d1e3          	bgez	a7,12e3a <_vfprintf_r+0x1aa0>
   12e5c:	4801                	li	a6,0
   12e5e:	06700d93          	li	s11,103
   12e62:	bd01                	j	12c72 <_vfprintf_r+0x18d8>
   12e64:	56068693          	addi	a3,a3,1376
   12e68:	ba31                	j	12784 <_vfprintf_r+0x13ea>
   12e6a:	65a2                	ld	a1,8(sp)
   12e6c:	6502                	ld	a0,0(sp)
   12e6e:	1190                	addi	a2,sp,224
   12e70:	ecc2                	sd	a6,88(sp)
   12e72:	e0f2                	sd	t3,64(sp)
   12e74:	fc3e                	sd	a5,56(sp)
   12e76:	5b0000ef          	jal	13426 <__sprint_r>
   12e7a:	90051c63          	bnez	a0,11f92 <_vfprintf_r+0xbf8>
   12e7e:	564a                	lw	a2,176(sp)
   12e80:	794e                	ld	s2,240(sp)
   12e82:	6866                	ld	a6,88(sp)
   12e84:	6e06                	ld	t3,64(sp)
   12e86:	77e2                	ld	a5,56(sp)
   12e88:	8bce                	mv	s7,s3
   12e8a:	a13fe06f          	j	1189c <_vfprintf_r+0x502>
   12e8e:	84d6                	mv	s1,s5
   12e90:	904ff06f          	j	11f94 <_vfprintf_r+0xbfa>
   12e94:	0bc1                	addi	s7,s7,16
   12e96:	a3bfe06f          	j	118d0 <_vfprintf_r+0x536>
   12e9a:	02d00793          	li	a5,45
   12e9e:	0af103a3          	sb	a5,167(sp)
   12ea2:	04700793          	li	a5,71
   12ea6:	23b7dd63          	bge	a5,s11,130e0 <_vfprintf_r+0x1d46>
   12eaa:	67e5                	lui	a5,0x19
   12eac:	23878793          	addi	a5,a5,568 # 19238 <__clzdi2+0x4c>
   12eb0:	b41d                	j	128d6 <_vfprintf_r+0x153c>
   12eb2:	65a2                	ld	a1,8(sp)
   12eb4:	6502                	ld	a0,0(sp)
   12eb6:	1190                	addi	a2,sp,224
   12eb8:	ecc2                	sd	a6,88(sp)
   12eba:	e0f2                	sd	t3,64(sp)
   12ebc:	fc3e                	sd	a5,56(sp)
   12ebe:	568000ef          	jal	13426 <__sprint_r>
   12ec2:	8c051863          	bnez	a0,11f92 <_vfprintf_r+0xbf8>
   12ec6:	5aca                	lw	s5,176(sp)
   12ec8:	794e                	ld	s2,240(sp)
   12eca:	6866                	ld	a6,88(sp)
   12ecc:	6e06                	ld	t3,64(sp)
   12ece:	77e2                	ld	a5,56(sp)
   12ed0:	8bce                	mv	s7,s3
   12ed2:	b4cff06f          	j	1221e <_vfprintf_r+0xe84>
   12ed6:	fbb90793          	addi	a5,s2,-69
   12eda:	6502                	ld	a0,0(sp)
   12edc:	0017b793          	seqz	a5,a5
   12ee0:	015787bb          	addw	a5,a5,s5
   12ee4:	873e                	mv	a4,a5
   12ee6:	f83e                	sd	a5,48(sp)
   12ee8:	0c810893          	addi	a7,sp,200
   12eec:	191c                	addi	a5,sp,176
   12eee:	0b410813          	addi	a6,sp,180
   12ef2:	4689                	li	a3,2
   12ef4:	85a6                	mv	a1,s1
   12ef6:	865a                	mv	a2,s6
   12ef8:	fc72                	sd	t3,56(sp)
   12efa:	178010ef          	jal	14072 <_ldtoa_r>
   12efe:	04700713          	li	a4,71
   12f02:	7e62                	ld	t3,56(sp)
   12f04:	87aa                	mv	a5,a0
   12f06:	e0e90be3          	beq	s2,a4,12d1c <_vfprintf_r+0x1982>
   12f0a:	fc2a                	sd	a0,56(sp)
   12f0c:	85da                	mv	a1,s6
   12f0e:	8526                	mv	a0,s1
   12f10:	4601                	li	a2,0
   12f12:	4681                	li	a3,0
   12f14:	e0f2                	sd	t3,64(sp)
   12f16:	0aa050ef          	jal	17fc0 <__eqtf2>
   12f1a:	77e2                	ld	a5,56(sp)
   12f1c:	6e06                	ld	t3,64(sp)
   12f1e:	46050163          	beqz	a0,13380 <_vfprintf_r+0x1fe6>
   12f22:	7742                	ld	a4,48(sp)
   12f24:	68ae                	ld	a7,200(sp)
   12f26:	00e78c33          	add	s8,a5,a4
   12f2a:	cf88e7e3          	bltu	a7,s8,12c18 <_vfprintf_r+0x187e>
   12f2e:	40f8873b          	subw	a4,a7,a5
   12f32:	54ca                	lw	s1,176(sp)
   12f34:	f83a                	sd	a4,48(sp)
   12f36:	b521                	j	12d3e <_vfprintf_r+0x19a4>
   12f38:	6502                	ld	a0,0(sp)
   12f3a:	1190                	addi	a2,sp,224
   12f3c:	85d6                	mv	a1,s5
   12f3e:	fc16                	sd	t0,56(sp)
   12f40:	4e6000ef          	jal	13426 <__sprint_r>
   12f44:	f529                	bnez	a0,12e8e <_vfprintf_r+0x1af4>
   12f46:	66e5                	lui	a3,0x19
   12f48:	56068893          	addi	a7,a3,1376 # 19560 <zeroes.0>
   12f4c:	000d4603          	lbu	a2,0(s10)
   12f50:	774e                	ld	a4,240(sp)
   12f52:	72e2                	ld	t0,56(sp)
   12f54:	87ce                	mv	a5,s3
   12f56:	469d                	li	a3,7
   12f58:	b491                	j	1299c <_vfprintf_r+0x1602>
   12f5a:	662a                	ld	a2,136(sp)
   12f5c:	75c6                	ld	a1,112(sp)
   12f5e:	e0c6                	sd	a7,64(sp)
   12f60:	40c78333          	sub	t1,a5,a2
   12f64:	851a                	mv	a0,t1
   12f66:	fc42                	sd	a6,56(sp)
   12f68:	f872                	sd	t3,48(sp)
   12f6a:	f01a                	sd	t1,32(sp)
   12f6c:	493000ef          	jal	13bfe <strncpy>
   12f70:	ccccd7b7          	lui	a5,0xccccd
   12f74:	ccd78793          	addi	a5,a5,-819 # ffffffffcccccccd <__BSS_END__+0xffffffffcccaf085>
   12f78:	02079713          	slli	a4,a5,0x20
   12f7c:	973e                	add	a4,a4,a5
   12f7e:	02e93933          	mulhu	s2,s2,a4
   12f82:	0014c683          	lbu	a3,1(s1)
   12f86:	7302                	ld	t1,32(sp)
   12f88:	7e42                	ld	t3,48(sp)
   12f8a:	00d036b3          	snez	a3,a3
   12f8e:	94b6                	add	s1,s1,a3
   12f90:	7862                	ld	a6,56(sp)
   12f92:	6886                	ld	a7,64(sp)
   12f94:	fff30793          	addi	a5,t1,-1
   12f98:	4585                	li	a1,1
   12f9a:	00395913          	srli	s2,s2,0x3
   12f9e:	02e93733          	mulhu	a4,s2,a4
   12fa2:	00375693          	srli	a3,a4,0x3
   12fa6:	00269713          	slli	a4,a3,0x2
   12faa:	9736                	add	a4,a4,a3
   12fac:	0706                	slli	a4,a4,0x1
   12fae:	40e90733          	sub	a4,s2,a4
   12fb2:	0307071b          	addiw	a4,a4,48
   12fb6:	fee30fa3          	sb	a4,-1(t1)
   12fba:	bc5fe06f          	j	11b7e <_vfprintf_r+0x7e4>
   12fbe:	ec26                	sd	s1,24(sp)
   12fc0:	10070863          	beqz	a4,130d0 <_vfprintf_r+0x1d36>
   12fc4:	001a881b          	addiw	a6,s5,1
   12fc8:	88d6                	mv	a7,s5
   12fca:	e082                	sd	zero,64(sp)
   12fcc:	4a81                	li	s5,0
   12fce:	fc02                	sd	zero,56(sp)
   12fd0:	4481                	li	s1,0
   12fd2:	d7afe06f          	j	1154c <_vfprintf_r+0x1b2>
   12fd6:	57fd                	li	a5,-1
   12fd8:	e83e                	sd	a5,16(sp)
   12fda:	ff1fe06f          	j	11fca <_vfprintf_r+0xc30>
   12fde:	57068693          	addi	a3,a3,1392
   12fe2:	b3cff06f          	j	1231e <_vfprintf_r+0xf84>
   12fe6:	65a2                	ld	a1,8(sp)
   12fe8:	6502                	ld	a0,0(sp)
   12fea:	1190                	addi	a2,sp,224
   12fec:	e0c2                	sd	a6,64(sp)
   12fee:	fc72                	sd	t3,56(sp)
   12ff0:	436000ef          	jal	13426 <__sprint_r>
   12ff4:	c119                	beqz	a0,12ffa <_vfprintf_r+0x1c60>
   12ff6:	f9dfe06f          	j	11f92 <_vfprintf_r+0xbf8>
   12ffa:	5aca                	lw	s5,176(sp)
   12ffc:	77c2                	ld	a5,48(sp)
   12ffe:	794e                	ld	s2,240(sp)
   13000:	6806                	ld	a6,64(sp)
   13002:	7e62                	ld	t3,56(sp)
   13004:	8bce                	mv	s7,s3
   13006:	41578abb          	subw	s5,a5,s5
   1300a:	a4aff06f          	j	12254 <_vfprintf_r+0xeba>
   1300e:	0a714703          	lbu	a4,167(sp)
   13012:	c60708e3          	beqz	a4,12c82 <_vfprintf_r+0x18e8>
   13016:	2805                	addiw	a6,a6,1
   13018:	b1ad                	j	12c82 <_vfprintf_r+0x18e8>
   1301a:	8f26                	mv	t5,s1
   1301c:	abdfe06f          	j	11ad8 <_vfprintf_r+0x73e>
   13020:	56c1                	li	a3,-16
   13022:	40c00abb          	negw	s5,a2
   13026:	34d65163          	bge	a2,a3,13368 <_vfprintf_r+0x1fce>
   1302a:	66e5                	lui	a3,0x19
   1302c:	fc3e                	sd	a5,56(sp)
   1302e:	4b41                	li	s6,16
   13030:	87ca                	mv	a5,s2
   13032:	4d9d                	li	s11,7
   13034:	8c72                	mv	s8,t3
   13036:	8942                	mv	s2,a6
   13038:	56068493          	addi	s1,a3,1376 # 19560 <zeroes.0>
   1303c:	a021                	j	13044 <_vfprintf_r+0x1caa>
   1303e:	3ac1                	addiw	s5,s5,-16
   13040:	0b5b5a63          	bge	s6,s5,130f4 <_vfprintf_r+0x1d5a>
   13044:	07c1                	addi	a5,a5,16
   13046:	2705                	addiw	a4,a4,1
   13048:	009bb023          	sd	s1,0(s7)
   1304c:	016bb423          	sd	s6,8(s7)
   13050:	f9be                	sd	a5,240(sp)
   13052:	d5ba                	sw	a4,232(sp)
   13054:	0bc1                	addi	s7,s7,16
   13056:	feedd4e3          	bge	s11,a4,1303e <_vfprintf_r+0x1ca4>
   1305a:	65a2                	ld	a1,8(sp)
   1305c:	6502                	ld	a0,0(sp)
   1305e:	1190                	addi	a2,sp,224
   13060:	3c6000ef          	jal	13426 <__sprint_r>
   13064:	c119                	beqz	a0,1306a <_vfprintf_r+0x1cd0>
   13066:	f2dfe06f          	j	11f92 <_vfprintf_r+0xbf8>
   1306a:	77ce                	ld	a5,240(sp)
   1306c:	572e                	lw	a4,232(sp)
   1306e:	8bce                	mv	s7,s3
   13070:	b7f9                	j	1303e <_vfprintf_r+0x1ca4>
   13072:	8f26                	mv	t5,s1
   13074:	c32ff06f          	j	124a6 <_vfprintf_r+0x110c>
   13078:	57068693          	addi	a3,a3,1392
   1307c:	8b8ff06f          	j	12134 <_vfprintf_r+0xd9a>
   13080:	8526                	mv	a0,s1
   13082:	85da                	mv	a1,s6
   13084:	4601                	li	a2,0
   13086:	4681                	li	a3,0
   13088:	e0f2                	sd	t3,64(sp)
   1308a:	fc3e                	sd	a5,56(sp)
   1308c:	735040ef          	jal	17fc0 <__eqtf2>
   13090:	77e2                	ld	a5,56(sp)
   13092:	6e06                	ld	t3,64(sp)
   13094:	18050b63          	beqz	a0,1322a <_vfprintf_r+0x1e90>
   13098:	7742                	ld	a4,48(sp)
   1309a:	68ae                	ld	a7,200(sp)
   1309c:	00e78c33          	add	s8,a5,a4
   130a0:	b788ece3          	bltu	a7,s8,12c18 <_vfprintf_r+0x187e>
   130a4:	40f888b3          	sub	a7,a7,a5
   130a8:	0008871b          	sext.w	a4,a7
   130ac:	54ca                	lw	s1,176(sp)
   130ae:	f83a                	sd	a4,48(sp)
   130b0:	b149                	j	12d32 <_vfprintf_r+0x1998>
   130b2:	56068693          	addi	a3,a3,1376
   130b6:	e93fe06f          	j	11f48 <_vfprintf_r+0xbae>
   130ba:	0a714503          	lbu	a0,167(sp)
   130be:	4a81                	li	s5,0
   130c0:	c119                	beqz	a0,130c6 <_vfprintf_r+0x1d2c>
   130c2:	987fe06f          	j	11a48 <_vfprintf_r+0x6ae>
   130c6:	903fe06f          	j	119c8 <_vfprintf_r+0x62e>
   130ca:	c31c                	sw	a5,0(a4)
   130cc:	b9cfe06f          	j	11468 <_vfprintf_r+0xce>
   130d0:	88d6                	mv	a7,s5
   130d2:	8856                	mv	a6,s5
   130d4:	e082                	sd	zero,64(sp)
   130d6:	4a81                	li	s5,0
   130d8:	fc02                	sd	zero,56(sp)
   130da:	4481                	li	s1,0
   130dc:	c70fe06f          	j	1154c <_vfprintf_r+0x1b2>
   130e0:	67e5                	lui	a5,0x19
   130e2:	23078793          	addi	a5,a5,560 # 19230 <__clzdi2+0x44>
   130e6:	ff0ff06f          	j	128d6 <_vfprintf_r+0x153c>
   130ea:	76e2                	ld	a3,56(sp)
   130ec:	8a85                	andi	a3,a3,1
   130ee:	ce068ae3          	beqz	a3,12de2 <_vfprintf_r+0x1a48>
   130f2:	b1ed                	j	12ddc <_vfprintf_r+0x1a42>
   130f4:	884a                	mv	a6,s2
   130f6:	893e                	mv	s2,a5
   130f8:	77e2                	ld	a5,56(sp)
   130fa:	8e62                	mv	t3,s8
   130fc:	86a6                	mv	a3,s1
   130fe:	9956                	add	s2,s2,s5
   13100:	2705                	addiw	a4,a4,1
   13102:	00dbb023          	sd	a3,0(s7)
   13106:	f9ca                	sd	s2,240(sp)
   13108:	d5ba                	sw	a4,232(sp)
   1310a:	015bb423          	sd	s5,8(s7)
   1310e:	469d                	li	a3,7
   13110:	d8e6d2e3          	bge	a3,a4,12e94 <_vfprintf_r+0x1afa>
   13114:	65a2                	ld	a1,8(sp)
   13116:	6502                	ld	a0,0(sp)
   13118:	1190                	addi	a2,sp,224
   1311a:	ecc2                	sd	a6,88(sp)
   1311c:	e0f2                	sd	t3,64(sp)
   1311e:	fc3e                	sd	a5,56(sp)
   13120:	306000ef          	jal	13426 <__sprint_r>
   13124:	c119                	beqz	a0,1312a <_vfprintf_r+0x1d90>
   13126:	e6dfe06f          	j	11f92 <_vfprintf_r+0xbf8>
   1312a:	794e                	ld	s2,240(sp)
   1312c:	572e                	lw	a4,232(sp)
   1312e:	6866                	ld	a6,88(sp)
   13130:	6e06                	ld	t3,64(sp)
   13132:	77e2                	ld	a5,56(sp)
   13134:	8bce                	mv	s7,s3
   13136:	f9afe06f          	j	118d0 <_vfprintf_r+0x536>
   1313a:	57fd                	li	a5,-1
   1313c:	17fe                	slli	a5,a5,0x3f
   1313e:	8dbd                	xor	a1,a1,a5
   13140:	02d00793          	li	a5,45
   13144:	ecbe                	sd	a5,88(sp)
   13146:	f002                	sd	zero,32(sp)
   13148:	19bc                	addi	a5,sp,248
   1314a:	d9afe06f          	j	116e4 <_vfprintf_r+0x34a>
   1314e:	67e5                	lui	a5,0x19
   13150:	24078793          	addi	a5,a5,576 # 19240 <__clzdi2+0x54>
   13154:	bc35                	j	12b90 <_vfprintf_r+0x17f6>
   13156:	06700d93          	li	s11,103
   1315a:	7666                	ld	a2,120(sp)
   1315c:	00064703          	lbu	a4,0(a2)
   13160:	f0170693          	addi	a3,a4,-255
   13164:	20068663          	beqz	a3,13370 <_vfprintf_r+0x1fd6>
   13168:	20975463          	bge	a4,s1,13370 <_vfprintf_r+0x1fd6>
   1316c:	66aa                	ld	a3,136(sp)
   1316e:	4801                	li	a6,0
   13170:	4501                	li	a0,0
   13172:	a809                	j	13184 <_vfprintf_r+0x1dea>
   13174:	2505                	addiw	a0,a0,1
   13176:	0605                	addi	a2,a2,1
   13178:	f0170593          	addi	a1,a4,-255
   1317c:	2701                	sext.w	a4,a4
   1317e:	c9cd                	beqz	a1,13230 <_vfprintf_r+0x1e96>
   13180:	0a975863          	bge	a4,s1,13230 <_vfprintf_r+0x1e96>
   13184:	9c99                	subw	s1,s1,a4
   13186:	00164703          	lbu	a4,1(a2)
   1318a:	f76d                	bnez	a4,13174 <_vfprintf_r+0x1dda>
   1318c:	00064703          	lbu	a4,0(a2)
   13190:	2805                	addiw	a6,a6,1
   13192:	b7dd                	j	13178 <_vfprintf_r+0x1dde>
   13194:	67e5                	lui	a5,0x19
   13196:	24078793          	addi	a5,a5,576 # 19240 <__clzdi2+0x54>
   1319a:	f3cff06f          	j	128d6 <_vfprintf_r+0x153c>
   1319e:	40fc073b          	subw	a4,s8,a5
   131a2:	54ca                	lw	s1,176(sp)
   131a4:	f83a                	sd	a4,48(sp)
   131a6:	b44d                	j	12c48 <_vfprintf_r+0x18ae>
   131a8:	64a2                	ld	s1,8(sp)
   131aa:	df5fe06f          	j	11f9e <_vfprintf_r+0xc04>
   131ae:	02d00713          	li	a4,45
   131b2:	0ae10ca3          	sb	a4,185(sp)
   131b6:	56e1                	li	a3,-8
   131b8:	4705                	li	a4,1
   131ba:	9f05                	subw	a4,a4,s1
   131bc:	b8d4cfe3          	blt	s1,a3,12d5a <_vfprintf_r+0x19c0>
   131c0:	03000693          	li	a3,48
   131c4:	0ad10d23          	sb	a3,186(sp)
   131c8:	fc72                	sd	t3,56(sp)
   131ca:	f002                	sd	zero,32(sp)
   131cc:	0bb10693          	addi	a3,sp,187
   131d0:	e68fe06f          	j	11838 <_vfprintf_r+0x49e>
   131d4:	8c5a                	mv	s8,s6
   131d6:	fffa8b1b          	addiw	s6,s5,-1
   131da:	87e6                	mv	a5,s9
   131dc:	6b86                	ld	s7,64(sp)
   131de:	7c86                	ld	s9,96(sp)
   131e0:	9ae2                	add	s5,s5,s8
   131e2:	8762                	mv	a4,s8
   131e4:	03000693          	li	a3,48
   131e8:	000b5463          	bgez	s6,131f0 <_vfprintf_r+0x1e56>
   131ec:	e18fe06f          	j	11804 <_vfprintf_r+0x46a>
   131f0:	0705                	addi	a4,a4,1
   131f2:	fed70fa3          	sb	a3,-1(a4)
   131f6:	feea9de3          	bne	s5,a4,131f0 <_vfprintf_r+0x1e56>
   131fa:	001c0813          	addi	a6,s8,1
   131fe:	01680c33          	add	s8,a6,s6
   13202:	e02fe06f          	j	11804 <_vfprintf_r+0x46a>
   13206:	4601                	li	a2,0
   13208:	4681                	li	a3,0
   1320a:	8526                	mv	a0,s1
   1320c:	85da                	mv	a1,s6
   1320e:	e0f2                	sd	t3,64(sp)
   13210:	fc3e                	sd	a5,56(sp)
   13212:	f83a                	sd	a4,48(sp)
   13214:	5ad040ef          	jal	17fc0 <__eqtf2>
   13218:	7742                	ld	a4,48(sp)
   1321a:	77e2                	ld	a5,56(sp)
   1321c:	6e06                	ld	t3,64(sp)
   1321e:	e12d                	bnez	a0,13280 <_vfprintf_r+0x1ee6>
   13220:	54ca                	lw	s1,176(sp)
   13222:	9726                	add	a4,a4,s1
   13224:	9f1d                	subw	a4,a4,a5
   13226:	f83a                	sd	a4,48(sp)
   13228:	bc21                	j	12c40 <_vfprintf_r+0x18a6>
   1322a:	54ca                	lw	s1,176(sp)
   1322c:	78c2                	ld	a7,48(sp)
   1322e:	b611                	j	12d32 <_vfprintf_r+0x1998>
   13230:	00a8073b          	addw	a4,a6,a0
   13234:	02d7073b          	mulw	a4,a4,a3
   13238:	fcb2                	sd	a2,120(sp)
   1323a:	fc2a                	sd	a0,56(sp)
   1323c:	e0c2                	sd	a6,64(sp)
   1323e:	00e888bb          	addw	a7,a7,a4
   13242:	8746                	mv	a4,a7
   13244:	0008d363          	bgez	a7,1324a <_vfprintf_r+0x1eb0>
   13248:	4701                	li	a4,0
   1324a:	66e6                	ld	a3,88(sp)
   1324c:	0007081b          	sext.w	a6,a4
   13250:	c6dd                	beqz	a3,132fe <_vfprintf_r+0x1f64>
   13252:	02d00693          	li	a3,45
   13256:	7e02                	ld	t3,32(sp)
   13258:	0ad103a3          	sb	a3,167(sp)
   1325c:	0017081b          	addiw	a6,a4,1
   13260:	f002                	sd	zero,32(sp)
   13262:	4a81                	li	s5,0
   13264:	ae8fe06f          	j	1154c <_vfprintf_r+0x1b2>
   13268:	6726                	ld	a4,72(sp)
   1326a:	009a88bb          	addw	a7,s5,s1
   1326e:	06600d93          	li	s11,102
   13272:	00e888bb          	addw	a7,a7,a4
   13276:	b2ed                	j	12c60 <_vfprintf_r+0x18c6>
   13278:	56068693          	addi	a3,a3,1376
   1327c:	aacff06f          	j	12528 <_vfprintf_r+0x118e>
   13280:	4685                	li	a3,1
   13282:	415686bb          	subw	a3,a3,s5
   13286:	d936                	sw	a3,176(sp)
   13288:	b2bd                	j	12bf6 <_vfprintf_r+0x185c>
   1328a:	6762                	ld	a4,24(sp)
   1328c:	431c                	lw	a5,0(a4)
   1328e:	0721                	addi	a4,a4,8
   13290:	00078a9b          	sext.w	s5,a5
   13294:	0007d363          	bgez	a5,1329a <_vfprintf_r+0x1f00>
   13298:	5afd                	li	s5,-1
   1329a:	001cc303          	lbu	t1,1(s9)
   1329e:	ec3a                	sd	a4,24(sp)
   132a0:	8cb2                	mv	s9,a2
   132a2:	a38fe06f          	j	114da <_vfprintf_r+0x140>
   132a6:	e711                	bnez	a4,132b2 <_vfprintf_r+0x1f18>
   132a8:	4805                	li	a6,1
   132aa:	88c2                	mv	a7,a6
   132ac:	06600d93          	li	s11,102
   132b0:	b2c9                	j	12c72 <_vfprintf_r+0x18d8>
   132b2:	6726                	ld	a4,72(sp)
   132b4:	0017089b          	addiw	a7,a4,1
   132b8:	015888bb          	addw	a7,a7,s5
   132bc:	0008881b          	sext.w	a6,a7
   132c0:	fe08d6e3          	bgez	a7,132ac <_vfprintf_r+0x1f12>
   132c4:	4801                	li	a6,0
   132c6:	06600d93          	li	s11,102
   132ca:	b265                	j	12c72 <_vfprintf_r+0x18d8>
   132cc:	02d00713          	li	a4,45
   132d0:	0ae10ca3          	sb	a4,185(sp)
   132d4:	5661                	li	a2,-8
   132d6:	4705                	li	a4,1
   132d8:	9f15                	subw	a4,a4,a3
   132da:	a8c6c2e3          	blt	a3,a2,12d5e <_vfprintf_r+0x19c4>
   132de:	d56fe06f          	j	11834 <_vfprintf_r+0x49a>
   132e2:	1afe                	slli	s5,s5,0x3f
   132e4:	02d00793          	li	a5,45
   132e8:	015b4b33          	xor	s6,s6,s5
   132ec:	ecbe                	sd	a5,88(sp)
   132ee:	4a99                	li	s5,6
   132f0:	b0f9                	j	12bbe <_vfprintf_r+0x1824>
   132f2:	6765                	lui	a4,0x19
   132f4:	25070713          	addi	a4,a4,592 # 19250 <__clzdi2+0x64>
   132f8:	f83a                	sd	a4,48(sp)
   132fa:	c2cfe06f          	j	11726 <_vfprintf_r+0x38c>
   132fe:	0a714683          	lbu	a3,167(sp)
   13302:	c685                	beqz	a3,1332a <_vfprintf_r+0x1f90>
   13304:	7e02                	ld	t3,32(sp)
   13306:	0017081b          	addiw	a6,a4,1
   1330a:	f002                	sd	zero,32(sp)
   1330c:	4a81                	li	s5,0
   1330e:	a3efe06f          	j	1154c <_vfprintf_r+0x1b2>
   13312:	56068693          	addi	a3,a3,1376
   13316:	f54ff06f          	j	12a6a <_vfprintf_r+0x16d0>
   1331a:	76c2                	ld	a3,48(sp)
   1331c:	00a6c683          	lbu	a3,10(a3)
   13320:	ce0fe06f          	j	11800 <_vfprintf_r+0x466>
   13324:	4709                	li	a4,2
   13326:	f4ba                	sd	a4,104(sp)
   13328:	b45d                	j	12dce <_vfprintf_r+0x1a34>
   1332a:	7e02                	ld	t3,32(sp)
   1332c:	4a81                	li	s5,0
   1332e:	f002                	sd	zero,32(sp)
   13330:	a1cfe06f          	j	1154c <_vfprintf_r+0x1b2>
   13334:	40f8873b          	subw	a4,a7,a5
   13338:	54ca                	lw	s1,176(sp)
   1333a:	f83a                	sd	a4,48(sp)
   1333c:	b211                	j	12c40 <_vfprintf_r+0x18a6>
   1333e:	64a2                	ld	s1,8(sp)
   13340:	0104d783          	lhu	a5,16(s1)
   13344:	0407e793          	ori	a5,a5,64
   13348:	00f49823          	sh	a5,16(s1)
   1334c:	c53fe06f          	j	11f9e <_vfprintf_r+0xc04>
   13350:	4a81                	li	s5,0
   13352:	e082                	sd	zero,64(sp)
   13354:	fc02                	sd	zero,56(sp)
   13356:	f002                	sd	zero,32(sp)
   13358:	488d                	li	a7,3
   1335a:	4811                	li	a6,4
   1335c:	9f0fe06f          	j	1154c <_vfprintf_r+0x1b2>
   13360:	e082                	sd	zero,64(sp)
   13362:	fc02                	sd	zero,56(sp)
   13364:	9e8fe06f          	j	1154c <_vfprintf_r+0x1b2>
   13368:	66e5                	lui	a3,0x19
   1336a:	56068693          	addi	a3,a3,1376 # 19560 <zeroes.0>
   1336e:	bb41                	j	130fe <_vfprintf_r+0x1d64>
   13370:	4701                	li	a4,0
   13372:	e082                	sd	zero,64(sp)
   13374:	fc02                	sd	zero,56(sp)
   13376:	b5e1                	j	1323e <_vfprintf_r+0x1ea4>
   13378:	7742                	ld	a4,48(sp)
   1337a:	00e78c33          	add	s8,a5,a4
   1337e:	b28d                	j	12ce0 <_vfprintf_r+0x1946>
   13380:	54ca                	lw	s1,176(sp)
   13382:	ba75                	j	12d3e <_vfprintf_r+0x19a4>

0000000000013384 <vfprintf>:
   13384:	872a                	mv	a4,a0
   13386:	8781b503          	ld	a0,-1928(gp) # 1b640 <_impure_ptr>
   1338a:	86b2                	mv	a3,a2
   1338c:	862e                	mv	a2,a1
   1338e:	85ba                	mv	a1,a4
   13390:	80afe06f          	j	1139a <_vfprintf_r>

0000000000013394 <__sbprintf>:
   13394:	0105d783          	lhu	a5,16(a1)
   13398:	0ac5ae83          	lw	t4,172(a1)
   1339c:	0125de03          	lhu	t3,18(a1)
   133a0:	0305b303          	ld	t1,48(a1)
   133a4:	0405b883          	ld	a7,64(a1)
   133a8:	b2010113          	addi	sp,sp,-1248
   133ac:	9bf5                	andi	a5,a5,-3
   133ae:	0c010813          	addi	a6,sp,192
   133b2:	40000713          	li	a4,1024
   133b6:	4c813823          	sd	s0,1232(sp)
   133ba:	842e                	mv	s0,a1
   133bc:	080c                	addi	a1,sp,16
   133be:	4c913423          	sd	s1,1224(sp)
   133c2:	02f11023          	sh	a5,32(sp)
   133c6:	4c113c23          	sd	ra,1240(sp)
   133ca:	dc02                	sw	zero,56(sp)
   133cc:	df76                	sw	t4,188(sp)
   133ce:	03c11123          	sh	t3,34(sp)
   133d2:	e09a                	sd	t1,64(sp)
   133d4:	e8c6                	sd	a7,80(sp)
   133d6:	e842                	sd	a6,16(sp)
   133d8:	f442                	sd	a6,40(sp)
   133da:	ce3a                	sw	a4,28(sp)
   133dc:	d83a                	sw	a4,48(sp)
   133de:	84aa                	mv	s1,a0
   133e0:	fbbfd0ef          	jal	1139a <_vfprintf_r>
   133e4:	87aa                	mv	a5,a0
   133e6:	02055763          	bgez	a0,13414 <__sbprintf+0x80>
   133ea:	02015703          	lhu	a4,32(sp)
   133ee:	04077713          	andi	a4,a4,64
   133f2:	c719                	beqz	a4,13400 <__sbprintf+0x6c>
   133f4:	01045703          	lhu	a4,16(s0)
   133f8:	04076713          	ori	a4,a4,64
   133fc:	00e41823          	sh	a4,16(s0)
   13400:	4d813083          	ld	ra,1240(sp)
   13404:	4d013403          	ld	s0,1232(sp)
   13408:	4c813483          	ld	s1,1224(sp)
   1340c:	853e                	mv	a0,a5
   1340e:	4e010113          	addi	sp,sp,1248
   13412:	8082                	ret
   13414:	e42a                	sd	a0,8(sp)
   13416:	080c                	addi	a1,sp,16
   13418:	8526                	mv	a0,s1
   1341a:	27c000ef          	jal	13696 <_fflush_r>
   1341e:	67a2                	ld	a5,8(sp)
   13420:	d569                	beqz	a0,133ea <__sbprintf+0x56>
   13422:	57fd                	li	a5,-1
   13424:	b7d9                	j	133ea <__sbprintf+0x56>

0000000000013426 <__sprint_r>:
   13426:	6a18                	ld	a4,16(a2)
   13428:	e709                	bnez	a4,13432 <__sprint_r+0xc>
   1342a:	4501                	li	a0,0
   1342c:	00062423          	sw	zero,8(a2)
   13430:	8082                	ret
   13432:	1101                	addi	sp,sp,-32
   13434:	ec06                	sd	ra,24(sp)
   13436:	e432                	sd	a2,8(sp)
   13438:	2ee000ef          	jal	13726 <__sfvwrite_r>
   1343c:	67a2                	ld	a5,8(sp)
   1343e:	60e2                	ld	ra,24(sp)
   13440:	0007b823          	sd	zero,16(a5)
   13444:	0007a423          	sw	zero,8(a5)
   13448:	6105                	addi	sp,sp,32
   1344a:	8082                	ret

000000000001344c <_fclose_r>:
   1344c:	1101                	addi	sp,sp,-32
   1344e:	ec06                	sd	ra,24(sp)
   13450:	e04a                	sd	s2,0(sp)
   13452:	cd89                	beqz	a1,1346c <_fclose_r+0x20>
   13454:	e822                	sd	s0,16(sp)
   13456:	e426                	sd	s1,8(sp)
   13458:	842e                	mv	s0,a1
   1345a:	84aa                	mv	s1,a0
   1345c:	c119                	beqz	a0,13462 <_fclose_r+0x16>
   1345e:	653c                	ld	a5,72(a0)
   13460:	c7d9                	beqz	a5,134ee <_fclose_r+0xa2>
   13462:	01041783          	lh	a5,16(s0)
   13466:	eb89                	bnez	a5,13478 <_fclose_r+0x2c>
   13468:	6442                	ld	s0,16(sp)
   1346a:	64a2                	ld	s1,8(sp)
   1346c:	60e2                	ld	ra,24(sp)
   1346e:	4901                	li	s2,0
   13470:	854a                	mv	a0,s2
   13472:	6902                	ld	s2,0(sp)
   13474:	6105                	addi	sp,sp,32
   13476:	8082                	ret
   13478:	85a2                	mv	a1,s0
   1347a:	8526                	mv	a0,s1
   1347c:	080000ef          	jal	134fc <__sflush_r>
   13480:	683c                	ld	a5,80(s0)
   13482:	892a                	mv	s2,a0
   13484:	c791                	beqz	a5,13490 <_fclose_r+0x44>
   13486:	780c                	ld	a1,48(s0)
   13488:	8526                	mv	a0,s1
   1348a:	9782                	jalr	a5
   1348c:	04054663          	bltz	a0,134d8 <_fclose_r+0x8c>
   13490:	01045783          	lhu	a5,16(s0)
   13494:	0807f793          	andi	a5,a5,128
   13498:	e7b1                	bnez	a5,134e4 <_fclose_r+0x98>
   1349a:	6c2c                	ld	a1,88(s0)
   1349c:	c991                	beqz	a1,134b0 <_fclose_r+0x64>
   1349e:	07440793          	addi	a5,s0,116
   134a2:	00f58563          	beq	a1,a5,134ac <_fclose_r+0x60>
   134a6:	8526                	mv	a0,s1
   134a8:	e50fd0ef          	jal	10af8 <_free_r>
   134ac:	04043c23          	sd	zero,88(s0)
   134b0:	7c2c                	ld	a1,120(s0)
   134b2:	c591                	beqz	a1,134be <_fclose_r+0x72>
   134b4:	8526                	mv	a0,s1
   134b6:	e42fd0ef          	jal	10af8 <_free_r>
   134ba:	06043c23          	sd	zero,120(s0)
   134be:	830fd0ef          	jal	104ee <__sfp_lock_acquire>
   134c2:	00041823          	sh	zero,16(s0)
   134c6:	82afd0ef          	jal	104f0 <__sfp_lock_release>
   134ca:	60e2                	ld	ra,24(sp)
   134cc:	6442                	ld	s0,16(sp)
   134ce:	64a2                	ld	s1,8(sp)
   134d0:	854a                	mv	a0,s2
   134d2:	6902                	ld	s2,0(sp)
   134d4:	6105                	addi	sp,sp,32
   134d6:	8082                	ret
   134d8:	01045783          	lhu	a5,16(s0)
   134dc:	597d                	li	s2,-1
   134de:	0807f793          	andi	a5,a5,128
   134e2:	dfc5                	beqz	a5,1349a <_fclose_r+0x4e>
   134e4:	6c0c                	ld	a1,24(s0)
   134e6:	8526                	mv	a0,s1
   134e8:	e10fd0ef          	jal	10af8 <_free_r>
   134ec:	b77d                	j	1349a <_fclose_r+0x4e>
   134ee:	febfc0ef          	jal	104d8 <__sinit>
   134f2:	bf85                	j	13462 <_fclose_r+0x16>

00000000000134f4 <fclose>:
   134f4:	85aa                	mv	a1,a0
   134f6:	8781b503          	ld	a0,-1928(gp) # 1b640 <_impure_ptr>
   134fa:	bf89                	j	1344c <_fclose_r>

00000000000134fc <__sflush_r>:
   134fc:	01059703          	lh	a4,16(a1)
   13500:	7179                	addi	sp,sp,-48
   13502:	f022                	sd	s0,32(sp)
   13504:	e44e                	sd	s3,8(sp)
   13506:	f406                	sd	ra,40(sp)
   13508:	00877793          	andi	a5,a4,8
   1350c:	842e                	mv	s0,a1
   1350e:	89aa                	mv	s3,a0
   13510:	e7f1                	bnez	a5,135dc <__sflush_r+0xe0>
   13512:	6785                	lui	a5,0x1
   13514:	80078793          	addi	a5,a5,-2048 # 800 <exit-0xf920>
   13518:	4594                	lw	a3,8(a1)
   1351a:	8fd9                	or	a5,a5,a4
   1351c:	00f59823          	sh	a5,16(a1)
   13520:	10d05b63          	blez	a3,13636 <__sflush_r+0x13a>
   13524:	04843803          	ld	a6,72(s0)
   13528:	0a080463          	beqz	a6,135d0 <__sflush_r+0xd4>
   1352c:	ec26                	sd	s1,24(sp)
   1352e:	03371693          	slli	a3,a4,0x33
   13532:	0009a483          	lw	s1,0(s3)
   13536:	0009a023          	sw	zero,0(s3)
   1353a:	1006c563          	bltz	a3,13644 <__sflush_r+0x148>
   1353e:	780c                	ld	a1,48(s0)
   13540:	4601                	li	a2,0
   13542:	4685                	li	a3,1
   13544:	854e                	mv	a0,s3
   13546:	9802                	jalr	a6
   13548:	57fd                	li	a5,-1
   1354a:	862a                	mv	a2,a0
   1354c:	12f50363          	beq	a0,a5,13672 <__sflush_r+0x176>
   13550:	01041783          	lh	a5,16(s0)
   13554:	04843803          	ld	a6,72(s0)
   13558:	8b91                	andi	a5,a5,4
   1355a:	c799                	beqz	a5,13568 <__sflush_r+0x6c>
   1355c:	4418                	lw	a4,8(s0)
   1355e:	6c3c                	ld	a5,88(s0)
   13560:	8e19                	sub	a2,a2,a4
   13562:	c399                	beqz	a5,13568 <__sflush_r+0x6c>
   13564:	583c                	lw	a5,112(s0)
   13566:	8e1d                	sub	a2,a2,a5
   13568:	780c                	ld	a1,48(s0)
   1356a:	4681                	li	a3,0
   1356c:	854e                	mv	a0,s3
   1356e:	9802                	jalr	a6
   13570:	577d                	li	a4,-1
   13572:	01041783          	lh	a5,16(s0)
   13576:	0ce51963          	bne	a0,a4,13648 <__sflush_r+0x14c>
   1357a:	0009a683          	lw	a3,0(s3)
   1357e:	4775                	li	a4,29
   13580:	10d76463          	bltu	a4,a3,13688 <__sflush_r+0x18c>
   13584:	20400737          	lui	a4,0x20400
   13588:	0705                	addi	a4,a4,1 # 20400001 <__BSS_END__+0x203e23b9>
   1358a:	00d75733          	srl	a4,a4,a3
   1358e:	8b05                	andi	a4,a4,1
   13590:	cf65                	beqz	a4,13688 <__sflush_r+0x18c>
   13592:	6c14                	ld	a3,24(s0)
   13594:	777d                	lui	a4,0xfffff
   13596:	7ff70713          	addi	a4,a4,2047 # fffffffffffff7ff <__BSS_END__+0xfffffffffffe1bb7>
   1359a:	8f7d                	and	a4,a4,a5
   1359c:	00e41823          	sh	a4,16(s0)
   135a0:	00042423          	sw	zero,8(s0)
   135a4:	e014                	sd	a3,0(s0)
   135a6:	03379713          	slli	a4,a5,0x33
   135aa:	00075563          	bgez	a4,135b4 <__sflush_r+0xb8>
   135ae:	0009a783          	lw	a5,0(s3)
   135b2:	cbcd                	beqz	a5,13664 <__sflush_r+0x168>
   135b4:	6c2c                	ld	a1,88(s0)
   135b6:	0099a023          	sw	s1,0(s3)
   135ba:	c9d5                	beqz	a1,1366e <__sflush_r+0x172>
   135bc:	07440793          	addi	a5,s0,116
   135c0:	00f58563          	beq	a1,a5,135ca <__sflush_r+0xce>
   135c4:	854e                	mv	a0,s3
   135c6:	d32fd0ef          	jal	10af8 <_free_r>
   135ca:	64e2                	ld	s1,24(sp)
   135cc:	04043c23          	sd	zero,88(s0)
   135d0:	70a2                	ld	ra,40(sp)
   135d2:	7402                	ld	s0,32(sp)
   135d4:	69a2                	ld	s3,8(sp)
   135d6:	4501                	li	a0,0
   135d8:	6145                	addi	sp,sp,48
   135da:	8082                	ret
   135dc:	e84a                	sd	s2,16(sp)
   135de:	0185b903          	ld	s2,24(a1)
   135e2:	04090f63          	beqz	s2,13640 <__sflush_r+0x144>
   135e6:	ec26                	sd	s1,24(sp)
   135e8:	6184                	ld	s1,0(a1)
   135ea:	8b0d                	andi	a4,a4,3
   135ec:	0125b023          	sd	s2,0(a1)
   135f0:	412484bb          	subw	s1,s1,s2
   135f4:	4781                	li	a5,0
   135f6:	e311                	bnez	a4,135fa <__sflush_r+0xfe>
   135f8:	519c                	lw	a5,32(a1)
   135fa:	c45c                	sw	a5,12(s0)
   135fc:	00904663          	bgtz	s1,13608 <__sflush_r+0x10c>
   13600:	a83d                	j	1363e <__sflush_r+0x142>
   13602:	992a                	add	s2,s2,a0
   13604:	02905d63          	blez	s1,1363e <__sflush_r+0x142>
   13608:	603c                	ld	a5,64(s0)
   1360a:	780c                	ld	a1,48(s0)
   1360c:	86a6                	mv	a3,s1
   1360e:	864a                	mv	a2,s2
   13610:	854e                	mv	a0,s3
   13612:	9782                	jalr	a5
   13614:	9c89                	subw	s1,s1,a0
   13616:	fea046e3          	bgtz	a0,13602 <__sflush_r+0x106>
   1361a:	01045783          	lhu	a5,16(s0)
   1361e:	6942                	ld	s2,16(sp)
   13620:	0407e793          	ori	a5,a5,64
   13624:	70a2                	ld	ra,40(sp)
   13626:	00f41823          	sh	a5,16(s0)
   1362a:	7402                	ld	s0,32(sp)
   1362c:	64e2                	ld	s1,24(sp)
   1362e:	69a2                	ld	s3,8(sp)
   13630:	557d                	li	a0,-1
   13632:	6145                	addi	sp,sp,48
   13634:	8082                	ret
   13636:	59b4                	lw	a3,112(a1)
   13638:	eed046e3          	bgtz	a3,13524 <__sflush_r+0x28>
   1363c:	bf51                	j	135d0 <__sflush_r+0xd4>
   1363e:	64e2                	ld	s1,24(sp)
   13640:	6942                	ld	s2,16(sp)
   13642:	b779                	j	135d0 <__sflush_r+0xd4>
   13644:	6850                	ld	a2,144(s0)
   13646:	bf09                	j	13558 <__sflush_r+0x5c>
   13648:	6c14                	ld	a3,24(s0)
   1364a:	777d                	lui	a4,0xfffff
   1364c:	7ff70713          	addi	a4,a4,2047 # fffffffffffff7ff <__BSS_END__+0xfffffffffffe1bb7>
   13650:	8f7d                	and	a4,a4,a5
   13652:	00e41823          	sh	a4,16(s0)
   13656:	00042423          	sw	zero,8(s0)
   1365a:	e014                	sd	a3,0(s0)
   1365c:	03379713          	slli	a4,a5,0x33
   13660:	f4075ae3          	bgez	a4,135b4 <__sflush_r+0xb8>
   13664:	6c2c                	ld	a1,88(s0)
   13666:	e848                	sd	a0,144(s0)
   13668:	0099a023          	sw	s1,0(s3)
   1366c:	f9a1                	bnez	a1,135bc <__sflush_r+0xc0>
   1366e:	64e2                	ld	s1,24(sp)
   13670:	b785                	j	135d0 <__sflush_r+0xd4>
   13672:	0009a783          	lw	a5,0(s3)
   13676:	ec078de3          	beqz	a5,13550 <__sflush_r+0x54>
   1367a:	fe378713          	addi	a4,a5,-29
   1367e:	cb01                	beqz	a4,1368e <__sflush_r+0x192>
   13680:	17a9                	addi	a5,a5,-22
   13682:	c791                	beqz	a5,1368e <__sflush_r+0x192>
   13684:	01045783          	lhu	a5,16(s0)
   13688:	0407e793          	ori	a5,a5,64
   1368c:	bf61                	j	13624 <__sflush_r+0x128>
   1368e:	0099a023          	sw	s1,0(s3)
   13692:	64e2                	ld	s1,24(sp)
   13694:	bf35                	j	135d0 <__sflush_r+0xd4>

0000000000013696 <_fflush_r>:
   13696:	87aa                	mv	a5,a0
   13698:	c119                	beqz	a0,1369e <_fflush_r+0x8>
   1369a:	6538                	ld	a4,72(a0)
   1369c:	cb01                	beqz	a4,136ac <_fflush_r+0x16>
   1369e:	01059703          	lh	a4,16(a1)
   136a2:	e319                	bnez	a4,136a8 <_fflush_r+0x12>
   136a4:	4501                	li	a0,0
   136a6:	8082                	ret
   136a8:	853e                	mv	a0,a5
   136aa:	bd89                	j	134fc <__sflush_r>
   136ac:	1101                	addi	sp,sp,-32
   136ae:	e42e                	sd	a1,8(sp)
   136b0:	ec06                	sd	ra,24(sp)
   136b2:	e02a                	sd	a0,0(sp)
   136b4:	e25fc0ef          	jal	104d8 <__sinit>
   136b8:	65a2                	ld	a1,8(sp)
   136ba:	6782                	ld	a5,0(sp)
   136bc:	01059703          	lh	a4,16(a1)
   136c0:	c709                	beqz	a4,136ca <_fflush_r+0x34>
   136c2:	60e2                	ld	ra,24(sp)
   136c4:	853e                	mv	a0,a5
   136c6:	6105                	addi	sp,sp,32
   136c8:	bd15                	j	134fc <__sflush_r>
   136ca:	60e2                	ld	ra,24(sp)
   136cc:	4501                	li	a0,0
   136ce:	6105                	addi	sp,sp,32
   136d0:	8082                	ret

00000000000136d2 <fflush>:
   136d2:	cd05                	beqz	a0,1370a <fflush+0x38>
   136d4:	85aa                	mv	a1,a0
   136d6:	8781b503          	ld	a0,-1928(gp) # 1b640 <_impure_ptr>
   136da:	c119                	beqz	a0,136e0 <fflush+0xe>
   136dc:	653c                	ld	a5,72(a0)
   136de:	c799                	beqz	a5,136ec <fflush+0x1a>
   136e0:	01059783          	lh	a5,16(a1)
   136e4:	e399                	bnez	a5,136ea <fflush+0x18>
   136e6:	4501                	li	a0,0
   136e8:	8082                	ret
   136ea:	bd09                	j	134fc <__sflush_r>
   136ec:	1101                	addi	sp,sp,-32
   136ee:	e42e                	sd	a1,8(sp)
   136f0:	e02a                	sd	a0,0(sp)
   136f2:	ec06                	sd	ra,24(sp)
   136f4:	de5fc0ef          	jal	104d8 <__sinit>
   136f8:	65a2                	ld	a1,8(sp)
   136fa:	6502                	ld	a0,0(sp)
   136fc:	01059783          	lh	a5,16(a1)
   13700:	e385                	bnez	a5,13720 <fflush+0x4e>
   13702:	60e2                	ld	ra,24(sp)
   13704:	4501                	li	a0,0
   13706:	6105                	addi	sp,sp,32
   13708:	8082                	ret
   1370a:	666d                	lui	a2,0x1b
   1370c:	65cd                	lui	a1,0x13
   1370e:	656d                	lui	a0,0x1b
   13710:	a8060613          	addi	a2,a2,-1408 # 1aa80 <__sglue>
   13714:	69658593          	addi	a1,a1,1686 # 13696 <_fflush_r>
   13718:	a9850513          	addi	a0,a0,-1384 # 1aa98 <_impure_data>
   1371c:	df7fc06f          	j	10512 <_fwalk_sglue>
   13720:	60e2                	ld	ra,24(sp)
   13722:	6105                	addi	sp,sp,32
   13724:	bbe1                	j	134fc <__sflush_r>

0000000000013726 <__sfvwrite_r>:
   13726:	6a1c                	ld	a5,16(a2)
   13728:	18078d63          	beqz	a5,138c2 <__sfvwrite_r+0x19c>
   1372c:	01059683          	lh	a3,16(a1)
   13730:	711d                	addi	sp,sp,-96
   13732:	e8a2                	sd	s0,80(sp)
   13734:	f852                	sd	s4,48(sp)
   13736:	f456                	sd	s5,40(sp)
   13738:	ec86                	sd	ra,88(sp)
   1373a:	0086f793          	andi	a5,a3,8
   1373e:	842e                	mv	s0,a1
   13740:	8aaa                	mv	s5,a0
   13742:	8a32                	mv	s4,a2
   13744:	c7bd                	beqz	a5,137b2 <__sfvwrite_r+0x8c>
   13746:	6d9c                	ld	a5,24(a1)
   13748:	c7ad                	beqz	a5,137b2 <__sfvwrite_r+0x8c>
   1374a:	e4a6                	sd	s1,72(sp)
   1374c:	e0ca                	sd	s2,64(sp)
   1374e:	fc4e                	sd	s3,56(sp)
   13750:	f05a                	sd	s6,32(sp)
   13752:	0026f793          	andi	a5,a3,2
   13756:	000a3483          	ld	s1,0(s4)
   1375a:	cfad                	beqz	a5,137d4 <__sfvwrite_r+0xae>
   1375c:	80000b37          	lui	s6,0x80000
   13760:	c00b4b13          	xori	s6,s6,-1024
   13764:	4981                	li	s3,0
   13766:	4901                	li	s2,0
   13768:	864e                	mv	a2,s3
   1376a:	8556                	mv	a0,s5
   1376c:	14090563          	beqz	s2,138b6 <__sfvwrite_r+0x190>
   13770:	86ca                	mv	a3,s2
   13772:	012b7663          	bgeu	s6,s2,1377e <__sfvwrite_r+0x58>
   13776:	800006b7          	lui	a3,0x80000
   1377a:	c006c693          	xori	a3,a3,-1024
   1377e:	603c                	ld	a5,64(s0)
   13780:	780c                	ld	a1,48(s0)
   13782:	2681                	sext.w	a3,a3
   13784:	9782                	jalr	a5
   13786:	2ea05163          	blez	a0,13a68 <__sfvwrite_r+0x342>
   1378a:	010a3783          	ld	a5,16(s4)
   1378e:	99aa                	add	s3,s3,a0
   13790:	40a90933          	sub	s2,s2,a0
   13794:	8f89                	sub	a5,a5,a0
   13796:	00fa3823          	sd	a5,16(s4)
   1379a:	f7f9                	bnez	a5,13768 <__sfvwrite_r+0x42>
   1379c:	64a6                	ld	s1,72(sp)
   1379e:	6906                	ld	s2,64(sp)
   137a0:	79e2                	ld	s3,56(sp)
   137a2:	7b02                	ld	s6,32(sp)
   137a4:	4501                	li	a0,0
   137a6:	60e6                	ld	ra,88(sp)
   137a8:	6446                	ld	s0,80(sp)
   137aa:	7a42                	ld	s4,48(sp)
   137ac:	7aa2                	ld	s5,40(sp)
   137ae:	6125                	addi	sp,sp,96
   137b0:	8082                	ret
   137b2:	85a2                	mv	a1,s0
   137b4:	8556                	mv	a0,s5
   137b6:	2ca000ef          	jal	13a80 <__swsetup_r>
   137ba:	1e051263          	bnez	a0,1399e <__sfvwrite_r+0x278>
   137be:	01041683          	lh	a3,16(s0)
   137c2:	e4a6                	sd	s1,72(sp)
   137c4:	e0ca                	sd	s2,64(sp)
   137c6:	fc4e                	sd	s3,56(sp)
   137c8:	f05a                	sd	s6,32(sp)
   137ca:	0026f793          	andi	a5,a3,2
   137ce:	000a3483          	ld	s1,0(s4)
   137d2:	f7c9                	bnez	a5,1375c <__sfvwrite_r+0x36>
   137d4:	ec5e                	sd	s7,24(sp)
   137d6:	e862                	sd	s8,16(sp)
   137d8:	e466                	sd	s9,8(sp)
   137da:	0016f793          	andi	a5,a3,1
   137de:	e7e5                	bnez	a5,138c6 <__sfvwrite_r+0x1a0>
   137e0:	601c                	ld	a5,0(s0)
   137e2:	80000737          	lui	a4,0x80000
   137e6:	fff74c13          	not	s8,a4
   137ea:	4b01                	li	s6,0
   137ec:	4981                	li	s3,0
   137ee:	0a098e63          	beqz	s3,138aa <__sfvwrite_r+0x184>
   137f2:	2006f713          	andi	a4,a3,512
   137f6:	00c42903          	lw	s2,12(s0)
   137fa:	853e                	mv	a0,a5
   137fc:	1a070363          	beqz	a4,139a2 <__sfvwrite_r+0x27c>
   13800:	0729ee63          	bltu	s3,s2,1387c <__sfvwrite_r+0x156>
   13804:	4806f713          	andi	a4,a3,1152
   13808:	8bca                	mv	s7,s2
   1380a:	cb3d                	beqz	a4,13880 <__sfvwrite_r+0x15a>
   1380c:	5010                	lw	a2,32(s0)
   1380e:	6c0c                	ld	a1,24(s0)
   13810:	0016171b          	slliw	a4,a2,0x1
   13814:	9f31                	addw	a4,a4,a2
   13816:	8f8d                	sub	a5,a5,a1
   13818:	01f7591b          	srliw	s2,a4,0x1f
   1381c:	00078b9b          	sext.w	s7,a5
   13820:	00e9093b          	addw	s2,s2,a4
   13824:	001b8713          	addi	a4,s7,1
   13828:	4019591b          	sraiw	s2,s2,0x1
   1382c:	974e                	add	a4,a4,s3
   1382e:	00e97563          	bgeu	s2,a4,13838 <__sfvwrite_r+0x112>
   13832:	2785                	addiw	a5,a5,1
   13834:	0137893b          	addw	s2,a5,s3
   13838:	4006f693          	andi	a3,a3,1024
   1383c:	1e068963          	beqz	a3,13a2e <__sfvwrite_r+0x308>
   13840:	85ca                	mv	a1,s2
   13842:	8556                	mv	a0,s5
   13844:	cecfd0ef          	jal	10d30 <_malloc_r>
   13848:	8caa                	mv	s9,a0
   1384a:	22050263          	beqz	a0,13a6e <__sfvwrite_r+0x348>
   1384e:	6c0c                	ld	a1,24(s0)
   13850:	865e                	mv	a2,s7
   13852:	596000ef          	jal	13de8 <memcpy>
   13856:	01045703          	lhu	a4,16(s0)
   1385a:	b7f77713          	andi	a4,a4,-1153
   1385e:	08076713          	ori	a4,a4,128
   13862:	00e41823          	sh	a4,16(s0)
   13866:	017c8533          	add	a0,s9,s7
   1386a:	41790bbb          	subw	s7,s2,s7
   1386e:	01943c23          	sd	s9,24(s0)
   13872:	e008                	sd	a0,0(s0)
   13874:	01742623          	sw	s7,12(s0)
   13878:	03242023          	sw	s2,32(s0)
   1387c:	8bce                	mv	s7,s3
   1387e:	894e                	mv	s2,s3
   13880:	85da                	mv	a1,s6
   13882:	864a                	mv	a2,s2
   13884:	482000ef          	jal	13d06 <memmove>
   13888:	4454                	lw	a3,12(s0)
   1388a:	601c                	ld	a5,0(s0)
   1388c:	010a3703          	ld	a4,16(s4)
   13890:	417686bb          	subw	a3,a3,s7
   13894:	97ca                	add	a5,a5,s2
   13896:	c454                	sw	a3,12(s0)
   13898:	e01c                	sd	a5,0(s0)
   1389a:	41370733          	sub	a4,a4,s3
   1389e:	00ea3823          	sd	a4,16(s4)
   138a2:	1a070f63          	beqz	a4,13a60 <__sfvwrite_r+0x33a>
   138a6:	01041683          	lh	a3,16(s0)
   138aa:	0004bb03          	ld	s6,0(s1)
   138ae:	0084b983          	ld	s3,8(s1)
   138b2:	04c1                	addi	s1,s1,16
   138b4:	bf2d                	j	137ee <__sfvwrite_r+0xc8>
   138b6:	0004b983          	ld	s3,0(s1)
   138ba:	0084b903          	ld	s2,8(s1)
   138be:	04c1                	addi	s1,s1,16
   138c0:	b565                	j	13768 <__sfvwrite_r+0x42>
   138c2:	4501                	li	a0,0
   138c4:	8082                	ret
   138c6:	4b81                	li	s7,0
   138c8:	4c01                	li	s8,0
   138ca:	4501                	li	a0,0
   138cc:	4c81                	li	s9,0
   138ce:	060b8063          	beqz	s7,1392e <__sfvwrite_r+0x208>
   138d2:	c535                	beqz	a0,1393e <__sfvwrite_r+0x218>
   138d4:	89e2                	mv	s3,s8
   138d6:	018bf363          	bgeu	s7,s8,138dc <__sfvwrite_r+0x1b6>
   138da:	89de                	mv	s3,s7
   138dc:	5014                	lw	a3,32(s0)
   138de:	00c42b03          	lw	s6,12(s0)
   138e2:	6008                	ld	a0,0(s0)
   138e4:	6c1c                	ld	a5,24(s0)
   138e6:	00db0b3b          	addw	s6,s6,a3
   138ea:	894e                	mv	s2,s3
   138ec:	00a7f463          	bgeu	a5,a0,138f4 <__sfvwrite_r+0x1ce>
   138f0:	073b4263          	blt	s6,s3,13954 <__sfvwrite_r+0x22e>
   138f4:	12d9c163          	blt	s3,a3,13a16 <__sfvwrite_r+0x2f0>
   138f8:	603c                	ld	a5,64(s0)
   138fa:	780c                	ld	a1,48(s0)
   138fc:	8666                	mv	a2,s9
   138fe:	8556                	mv	a0,s5
   13900:	9782                	jalr	a5
   13902:	892a                	mv	s2,a0
   13904:	08a05063          	blez	a0,13984 <__sfvwrite_r+0x25e>
   13908:	89aa                	mv	s3,a0
   1390a:	413c0c3b          	subw	s8,s8,s3
   1390e:	4505                	li	a0,1
   13910:	060c0563          	beqz	s8,1397a <__sfvwrite_r+0x254>
   13914:	010a3783          	ld	a5,16(s4)
   13918:	412787b3          	sub	a5,a5,s2
   1391c:	00fa3823          	sd	a5,16(s4)
   13920:	14078063          	beqz	a5,13a60 <__sfvwrite_r+0x33a>
   13924:	412b8bb3          	sub	s7,s7,s2
   13928:	9cca                	add	s9,s9,s2
   1392a:	fa0b94e3          	bnez	s7,138d2 <__sfvwrite_r+0x1ac>
   1392e:	0084bb83          	ld	s7,8(s1)
   13932:	87a6                	mv	a5,s1
   13934:	04c1                	addi	s1,s1,16
   13936:	fe0b8ce3          	beqz	s7,1392e <__sfvwrite_r+0x208>
   1393a:	0007bc83          	ld	s9,0(a5)
   1393e:	865e                	mv	a2,s7
   13940:	45a9                	li	a1,10
   13942:	8566                	mv	a0,s9
   13944:	22c000ef          	jal	13b70 <memchr>
   13948:	10050963          	beqz	a0,13a5a <__sfvwrite_r+0x334>
   1394c:	0505                	addi	a0,a0,1
   1394e:	41950c3b          	subw	s8,a0,s9
   13952:	b749                	j	138d4 <__sfvwrite_r+0x1ae>
   13954:	85e6                	mv	a1,s9
   13956:	865a                	mv	a2,s6
   13958:	3ae000ef          	jal	13d06 <memmove>
   1395c:	601c                	ld	a5,0(s0)
   1395e:	85a2                	mv	a1,s0
   13960:	8556                	mv	a0,s5
   13962:	97da                	add	a5,a5,s6
   13964:	e01c                	sd	a5,0(s0)
   13966:	d31ff0ef          	jal	13696 <_fflush_r>
   1396a:	ed09                	bnez	a0,13984 <__sfvwrite_r+0x25e>
   1396c:	89da                	mv	s3,s6
   1396e:	413c0c3b          	subw	s8,s8,s3
   13972:	895a                	mv	s2,s6
   13974:	4505                	li	a0,1
   13976:	f80c1fe3          	bnez	s8,13914 <__sfvwrite_r+0x1ee>
   1397a:	85a2                	mv	a1,s0
   1397c:	8556                	mv	a0,s5
   1397e:	d19ff0ef          	jal	13696 <_fflush_r>
   13982:	d949                	beqz	a0,13914 <__sfvwrite_r+0x1ee>
   13984:	01041783          	lh	a5,16(s0)
   13988:	6be2                	ld	s7,24(sp)
   1398a:	6c42                	ld	s8,16(sp)
   1398c:	6ca2                	ld	s9,8(sp)
   1398e:	64a6                	ld	s1,72(sp)
   13990:	6906                	ld	s2,64(sp)
   13992:	79e2                	ld	s3,56(sp)
   13994:	7b02                	ld	s6,32(sp)
   13996:	0407e793          	ori	a5,a5,64
   1399a:	00f41823          	sh	a5,16(s0)
   1399e:	557d                	li	a0,-1
   139a0:	b519                	j	137a6 <__sfvwrite_r+0x80>
   139a2:	6c18                	ld	a4,24(s0)
   139a4:	04f76363          	bltu	a4,a5,139ea <__sfvwrite_r+0x2c4>
   139a8:	5018                	lw	a4,32(s0)
   139aa:	04e9e063          	bltu	s3,a4,139ea <__sfvwrite_r+0x2c4>
   139ae:	86ce                	mv	a3,s3
   139b0:	013c7363          	bgeu	s8,s3,139b6 <__sfvwrite_r+0x290>
   139b4:	86e2                	mv	a3,s8
   139b6:	02e6c6bb          	divw	a3,a3,a4
   139ba:	603c                	ld	a5,64(s0)
   139bc:	780c                	ld	a1,48(s0)
   139be:	865a                	mv	a2,s6
   139c0:	8556                	mv	a0,s5
   139c2:	02e686bb          	mulw	a3,a3,a4
   139c6:	9782                	jalr	a5
   139c8:	faa05ee3          	blez	a0,13984 <__sfvwrite_r+0x25e>
   139cc:	892a                	mv	s2,a0
   139ce:	010a3783          	ld	a5,16(s4)
   139d2:	412989b3          	sub	s3,s3,s2
   139d6:	412787b3          	sub	a5,a5,s2
   139da:	00fa3823          	sd	a5,16(s4)
   139de:	c3c9                	beqz	a5,13a60 <__sfvwrite_r+0x33a>
   139e0:	01041683          	lh	a3,16(s0)
   139e4:	601c                	ld	a5,0(s0)
   139e6:	9b4a                	add	s6,s6,s2
   139e8:	b519                	j	137ee <__sfvwrite_r+0xc8>
   139ea:	0129f363          	bgeu	s3,s2,139f0 <__sfvwrite_r+0x2ca>
   139ee:	894e                	mv	s2,s3
   139f0:	853e                	mv	a0,a5
   139f2:	864a                	mv	a2,s2
   139f4:	85da                	mv	a1,s6
   139f6:	310000ef          	jal	13d06 <memmove>
   139fa:	601c                	ld	a5,0(s0)
   139fc:	4458                	lw	a4,12(s0)
   139fe:	97ca                	add	a5,a5,s2
   13a00:	4127073b          	subw	a4,a4,s2
   13a04:	e01c                	sd	a5,0(s0)
   13a06:	c458                	sw	a4,12(s0)
   13a08:	f379                	bnez	a4,139ce <__sfvwrite_r+0x2a8>
   13a0a:	85a2                	mv	a1,s0
   13a0c:	8556                	mv	a0,s5
   13a0e:	c89ff0ef          	jal	13696 <_fflush_r>
   13a12:	dd55                	beqz	a0,139ce <__sfvwrite_r+0x2a8>
   13a14:	bf85                	j	13984 <__sfvwrite_r+0x25e>
   13a16:	864e                	mv	a2,s3
   13a18:	85e6                	mv	a1,s9
   13a1a:	2ec000ef          	jal	13d06 <memmove>
   13a1e:	4458                	lw	a4,12(s0)
   13a20:	601c                	ld	a5,0(s0)
   13a22:	4137073b          	subw	a4,a4,s3
   13a26:	97ce                	add	a5,a5,s3
   13a28:	c458                	sw	a4,12(s0)
   13a2a:	e01c                	sd	a5,0(s0)
   13a2c:	bdf9                	j	1390a <__sfvwrite_r+0x1e4>
   13a2e:	864a                	mv	a2,s2
   13a30:	8556                	mv	a0,s5
   13a32:	135020ef          	jal	16366 <_realloc_r>
   13a36:	8caa                	mv	s9,a0
   13a38:	e20517e3          	bnez	a0,13866 <__sfvwrite_r+0x140>
   13a3c:	6c0c                	ld	a1,24(s0)
   13a3e:	8556                	mv	a0,s5
   13a40:	8b8fd0ef          	jal	10af8 <_free_r>
   13a44:	01045783          	lhu	a5,16(s0)
   13a48:	4731                	li	a4,12
   13a4a:	6be2                	ld	s7,24(sp)
   13a4c:	6c42                	ld	s8,16(sp)
   13a4e:	6ca2                	ld	s9,8(sp)
   13a50:	00eaa023          	sw	a4,0(s5)
   13a54:	f7f7f793          	andi	a5,a5,-129
   13a58:	bf1d                	j	1398e <__sfvwrite_r+0x268>
   13a5a:	001b8c1b          	addiw	s8,s7,1
   13a5e:	bd9d                	j	138d4 <__sfvwrite_r+0x1ae>
   13a60:	6be2                	ld	s7,24(sp)
   13a62:	6c42                	ld	s8,16(sp)
   13a64:	6ca2                	ld	s9,8(sp)
   13a66:	bb1d                	j	1379c <__sfvwrite_r+0x76>
   13a68:	01041783          	lh	a5,16(s0)
   13a6c:	b70d                	j	1398e <__sfvwrite_r+0x268>
   13a6e:	47b1                	li	a5,12
   13a70:	00faa023          	sw	a5,0(s5)
   13a74:	6be2                	ld	s7,24(sp)
   13a76:	01041783          	lh	a5,16(s0)
   13a7a:	6c42                	ld	s8,16(sp)
   13a7c:	6ca2                	ld	s9,8(sp)
   13a7e:	bf01                	j	1398e <__sfvwrite_r+0x268>

0000000000013a80 <__swsetup_r>:
   13a80:	8781b703          	ld	a4,-1928(gp) # 1b640 <_impure_ptr>
   13a84:	1101                	addi	sp,sp,-32
   13a86:	ec06                	sd	ra,24(sp)
   13a88:	862a                	mv	a2,a0
   13a8a:	87ae                	mv	a5,a1
   13a8c:	c319                	beqz	a4,13a92 <__swsetup_r+0x12>
   13a8e:	6734                	ld	a3,72(a4)
   13a90:	c2e1                	beqz	a3,13b50 <__swsetup_r+0xd0>
   13a92:	01079703          	lh	a4,16(a5)
   13a96:	00877693          	andi	a3,a4,8
   13a9a:	c29d                	beqz	a3,13ac0 <__swsetup_r+0x40>
   13a9c:	6f94                	ld	a3,24(a5)
   13a9e:	ce8d                	beqz	a3,13ad8 <__swsetup_r+0x58>
   13aa0:	01079703          	lh	a4,16(a5)
   13aa4:	00177613          	andi	a2,a4,1
   13aa8:	ca39                	beqz	a2,13afe <__swsetup_r+0x7e>
   13aaa:	5390                	lw	a2,32(a5)
   13aac:	0007a623          	sw	zero,12(a5)
   13ab0:	4501                	li	a0,0
   13ab2:	40c0063b          	negw	a2,a2
   13ab6:	d790                	sw	a2,40(a5)
   13ab8:	cab9                	beqz	a3,13b0e <__swsetup_r+0x8e>
   13aba:	60e2                	ld	ra,24(sp)
   13abc:	6105                	addi	sp,sp,32
   13abe:	8082                	ret
   13ac0:	01077693          	andi	a3,a4,16
   13ac4:	ced1                	beqz	a3,13b60 <__swsetup_r+0xe0>
   13ac6:	00477693          	andi	a3,a4,4
   13aca:	eab9                	bnez	a3,13b20 <__swsetup_r+0xa0>
   13acc:	6f94                	ld	a3,24(a5)
   13ace:	00876713          	ori	a4,a4,8
   13ad2:	00e79823          	sh	a4,16(a5)
   13ad6:	f6e9                	bnez	a3,13aa0 <__swsetup_r+0x20>
   13ad8:	6b98                	ld	a4,16(a5)
   13ada:	20000593          	li	a1,512
   13ade:	28077713          	andi	a4,a4,640
   13ae2:	fab70fe3          	beq	a4,a1,13aa0 <__swsetup_r+0x20>
   13ae6:	8532                	mv	a0,a2
   13ae8:	85be                	mv	a1,a5
   13aea:	e03e                	sd	a5,0(sp)
   13aec:	4f5020ef          	jal	167e0 <__smakebuf_r>
   13af0:	6782                	ld	a5,0(sp)
   13af2:	01079703          	lh	a4,16(a5)
   13af6:	6f94                	ld	a3,24(a5)
   13af8:	00177613          	andi	a2,a4,1
   13afc:	f65d                	bnez	a2,13aaa <__swsetup_r+0x2a>
   13afe:	00277613          	andi	a2,a4,2
   13b02:	4581                	li	a1,0
   13b04:	e211                	bnez	a2,13b08 <__swsetup_r+0x88>
   13b06:	538c                	lw	a1,32(a5)
   13b08:	c7cc                	sw	a1,12(a5)
   13b0a:	4501                	li	a0,0
   13b0c:	f6dd                	bnez	a3,13aba <__swsetup_r+0x3a>
   13b0e:	08077693          	andi	a3,a4,128
   13b12:	d6c5                	beqz	a3,13aba <__swsetup_r+0x3a>
   13b14:	04076713          	ori	a4,a4,64
   13b18:	00e79823          	sh	a4,16(a5)
   13b1c:	557d                	li	a0,-1
   13b1e:	bf71                	j	13aba <__swsetup_r+0x3a>
   13b20:	6fac                	ld	a1,88(a5)
   13b22:	c185                	beqz	a1,13b42 <__swsetup_r+0xc2>
   13b24:	07478693          	addi	a3,a5,116
   13b28:	00d58b63          	beq	a1,a3,13b3e <__swsetup_r+0xbe>
   13b2c:	8532                	mv	a0,a2
   13b2e:	e43e                	sd	a5,8(sp)
   13b30:	e032                	sd	a2,0(sp)
   13b32:	fc7fc0ef          	jal	10af8 <_free_r>
   13b36:	67a2                	ld	a5,8(sp)
   13b38:	6602                	ld	a2,0(sp)
   13b3a:	01079703          	lh	a4,16(a5)
   13b3e:	0407bc23          	sd	zero,88(a5)
   13b42:	6f94                	ld	a3,24(a5)
   13b44:	fdb77713          	andi	a4,a4,-37
   13b48:	0007a423          	sw	zero,8(a5)
   13b4c:	e394                	sd	a3,0(a5)
   13b4e:	b741                	j	13ace <__swsetup_r+0x4e>
   13b50:	e02a                	sd	a0,0(sp)
   13b52:	853a                	mv	a0,a4
   13b54:	e42e                	sd	a1,8(sp)
   13b56:	983fc0ef          	jal	104d8 <__sinit>
   13b5a:	67a2                	ld	a5,8(sp)
   13b5c:	6602                	ld	a2,0(sp)
   13b5e:	bf15                	j	13a92 <__swsetup_r+0x12>
   13b60:	46a5                	li	a3,9
   13b62:	04076713          	ori	a4,a4,64
   13b66:	c214                	sw	a3,0(a2)
   13b68:	00e79823          	sh	a4,16(a5)
   13b6c:	557d                	li	a0,-1
   13b6e:	b7b1                	j	13aba <__swsetup_r+0x3a>

0000000000013b70 <memchr>:
   13b70:	00757793          	andi	a5,a0,7
   13b74:	0ff5f313          	zext.b	t1,a1
   13b78:	cb99                	beqz	a5,13b8e <memchr+0x1e>
   13b7a:	c241                	beqz	a2,13bfa <memchr+0x8a>
   13b7c:	00054783          	lbu	a5,0(a0)
   13b80:	167d                	addi	a2,a2,-1
   13b82:	06678b63          	beq	a5,t1,13bf8 <memchr+0x88>
   13b86:	0505                	addi	a0,a0,1
   13b88:	00757793          	andi	a5,a0,7
   13b8c:	f7fd                	bnez	a5,13b7a <memchr+0xa>
   13b8e:	481d                	li	a6,7
   13b90:	04c87a63          	bgeu	a6,a2,13be4 <memchr+0x74>
   13b94:	0ff5f593          	zext.b	a1,a1
   13b98:	0085979b          	slliw	a5,a1,0x8
   13b9c:	97ae                	add	a5,a5,a1
   13b9e:	01079693          	slli	a3,a5,0x10
   13ba2:	7f7f8737          	lui	a4,0x7f7f8
   13ba6:	96be                	add	a3,a3,a5
   13ba8:	f7f70713          	addi	a4,a4,-129 # 7f7f7f7f <__BSS_END__+0x7f7da337>
   13bac:	feff07b7          	lui	a5,0xfeff0
   13bb0:	eff78793          	addi	a5,a5,-257 # fffffffffefefeff <__BSS_END__+0xfffffffffefd22b7>
   13bb4:	02071593          	slli	a1,a4,0x20
   13bb8:	02069e13          	slli	t3,a3,0x20
   13bbc:	95ba                	add	a1,a1,a4
   13bbe:	02079893          	slli	a7,a5,0x20
   13bc2:	96f2                	add	a3,a3,t3
   13bc4:	fff5c593          	not	a1,a1
   13bc8:	98be                	add	a7,a7,a5
   13bca:	611c                	ld	a5,0(a0)
   13bcc:	8fb5                	xor	a5,a5,a3
   13bce:	01178733          	add	a4,a5,a7
   13bd2:	fff7c793          	not	a5,a5
   13bd6:	8ff9                	and	a5,a5,a4
   13bd8:	8fed                	and	a5,a5,a1
   13bda:	e791                	bnez	a5,13be6 <memchr+0x76>
   13bdc:	1661                	addi	a2,a2,-8
   13bde:	0521                	addi	a0,a0,8
   13be0:	fec865e3          	bltu	a6,a2,13bca <memchr+0x5a>
   13be4:	ca19                	beqz	a2,13bfa <memchr+0x8a>
   13be6:	962a                	add	a2,a2,a0
   13be8:	a021                	j	13bf0 <memchr+0x80>
   13bea:	0505                	addi	a0,a0,1
   13bec:	00c50763          	beq	a0,a2,13bfa <memchr+0x8a>
   13bf0:	00054783          	lbu	a5,0(a0)
   13bf4:	fe679be3          	bne	a5,t1,13bea <memchr+0x7a>
   13bf8:	8082                	ret
   13bfa:	4501                	li	a0,0
   13bfc:	8082                	ret

0000000000013bfe <strncpy>:
   13bfe:	00a5e7b3          	or	a5,a1,a0
   13c02:	8b9d                	andi	a5,a5,7
   13c04:	e781                	bnez	a5,13c0c <strncpy+0xe>
   13c06:	00863793          	sltiu	a5,a2,8
   13c0a:	cb95                	beqz	a5,13c3e <strncpy+0x40>
   13c0c:	872a                	mv	a4,a0
   13c0e:	a811                	j	13c22 <strncpy+0x24>
   13c10:	fff5c683          	lbu	a3,-1(a1)
   13c14:	fff60813          	addi	a6,a2,-1
   13c18:	fed78fa3          	sb	a3,-1(a5)
   13c1c:	ca81                	beqz	a3,13c2c <strncpy+0x2e>
   13c1e:	873e                	mv	a4,a5
   13c20:	8642                	mv	a2,a6
   13c22:	0585                	addi	a1,a1,1
   13c24:	00170793          	addi	a5,a4,1
   13c28:	f665                	bnez	a2,13c10 <strncpy+0x12>
   13c2a:	8082                	ret
   13c2c:	9732                	add	a4,a4,a2
   13c2e:	04080b63          	beqz	a6,13c84 <strncpy+0x86>
   13c32:	0785                	addi	a5,a5,1
   13c34:	fe078fa3          	sb	zero,-1(a5)
   13c38:	fee79de3          	bne	a5,a4,13c32 <strncpy+0x34>
   13c3c:	8082                	ret
   13c3e:	7f7f8737          	lui	a4,0x7f7f8
   13c42:	f7f70713          	addi	a4,a4,-129 # 7f7f7f7f <__BSS_END__+0x7f7da337>
   13c46:	feff07b7          	lui	a5,0xfeff0
   13c4a:	02071893          	slli	a7,a4,0x20
   13c4e:	eff78793          	addi	a5,a5,-257 # fffffffffefefeff <__BSS_END__+0xfffffffffefd22b7>
   13c52:	98ba                	add	a7,a7,a4
   13c54:	02079313          	slli	t1,a5,0x20
   13c58:	933e                	add	t1,t1,a5
   13c5a:	fff8c893          	not	a7,a7
   13c5e:	872a                	mv	a4,a0
   13c60:	4e1d                	li	t3,7
   13c62:	6194                	ld	a3,0(a1)
   13c64:	006687b3          	add	a5,a3,t1
   13c68:	fff6c813          	not	a6,a3
   13c6c:	0107f7b3          	and	a5,a5,a6
   13c70:	0117f7b3          	and	a5,a5,a7
   13c74:	f7dd                	bnez	a5,13c22 <strncpy+0x24>
   13c76:	1661                	addi	a2,a2,-8
   13c78:	e314                	sd	a3,0(a4)
   13c7a:	0721                	addi	a4,a4,8
   13c7c:	05a1                	addi	a1,a1,8
   13c7e:	fece62e3          	bltu	t3,a2,13c62 <strncpy+0x64>
   13c82:	b745                	j	13c22 <strncpy+0x24>
   13c84:	8082                	ret

0000000000013c86 <__localeconv_l>:
   13c86:	10050513          	addi	a0,a0,256
   13c8a:	8082                	ret

0000000000013c8c <_localeconv_r>:
   13c8c:	656d                	lui	a0,0x1b
   13c8e:	52050513          	addi	a0,a0,1312 # 1b520 <__global_locale+0x100>
   13c92:	8082                	ret

0000000000013c94 <localeconv>:
   13c94:	656d                	lui	a0,0x1b
   13c96:	52050513          	addi	a0,a0,1312 # 1b520 <__global_locale+0x100>
   13c9a:	8082                	ret

0000000000013c9c <_sbrk_r>:
   13c9c:	1101                	addi	sp,sp,-32
   13c9e:	e822                	sd	s0,16(sp)
   13ca0:	e426                	sd	s1,8(sp)
   13ca2:	84aa                	mv	s1,a0
   13ca4:	852e                	mv	a0,a1
   13ca6:	ec06                	sd	ra,24(sp)
   13ca8:	8801ac23          	sw	zero,-1896(gp) # 1b660 <errno>
   13cac:	23c040ef          	jal	17ee8 <_sbrk>
   13cb0:	57fd                	li	a5,-1
   13cb2:	00f50763          	beq	a0,a5,13cc0 <_sbrk_r+0x24>
   13cb6:	60e2                	ld	ra,24(sp)
   13cb8:	6442                	ld	s0,16(sp)
   13cba:	64a2                	ld	s1,8(sp)
   13cbc:	6105                	addi	sp,sp,32
   13cbe:	8082                	ret
   13cc0:	8981a783          	lw	a5,-1896(gp) # 1b660 <errno>
   13cc4:	dbed                	beqz	a5,13cb6 <_sbrk_r+0x1a>
   13cc6:	60e2                	ld	ra,24(sp)
   13cc8:	6442                	ld	s0,16(sp)
   13cca:	c09c                	sw	a5,0(s1)
   13ccc:	64a2                	ld	s1,8(sp)
   13cce:	6105                	addi	sp,sp,32
   13cd0:	8082                	ret

0000000000013cd2 <__libc_fini_array>:
   13cd2:	1101                	addi	sp,sp,-32
   13cd4:	e822                	sd	s0,16(sp)
   13cd6:	67ed                	lui	a5,0x1b
   13cd8:	646d                	lui	s0,0x1b
   13cda:	a8078793          	addi	a5,a5,-1408 # 1aa80 <__sglue>
   13cde:	a7840413          	addi	s0,s0,-1416 # 1aa78 <__do_global_dtors_aux_fini_array_entry>
   13ce2:	8f81                	sub	a5,a5,s0
   13ce4:	e426                	sd	s1,8(sp)
   13ce6:	ec06                	sd	ra,24(sp)
   13ce8:	4037d493          	srai	s1,a5,0x3
   13cec:	c881                	beqz	s1,13cfc <__libc_fini_array+0x2a>
   13cee:	1461                	addi	s0,s0,-8
   13cf0:	943e                	add	s0,s0,a5
   13cf2:	601c                	ld	a5,0(s0)
   13cf4:	14fd                	addi	s1,s1,-1
   13cf6:	1461                	addi	s0,s0,-8
   13cf8:	9782                	jalr	a5
   13cfa:	fce5                	bnez	s1,13cf2 <__libc_fini_array+0x20>
   13cfc:	60e2                	ld	ra,24(sp)
   13cfe:	6442                	ld	s0,16(sp)
   13d00:	64a2                	ld	s1,8(sp)
   13d02:	6105                	addi	sp,sp,32
   13d04:	8082                	ret

0000000000013d06 <memmove>:
   13d06:	02a5f163          	bgeu	a1,a0,13d28 <memmove+0x22>
   13d0a:	00c587b3          	add	a5,a1,a2
   13d0e:	00f57d63          	bgeu	a0,a5,13d28 <memmove+0x22>
   13d12:	ce05                	beqz	a2,13d4a <memmove+0x44>
   13d14:	962a                	add	a2,a2,a0
   13d16:	fff7c703          	lbu	a4,-1(a5)
   13d1a:	167d                	addi	a2,a2,-1
   13d1c:	17fd                	addi	a5,a5,-1
   13d1e:	00e60023          	sb	a4,0(a2)
   13d22:	fec51ae3          	bne	a0,a2,13d16 <memmove+0x10>
   13d26:	8082                	ret
   13d28:	47fd                	li	a5,31
   13d2a:	02c7e163          	bltu	a5,a2,13d4c <memmove+0x46>
   13d2e:	87aa                	mv	a5,a0
   13d30:	fff60693          	addi	a3,a2,-1
   13d34:	c65d                	beqz	a2,13de2 <memmove+0xdc>
   13d36:	0685                	addi	a3,a3,1 # ffffffff80000001 <__BSS_END__+0xffffffff7ffe23b9>
   13d38:	96be                	add	a3,a3,a5
   13d3a:	0005c703          	lbu	a4,0(a1)
   13d3e:	0785                	addi	a5,a5,1
   13d40:	0585                	addi	a1,a1,1
   13d42:	fee78fa3          	sb	a4,-1(a5)
   13d46:	fed79ae3          	bne	a5,a3,13d3a <memmove+0x34>
   13d4a:	8082                	ret
   13d4c:	00b567b3          	or	a5,a0,a1
   13d50:	8b9d                	andi	a5,a5,7
   13d52:	88ae                	mv	a7,a1
   13d54:	e3d9                	bnez	a5,13dda <memmove+0xd4>
   13d56:	00565793          	srli	a5,a2,0x5
   13d5a:	00579813          	slli	a6,a5,0x5
   13d5e:	982a                	add	a6,a6,a0
   13d60:	17fd                	addi	a5,a5,-1
   13d62:	872a                	mv	a4,a0
   13d64:	6194                	ld	a3,0(a1)
   13d66:	02058593          	addi	a1,a1,32
   13d6a:	02070713          	addi	a4,a4,32
   13d6e:	fed73023          	sd	a3,-32(a4)
   13d72:	fe85b683          	ld	a3,-24(a1)
   13d76:	fed73423          	sd	a3,-24(a4)
   13d7a:	ff05b683          	ld	a3,-16(a1)
   13d7e:	fed73823          	sd	a3,-16(a4)
   13d82:	ff85b683          	ld	a3,-8(a1)
   13d86:	fed73c23          	sd	a3,-8(a4)
   13d8a:	fd071de3          	bne	a4,a6,13d64 <memmove+0x5e>
   13d8e:	0796                	slli	a5,a5,0x5
   13d90:	01178733          	add	a4,a5,a7
   13d94:	02070593          	addi	a1,a4,32
   13d98:	97aa                	add	a5,a5,a0
   13d9a:	01867813          	andi	a6,a2,24
   13d9e:	02078793          	addi	a5,a5,32
   13da2:	8e2e                	mv	t3,a1
   13da4:	01f67693          	andi	a3,a2,31
   13da8:	02080e63          	beqz	a6,13de4 <memmove+0xde>
   13dac:	16e1                	addi	a3,a3,-8
   13dae:	9ae1                	andi	a3,a3,-8
   13db0:	9736                	add	a4,a4,a3
   13db2:	02870713          	addi	a4,a4,40
   13db6:	41150833          	sub	a6,a0,a7
   13dba:	0005b303          	ld	t1,0(a1)
   13dbe:	010588b3          	add	a7,a1,a6
   13dc2:	05a1                	addi	a1,a1,8
   13dc4:	0068b023          	sd	t1,0(a7)
   13dc8:	fee599e3          	bne	a1,a4,13dba <memmove+0xb4>
   13dcc:	00868713          	addi	a4,a3,8
   13dd0:	01c705b3          	add	a1,a4,t3
   13dd4:	97ba                	add	a5,a5,a4
   13dd6:	8a1d                	andi	a2,a2,7
   13dd8:	bfa1                	j	13d30 <memmove+0x2a>
   13dda:	fff60693          	addi	a3,a2,-1
   13dde:	87aa                	mv	a5,a0
   13de0:	bf99                	j	13d36 <memmove+0x30>
   13de2:	8082                	ret
   13de4:	8636                	mv	a2,a3
   13de6:	b7a9                	j	13d30 <memmove+0x2a>

0000000000013de8 <memcpy>:
   13de8:	00a5c7b3          	xor	a5,a1,a0
   13dec:	8b9d                	andi	a5,a5,7
   13dee:	00c508b3          	add	a7,a0,a2
   13df2:	e7b1                	bnez	a5,13e3e <memcpy+0x56>
   13df4:	00863613          	sltiu	a2,a2,8
   13df8:	e239                	bnez	a2,13e3e <memcpy+0x56>
   13dfa:	00757793          	andi	a5,a0,7
   13dfe:	872a                	mv	a4,a0
   13e00:	e7cd                	bnez	a5,13eaa <memcpy+0xc2>
   13e02:	ff88f613          	andi	a2,a7,-8
   13e06:	40e606b3          	sub	a3,a2,a4
   13e0a:	04000793          	li	a5,64
   13e0e:	04d7c463          	blt	a5,a3,13e56 <memcpy+0x6e>
   13e12:	86ae                	mv	a3,a1
   13e14:	87ba                	mv	a5,a4
   13e16:	02c77163          	bgeu	a4,a2,13e38 <memcpy+0x50>
   13e1a:	0006b803          	ld	a6,0(a3)
   13e1e:	07a1                	addi	a5,a5,8
   13e20:	06a1                	addi	a3,a3,8
   13e22:	ff07bc23          	sd	a6,-8(a5)
   13e26:	fec7eae3          	bltu	a5,a2,13e1a <memcpy+0x32>
   13e2a:	167d                	addi	a2,a2,-1
   13e2c:	8e19                	sub	a2,a2,a4
   13e2e:	9a61                	andi	a2,a2,-8
   13e30:	05a1                	addi	a1,a1,8
   13e32:	0721                	addi	a4,a4,8
   13e34:	95b2                	add	a1,a1,a2
   13e36:	9732                	add	a4,a4,a2
   13e38:	01176663          	bltu	a4,a7,13e44 <memcpy+0x5c>
   13e3c:	8082                	ret
   13e3e:	872a                	mv	a4,a0
   13e40:	ff157ee3          	bgeu	a0,a7,13e3c <memcpy+0x54>
   13e44:	0005c783          	lbu	a5,0(a1)
   13e48:	0705                	addi	a4,a4,1
   13e4a:	0585                	addi	a1,a1,1
   13e4c:	fef70fa3          	sb	a5,-1(a4)
   13e50:	fee89ae3          	bne	a7,a4,13e44 <memcpy+0x5c>
   13e54:	8082                	ret
   13e56:	6194                	ld	a3,0(a1)
   13e58:	0085b283          	ld	t0,8(a1)
   13e5c:	0105bf83          	ld	t6,16(a1)
   13e60:	0185bf03          	ld	t5,24(a1)
   13e64:	0205be83          	ld	t4,32(a1)
   13e68:	0285be03          	ld	t3,40(a1)
   13e6c:	0305b303          	ld	t1,48(a1)
   13e70:	0385b803          	ld	a6,56(a1)
   13e74:	e314                	sd	a3,0(a4)
   13e76:	61b4                	ld	a3,64(a1)
   13e78:	04870713          	addi	a4,a4,72
   13e7c:	fc573023          	sd	t0,-64(a4)
   13e80:	fed73c23          	sd	a3,-8(a4)
   13e84:	fdf73423          	sd	t6,-56(a4)
   13e88:	40e606b3          	sub	a3,a2,a4
   13e8c:	fde73823          	sd	t5,-48(a4)
   13e90:	fdd73c23          	sd	t4,-40(a4)
   13e94:	ffc73023          	sd	t3,-32(a4)
   13e98:	fe673423          	sd	t1,-24(a4)
   13e9c:	ff073823          	sd	a6,-16(a4)
   13ea0:	04858593          	addi	a1,a1,72
   13ea4:	fad7c9e3          	blt	a5,a3,13e56 <memcpy+0x6e>
   13ea8:	b7ad                	j	13e12 <memcpy+0x2a>
   13eaa:	0005c683          	lbu	a3,0(a1)
   13eae:	0705                	addi	a4,a4,1
   13eb0:	00777793          	andi	a5,a4,7
   13eb4:	fed70fa3          	sb	a3,-1(a4)
   13eb8:	0585                	addi	a1,a1,1
   13eba:	d7a1                	beqz	a5,13e02 <memcpy+0x1a>
   13ebc:	0005c683          	lbu	a3,0(a1)
   13ec0:	0705                	addi	a4,a4,1
   13ec2:	00777793          	andi	a5,a4,7
   13ec6:	fed70fa3          	sb	a3,-1(a4)
   13eca:	0585                	addi	a1,a1,1
   13ecc:	fff9                	bnez	a5,13eaa <memcpy+0xc2>
   13ece:	bf15                	j	13e02 <memcpy+0x1a>

0000000000013ed0 <strlen>:
   13ed0:	00757793          	andi	a5,a0,7
   13ed4:	872a                	mv	a4,a0
   13ed6:	efb1                	bnez	a5,13f32 <strlen+0x62>
   13ed8:	7f7f87b7          	lui	a5,0x7f7f8
   13edc:	f7f78793          	addi	a5,a5,-129 # 7f7f7f7f <__BSS_END__+0x7f7da337>
   13ee0:	02079693          	slli	a3,a5,0x20
   13ee4:	96be                	add	a3,a3,a5
   13ee6:	55fd                	li	a1,-1
   13ee8:	6310                	ld	a2,0(a4)
   13eea:	0721                	addi	a4,a4,8
   13eec:	00d677b3          	and	a5,a2,a3
   13ef0:	97b6                	add	a5,a5,a3
   13ef2:	8fd1                	or	a5,a5,a2
   13ef4:	8fd5                	or	a5,a5,a3
   13ef6:	feb789e3          	beq	a5,a1,13ee8 <strlen+0x18>
   13efa:	ff874783          	lbu	a5,-8(a4)
   13efe:	40a706b3          	sub	a3,a4,a0
   13f02:	c7a9                	beqz	a5,13f4c <strlen+0x7c>
   13f04:	ff974783          	lbu	a5,-7(a4)
   13f08:	cf9d                	beqz	a5,13f46 <strlen+0x76>
   13f0a:	ffa74783          	lbu	a5,-6(a4)
   13f0e:	c7a9                	beqz	a5,13f58 <strlen+0x88>
   13f10:	ffb74783          	lbu	a5,-5(a4)
   13f14:	cf9d                	beqz	a5,13f52 <strlen+0x82>
   13f16:	ffc74783          	lbu	a5,-4(a4)
   13f1a:	c3b1                	beqz	a5,13f5e <strlen+0x8e>
   13f1c:	ffd74783          	lbu	a5,-3(a4)
   13f20:	c3b1                	beqz	a5,13f64 <strlen+0x94>
   13f22:	ffe74783          	lbu	a5,-2(a4)
   13f26:	00f03533          	snez	a0,a5
   13f2a:	9536                	add	a0,a0,a3
   13f2c:	1579                	addi	a0,a0,-2
   13f2e:	8082                	ret
   13f30:	d6c5                	beqz	a3,13ed8 <strlen+0x8>
   13f32:	00074783          	lbu	a5,0(a4)
   13f36:	0705                	addi	a4,a4,1
   13f38:	00777693          	andi	a3,a4,7
   13f3c:	fbf5                	bnez	a5,13f30 <strlen+0x60>
   13f3e:	8f09                	sub	a4,a4,a0
   13f40:	fff70513          	addi	a0,a4,-1
   13f44:	8082                	ret
   13f46:	ff968513          	addi	a0,a3,-7
   13f4a:	8082                	ret
   13f4c:	ff868513          	addi	a0,a3,-8
   13f50:	8082                	ret
   13f52:	ffb68513          	addi	a0,a3,-5
   13f56:	8082                	ret
   13f58:	ffa68513          	addi	a0,a3,-6
   13f5c:	8082                	ret
   13f5e:	ffc68513          	addi	a0,a3,-4
   13f62:	8082                	ret
   13f64:	ffd68513          	addi	a0,a3,-3
   13f68:	8082                	ret

0000000000013f6a <frexpl>:
   13f6a:	715d                	addi	sp,sp,-80
   13f6c:	fc26                	sd	s1,56(sp)
   13f6e:	64a1                	lui	s1,0x8
   13f70:	e486                	sd	ra,72(sp)
   13f72:	0305d793          	srli	a5,a1,0x30
   13f76:	14fd                	addi	s1,s1,-1 # 7fff <exit-0x8121>
   13f78:	00062023          	sw	zero,0(a2)
   13f7c:	8fe5                	and	a5,a5,s1
   13f7e:	872e                	mv	a4,a1
   13f80:	832a                	mv	t1,a0
   13f82:	06978a63          	beq	a5,s1,13ff6 <frexpl+0x8c>
   13f86:	e0a2                	sd	s0,64(sp)
   13f88:	4681                	li	a3,0
   13f8a:	8432                	mv	s0,a2
   13f8c:	4601                	li	a2,0
   13f8e:	e82e                	sd	a1,16(sp)
   13f90:	e42a                	sd	a0,8(sp)
   13f92:	ec3e                	sd	a5,24(sp)
   13f94:	f02a                	sd	a0,32(sp)
   13f96:	f42e                	sd	a1,40(sp)
   13f98:	028040ef          	jal	17fc0 <__eqtf2>
   13f9c:	6322                	ld	t1,8(sp)
   13f9e:	6742                	ld	a4,16(sp)
   13fa0:	c931                	beqz	a0,13ff4 <frexpl+0x8a>
   13fa2:	67e2                	ld	a5,24(sp)
   13fa4:	4601                	li	a2,0
   13fa6:	889a                	mv	a7,t1
   13fa8:	883a                	mv	a6,a4
   13faa:	ef99                	bnez	a5,13fc8 <frexpl+0x5e>
   13fac:	040716b7          	lui	a3,0x4071
   13fb0:	851a                	mv	a0,t1
   13fb2:	85ba                	mv	a1,a4
   13fb4:	1692                	slli	a3,a3,0x24
   13fb6:	21e040ef          	jal	181d4 <__multf3>
   13fba:	0305d793          	srli	a5,a1,0x30
   13fbe:	882e                	mv	a6,a1
   13fc0:	88aa                	mv	a7,a0
   13fc2:	8fe5                	and	a5,a5,s1
   13fc4:	f8e00613          	li	a2,-114
   13fc8:	7771                	lui	a4,0xffffc
   13fca:	2709                	addiw	a4,a4,2 # ffffffffffffc002 <__BSS_END__+0xfffffffffffde3ba>
   13fcc:	9fb9                	addw	a5,a5,a4
   13fce:	f80016b7          	lui	a3,0xf8001
   13fd2:	9fb1                	addw	a5,a5,a2
   13fd4:	60a6                	ld	ra,72(sp)
   13fd6:	c01c                	sw	a5,0(s0)
   13fd8:	1692                	slli	a3,a3,0x24
   13fda:	6406                	ld	s0,64(sp)
   13fdc:	16fd                	addi	a3,a3,-1 # fffffffff8000fff <__BSS_END__+0xfffffffff7fe33b7>
   13fde:	01fff737          	lui	a4,0x1fff
   13fe2:	00d87833          	and	a6,a6,a3
   13fe6:	1716                	slli	a4,a4,0x25
   13fe8:	74e2                	ld	s1,56(sp)
   13fea:	8546                	mv	a0,a7
   13fec:	00e865b3          	or	a1,a6,a4
   13ff0:	6161                	addi	sp,sp,80
   13ff2:	8082                	ret
   13ff4:	6406                	ld	s0,64(sp)
   13ff6:	60a6                	ld	ra,72(sp)
   13ff8:	74e2                	ld	s1,56(sp)
   13ffa:	851a                	mv	a0,t1
   13ffc:	85ba                	mv	a1,a4
   13ffe:	6161                	addi	sp,sp,80
   14000:	8082                	ret

0000000000014002 <__register_exitproc>:
   14002:	8a01b783          	ld	a5,-1888(gp) # 1b668 <__atexit>
   14006:	c3a9                	beqz	a5,14048 <__register_exitproc+0x46>
   14008:	4798                	lw	a4,8(a5)
   1400a:	487d                	li	a6,31
   1400c:	06e84163          	blt	a6,a4,1406e <__register_exitproc+0x6c>
   14010:	c505                	beqz	a0,14038 <__register_exitproc+0x36>
   14012:	00371813          	slli	a6,a4,0x3
   14016:	983e                	add	a6,a6,a5
   14018:	10c83823          	sd	a2,272(a6)
   1401c:	3107a883          	lw	a7,784(a5)
   14020:	4605                	li	a2,1
   14022:	00e6163b          	sllw	a2,a2,a4
   14026:	00c8e8b3          	or	a7,a7,a2
   1402a:	3117a823          	sw	a7,784(a5)
   1402e:	20d83823          	sd	a3,528(a6)
   14032:	4689                	li	a3,2
   14034:	02d50063          	beq	a0,a3,14054 <__register_exitproc+0x52>
   14038:	0017069b          	addiw	a3,a4,1 # 1fff001 <__BSS_END__+0x1fe13b9>
   1403c:	070e                	slli	a4,a4,0x3
   1403e:	c794                	sw	a3,8(a5)
   14040:	97ba                	add	a5,a5,a4
   14042:	eb8c                	sd	a1,16(a5)
   14044:	4501                	li	a0,0
   14046:	8082                	ret
   14048:	67f9                	lui	a5,0x1e
   1404a:	93078793          	addi	a5,a5,-1744 # 1d930 <__atexit0>
   1404e:	8af1b023          	sd	a5,-1888(gp) # 1b668 <__atexit>
   14052:	bf5d                	j	14008 <__register_exitproc+0x6>
   14054:	3147a683          	lw	a3,788(a5)
   14058:	4501                	li	a0,0
   1405a:	8e55                	or	a2,a2,a3
   1405c:	0017069b          	addiw	a3,a4,1
   14060:	070e                	slli	a4,a4,0x3
   14062:	30c7aa23          	sw	a2,788(a5)
   14066:	c794                	sw	a3,8(a5)
   14068:	97ba                	add	a5,a5,a4
   1406a:	eb8c                	sd	a1,16(a5)
   1406c:	8082                	ret
   1406e:	557d                	li	a0,-1
   14070:	8082                	ret

0000000000014072 <_ldtoa_r>:
   14072:	6365                	lui	t1,0x19
   14074:	59030313          	addi	t1,t1,1424 # 19590 <blanks.1+0x20>
   14078:	00033f03          	ld	t5,0(t1)
   1407c:	00833e83          	ld	t4,8(t1)
   14080:	01032e03          	lw	t3,16(t1)
   14084:	05053303          	ld	t1,80(a0)
   14088:	7171                	addi	sp,sp,-176
   1408a:	ed26                	sd	s1,152(sp)
   1408c:	e94a                	sd	s2,144(sp)
   1408e:	e152                	sd	s4,128(sp)
   14090:	fcd6                	sd	s5,120(sp)
   14092:	f8da                	sd	s6,112(sp)
   14094:	ece6                	sd	s9,88(sp)
   14096:	e8ea                	sd	s10,80(sp)
   14098:	e4ee                	sd	s11,72(sp)
   1409a:	f506                	sd	ra,168(sp)
   1409c:	f122                	sd	s0,160(sp)
   1409e:	e54e                	sd	s3,136(sp)
   140a0:	f4de                	sd	s7,104(sp)
   140a2:	f0e2                	sd	s8,96(sp)
   140a4:	f47a                	sd	t5,40(sp)
   140a6:	f876                	sd	t4,48(sp)
   140a8:	dc72                	sw	t3,56(sp)
   140aa:	8a2a                	mv	s4,a0
   140ac:	892e                	mv	s2,a1
   140ae:	84b2                	mv	s1,a2
   140b0:	8cb6                	mv	s9,a3
   140b2:	8d3a                	mv	s10,a4
   140b4:	8abe                	mv	s5,a5
   140b6:	8b42                	mv	s6,a6
   140b8:	8dc6                	mv	s11,a7
   140ba:	00030763          	beqz	t1,140c8 <_ldtoa_r+0x56>
   140be:	859a                	mv	a1,t1
   140c0:	344010ef          	jal	15404 <__freedtoa>
   140c4:	040a3823          	sd	zero,80(s4)
   140c8:	5752                	lw	a4,52(sp)
   140ca:	0004a793          	slti	a5,s1,0
   140ce:	59fd                	li	s3,-1
   140d0:	4017569b          	sraiw	a3,a4,0x1
   140d4:	8ff5                	and	a5,a5,a3
   140d6:	8f3d                	xor	a4,a4,a5
   140d8:	da3a                	sw	a4,52(sp)
   140da:	0004a713          	slti	a4,s1,0
   140de:	00eb2023          	sw	a4,0(s6) # ffffffff80000000 <__BSS_END__+0xffffffff7ffe23b8>
   140e2:	0019d413          	srli	s0,s3,0x1
   140e6:	00149713          	slli	a4,s1,0x1
   140ea:	8c65                	and	s0,s0,s1
   140ec:	03175b93          	srli	s7,a4,0x31
   140f0:	77f1                	lui	a5,0xffffc
   140f2:	01049713          	slli	a4,s1,0x10
   140f6:	f917879b          	addiw	a5,a5,-111 # ffffffffffffbf91 <__BSS_END__+0xfffffffffffde349>
   140fa:	03075b13          	srli	s6,a4,0x30
   140fe:	86a2                	mv	a3,s0
   14100:	85a2                	mv	a1,s0
   14102:	864a                	mv	a2,s2
   14104:	854a                	mv	a0,s2
   14106:	ec4a                	sd	s2,24(sp)
   14108:	d026                	sw	s1,32(sp)
   1410a:	00fb8c3b          	addw	s8,s7,a5
   1410e:	d25a                	sw	s6,36(sp)
   14110:	6d5040ef          	jal	18fe4 <__unordtf2>
   14114:	ed55                	bnez	a0,141d0 <_ldtoa_r+0x15e>
   14116:	07fff6b7          	lui	a3,0x7fff
   1411a:	1692                	slli	a3,a3,0x24
   1411c:	96ce                	add	a3,a3,s3
   1411e:	864e                	mv	a2,s3
   14120:	854a                	mv	a0,s2
   14122:	85a2                	mv	a1,s0
   14124:	6c1040ef          	jal	18fe4 <__unordtf2>
   14128:	e135                	bnez	a0,1418c <_ldtoa_r+0x11a>
   1412a:	07fff6b7          	lui	a3,0x7fff
   1412e:	1692                	slli	a3,a3,0x24
   14130:	864e                	mv	a2,s3
   14132:	96ce                	add	a3,a3,s3
   14134:	854a                	mv	a0,s2
   14136:	85a2                	mv	a1,s0
   14138:	7e7030ef          	jal	1811e <__letf2>
   1413c:	04a05863          	blez	a0,1418c <_ldtoa_r+0x11a>
   14140:	478d                	li	a5,3
   14142:	ca3e                	sw	a5,20(sp)
   14144:	87e6                	mv	a5,s9
   14146:	0858                	addi	a4,sp,20
   14148:	e06e                	sd	s11,0(sp)
   1414a:	886a                	mv	a6,s10
   1414c:	8662                	mv	a2,s8
   1414e:	8552                	mv	a0,s4
   14150:	88d6                	mv	a7,s5
   14152:	0834                	addi	a3,sp,24
   14154:	102c                	addi	a1,sp,40
   14156:	102000ef          	jal	14258 <__gdtoa>
   1415a:	000aa703          	lw	a4,0(s5)
   1415e:	77e1                	lui	a5,0xffff8
   14160:	00f71763          	bne	a4,a5,1416e <_ldtoa_r+0xfc>
   14164:	800007b7          	lui	a5,0x80000
   14168:	17fd                	addi	a5,a5,-1 # ffffffff7fffffff <__BSS_END__+0xffffffff7ffe23b7>
   1416a:	00faa023          	sw	a5,0(s5)
   1416e:	70aa                	ld	ra,168(sp)
   14170:	740a                	ld	s0,160(sp)
   14172:	64ea                	ld	s1,152(sp)
   14174:	694a                	ld	s2,144(sp)
   14176:	69aa                	ld	s3,136(sp)
   14178:	6a0a                	ld	s4,128(sp)
   1417a:	7ae6                	ld	s5,120(sp)
   1417c:	7b46                	ld	s6,112(sp)
   1417e:	7ba6                	ld	s7,104(sp)
   14180:	7c06                	ld	s8,96(sp)
   14182:	6ce6                	ld	s9,88(sp)
   14184:	6d46                	ld	s10,80(sp)
   14186:	6da6                	ld	s11,72(sp)
   14188:	614d                	addi	sp,sp,176
   1418a:	8082                	ret
   1418c:	67e5                	lui	a5,0x19
   1418e:	5887b683          	ld	a3,1416(a5) # 19588 <blanks.1+0x18>
   14192:	85a2                	mv	a1,s0
   14194:	4601                	li	a2,0
   14196:	854a                	mv	a0,s2
   14198:	6d1030ef          	jal	18068 <__getf2>
   1419c:	00054963          	bltz	a0,141ae <_ldtoa_r+0x13c>
   141a0:	67c1                	lui	a5,0x10
   141a2:	0167e7b3          	or	a5,a5,s6
   141a6:	4705                	li	a4,1
   141a8:	d23e                	sw	a5,36(sp)
   141aa:	ca3a                	sw	a4,20(sp)
   141ac:	bf61                	j	14144 <_ldtoa_r+0xd2>
   141ae:	854a                	mv	a0,s2
   141b0:	85a6                	mv	a1,s1
   141b2:	4601                	li	a2,0
   141b4:	4681                	li	a3,0
   141b6:	60b030ef          	jal	17fc0 <__eqtf2>
   141ba:	e119                	bnez	a0,141c0 <_ldtoa_r+0x14e>
   141bc:	ca02                	sw	zero,20(sp)
   141be:	b759                	j	14144 <_ldtoa_r+0xd2>
   141c0:	77f1                	lui	a5,0xffffc
   141c2:	f927879b          	addiw	a5,a5,-110 # ffffffffffffbf92 <__BSS_END__+0xfffffffffffde34a>
   141c6:	4709                	li	a4,2
   141c8:	00fb8c3b          	addw	s8,s7,a5
   141cc:	ca3a                	sw	a4,20(sp)
   141ce:	bf9d                	j	14144 <_ldtoa_r+0xd2>
   141d0:	4791                	li	a5,4
   141d2:	ca3e                	sw	a5,20(sp)
   141d4:	bf85                	j	14144 <_ldtoa_r+0xd2>

00000000000141d6 <_ldcheck>:
   141d6:	7179                	addi	sp,sp,-48
   141d8:	ec26                	sd	s1,24(sp)
   141da:	6504                	ld	s1,8(a0)
   141dc:	e84a                	sd	s2,16(sp)
   141de:	e44e                	sd	s3,8(sp)
   141e0:	00053903          	ld	s2,0(a0)
   141e4:	59fd                	li	s3,-1
   141e6:	0019d793          	srli	a5,s3,0x1
   141ea:	8cfd                	and	s1,s1,a5
   141ec:	86a6                	mv	a3,s1
   141ee:	85a6                	mv	a1,s1
   141f0:	864a                	mv	a2,s2
   141f2:	854a                	mv	a0,s2
   141f4:	f406                	sd	ra,40(sp)
   141f6:	5ef040ef          	jal	18fe4 <__unordtf2>
   141fa:	e921                	bnez	a0,1424a <_ldcheck+0x74>
   141fc:	07fff6b7          	lui	a3,0x7fff
   14200:	1692                	slli	a3,a3,0x24
   14202:	96ce                	add	a3,a3,s3
   14204:	864e                	mv	a2,s3
   14206:	854a                	mv	a0,s2
   14208:	85a6                	mv	a1,s1
   1420a:	f022                	sd	s0,32(sp)
   1420c:	4405                	li	s0,1
   1420e:	5d7040ef          	jal	18fe4 <__unordtf2>
   14212:	cd11                	beqz	a0,1422e <_ldcheck+0x58>
   14214:	70a2                	ld	ra,40(sp)
   14216:	00144513          	xori	a0,s0,1
   1421a:	7402                	ld	s0,32(sp)
   1421c:	0ff57513          	zext.b	a0,a0
   14220:	64e2                	ld	s1,24(sp)
   14222:	6942                	ld	s2,16(sp)
   14224:	69a2                	ld	s3,8(sp)
   14226:	0015151b          	slliw	a0,a0,0x1
   1422a:	6145                	addi	sp,sp,48
   1422c:	8082                	ret
   1422e:	07fff7b7          	lui	a5,0x7fff
   14232:	1792                	slli	a5,a5,0x24
   14234:	864e                	mv	a2,s3
   14236:	013786b3          	add	a3,a5,s3
   1423a:	854a                	mv	a0,s2
   1423c:	85a6                	mv	a1,s1
   1423e:	6e1030ef          	jal	1811e <__letf2>
   14242:	fca059e3          	blez	a0,14214 <_ldcheck+0x3e>
   14246:	4401                	li	s0,0
   14248:	b7f1                	j	14214 <_ldcheck+0x3e>
   1424a:	70a2                	ld	ra,40(sp)
   1424c:	64e2                	ld	s1,24(sp)
   1424e:	6942                	ld	s2,16(sp)
   14250:	69a2                	ld	s3,8(sp)
   14252:	4505                	li	a0,1
   14254:	6145                	addi	sp,sp,48
   14256:	8082                	ret

0000000000014258 <__gdtoa>:
   14258:	00072303          	lw	t1,0(a4)
   1425c:	7111                	addi	sp,sp,-256
   1425e:	f9a2                	sd	s0,240(sp)
   14260:	6412                	ld	s0,256(sp)
   14262:	edce                	sd	s3,216(sp)
   14264:	fcf37e13          	andi	t3,t1,-49
   14268:	fd86                	sd	ra,248(sp)
   1426a:	01c72023          	sw	t3,0(a4)
   1426e:	4e8d                	li	t4,3
   14270:	00f37e13          	andi	t3,t1,15
   14274:	89a2                	mv	s3,s0
   14276:	27de0863          	beq	t3,t4,144e6 <__gdtoa+0x28e>
   1427a:	fd5e                	sd	s7,184(sp)
   1427c:	00c37413          	andi	s0,t1,12
   14280:	8ba2                	mv	s7,s0
   14282:	1c041263          	bnez	s0,14446 <__gdtoa+0x1ee>
   14286:	e9d2                	sd	s4,208(sp)
   14288:	f962                	sd	s8,176(sp)
   1428a:	f566                	sd	s9,168(sp)
   1428c:	f16a                	sd	s10,160(sp)
   1428e:	ed6e                	sd	s11,152(sp)
   14290:	e03a                	sd	a4,0(sp)
   14292:	8a2a                	mv	s4,a0
   14294:	8cc6                	mv	s9,a7
   14296:	8c36                	mv	s8,a3
   14298:	8d32                	mv	s10,a2
   1429a:	8dae                	mv	s11,a1
   1429c:	200e0e63          	beqz	t3,144b8 <__gdtoa+0x260>
   142a0:	4194                	lw	a3,0(a1)
   142a2:	e5d6                	sd	s5,200(sp)
   142a4:	e1da                	sd	s6,192(sp)
   142a6:	8abe                	mv	s5,a5
   142a8:	02000793          	li	a5,32
   142ac:	8b42                	mv	s6,a6
   142ae:	4581                	li	a1,0
   142b0:	00d7d763          	bge	a5,a3,142be <__gdtoa+0x66>
   142b4:	0017979b          	slliw	a5,a5,0x1
   142b8:	2585                	addiw	a1,a1,1
   142ba:	fed7cde3          	blt	a5,a3,142b4 <__gdtoa+0x5c>
   142be:	8552                	mv	a0,s4
   142c0:	e836                	sd	a3,16(sp)
   142c2:	e41a                	sd	t1,8(sp)
   142c4:	3ae010ef          	jal	15672 <_Balloc>
   142c8:	6322                	ld	t1,8(sp)
   142ca:	66c2                	ld	a3,16(sp)
   142cc:	842a                	mv	s0,a0
   142ce:	1c050063          	beqz	a0,1448e <__gdtoa+0x236>
   142d2:	fff6871b          	addiw	a4,a3,-1 # 7ffefff <__BSS_END__+0x7fe13b7>
   142d6:	4057571b          	sraiw	a4,a4,0x5
   142da:	070a                	slli	a4,a4,0x2
   142dc:	87e2                	mv	a5,s8
   142de:	00ec0533          	add	a0,s8,a4
   142e2:	01840613          	addi	a2,s0,24
   142e6:	438c                	lw	a1,0(a5)
   142e8:	0791                	addi	a5,a5,4 # 7fff004 <__BSS_END__+0x7fe13bc>
   142ea:	0611                	addi	a2,a2,4
   142ec:	feb62e23          	sw	a1,-4(a2)
   142f0:	fef57be3          	bgeu	a0,a5,142e6 <__gdtoa+0x8e>
   142f4:	001c0793          	addi	a5,s8,1
   142f8:	0505                	addi	a0,a0,1
   142fa:	00f53533          	sltu	a0,a0,a5
   142fe:	157d                	addi	a0,a0,-1
   14300:	8f69                	and	a4,a4,a0
   14302:	0711                	addi	a4,a4,4
   14304:	40275793          	srai	a5,a4,0x2
   14308:	9722                	add	a4,a4,s0
   1430a:	a021                	j	14312 <__gdtoa+0xba>
   1430c:	1771                	addi	a4,a4,-4
   1430e:	1e078a63          	beqz	a5,14502 <__gdtoa+0x2aa>
   14312:	4b50                	lw	a2,20(a4)
   14314:	85be                	mv	a1,a5
   14316:	37fd                	addiw	a5,a5,-1
   14318:	da75                	beqz	a2,1430c <__gdtoa+0xb4>
   1431a:	078a                	slli	a5,a5,0x2
   1431c:	97a2                	add	a5,a5,s0
   1431e:	4f88                	lw	a0,24(a5)
   14320:	c84c                	sw	a1,20(s0)
   14322:	ec1a                	sd	t1,24(sp)
   14324:	e836                	sd	a3,16(sp)
   14326:	e42e                	sd	a1,8(sp)
   14328:	59c010ef          	jal	158c4 <__hi0bits>
   1432c:	65a2                	ld	a1,8(sp)
   1432e:	6362                	ld	t1,24(sp)
   14330:	66c2                	ld	a3,16(sp)
   14332:	0055959b          	slliw	a1,a1,0x5
   14336:	40a587bb          	subw	a5,a1,a0
   1433a:	8522                	mv	a0,s0
   1433c:	ec3e                	sd	a5,24(sp)
   1433e:	e836                	sd	a3,16(sp)
   14340:	e41a                	sd	t1,8(sp)
   14342:	2f0010ef          	jal	15632 <__trailz_D2A>
   14346:	c72a                	sw	a0,140(sp)
   14348:	6322                	ld	t1,8(sp)
   1434a:	66c2                	ld	a3,16(sp)
   1434c:	67e2                	ld	a5,24(sp)
   1434e:	866a                	mv	a2,s10
   14350:	3a051b63          	bnez	a0,14706 <__gdtoa+0x4ae>
   14354:	4858                	lw	a4,20(s0)
   14356:	14070b63          	beqz	a4,144ac <__gdtoa+0x254>
   1435a:	016c                	addi	a1,sp,140
   1435c:	8522                	mv	a0,s0
   1435e:	f03e                	sd	a5,32(sp)
   14360:	ec36                	sd	a3,24(sp)
   14362:	e832                	sd	a2,16(sp)
   14364:	e41a                	sd	t1,8(sp)
   14366:	f5a6                	sd	s1,232(sp)
   14368:	509010ef          	jal	16070 <__b2d>
   1436c:	e2050753          	fmv.x.d	a4,fa0
   14370:	3ff00537          	lui	a0,0x3ff00
   14374:	686d                	lui	a6,0x1b
   14376:	00c71593          	slli	a1,a4,0xc
   1437a:	02071f13          	slli	t5,a4,0x20
   1437e:	02c5d713          	srli	a4,a1,0x2c
   14382:	00a765b3          	or	a1,a4,a0
   14386:	02059713          	slli	a4,a1,0x20
   1438a:	020f5f13          	srli	t5,t5,0x20
   1438e:	00ef6f33          	or	t5,t5,a4
   14392:	f20f07d3          	fmv.d.x	fa5,t5
   14396:	5c883707          	fld	fa4,1480(a6) # 1b5c8 <__SDATA_BEGIN__>
   1439a:	8081b687          	fld	fa3,-2040(gp) # 1b5d0 <__SDATA_BEGIN__+0x8>
   1439e:	0ae7f753          	fsub.d	fa4,fa5,fa4
   143a2:	8101b787          	fld	fa5,-2032(gp) # 1b5d8 <__SDATA_BEGIN__+0x10>
   143a6:	6642                	ld	a2,16(sp)
   143a8:	7782                	ld	a5,32(sp)
   143aa:	852e                	mv	a0,a1
   143ac:	7ad77743          	fmadd.d	fa4,fa4,fa3,fa5
   143b0:	00f608bb          	addw	a7,a2,a5
   143b4:	fff8859b          	addiw	a1,a7,-1
   143b8:	8181b687          	fld	fa3,-2024(gp) # 1b5e0 <__SDATA_BEGIN__+0x18>
   143bc:	d20587d3          	fcvt.d.w	fa5,a1
   143c0:	6322                	ld	t1,8(sp)
   143c2:	66e2                	ld	a3,24(sp)
   143c4:	72d7f7c3          	fmadd.d	fa5,fa5,fa3,fa4
   143c8:	872e                	mv	a4,a1
   143ca:	0005d563          	bgez	a1,143d4 <__gdtoa+0x17c>
   143ce:	4705                	li	a4,1
   143d0:	4117073b          	subw	a4,a4,a7
   143d4:	bcb7071b          	addiw	a4,a4,-1077
   143d8:	00e05863          	blez	a4,143e8 <__gdtoa+0x190>
   143dc:	8201b707          	fld	fa4,-2016(gp) # 1b5e8 <__SDATA_BEGIN__+0x20>
   143e0:	d20706d3          	fcvt.d.w	fa3,a4
   143e4:	7ae6f7c3          	fmadd.d	fa5,fa3,fa4,fa5
   143e8:	f2000753          	fmv.d.x	fa4,zero
   143ec:	c2079853          	fcvt.w.d	a6,fa5,rtz
   143f0:	a2e79753          	flt.d	a4,fa5,fa4
   143f4:	42071863          	bnez	a4,14824 <__gdtoa+0x5cc>
   143f8:	0145971b          	slliw	a4,a1,0x14
   143fc:	1f02                	slli	t5,t5,0x20
   143fe:	9f29                	addw	a4,a4,a0
   14400:	1702                	slli	a4,a4,0x20
   14402:	020f5f13          	srli	t5,t5,0x20
   14406:	40b785bb          	subw	a1,a5,a1
   1440a:	00ef6f33          	or	t5,t5,a4
   1440e:	fff58e9b          	addiw	t4,a1,-1
   14412:	4759                	li	a4,22
   14414:	8e76                	mv	t3,t4
   14416:	0f076963          	bltu	a4,a6,14508 <__gdtoa+0x2b0>
   1441a:	6565                	lui	a0,0x19
   1441c:	60850513          	addi	a0,a0,1544 # 19608 <__mprec_tens>
   14420:	00381713          	slli	a4,a6,0x3
   14424:	972a                	add	a4,a4,a0
   14426:	231c                	fld	fa5,0(a4)
   14428:	f20f0753          	fmv.d.x	fa4,t5
   1442c:	a2f71753          	flt.d	a4,fa4,fa5
   14430:	30071363          	bnez	a4,14736 <__gdtoa+0x4de>
   14434:	0cb052e3          	blez	a1,14cf8 <__gdtoa+0xaa0>
   14438:	01d80ebb          	addw	t4,a6,t4
   1443c:	f082                	sd	zero,96(sp)
   1443e:	e8c2                	sd	a6,80(sp)
   14440:	e802                	sd	zero,16(sp)
   14442:	e482                	sd	zero,72(sp)
   14444:	a0cd                	j	14526 <__gdtoa+0x2ce>
   14446:	4791                	li	a5,4
   14448:	04fe1a63          	bne	t3,a5,1449c <__gdtoa+0x244>
   1444c:	744e                	ld	s0,240(sp)
   1444e:	7bea                	ld	s7,184(sp)
   14450:	70ee                	ld	ra,248(sp)
   14452:	77e1                	lui	a5,0xffff8
   14454:	864e                	mv	a2,s3
   14456:	69ee                	ld	s3,216(sp)
   14458:	65e5                	lui	a1,0x19
   1445a:	00f8a023          	sw	a5,0(a7)
   1445e:	86f6                	mv	a3,t4
   14460:	2a058593          	addi	a1,a1,672 # 192a0 <__clzdi2+0xb4>
   14464:	6111                	addi	sp,sp,256
   14466:	72d0006f          	j	15392 <__nrv_alloc_D2A>
   1446a:	85fa                	mv	a1,t5
   1446c:	8552                	mv	a0,s4
   1446e:	fc3a                	sd	a4,56(sp)
   14470:	f872                	sd	t3,48(sp)
   14472:	f442                	sd	a6,40(sp)
   14474:	f03e                	sd	a5,32(sp)
   14476:	ec46                	sd	a7,24(sp)
   14478:	09d010ef          	jal	15d14 <__lshift>
   1447c:	68e2                	ld	a7,24(sp)
   1447e:	7782                	ld	a5,32(sp)
   14480:	7822                	ld	a6,40(sp)
   14482:	7e42                	ld	t3,48(sp)
   14484:	7762                	ld	a4,56(sp)
   14486:	8f2a                	mv	t5,a0
   14488:	4e051163          	bnez	a0,1496a <__gdtoa+0x712>
   1448c:	74ae                	ld	s1,232(sp)
   1448e:	6a4e                	ld	s4,208(sp)
   14490:	6aae                	ld	s5,200(sp)
   14492:	6b0e                	ld	s6,192(sp)
   14494:	7c4a                	ld	s8,176(sp)
   14496:	7caa                	ld	s9,168(sp)
   14498:	7d0a                	ld	s10,160(sp)
   1449a:	6dea                	ld	s11,152(sp)
   1449c:	4701                	li	a4,0
   1449e:	70ee                	ld	ra,248(sp)
   144a0:	744e                	ld	s0,240(sp)
   144a2:	7bea                	ld	s7,184(sp)
   144a4:	69ee                	ld	s3,216(sp)
   144a6:	853a                	mv	a0,a4
   144a8:	6111                	addi	sp,sp,256
   144aa:	8082                	ret
   144ac:	85a2                	mv	a1,s0
   144ae:	8552                	mv	a0,s4
   144b0:	226010ef          	jal	156d6 <_Bfree>
   144b4:	6aae                	ld	s5,200(sp)
   144b6:	6b0e                	ld	s6,192(sp)
   144b8:	4685                	li	a3,1
   144ba:	65e5                	lui	a1,0x19
   144bc:	864e                	mv	a2,s3
   144be:	8552                	mv	a0,s4
   144c0:	00dca023          	sw	a3,0(s9)
   144c4:	28858593          	addi	a1,a1,648 # 19288 <__clzdi2+0x9c>
   144c8:	6cb000ef          	jal	15392 <__nrv_alloc_D2A>
   144cc:	70ee                	ld	ra,248(sp)
   144ce:	744e                	ld	s0,240(sp)
   144d0:	872a                	mv	a4,a0
   144d2:	6a4e                	ld	s4,208(sp)
   144d4:	7c4a                	ld	s8,176(sp)
   144d6:	7caa                	ld	s9,168(sp)
   144d8:	7d0a                	ld	s10,160(sp)
   144da:	6dea                	ld	s11,152(sp)
   144dc:	7bea                	ld	s7,184(sp)
   144de:	69ee                	ld	s3,216(sp)
   144e0:	853a                	mv	a0,a4
   144e2:	6111                	addi	sp,sp,256
   144e4:	8082                	ret
   144e6:	8622                	mv	a2,s0
   144e8:	744e                	ld	s0,240(sp)
   144ea:	70ee                	ld	ra,248(sp)
   144ec:	69ee                	ld	s3,216(sp)
   144ee:	77e1                	lui	a5,0xffff8
   144f0:	65e5                	lui	a1,0x19
   144f2:	00f8a023          	sw	a5,0(a7)
   144f6:	29058593          	addi	a1,a1,656 # 19290 <__clzdi2+0xa4>
   144fa:	46a1                	li	a3,8
   144fc:	6111                	addi	sp,sp,256
   144fe:	6950006f          	j	15392 <__nrv_alloc_D2A>
   14502:	00042a23          	sw	zero,20(s0)
   14506:	bd15                	j	1433a <__gdtoa+0xe2>
   14508:	4705                	li	a4,1
   1450a:	f0ba                	sd	a4,96(sp)
   1450c:	e802                	sd	zero,16(sp)
   1450e:	200e4d63          	bltz	t3,14728 <__gdtoa+0x4d0>
   14512:	20085663          	bgez	a6,1471e <__gdtoa+0x4c6>
   14516:	6742                	ld	a4,16(sp)
   14518:	e882                	sd	zero,80(sp)
   1451a:	4107073b          	subw	a4,a4,a6
   1451e:	e83a                	sd	a4,16(sp)
   14520:	4100073b          	negw	a4,a6
   14524:	e4ba                	sd	a4,72(sp)
   14526:	4725                	li	a4,9
   14528:	2d576863          	bltu	a4,s5,147f8 <__gdtoa+0x5a0>
   1452c:	4715                	li	a4,5
   1452e:	55575163          	bge	a4,s5,14a70 <__gdtoa+0x818>
   14532:	ffca851b          	addiw	a0,s5,-4
   14536:	4591                	li	a1,4
   14538:	8aaa                	mv	s5,a0
   1453a:	2eb50d63          	beq	a0,a1,14834 <__gdtoa+0x5dc>
   1453e:	6ee50263          	beq	a0,a4,14c22 <__gdtoa+0x9ca>
   14542:	4709                	li	a4,2
   14544:	f482                	sd	zero,104(sp)
   14546:	4481                	li	s1,0
   14548:	2ee50963          	beq	a0,a4,1483a <__gdtoa+0x5e2>
   1454c:	4a8d                	li	s5,3
   1454e:	010b073b          	addw	a4,s6,a6
   14552:	f8ba                	sd	a4,112(sp)
   14554:	0017089b          	addiw	a7,a4,1
   14558:	6d105263          	blez	a7,14c1c <__gdtoa+0x9c4>
   1455c:	8746                	mv	a4,a7
   1455e:	85c6                	mv	a1,a7
   14560:	8552                	mv	a0,s4
   14562:	c73a                	sw	a4,140(sp)
   14564:	e0fa                	sd	t5,64(sp)
   14566:	fc76                	sd	t4,56(sp)
   14568:	f83e                	sd	a5,48(sp)
   1456a:	f436                	sd	a3,40(sp)
   1456c:	f042                	sd	a6,32(sp)
   1456e:	ec32                	sd	a2,24(sp)
   14570:	e446                	sd	a7,8(sp)
   14572:	ec9a                	sd	t1,88(sp)
   14574:	5db000ef          	jal	1534e <__rv_alloc_D2A>
   14578:	872a                	mv	a4,a0
   1457a:	f00509e3          	beqz	a0,1448c <__gdtoa+0x234>
   1457e:	00cdae03          	lw	t3,12(s11)
   14582:	68a2                	ld	a7,8(sp)
   14584:	6662                	ld	a2,24(sp)
   14586:	3e7d                	addiw	t3,t3,-1
   14588:	7802                	ld	a6,32(sp)
   1458a:	76a2                	ld	a3,40(sp)
   1458c:	77c2                	ld	a5,48(sp)
   1458e:	7ee2                	ld	t4,56(sp)
   14590:	6f06                	ld	t5,64(sp)
   14592:	000e0d63          	beqz	t3,145ac <__gdtoa+0x354>
   14596:	6366                	ld	t1,88(sp)
   14598:	000e5363          	bgez	t3,1459e <__gdtoa+0x346>
   1459c:	4e09                	li	t3,2
   1459e:	10037313          	andi	t1,t1,256
   145a2:	1e030563          	beqz	t1,1478c <__gdtoa+0x534>
   145a6:	458d                	li	a1,3
   145a8:	41c58e3b          	subw	t3,a1,t3
   145ac:	00f8b593          	sltiu	a1,a7,15
   145b0:	1c058e63          	beqz	a1,1478c <__gdtoa+0x534>
   145b4:	1c048c63          	beqz	s1,1478c <__gdtoa+0x534>
   145b8:	010e65b3          	or	a1,t3,a6
   145bc:	2581                	sext.w	a1,a1
   145be:	1c059763          	bnez	a1,1478c <__gdtoa+0x534>
   145c2:	7586                	ld	a1,96(sp)
   145c4:	c702                	sw	zero,140(sp)
   145c6:	f20f06d3          	fmv.d.x	fa3,t5
   145ca:	c599                	beqz	a1,145d8 <__gdtoa+0x380>
   145cc:	8301b787          	fld	fa5,-2000(gp) # 1b5f8 <__SDATA_BEGIN__+0x30>
   145d0:	a2f695d3          	flt.d	a1,fa3,fa5
   145d4:	16059463          	bnez	a1,1473c <__gdtoa+0x4e4>
   145d8:	8381b787          	fld	fa5,-1992(gp) # 1b600 <__SDATA_BEGIN__+0x38>
   145dc:	fcc00537          	lui	a0,0xfcc00
   145e0:	a43e                	fsd	fa5,8(sp)
   145e2:	2722                	fld	fa4,8(sp)
   145e4:	8401b787          	fld	fa5,-1984(gp) # 1b608 <__SDATA_BEGIN__+0x40>
   145e8:	7ae6f7c3          	fmadd.d	fa5,fa3,fa4,fa5
   145ec:	e20785d3          	fmv.x.d	a1,fa5
   145f0:	02059e13          	slli	t3,a1,0x20
   145f4:	9181                	srli	a1,a1,0x20
   145f6:	9da9                	addw	a1,a1,a0
   145f8:	020e5e13          	srli	t3,t3,0x20
   145fc:	1582                	slli	a1,a1,0x20
   145fe:	00be6e33          	or	t3,t3,a1
   14602:	16088463          	beqz	a7,1476a <__gdtoa+0x512>
   14606:	22d687d3          	fmv.d	fa5,fa3
   1460a:	4581                	li	a1,0
   1460c:	8fc6                	mv	t6,a7
   1460e:	6565                	lui	a0,0x19
   14610:	ffff831b          	addiw	t1,t6,-1
   14614:	74a6                	ld	s1,104(sp)
   14616:	60850513          	addi	a0,a0,1544 # 19608 <__mprec_tens>
   1461a:	030e                	slli	t1,t1,0x3
   1461c:	932a                	add	t1,t1,a0
   1461e:	00033607          	fld	fa2,0(t1)
   14622:	120486e3          	beqz	s1,14f4e <__gdtoa+0xcf6>
   14626:	8601b707          	fld	fa4,-1952(gp) # 1b628 <__SDATA_BEGIN__+0x60>
   1462a:	c20792d3          	fcvt.w.d	t0,fa5,rtz
   1462e:	00170313          	addi	t1,a4,1
   14632:	1ac77753          	fdiv.d	fa4,fa4,fa2
   14636:	d20286d3          	fcvt.d.w	fa3,t0
   1463a:	0302829b          	addiw	t0,t0,48 # 10950 <__call_exitprocs+0x16>
   1463e:	00570023          	sb	t0,0(a4)
   14642:	0ad7f7d3          	fsub.d	fa5,fa5,fa3
   14646:	f20e06d3          	fmv.d.x	fa3,t3
   1464a:	0ad77753          	fsub.d	fa4,fa4,fa3
   1464e:	a2e79e53          	flt.d	t3,fa5,fa4
   14652:	2c0e16e3          	bnez	t3,1511e <__gdtoa+0xec6>
   14656:	8301b587          	fld	fa1,-2000(gp) # 1b5f8 <__SDATA_BEGIN__+0x30>
   1465a:	8481b607          	fld	fa2,-1976(gp) # 1b610 <__SDATA_BEGIN__+0x48>
   1465e:	a80d                	j	14690 <__gdtoa+0x438>
   14660:	4e3a                	lw	t3,140(sp)
   14662:	0305                	addi	t1,t1,1
   14664:	2e05                	addiw	t3,t3,1
   14666:	c772                	sw	t3,140(sp)
   14668:	39fe59e3          	bge	t3,t6,151fa <__gdtoa+0xfa2>
   1466c:	12c7f7d3          	fmul.d	fa5,fa5,fa2
   14670:	12c77753          	fmul.d	fa4,fa4,fa2
   14674:	c2079e53          	fcvt.w.d	t3,fa5,rtz
   14678:	d20e06d3          	fcvt.d.w	fa3,t3
   1467c:	030e0e1b          	addiw	t3,t3,48
   14680:	ffc30fa3          	sb	t3,-1(t1)
   14684:	0ad7f7d3          	fsub.d	fa5,fa5,fa3
   14688:	a2e79e53          	flt.d	t3,fa5,fa4
   1468c:	280e19e3          	bnez	t3,1511e <__gdtoa+0xec6>
   14690:	0af5f6d3          	fsub.d	fa3,fa1,fa5
   14694:	a2e69e53          	flt.d	t3,fa3,fa4
   14698:	fc0e04e3          	beqz	t3,14660 <__gdtoa+0x408>
   1469c:	fff34683          	lbu	a3,-1(t1)
   146a0:	03900613          	li	a2,57
   146a4:	a031                	j	146b0 <__gdtoa+0x458>
   146a6:	18f70ae3          	beq	a4,a5,1503a <__gdtoa+0xde2>
   146aa:	fff7c683          	lbu	a3,-1(a5) # ffffffffffff7fff <__BSS_END__+0xfffffffffffda3b7>
   146ae:	833e                	mv	t1,a5
   146b0:	fff30793          	addi	a5,t1,-1
   146b4:	fec689e3          	beq	a3,a2,146a6 <__gdtoa+0x44e>
   146b8:	0685                	addi	a3,a3,1
   146ba:	00d78023          	sb	a3,0(a5)
   146be:	0015861b          	addiw	a2,a1,1
   146c2:	02000b93          	li	s7,32
   146c6:	85a2                	mv	a1,s0
   146c8:	8552                	mv	a0,s4
   146ca:	ec3a                	sd	a4,24(sp)
   146cc:	e832                	sd	a2,16(sp)
   146ce:	e41a                	sd	t1,8(sp)
   146d0:	006010ef          	jal	156d6 <_Bfree>
   146d4:	6322                	ld	t1,8(sp)
   146d6:	6642                	ld	a2,16(sp)
   146d8:	6762                	ld	a4,24(sp)
   146da:	00030023          	sb	zero,0(t1)
   146de:	00cca023          	sw	a2,0(s9)
   146e2:	00098463          	beqz	s3,146ea <__gdtoa+0x492>
   146e6:	0069b023          	sd	t1,0(s3)
   146ea:	6682                	ld	a3,0(sp)
   146ec:	74ae                	ld	s1,232(sp)
   146ee:	6a4e                	ld	s4,208(sp)
   146f0:	429c                	lw	a5,0(a3)
   146f2:	6aae                	ld	s5,200(sp)
   146f4:	6b0e                	ld	s6,192(sp)
   146f6:	00fbe7b3          	or	a5,s7,a5
   146fa:	7c4a                	ld	s8,176(sp)
   146fc:	7caa                	ld	s9,168(sp)
   146fe:	7d0a                	ld	s10,160(sp)
   14700:	6dea                	ld	s11,152(sp)
   14702:	c29c                	sw	a5,0(a3)
   14704:	bb69                	j	1449e <__gdtoa+0x246>
   14706:	85aa                	mv	a1,a0
   14708:	8522                	mv	a0,s0
   1470a:	685000ef          	jal	1558e <__rshift_D2A>
   1470e:	463a                	lw	a2,140(sp)
   14710:	67e2                	ld	a5,24(sp)
   14712:	66c2                	ld	a3,16(sp)
   14714:	6322                	ld	t1,8(sp)
   14716:	9f91                	subw	a5,a5,a2
   14718:	01a6063b          	addw	a2,a2,s10
   1471c:	b925                	j	14354 <__gdtoa+0xfc>
   1471e:	01d80ebb          	addw	t4,a6,t4
   14722:	e8c2                	sd	a6,80(sp)
   14724:	e482                	sd	zero,72(sp)
   14726:	b501                	j	14526 <__gdtoa+0x2ce>
   14728:	4705                	li	a4,1
   1472a:	9f0d                	subw	a4,a4,a1
   1472c:	e83a                	sd	a4,16(sp)
   1472e:	4e81                	li	t4,0
   14730:	de0843e3          	bltz	a6,14516 <__gdtoa+0x2be>
   14734:	b7ed                	j	1471e <__gdtoa+0x4c6>
   14736:	387d                	addiw	a6,a6,-1
   14738:	f082                	sd	zero,96(sp)
   1473a:	bbc9                	j	1450c <__gdtoa+0x2b4>
   1473c:	180896e3          	bnez	a7,150c8 <__gdtoa+0xe70>
   14740:	8381b787          	fld	fa5,-1992(gp) # 1b600 <__SDATA_BEGIN__+0x38>
   14744:	fcc00537          	lui	a0,0xfcc00
   14748:	a43e                	fsd	fa5,8(sp)
   1474a:	2722                	fld	fa4,8(sp)
   1474c:	8401b787          	fld	fa5,-1984(gp) # 1b608 <__SDATA_BEGIN__+0x40>
   14750:	7ad777c3          	fmadd.d	fa5,fa4,fa3,fa5
   14754:	e20785d3          	fmv.x.d	a1,fa5
   14758:	02059e13          	slli	t3,a1,0x20
   1475c:	9181                	srli	a1,a1,0x20
   1475e:	9da9                	addw	a1,a1,a0
   14760:	020e5e13          	srli	t3,t3,0x20
   14764:	1582                	slli	a1,a1,0x20
   14766:	00be6e33          	or	t3,t3,a1
   1476a:	8581b787          	fld	fa5,-1960(gp) # 1b620 <__SDATA_BEGIN__+0x58>
   1476e:	0af6f6d3          	fsub.d	fa3,fa3,fa5
   14772:	f20e07d3          	fmv.d.x	fa5,t3
   14776:	a2d795d3          	flt.d	a1,fa5,fa3
   1477a:	08059de3          	bnez	a1,15014 <__gdtoa+0xdbc>
   1477e:	22f797d3          	fneg.d	fa5,fa5
   14782:	a2f695d3          	flt.d	a1,fa3,fa5
   14786:	48059063          	bnez	a1,14c06 <__gdtoa+0x9ae>
   1478a:	4e01                	li	t3,0
   1478c:	fff64593          	not	a1,a2
   14790:	01f5d59b          	srliw	a1,a1,0x1f
   14794:	cdcd                	beqz	a1,1484e <__gdtoa+0x5f6>
   14796:	00f82593          	slti	a1,a6,15
   1479a:	c9d5                	beqz	a1,1484e <__gdtoa+0x5f6>
   1479c:	6565                	lui	a0,0x19
   1479e:	60850513          	addi	a0,a0,1544 # 19608 <__mprec_tens>
   147a2:	00381693          	slli	a3,a6,0x3
   147a6:	96aa                	add	a3,a3,a0
   147a8:	01fb579b          	srliw	a5,s6,0x1f
   147ac:	2298                	fld	fa4,0(a3)
   147ae:	30078863          	beqz	a5,14abe <__gdtoa+0x866>
   147b2:	31104663          	bgtz	a7,14abe <__gdtoa+0x866>
   147b6:	44089863          	bnez	a7,14c06 <__gdtoa+0x9ae>
   147ba:	8581b787          	fld	fa5,-1960(gp) # 1b620 <__SDATA_BEGIN__+0x58>
   147be:	12f77753          	fmul.d	fa4,fa4,fa5
   147c2:	f20f07d3          	fmv.d.x	fa5,t5
   147c6:	a2e787d3          	fle.d	a5,fa5,fa4
   147ca:	42079e63          	bnez	a5,14c06 <__gdtoa+0x9ae>
   147ce:	03100793          	li	a5,49
   147d2:	00170313          	addi	t1,a4,1
   147d6:	00f70023          	sb	a5,0(a4)
   147da:	4581                	li	a1,0
   147dc:	8552                	mv	a0,s4
   147de:	ec42                	sd	a6,24(sp)
   147e0:	e83a                	sd	a4,16(sp)
   147e2:	e41a                	sd	t1,8(sp)
   147e4:	6f3000ef          	jal	156d6 <_Bfree>
   147e8:	6862                	ld	a6,24(sp)
   147ea:	6322                	ld	t1,8(sp)
   147ec:	6742                	ld	a4,16(sp)
   147ee:	0028061b          	addiw	a2,a6,2
   147f2:	02000b93          	li	s7,32
   147f6:	bdc1                	j	146c6 <__gdtoa+0x46e>
   147f8:	3fd8889b          	addiw	a7,a7,1021
   147fc:	7f88b493          	sltiu	s1,a7,2040
   14800:	4a81                	li	s5,0
   14802:	8281b707          	fld	fa4,-2008(gp) # 1b5f0 <__SDATA_BEGIN__+0x28>
   14806:	d20687d3          	fcvt.d.w	fa5,a3
   1480a:	577d                	li	a4,-1
   1480c:	f8ba                	sd	a4,112(sp)
   1480e:	12e7f7d3          	fmul.d	fa5,fa5,fa4
   14812:	88ba                	mv	a7,a4
   14814:	4705                	li	a4,1
   14816:	f4ba                	sd	a4,104(sp)
   14818:	4b01                	li	s6,0
   1481a:	c20795d3          	fcvt.w.d	a1,fa5,rtz
   1481e:	258d                	addiw	a1,a1,3
   14820:	872e                	mv	a4,a1
   14822:	bb3d                	j	14560 <__gdtoa+0x308>
   14824:	d2080753          	fcvt.d.w	fa4,a6
   14828:	a2f72753          	feq.d	a4,fa4,fa5
   1482c:	bc0716e3          	bnez	a4,143f8 <__gdtoa+0x1a0>
   14830:	387d                	addiw	a6,a6,-1
   14832:	b6d9                	j	143f8 <__gdtoa+0x1a0>
   14834:	4705                	li	a4,1
   14836:	4481                	li	s1,0
   14838:	f4ba                	sd	a4,104(sp)
   1483a:	000b059b          	sext.w	a1,s6
   1483e:	01604363          	bgtz	s6,14844 <__gdtoa+0x5ec>
   14842:	4585                	li	a1,1
   14844:	872e                	mv	a4,a1
   14846:	f8ae                	sd	a1,112(sp)
   14848:	88ae                	mv	a7,a1
   1484a:	8b2e                	mv	s6,a1
   1484c:	bb11                	j	14560 <__gdtoa+0x308>
   1484e:	75a6                	ld	a1,104(sp)
   14850:	24058163          	beqz	a1,14a92 <__gdtoa+0x83a>
   14854:	9e9d                	subw	a3,a3,a5
   14856:	004da503          	lw	a0,4(s11)
   1485a:	0016859b          	addiw	a1,a3,1
   1485e:	c72e                	sw	a1,140(sp)
   14860:	40d606bb          	subw	a3,a2,a3
   14864:	4ea6d063          	bge	a3,a0,14d44 <__gdtoa+0xaec>
   14868:	ffda869b          	addiw	a3,s5,-3
   1486c:	9af5                	andi	a3,a3,-3
   1486e:	3e068c63          	beqz	a3,14c66 <__gdtoa+0xa0e>
   14872:	40a606bb          	subw	a3,a2,a0
   14876:	4605                	li	a2,1
   14878:	2685                	addiw	a3,a3,1
   1487a:	01562633          	slt	a2,a2,s5
   1487e:	011025b3          	sgtz	a1,a7
   14882:	c736                	sw	a3,140(sp)
   14884:	8e6d                	and	a2,a2,a1
   14886:	c219                	beqz	a2,1488c <__gdtoa+0x634>
   14888:	20d8cfe3          	blt	a7,a3,152a6 <__gdtoa+0x104e>
   1488c:	6642                	ld	a2,16(sp)
   1488e:	64a6                	ld	s1,72(sp)
   14890:	01d68ebb          	addw	t4,a3,t4
   14894:	9eb1                	addw	a3,a3,a2
   14896:	ec36                	sd	a3,24(sp)
   14898:	4585                	li	a1,1
   1489a:	8552                	mv	a0,s4
   1489c:	ecba                	sd	a4,88(sp)
   1489e:	e0f6                	sd	t4,64(sp)
   148a0:	fc3e                	sd	a5,56(sp)
   148a2:	f872                	sd	t3,48(sp)
   148a4:	f442                	sd	a6,40(sp)
   148a6:	f046                	sd	a7,32(sp)
   148a8:	140010ef          	jal	159e8 <__i2b>
   148ac:	e42a                	sd	a0,8(sp)
   148ae:	bc050fe3          	beqz	a0,1448c <__gdtoa+0x234>
   148b2:	66c2                	ld	a3,16(sp)
   148b4:	7882                	ld	a7,32(sp)
   148b6:	7822                	ld	a6,40(sp)
   148b8:	7e42                	ld	t3,48(sp)
   148ba:	77e2                	ld	a5,56(sp)
   148bc:	6e86                	ld	t4,64(sp)
   148be:	6766                	ld	a4,88(sp)
   148c0:	c28d                	beqz	a3,148e2 <__gdtoa+0x68a>
   148c2:	03d05063          	blez	t4,148e2 <__gdtoa+0x68a>
   148c6:	6642                	ld	a2,16(sp)
   148c8:	86b2                	mv	a3,a2
   148ca:	00ced363          	bge	t4,a2,148d0 <__gdtoa+0x678>
   148ce:	86f6                	mv	a3,t4
   148d0:	6662                	ld	a2,24(sp)
   148d2:	c736                	sw	a3,140(sp)
   148d4:	40de8ebb          	subw	t4,t4,a3
   148d8:	9e15                	subw	a2,a2,a3
   148da:	ec32                	sd	a2,24(sp)
   148dc:	6642                	ld	a2,16(sp)
   148de:	9e15                	subw	a2,a2,a3
   148e0:	e832                	sd	a2,16(sp)
   148e2:	66a6                	ld	a3,72(sp)
   148e4:	c69d                	beqz	a3,14912 <__gdtoa+0x6ba>
   148e6:	60049a63          	bnez	s1,14efa <__gdtoa+0xca2>
   148ea:	6626                	ld	a2,72(sp)
   148ec:	85a2                	mv	a1,s0
   148ee:	8552                	mv	a0,s4
   148f0:	ecba                	sd	a4,88(sp)
   148f2:	e0f6                	sd	t4,64(sp)
   148f4:	fc3e                	sd	a5,56(sp)
   148f6:	f872                	sd	t3,48(sp)
   148f8:	f442                	sd	a6,40(sp)
   148fa:	f046                	sd	a7,32(sp)
   148fc:	330010ef          	jal	15c2c <__pow5mult>
   14900:	7882                	ld	a7,32(sp)
   14902:	7822                	ld	a6,40(sp)
   14904:	7e42                	ld	t3,48(sp)
   14906:	77e2                	ld	a5,56(sp)
   14908:	6e86                	ld	t4,64(sp)
   1490a:	6766                	ld	a4,88(sp)
   1490c:	842a                	mv	s0,a0
   1490e:	b6050fe3          	beqz	a0,1448c <__gdtoa+0x234>
   14912:	4585                	li	a1,1
   14914:	8552                	mv	a0,s4
   14916:	e4ba                	sd	a4,72(sp)
   14918:	e0f6                	sd	t4,64(sp)
   1491a:	fc3e                	sd	a5,56(sp)
   1491c:	f872                	sd	t3,48(sp)
   1491e:	f442                	sd	a6,40(sp)
   14920:	f046                	sd	a7,32(sp)
   14922:	0c6010ef          	jal	159e8 <__i2b>
   14926:	8f2a                	mv	t5,a0
   14928:	b60502e3          	beqz	a0,1448c <__gdtoa+0x234>
   1492c:	66c6                	ld	a3,80(sp)
   1492e:	7882                	ld	a7,32(sp)
   14930:	7822                	ld	a6,40(sp)
   14932:	7e42                	ld	t3,48(sp)
   14934:	77e2                	ld	a5,56(sp)
   14936:	6e86                	ld	t4,64(sp)
   14938:	6726                	ld	a4,72(sp)
   1493a:	34069763          	bnez	a3,14c88 <__gdtoa+0xa30>
   1493e:	002aa693          	slti	a3,s5,2
   14942:	c681                	beqz	a3,1494a <__gdtoa+0x6f2>
   14944:	17fd                	addi	a5,a5,-1
   14946:	10078963          	beqz	a5,14a58 <__gdtoa+0x800>
   1494a:	457d                	li	a0,31
   1494c:	66e2                	ld	a3,24(sp)
   1494e:	41d507bb          	subw	a5,a0,t4
   14952:	37f1                	addiw	a5,a5,-4
   14954:	8bfd                	andi	a5,a5,31
   14956:	00d7863b          	addw	a2,a5,a3
   1495a:	c73e                	sw	a5,140(sp)
   1495c:	86be                	mv	a3,a5
   1495e:	2cc04763          	bgtz	a2,14c2c <__gdtoa+0x9d4>
   14962:	00de863b          	addw	a2,t4,a3
   14966:	b0c042e3          	bgtz	a2,1446a <__gdtoa+0x212>
   1496a:	7686                	ld	a3,96(sp)
   1496c:	e6d1                	bnez	a3,149f8 <__gdtoa+0x7a0>
   1496e:	1d104863          	bgtz	a7,14b3e <__gdtoa+0x8e6>
   14972:	4689                	li	a3,2
   14974:	1d56d563          	bge	a3,s5,14b3e <__gdtoa+0x8e6>
   14978:	85fa                	mv	a1,t5
   1497a:	4681                	li	a3,0
   1497c:	4615                	li	a2,5
   1497e:	8552                	mv	a0,s4
   14980:	f03a                	sd	a4,32(sp)
   14982:	ec42                	sd	a6,24(sp)
   14984:	e846                	sd	a7,16(sp)
   14986:	563000ef          	jal	156e8 <__multadd>
   1498a:	85aa                	mv	a1,a0
   1498c:	b00500e3          	beqz	a0,1448c <__gdtoa+0x234>
   14990:	68c2                	ld	a7,16(sp)
   14992:	6862                	ld	a6,24(sp)
   14994:	7702                	ld	a4,32(sp)
   14996:	52089863          	bnez	a7,14ec6 <__gdtoa+0xc6e>
   1499a:	e82a                	sd	a0,16(sp)
   1499c:	8522                	mv	a0,s0
   1499e:	f03a                	sd	a4,32(sp)
   149a0:	ec42                	sd	a6,24(sp)
   149a2:	484010ef          	jal	15e26 <__mcmp>
   149a6:	65c2                	ld	a1,16(sp)
   149a8:	6862                	ld	a6,24(sp)
   149aa:	7702                	ld	a4,32(sp)
   149ac:	50a05d63          	blez	a0,14ec6 <__gdtoa+0xc6e>
   149b0:	03100793          	li	a5,49
   149b4:	00f70023          	sb	a5,0(a4)
   149b8:	2805                	addiw	a6,a6,1
   149ba:	00170313          	addi	t1,a4,1
   149be:	02000b93          	li	s7,32
   149c2:	8552                	mv	a0,s4
   149c4:	f03a                	sd	a4,32(sp)
   149c6:	ec1a                	sd	t1,24(sp)
   149c8:	e842                	sd	a6,16(sp)
   149ca:	50d000ef          	jal	156d6 <_Bfree>
   149ce:	6842                	ld	a6,16(sp)
   149d0:	67a2                	ld	a5,8(sp)
   149d2:	6362                	ld	t1,24(sp)
   149d4:	7702                	ld	a4,32(sp)
   149d6:	0018061b          	addiw	a2,a6,1
   149da:	ce0786e3          	beqz	a5,146c6 <__gdtoa+0x46e>
   149de:	65a2                	ld	a1,8(sp)
   149e0:	8552                	mv	a0,s4
   149e2:	f03a                	sd	a4,32(sp)
   149e4:	ec1a                	sd	t1,24(sp)
   149e6:	e842                	sd	a6,16(sp)
   149e8:	4ef000ef          	jal	156d6 <_Bfree>
   149ec:	6842                	ld	a6,16(sp)
   149ee:	6362                	ld	t1,24(sp)
   149f0:	7702                	ld	a4,32(sp)
   149f2:	0018061b          	addiw	a2,a6,1
   149f6:	b9c1                	j	146c6 <__gdtoa+0x46e>
   149f8:	85fa                	mv	a1,t5
   149fa:	8522                	mv	a0,s0
   149fc:	e0ba                	sd	a4,64(sp)
   149fe:	fc72                	sd	t3,56(sp)
   14a00:	f842                	sd	a6,48(sp)
   14a02:	f43e                	sd	a5,40(sp)
   14a04:	f046                	sd	a7,32(sp)
   14a06:	ec7a                	sd	t5,24(sp)
   14a08:	41e010ef          	jal	15e26 <__mcmp>
   14a0c:	6f62                	ld	t5,24(sp)
   14a0e:	7882                	ld	a7,32(sp)
   14a10:	77a2                	ld	a5,40(sp)
   14a12:	7842                	ld	a6,48(sp)
   14a14:	7e62                	ld	t3,56(sp)
   14a16:	6706                	ld	a4,64(sp)
   14a18:	f4055be3          	bgez	a0,1496e <__gdtoa+0x716>
   14a1c:	85a2                	mv	a1,s0
   14a1e:	4681                	li	a3,0
   14a20:	4629                	li	a2,10
   14a22:	8552                	mv	a0,s4
   14a24:	fc3a                	sd	a4,56(sp)
   14a26:	f87a                	sd	t5,48(sp)
   14a28:	f472                	sd	t3,40(sp)
   14a2a:	f042                	sd	a6,32(sp)
   14a2c:	ec3e                	sd	a5,24(sp)
   14a2e:	4bb000ef          	jal	156e8 <__multadd>
   14a32:	842a                	mv	s0,a0
   14a34:	a4050ce3          	beqz	a0,1448c <__gdtoa+0x234>
   14a38:	7802                	ld	a6,32(sp)
   14a3a:	76a6                	ld	a3,104(sp)
   14a3c:	7e22                	ld	t3,40(sp)
   14a3e:	7f42                	ld	t5,48(sp)
   14a40:	7762                	ld	a4,56(sp)
   14a42:	387d                	addiw	a6,a6,-1
   14a44:	30069a63          	bnez	a3,14d58 <__gdtoa+0xb00>
   14a48:	77c6                	ld	a5,112(sp)
   14a4a:	00f041e3          	bgtz	a5,1524c <__gdtoa+0xff4>
   14a4e:	4789                	li	a5,2
   14a50:	7f57de63          	bge	a5,s5,1524c <__gdtoa+0xff4>
   14a54:	78c6                	ld	a7,112(sp)
   14a56:	b70d                	j	14978 <__gdtoa+0x720>
   14a58:	004da783          	lw	a5,4(s11)
   14a5c:	2785                	addiw	a5,a5,1
   14a5e:	efa7d6e3          	bge	a5,s10,1494a <__gdtoa+0x6f2>
   14a62:	67e2                	ld	a5,24(sp)
   14a64:	2e85                	addiw	t4,t4,1
   14a66:	2785                	addiw	a5,a5,1
   14a68:	ec3e                	sd	a5,24(sp)
   14a6a:	4785                	li	a5,1
   14a6c:	e8be                	sd	a5,80(sp)
   14a6e:	bdf1                	j	1494a <__gdtoa+0x6f2>
   14a70:	3fd8889b          	addiw	a7,a7,1021
   14a74:	4591                	li	a1,4
   14a76:	7f88b493          	sltiu	s1,a7,2040
   14a7a:	44ba8b63          	beq	s5,a1,14ed0 <__gdtoa+0xc78>
   14a7e:	1aea8363          	beq	s5,a4,14c24 <__gdtoa+0x9cc>
   14a82:	4709                	li	a4,2
   14a84:	44ea8963          	beq	s5,a4,14ed6 <__gdtoa+0xc7e>
   14a88:	470d                	li	a4,3
   14a8a:	f482                	sd	zero,104(sp)
   14a8c:	acea81e3          	beq	s5,a4,1454e <__gdtoa+0x2f6>
   14a90:	bb8d                	j	14802 <__gdtoa+0x5aa>
   14a92:	66c2                	ld	a3,16(sp)
   14a94:	26068b63          	beqz	a3,14d0a <__gdtoa+0xab2>
   14a98:	260e8963          	beqz	t4,14d0a <__gdtoa+0xab2>
   14a9c:	6642                	ld	a2,16(sp)
   14a9e:	86b2                	mv	a3,a2
   14aa0:	00ced363          	bge	t4,a2,14aa6 <__gdtoa+0x84e>
   14aa4:	86f6                	mv	a3,t4
   14aa6:	6642                	ld	a2,16(sp)
   14aa8:	c736                	sw	a3,140(sp)
   14aaa:	40de8ebb          	subw	t4,t4,a3
   14aae:	9e15                	subw	a2,a2,a3
   14ab0:	66a6                	ld	a3,72(sp)
   14ab2:	ec32                	sd	a2,24(sp)
   14ab4:	26069063          	bnez	a3,14d14 <__gdtoa+0xabc>
   14ab8:	e832                	sd	a2,16(sp)
   14aba:	e402                	sd	zero,8(sp)
   14abc:	bd99                	j	14912 <__gdtoa+0x6ba>
   14abe:	f20f06d3          	fmv.d.x	fa3,t5
   14ac2:	1ae6f7d3          	fdiv.d	fa5,fa3,fa4
   14ac6:	4785                	li	a5,1
   14ac8:	c73e                	sw	a5,140(sp)
   14aca:	00f70333          	add	t1,a4,a5
   14ace:	f2000653          	fmv.d.x	fa2,zero
   14ad2:	0018061b          	addiw	a2,a6,1
   14ad6:	c20797d3          	fcvt.w.d	a5,fa5,rtz
   14ada:	d20787d3          	fcvt.d.w	fa5,a5
   14ade:	0307869b          	addiw	a3,a5,48
   14ae2:	00d70023          	sb	a3,0(a4)
   14ae6:	6ae7f7cb          	fnmsub.d	fa5,fa5,fa4,fa3
   14aea:	a2c7a6d3          	feq.d	a3,fa5,fa2
   14aee:	bc069ce3          	bnez	a3,146c6 <__gdtoa+0x46e>
   14af2:	8481b587          	fld	fa1,-1976(gp) # 1b610 <__SDATA_BEGIN__+0x48>
   14af6:	a02d                	j	14b20 <__gdtoa+0x8c8>
   14af8:	12b7f7d3          	fmul.d	fa5,fa5,fa1
   14afc:	c72e                	sw	a1,140(sp)
   14afe:	0305                	addi	t1,t1,1
   14b00:	1ae7f6d3          	fdiv.d	fa3,fa5,fa4
   14b04:	c20697d3          	fcvt.w.d	a5,fa3,rtz
   14b08:	d20786d3          	fcvt.d.w	fa3,a5
   14b0c:	0307869b          	addiw	a3,a5,48
   14b10:	fed30fa3          	sb	a3,-1(t1)
   14b14:	7ae6f7cb          	fnmsub.d	fa5,fa3,fa4,fa5
   14b18:	a2c7a6d3          	feq.d	a3,fa5,fa2
   14b1c:	ba0695e3          	bnez	a3,146c6 <__gdtoa+0x46e>
   14b20:	46ba                	lw	a3,140(sp)
   14b22:	0016859b          	addiw	a1,a3,1
   14b26:	fd1699e3          	bne	a3,a7,14af8 <__gdtoa+0x8a0>
   14b2a:	500e0d63          	beqz	t3,15044 <__gdtoa+0xdec>
   14b2e:	4785                	li	a5,1
   14b30:	4bc1                	li	s7,16
   14b32:	b8fe1ae3          	bne	t3,a5,146c6 <__gdtoa+0x46e>
   14b36:	fff34683          	lbu	a3,-1(t1)
   14b3a:	85c2                	mv	a1,a6
   14b3c:	b695                	j	146a0 <__gdtoa+0x448>
   14b3e:	76a6                	ld	a3,104(sp)
   14b40:	24069263          	bnez	a3,14d84 <__gdtoa+0xb2c>
   14b44:	f1ca                	sd	s2,224(sp)
   14b46:	4685                	li	a3,1
   14b48:	8ac6                	mv	s5,a7
   14b4a:	8b42                	mv	s6,a6
   14b4c:	8bf2                	mv	s7,t3
   14b4e:	84ba                	mv	s1,a4
   14b50:	897a                	mv	s2,t5
   14b52:	8c3a                	mv	s8,a4
   14b54:	a811                	j	14b68 <__gdtoa+0x910>
   14b56:	85a2                	mv	a1,s0
   14b58:	8552                	mv	a0,s4
   14b5a:	38f000ef          	jal	156e8 <__multadd>
   14b5e:	842a                	mv	s0,a0
   14b60:	0e050f63          	beqz	a0,14c5e <__gdtoa+0xa06>
   14b64:	46ba                	lw	a3,140(sp)
   14b66:	2685                	addiw	a3,a3,1
   14b68:	85ca                	mv	a1,s2
   14b6a:	8522                	mv	a0,s0
   14b6c:	c736                	sw	a3,140(sp)
   14b6e:	0a5000ef          	jal	15412 <__quorem_D2A>
   14b72:	00148793          	addi	a5,s1,1
   14b76:	03050e9b          	addiw	t4,a0,48
   14b7a:	ffd78fa3          	sb	t4,-1(a5)
   14b7e:	84be                	mv	s1,a5
   14b80:	47ba                	lw	a5,140(sp)
   14b82:	4681                	li	a3,0
   14b84:	4629                	li	a2,10
   14b86:	fd57c8e3          	blt	a5,s5,14b56 <__gdtoa+0x8fe>
   14b8a:	885a                	mv	a6,s6
   14b8c:	8e5e                	mv	t3,s7
   14b8e:	87a6                	mv	a5,s1
   14b90:	8f4a                	mv	t5,s2
   14b92:	8762                	mv	a4,s8
   14b94:	4881                	li	a7,0
   14b96:	5a0e0063          	beqz	t3,15136 <__gdtoa+0xede>
   14b9a:	4689                	li	a3,2
   14b9c:	5cde0b63          	beq	t3,a3,15172 <__gdtoa+0xf1a>
   14ba0:	4850                	lw	a2,20(s0)
   14ba2:	4685                	li	a3,1
   14ba4:	42c6c163          	blt	a3,a2,14fc6 <__gdtoa+0xd6e>
   14ba8:	4c14                	lw	a3,24(s0)
   14baa:	40069e63          	bnez	a3,14fc6 <__gdtoa+0xd6e>
   14bae:	00d036b3          	snez	a3,a3
   14bb2:	00469b9b          	slliw	s7,a3,0x4
   14bb6:	03000613          	li	a2,48
   14bba:	833e                	mv	t1,a5
   14bbc:	fff7c683          	lbu	a3,-1(a5)
   14bc0:	17fd                	addi	a5,a5,-1
   14bc2:	fec68ce3          	beq	a3,a2,14bba <__gdtoa+0x962>
   14bc6:	85fa                	mv	a1,t5
   14bc8:	8552                	mv	a0,s4
   14bca:	f43a                	sd	a4,40(sp)
   14bcc:	f01a                	sd	t1,32(sp)
   14bce:	ec46                	sd	a7,24(sp)
   14bd0:	e842                	sd	a6,16(sp)
   14bd2:	305000ef          	jal	156d6 <_Bfree>
   14bd6:	67a2                	ld	a5,8(sp)
   14bd8:	6842                	ld	a6,16(sp)
   14bda:	68e2                	ld	a7,24(sp)
   14bdc:	7302                	ld	t1,32(sp)
   14bde:	7722                	ld	a4,40(sp)
   14be0:	72078a63          	beqz	a5,15314 <__gdtoa+0x10bc>
   14be4:	06088b63          	beqz	a7,14c5a <__gdtoa+0xa02>
   14be8:	67a2                	ld	a5,8(sp)
   14bea:	06f88863          	beq	a7,a5,14c5a <__gdtoa+0xa02>
   14bee:	85c6                	mv	a1,a7
   14bf0:	8552                	mv	a0,s4
   14bf2:	f03a                	sd	a4,32(sp)
   14bf4:	ec1a                	sd	t1,24(sp)
   14bf6:	e842                	sd	a6,16(sp)
   14bf8:	2df000ef          	jal	156d6 <_Bfree>
   14bfc:	7702                	ld	a4,32(sp)
   14bfe:	6362                	ld	t1,24(sp)
   14c00:	6842                	ld	a6,16(sp)
   14c02:	790e                	ld	s2,224(sp)
   14c04:	bbe9                	j	149de <__gdtoa+0x786>
   14c06:	4581                	li	a1,0
   14c08:	8552                	mv	a0,s4
   14c0a:	e43a                	sd	a4,8(sp)
   14c0c:	2cb000ef          	jal	156d6 <_Bfree>
   14c10:	6722                	ld	a4,8(sp)
   14c12:	4160063b          	negw	a2,s6
   14c16:	4bc1                	li	s7,16
   14c18:	833a                	mv	t1,a4
   14c1a:	b475                	j	146c6 <__gdtoa+0x46e>
   14c1c:	4705                	li	a4,1
   14c1e:	85ba                	mv	a1,a4
   14c20:	b281                	j	14560 <__gdtoa+0x308>
   14c22:	4481                	li	s1,0
   14c24:	4705                	li	a4,1
   14c26:	4a95                	li	s5,5
   14c28:	f4ba                	sd	a4,104(sp)
   14c2a:	b215                	j	1454e <__gdtoa+0x2f6>
   14c2c:	85a2                	mv	a1,s0
   14c2e:	8552                	mv	a0,s4
   14c30:	e4ba                	sd	a4,72(sp)
   14c32:	e0f6                	sd	t4,64(sp)
   14c34:	fc7a                	sd	t5,56(sp)
   14c36:	f872                	sd	t3,48(sp)
   14c38:	f442                	sd	a6,40(sp)
   14c3a:	f03e                	sd	a5,32(sp)
   14c3c:	ec46                	sd	a7,24(sp)
   14c3e:	0d6010ef          	jal	15d14 <__lshift>
   14c42:	842a                	mv	s0,a0
   14c44:	840504e3          	beqz	a0,1448c <__gdtoa+0x234>
   14c48:	46ba                	lw	a3,140(sp)
   14c4a:	6726                	ld	a4,72(sp)
   14c4c:	6e86                	ld	t4,64(sp)
   14c4e:	7f62                	ld	t5,56(sp)
   14c50:	7e42                	ld	t3,48(sp)
   14c52:	7822                	ld	a6,40(sp)
   14c54:	7782                	ld	a5,32(sp)
   14c56:	68e2                	ld	a7,24(sp)
   14c58:	b329                	j	14962 <__gdtoa+0x70a>
   14c5a:	790e                	ld	s2,224(sp)
   14c5c:	b349                	j	149de <__gdtoa+0x786>
   14c5e:	74ae                	ld	s1,232(sp)
   14c60:	790e                	ld	s2,224(sp)
   14c62:	82dff06f          	j	1448e <__gdtoa+0x236>
   14c66:	65a6                	ld	a1,72(sp)
   14c68:	fff8869b          	addiw	a3,a7,-1
   14c6c:	8636                	mv	a2,a3
   14c6e:	26d5c663          	blt	a1,a3,14eda <__gdtoa+0xc82>
   14c72:	40d584bb          	subw	s1,a1,a3
   14c76:	6408d963          	bgez	a7,152c8 <__gdtoa+0x1070>
   14c7a:	66c2                	ld	a3,16(sp)
   14c7c:	c702                	sw	zero,140(sp)
   14c7e:	ec36                	sd	a3,24(sp)
   14c80:	411686bb          	subw	a3,a3,a7
   14c84:	e836                	sd	a3,16(sp)
   14c86:	b909                	j	14898 <__gdtoa+0x640>
   14c88:	85aa                	mv	a1,a0
   14c8a:	8636                	mv	a2,a3
   14c8c:	8552                	mv	a0,s4
   14c8e:	e0ba                	sd	a4,64(sp)
   14c90:	fc76                	sd	t4,56(sp)
   14c92:	e4be                	sd	a5,72(sp)
   14c94:	799000ef          	jal	15c2c <__pow5mult>
   14c98:	8f2a                	mv	t5,a0
   14c9a:	fe050963          	beqz	a0,1448c <__gdtoa+0x234>
   14c9e:	002aa693          	slti	a3,s5,2
   14ca2:	7882                	ld	a7,32(sp)
   14ca4:	7822                	ld	a6,40(sp)
   14ca6:	7e42                	ld	t3,48(sp)
   14ca8:	7ee2                	ld	t4,56(sp)
   14caa:	6706                	ld	a4,64(sp)
   14cac:	c681                	beqz	a3,14cb4 <__gdtoa+0xa5c>
   14cae:	67a6                	ld	a5,72(sp)
   14cb0:	17fd                	addi	a5,a5,-1
   14cb2:	c79d                	beqz	a5,14ce0 <__gdtoa+0xa88>
   14cb4:	e882                	sd	zero,80(sp)
   14cb6:	014f2783          	lw	a5,20(t5)
   14cba:	e4ba                	sd	a4,72(sp)
   14cbc:	e0f6                	sd	t4,64(sp)
   14cbe:	37fd                	addiw	a5,a5,-1
   14cc0:	078a                	slli	a5,a5,0x2
   14cc2:	97fa                	add	a5,a5,t5
   14cc4:	4f88                	lw	a0,24(a5)
   14cc6:	fc72                	sd	t3,56(sp)
   14cc8:	f842                	sd	a6,48(sp)
   14cca:	f446                	sd	a7,40(sp)
   14ccc:	f07a                	sd	t5,32(sp)
   14cce:	3f7000ef          	jal	158c4 <__hi0bits>
   14cd2:	6726                	ld	a4,72(sp)
   14cd4:	6e86                	ld	t4,64(sp)
   14cd6:	7e62                	ld	t3,56(sp)
   14cd8:	7842                	ld	a6,48(sp)
   14cda:	78a2                	ld	a7,40(sp)
   14cdc:	7f02                	ld	t5,32(sp)
   14cde:	b1bd                	j	1494c <__gdtoa+0x6f4>
   14ce0:	004da783          	lw	a5,4(s11)
   14ce4:	2785                	addiw	a5,a5,1
   14ce6:	fda7d7e3          	bge	a5,s10,14cb4 <__gdtoa+0xa5c>
   14cea:	67e2                	ld	a5,24(sp)
   14cec:	2e85                	addiw	t4,t4,1
   14cee:	2785                	addiw	a5,a5,1
   14cf0:	ec3e                	sd	a5,24(sp)
   14cf2:	4785                	li	a5,1
   14cf4:	e8be                	sd	a5,80(sp)
   14cf6:	b7c1                	j	14cb6 <__gdtoa+0xa5e>
   14cf8:	4705                	li	a4,1
   14cfa:	9f0d                	subw	a4,a4,a1
   14cfc:	e83a                	sd	a4,16(sp)
   14cfe:	8ec2                	mv	t4,a6
   14d00:	f082                	sd	zero,96(sp)
   14d02:	e8c2                	sd	a6,80(sp)
   14d04:	e482                	sd	zero,72(sp)
   14d06:	821ff06f          	j	14526 <__gdtoa+0x2ce>
   14d0a:	66c2                	ld	a3,16(sp)
   14d0c:	ec36                	sd	a3,24(sp)
   14d0e:	66a6                	ld	a3,72(sp)
   14d10:	da0685e3          	beqz	a3,14aba <__gdtoa+0x862>
   14d14:	6626                	ld	a2,72(sp)
   14d16:	85a2                	mv	a1,s0
   14d18:	8552                	mv	a0,s4
   14d1a:	ecba                	sd	a4,88(sp)
   14d1c:	e0f6                	sd	t4,64(sp)
   14d1e:	fc3e                	sd	a5,56(sp)
   14d20:	f872                	sd	t3,48(sp)
   14d22:	f442                	sd	a6,40(sp)
   14d24:	f046                	sd	a7,32(sp)
   14d26:	707000ef          	jal	15c2c <__pow5mult>
   14d2a:	842a                	mv	s0,a0
   14d2c:	f6050063          	beqz	a0,1448c <__gdtoa+0x234>
   14d30:	67e2                	ld	a5,24(sp)
   14d32:	6766                	ld	a4,88(sp)
   14d34:	6e86                	ld	t4,64(sp)
   14d36:	e83e                	sd	a5,16(sp)
   14d38:	7e42                	ld	t3,48(sp)
   14d3a:	77e2                	ld	a5,56(sp)
   14d3c:	7822                	ld	a6,40(sp)
   14d3e:	7882                	ld	a7,32(sp)
   14d40:	e402                	sd	zero,8(sp)
   14d42:	bec1                	j	14912 <__gdtoa+0x6ba>
   14d44:	4685                	li	a3,1
   14d46:	f356c0e3          	blt	a3,s5,14c66 <__gdtoa+0xa0e>
   14d4a:	66c2                	ld	a3,16(sp)
   14d4c:	64a6                	ld	s1,72(sp)
   14d4e:	01d58ebb          	addw	t4,a1,t4
   14d52:	9ead                	addw	a3,a3,a1
   14d54:	ec36                	sd	a3,24(sp)
   14d56:	b689                	j	14898 <__gdtoa+0x640>
   14d58:	65a2                	ld	a1,8(sp)
   14d5a:	4681                	li	a3,0
   14d5c:	4629                	li	a2,10
   14d5e:	8552                	mv	a0,s4
   14d60:	f042                	sd	a6,32(sp)
   14d62:	187000ef          	jal	156e8 <__multadd>
   14d66:	e42a                	sd	a0,8(sp)
   14d68:	f2050263          	beqz	a0,1448c <__gdtoa+0x234>
   14d6c:	76c6                	ld	a3,112(sp)
   14d6e:	67e2                	ld	a5,24(sp)
   14d70:	7802                	ld	a6,32(sp)
   14d72:	7e22                	ld	t3,40(sp)
   14d74:	7f42                	ld	t5,48(sp)
   14d76:	7762                	ld	a4,56(sp)
   14d78:	78c6                	ld	a7,112(sp)
   14d7a:	00d04563          	bgtz	a3,14d84 <__gdtoa+0xb2c>
   14d7e:	4689                	li	a3,2
   14d80:	bf56cce3          	blt	a3,s5,14978 <__gdtoa+0x720>
   14d84:	66c2                	ld	a3,16(sp)
   14d86:	00d7863b          	addw	a2,a5,a3
   14d8a:	26c04163          	bgtz	a2,14fec <__gdtoa+0xd94>
   14d8e:	67c6                	ld	a5,80(sp)
   14d90:	6b22                	ld	s6,8(sp)
   14d92:	2e079463          	bnez	a5,1507a <__gdtoa+0xe22>
   14d96:	ffee0793          	addi	a5,t3,-2
   14d9a:	e0be                	sd	a5,64(sp)
   14d9c:	f1ca                	sd	s2,224(sp)
   14d9e:	4785                	li	a5,1
   14da0:	f446                	sd	a7,40(sp)
   14da2:	e4c2                	sd	a6,72(sp)
   14da4:	f872                	sd	t3,48(sp)
   14da6:	8d3a                	mv	s10,a4
   14da8:	f07a                	sd	t5,32(sp)
   14daa:	e8ba                	sd	a4,80(sp)
   14dac:	a051                	j	14e30 <__gdtoa+0xbd8>
   14dae:	8552                	mv	a0,s4
   14db0:	ec76                	sd	t4,24(sp)
   14db2:	125000ef          	jal	156d6 <_Bfree>
   14db6:	6ee2                	ld	t4,24(sp)
   14db8:	4685                	li	a3,1
   14dba:	67c2                	ld	a5,16(sp)
   14dbc:	3c07c263          	bltz	a5,15180 <__gdtoa+0xf28>
   14dc0:	0157e7b3          	or	a5,a5,s5
   14dc4:	2781                	sext.w	a5,a5
   14dc6:	e791                	bnez	a5,14dd2 <__gdtoa+0xb7a>
   14dc8:	000c2783          	lw	a5,0(s8)
   14dcc:	8b85                	andi	a5,a5,1
   14dce:	3a078963          	beqz	a5,15180 <__gdtoa+0xf28>
   14dd2:	001d0793          	addi	a5,s10,1
   14dd6:	893e                	mv	s2,a5
   14dd8:	00d05563          	blez	a3,14de2 <__gdtoa+0xb8a>
   14ddc:	6706                	ld	a4,64(sp)
   14dde:	42071d63          	bnez	a4,15218 <__gdtoa+0xfc0>
   14de2:	ffb90fa3          	sb	s11,-1(s2)
   14de6:	473a                	lw	a4,140(sp)
   14de8:	76a2                	ld	a3,40(sp)
   14dea:	44d70a63          	beq	a4,a3,1523e <__gdtoa+0xfe6>
   14dee:	85a2                	mv	a1,s0
   14df0:	4681                	li	a3,0
   14df2:	4629                	li	a2,10
   14df4:	8552                	mv	a0,s4
   14df6:	0f3000ef          	jal	156e8 <__multadd>
   14dfa:	842a                	mv	s0,a0
   14dfc:	e60501e3          	beqz	a0,14c5e <__gdtoa+0xa06>
   14e00:	67a2                	ld	a5,8(sp)
   14e02:	65a2                	ld	a1,8(sp)
   14e04:	4681                	li	a3,0
   14e06:	4629                	li	a2,10
   14e08:	8552                	mv	a0,s4
   14e0a:	0b678763          	beq	a5,s6,14eb8 <__gdtoa+0xc60>
   14e0e:	0db000ef          	jal	156e8 <__multadd>
   14e12:	e42a                	sd	a0,8(sp)
   14e14:	e40505e3          	beqz	a0,14c5e <__gdtoa+0xa06>
   14e18:	85da                	mv	a1,s6
   14e1a:	4681                	li	a3,0
   14e1c:	4629                	li	a2,10
   14e1e:	8552                	mv	a0,s4
   14e20:	0c9000ef          	jal	156e8 <__multadd>
   14e24:	8b2a                	mv	s6,a0
   14e26:	e2050ce3          	beqz	a0,14c5e <__gdtoa+0xa06>
   14e2a:	47ba                	lw	a5,140(sp)
   14e2c:	8d4a                	mv	s10,s2
   14e2e:	2785                	addiw	a5,a5,1
   14e30:	7482                	ld	s1,32(sp)
   14e32:	8522                	mv	a0,s0
   14e34:	c73e                	sw	a5,140(sp)
   14e36:	85a6                	mv	a1,s1
   14e38:	5da000ef          	jal	15412 <__quorem_D2A>
   14e3c:	65a2                	ld	a1,8(sp)
   14e3e:	892a                	mv	s2,a0
   14e40:	8522                	mv	a0,s0
   14e42:	7e5000ef          	jal	15e26 <__mcmp>
   14e46:	e82a                	sd	a0,16(sp)
   14e48:	85a6                	mv	a1,s1
   14e4a:	865a                	mv	a2,s6
   14e4c:	8552                	mv	a0,s4
   14e4e:	00e010ef          	jal	15e5c <__mdiff>
   14e52:	85aa                	mv	a1,a0
   14e54:	e00505e3          	beqz	a0,14c5e <__gdtoa+0xa06>
   14e58:	491c                	lw	a5,16(a0)
   14e5a:	03090e9b          	addiw	t4,s2,48
   14e5e:	8df6                	mv	s11,t4
   14e60:	f7b9                	bnez	a5,14dae <__gdtoa+0xb56>
   14e62:	ec2a                	sd	a0,24(sp)
   14e64:	8522                	mv	a0,s0
   14e66:	fc76                	sd	t4,56(sp)
   14e68:	7bf000ef          	jal	15e26 <__mcmp>
   14e6c:	65e2                	ld	a1,24(sp)
   14e6e:	84aa                	mv	s1,a0
   14e70:	8552                	mv	a0,s4
   14e72:	065000ef          	jal	156d6 <_Bfree>
   14e76:	0154e6b3          	or	a3,s1,s5
   14e7a:	2681                	sext.w	a3,a3
   14e7c:	7ee2                	ld	t4,56(sp)
   14e7e:	16069563          	bnez	a3,14fe8 <__gdtoa+0xd90>
   14e82:	000c2783          	lw	a5,0(s8)
   14e86:	7742                	ld	a4,48(sp)
   14e88:	8b85                	andi	a5,a5,1
   14e8a:	8fd9                	or	a5,a5,a4
   14e8c:	f79d                	bnez	a5,14dba <__gdtoa+0xb62>
   14e8e:	03900793          	li	a5,57
   14e92:	6826                	ld	a6,72(sp)
   14e94:	7f02                	ld	t5,32(sp)
   14e96:	6746                	ld	a4,80(sp)
   14e98:	6542                	ld	a0,16(sp)
   14e9a:	836a                	mv	t1,s10
   14e9c:	10fe8c63          	beq	t4,a5,14fb4 <__gdtoa+0xd5c>
   14ea0:	46a05f63          	blez	a0,1531e <__gdtoa+0x10c6>
   14ea4:	03190e9b          	addiw	t4,s2,49
   14ea8:	02000b93          	li	s7,32
   14eac:	68a2                	ld	a7,8(sp)
   14eae:	01d30023          	sb	t4,0(t1)
   14eb2:	e45a                	sd	s6,8(sp)
   14eb4:	0305                	addi	t1,t1,1
   14eb6:	bb01                	j	14bc6 <__gdtoa+0x96e>
   14eb8:	031000ef          	jal	156e8 <__multadd>
   14ebc:	e42a                	sd	a0,8(sp)
   14ebe:	da0500e3          	beqz	a0,14c5e <__gdtoa+0xa06>
   14ec2:	8b2a                	mv	s6,a0
   14ec4:	b79d                	j	14e2a <__gdtoa+0xbd2>
   14ec6:	fffb4813          	not	a6,s6
   14eca:	833a                	mv	t1,a4
   14ecc:	4bc1                	li	s7,16
   14ece:	bcd5                	j	149c2 <__gdtoa+0x76a>
   14ed0:	4705                	li	a4,1
   14ed2:	f4ba                	sd	a4,104(sp)
   14ed4:	b29d                	j	1483a <__gdtoa+0x5e2>
   14ed6:	f482                	sd	zero,104(sp)
   14ed8:	b28d                	j	1483a <__gdtoa+0x5e2>
   14eda:	66a6                	ld	a3,72(sp)
   14edc:	65c6                	ld	a1,80(sp)
   14ede:	c746                	sw	a7,140(sp)
   14ee0:	40d606bb          	subw	a3,a2,a3
   14ee4:	9ead                	addw	a3,a3,a1
   14ee6:	e8b6                	sd	a3,80(sp)
   14ee8:	66c2                	ld	a3,16(sp)
   14eea:	01d88ebb          	addw	t4,a7,t4
   14eee:	e4b2                	sd	a2,72(sp)
   14ef0:	011686bb          	addw	a3,a3,a7
   14ef4:	ec36                	sd	a3,24(sp)
   14ef6:	4481                	li	s1,0
   14ef8:	b245                	j	14898 <__gdtoa+0x640>
   14efa:	65a2                	ld	a1,8(sp)
   14efc:	8626                	mv	a2,s1
   14efe:	8552                	mv	a0,s4
   14f00:	f1ca                	sd	s2,224(sp)
   14f02:	ecba                	sd	a4,88(sp)
   14f04:	e0f6                	sd	t4,64(sp)
   14f06:	fc3e                	sd	a5,56(sp)
   14f08:	f872                	sd	t3,48(sp)
   14f0a:	f442                	sd	a6,40(sp)
   14f0c:	f046                	sd	a7,32(sp)
   14f0e:	51f000ef          	jal	15c2c <__pow5mult>
   14f12:	e42a                	sd	a0,8(sp)
   14f14:	d40505e3          	beqz	a0,14c5e <__gdtoa+0xa06>
   14f18:	85aa                	mv	a1,a0
   14f1a:	8622                	mv	a2,s0
   14f1c:	8552                	mv	a0,s4
   14f1e:	343000ef          	jal	15a60 <__multiply>
   14f22:	d2050ee3          	beqz	a0,14c5e <__gdtoa+0xa06>
   14f26:	85a2                	mv	a1,s0
   14f28:	fcaa                	sd	a0,120(sp)
   14f2a:	8552                	mv	a0,s4
   14f2c:	7aa000ef          	jal	156d6 <_Bfree>
   14f30:	67a6                	ld	a5,72(sp)
   14f32:	7466                	ld	s0,120(sp)
   14f34:	7882                	ld	a7,32(sp)
   14f36:	9f85                	subw	a5,a5,s1
   14f38:	e4be                	sd	a5,72(sp)
   14f3a:	86be                	mv	a3,a5
   14f3c:	7822                	ld	a6,40(sp)
   14f3e:	7e42                	ld	t3,48(sp)
   14f40:	77e2                	ld	a5,56(sp)
   14f42:	6e86                	ld	t4,64(sp)
   14f44:	6766                	ld	a4,88(sp)
   14f46:	790e                	ld	s2,224(sp)
   14f48:	9c0685e3          	beqz	a3,14912 <__gdtoa+0x6ba>
   14f4c:	ba79                	j	148ea <__gdtoa+0x692>
   14f4e:	f20e0753          	fmv.d.x	fa4,t3
   14f52:	833a                	mv	t1,a4
   14f54:	12e675d3          	fmul.d	fa1,fa2,fa4
   14f58:	4e05                	li	t3,1
   14f5a:	8481b707          	fld	fa4,-1976(gp) # 1b610 <__SDATA_BEGIN__+0x48>
   14f5e:	a021                	j	14f66 <__gdtoa+0xd0e>
   14f60:	12e7f7d3          	fmul.d	fa5,fa5,fa4
   14f64:	2e05                	addiw	t3,t3,1
   14f66:	c772                	sw	t3,140(sp)
   14f68:	c2079e53          	fcvt.w.d	t3,fa5,rtz
   14f6c:	0305                	addi	t1,t1,1
   14f6e:	030e069b          	addiw	a3,t3,48
   14f72:	0ff6f693          	zext.b	a3,a3
   14f76:	000e0663          	beqz	t3,14f82 <__gdtoa+0xd2a>
   14f7a:	d20e0653          	fcvt.d.w	fa2,t3
   14f7e:	0ac7f7d3          	fsub.d	fa5,fa5,fa2
   14f82:	fed30fa3          	sb	a3,-1(t1)
   14f86:	4e3a                	lw	t3,140(sp)
   14f88:	fdfe1ce3          	bne	t3,t6,14f60 <__gdtoa+0xd08>
   14f8c:	8601b707          	fld	fa4,-1952(gp) # 1b628 <__SDATA_BEGIN__+0x60>
   14f90:	02e5f653          	fadd.d	fa2,fa1,fa4
   14f94:	a2f61e53          	flt.d	t3,fa2,fa5
   14f98:	f00e1463          	bnez	t3,146a0 <__gdtoa+0x448>
   14f9c:	0ab77753          	fsub.d	fa4,fa4,fa1
   14fa0:	a2e796d3          	flt.d	a3,fa5,fa4
   14fa4:	26069063          	bnez	a3,15204 <__gdtoa+0xfac>
   14fa8:	4e01                	li	t3,0
   14faa:	ae0644e3          	bltz	a2,14a92 <__gdtoa+0x83a>
   14fae:	2118                	fld	fa4,0(a0)
   14fb0:	4e01                	li	t3,0
   14fb2:	be01                	j	14ac2 <__gdtoa+0x86a>
   14fb4:	00130613          	addi	a2,t1,1
   14fb8:	03900693          	li	a3,57
   14fbc:	68a2                	ld	a7,8(sp)
   14fbe:	87b2                	mv	a5,a2
   14fc0:	e45a                	sd	s6,8(sp)
   14fc2:	00d30023          	sb	a3,0(t1)
   14fc6:	03900613          	li	a2,57
   14fca:	a019                	j	14fd0 <__gdtoa+0xd78>
   14fcc:	14f70163          	beq	a4,a5,1510e <__gdtoa+0xeb6>
   14fd0:	fff7c683          	lbu	a3,-1(a5)
   14fd4:	833e                	mv	t1,a5
   14fd6:	17fd                	addi	a5,a5,-1
   14fd8:	fec68ae3          	beq	a3,a2,14fcc <__gdtoa+0xd74>
   14fdc:	2685                	addiw	a3,a3,1
   14fde:	00d78023          	sb	a3,0(a5)
   14fe2:	02000b93          	li	s7,32
   14fe6:	b6c5                	j	14bc6 <__gdtoa+0x96e>
   14fe8:	86a6                	mv	a3,s1
   14fea:	bbc1                	j	14dba <__gdtoa+0xb62>
   14fec:	65a2                	ld	a1,8(sp)
   14fee:	8552                	mv	a0,s4
   14ff0:	f83a                	sd	a4,48(sp)
   14ff2:	f47a                	sd	t5,40(sp)
   14ff4:	f072                	sd	t3,32(sp)
   14ff6:	ec42                	sd	a6,24(sp)
   14ff8:	e846                	sd	a7,16(sp)
   14ffa:	51b000ef          	jal	15d14 <__lshift>
   14ffe:	e42a                	sd	a0,8(sp)
   15000:	68c2                	ld	a7,16(sp)
   15002:	6862                	ld	a6,24(sp)
   15004:	7e02                	ld	t3,32(sp)
   15006:	7f22                	ld	t5,40(sp)
   15008:	7742                	ld	a4,48(sp)
   1500a:	d80512e3          	bnez	a0,14d8e <__gdtoa+0xb36>
   1500e:	74ae                	ld	s1,232(sp)
   15010:	c7eff06f          	j	1448e <__gdtoa+0x236>
   15014:	03100793          	li	a5,49
   15018:	00170313          	addi	t1,a4,1
   1501c:	00f70023          	sb	a5,0(a4)
   15020:	4581                	li	a1,0
   15022:	8552                	mv	a0,s4
   15024:	e83a                	sd	a4,16(sp)
   15026:	e41a                	sd	t1,8(sp)
   15028:	6ae000ef          	jal	156d6 <_Bfree>
   1502c:	6322                	ld	t1,8(sp)
   1502e:	6742                	ld	a4,16(sp)
   15030:	4609                	li	a2,2
   15032:	02000b93          	li	s7,32
   15036:	e90ff06f          	j	146c6 <__gdtoa+0x46e>
   1503a:	2585                	addiw	a1,a1,1
   1503c:	03100693          	li	a3,49
   15040:	e7aff06f          	j	146ba <__gdtoa+0x462>
   15044:	02f7f7d3          	fadd.d	fa5,fa5,fa5
   15048:	fff34683          	lbu	a3,-1(t1)
   1504c:	a2f71653          	flt.d	a2,fa4,fa5
   15050:	ee45                	bnez	a2,15108 <__gdtoa+0xeb0>
   15052:	a2e7a653          	feq.d	a2,fa5,fa4
   15056:	c219                	beqz	a2,1505c <__gdtoa+0xe04>
   15058:	8b85                	andi	a5,a5,1
   1505a:	e7dd                	bnez	a5,15108 <__gdtoa+0xeb0>
   1505c:	879a                	mv	a5,t1
   1505e:	85c2                	mv	a1,a6
   15060:	4bc1                	li	s7,16
   15062:	03000613          	li	a2,48
   15066:	fff7c683          	lbu	a3,-1(a5)
   1506a:	833e                	mv	t1,a5
   1506c:	17fd                	addi	a5,a5,-1
   1506e:	fec68ce3          	beq	a3,a2,15066 <__gdtoa+0xe0e>
   15072:	0015861b          	addiw	a2,a1,1
   15076:	e50ff06f          	j	146c6 <__gdtoa+0x46e>
   1507a:	008b2583          	lw	a1,8(s6)
   1507e:	8552                	mv	a0,s4
   15080:	fc3a                	sd	a4,56(sp)
   15082:	f87a                	sd	t5,48(sp)
   15084:	f472                	sd	t3,40(sp)
   15086:	f042                	sd	a6,32(sp)
   15088:	ec46                	sd	a7,24(sp)
   1508a:	5e8000ef          	jal	15672 <_Balloc>
   1508e:	87aa                	mv	a5,a0
   15090:	be050e63          	beqz	a0,1448c <__gdtoa+0x234>
   15094:	014b2603          	lw	a2,20(s6)
   15098:	010b0593          	addi	a1,s6,16
   1509c:	0541                	addi	a0,a0,16
   1509e:	060a                	slli	a2,a2,0x2
   150a0:	0621                	addi	a2,a2,8
   150a2:	e83e                	sd	a5,16(sp)
   150a4:	d45fe0ef          	jal	13de8 <memcpy>
   150a8:	65c2                	ld	a1,16(sp)
   150aa:	8552                	mv	a0,s4
   150ac:	4605                	li	a2,1
   150ae:	467000ef          	jal	15d14 <__lshift>
   150b2:	68e2                	ld	a7,24(sp)
   150b4:	7802                	ld	a6,32(sp)
   150b6:	7e22                	ld	t3,40(sp)
   150b8:	7f42                	ld	t5,48(sp)
   150ba:	7762                	ld	a4,56(sp)
   150bc:	8b2a                	mv	s6,a0
   150be:	cc051ce3          	bnez	a0,14d96 <__gdtoa+0xb3e>
   150c2:	74ae                	ld	s1,232(sp)
   150c4:	bcaff06f          	j	1448e <__gdtoa+0x236>
   150c8:	7fc6                	ld	t6,112(sp)
   150ca:	edf05063          	blez	t6,1478a <__gdtoa+0x532>
   150ce:	8481b787          	fld	fa5,-1976(gp) # 1b610 <__SDATA_BEGIN__+0x48>
   150d2:	8501b707          	fld	fa4,-1968(gp) # 1b618 <__SDATA_BEGIN__+0x50>
   150d6:	12f6f7d3          	fmul.d	fa5,fa3,fa5
   150da:	a43a                	fsd	fa4,8(sp)
   150dc:	2622                	fld	fa2,8(sp)
   150de:	8401b707          	fld	fa4,-1984(gp) # 1b608 <__SDATA_BEGIN__+0x40>
   150e2:	fcc00337          	lui	t1,0xfcc00
   150e6:	55fd                	li	a1,-1
   150e8:	72c7f743          	fmadd.d	fa4,fa5,fa2,fa4
   150ec:	e2070553          	fmv.x.d	a0,fa4
   150f0:	02051e13          	slli	t3,a0,0x20
   150f4:	9101                	srli	a0,a0,0x20
   150f6:	0065053b          	addw	a0,a0,t1
   150fa:	020e5e13          	srli	t3,t3,0x20
   150fe:	1502                	slli	a0,a0,0x20
   15100:	00ae6e33          	or	t3,t3,a0
   15104:	d0aff06f          	j	1460e <__gdtoa+0x3b6>
   15108:	85c2                	mv	a1,a6
   1510a:	d96ff06f          	j	146a0 <__gdtoa+0x448>
   1510e:	03100793          	li	a5,49
   15112:	2805                	addiw	a6,a6,1
   15114:	00f70023          	sb	a5,0(a4)
   15118:	02000b93          	li	s7,32
   1511c:	b46d                	j	14bc6 <__gdtoa+0x96e>
   1511e:	f2000753          	fmv.d.x	fa4,zero
   15122:	0015861b          	addiw	a2,a1,1
   15126:	a2e7a7d3          	feq.d	a5,fa5,fa4
   1512a:	0017b793          	seqz	a5,a5
   1512e:	00479b9b          	slliw	s7,a5,0x4
   15132:	d94ff06f          	j	146c6 <__gdtoa+0x46e>
   15136:	85a2                	mv	a1,s0
   15138:	4605                	li	a2,1
   1513a:	8552                	mv	a0,s4
   1513c:	fc3a                	sd	a4,56(sp)
   1513e:	e87a                	sd	t5,16(sp)
   15140:	f83e                	sd	a5,48(sp)
   15142:	f446                	sd	a7,40(sp)
   15144:	f042                	sd	a6,32(sp)
   15146:	ec76                	sd	t4,24(sp)
   15148:	3cd000ef          	jal	15d14 <__lshift>
   1514c:	842a                	mv	s0,a0
   1514e:	b00508e3          	beqz	a0,14c5e <__gdtoa+0xa06>
   15152:	65c2                	ld	a1,16(sp)
   15154:	4d3000ef          	jal	15e26 <__mcmp>
   15158:	6f42                	ld	t5,16(sp)
   1515a:	7802                	ld	a6,32(sp)
   1515c:	78a2                	ld	a7,40(sp)
   1515e:	77c2                	ld	a5,48(sp)
   15160:	7762                	ld	a4,56(sp)
   15162:	e6a042e3          	bgtz	a0,14fc6 <__gdtoa+0xd6e>
   15166:	e511                	bnez	a0,15172 <__gdtoa+0xf1a>
   15168:	6ee2                	ld	t4,24(sp)
   1516a:	001efe93          	andi	t4,t4,1
   1516e:	e40e9ce3          	bnez	t4,14fc6 <__gdtoa+0xd6e>
   15172:	4850                	lw	a2,20(s0)
   15174:	4685                	li	a3,1
   15176:	4bc1                	li	s7,16
   15178:	a2c6cfe3          	blt	a3,a2,14bb6 <__gdtoa+0x95e>
   1517c:	4c14                	lw	a3,24(s0)
   1517e:	bc05                	j	14bae <__gdtoa+0x956>
   15180:	7e42                	ld	t3,48(sp)
   15182:	6826                	ld	a6,72(sp)
   15184:	7f02                	ld	t5,32(sp)
   15186:	6746                	ld	a4,80(sp)
   15188:	836a                	mv	t1,s10
   1518a:	0c0e0463          	beqz	t3,15252 <__gdtoa+0xffa>
   1518e:	4850                	lw	a2,20(s0)
   15190:	4785                	li	a5,1
   15192:	14c7d463          	bge	a5,a2,152da <__gdtoa+0x1082>
   15196:	4789                	li	a5,2
   15198:	14fe0763          	beq	t3,a5,152e6 <__gdtoa+0x108e>
   1519c:	8aa2                	mv	s5,s0
   1519e:	8c42                	mv	s8,a6
   151a0:	841a                	mv	s0,t1
   151a2:	8bfa                	mv	s7,t5
   151a4:	8d3a                	mv	s10,a4
   151a6:	a821                	j	151be <__gdtoa+0xf66>
   151a8:	540000ef          	jal	156e8 <__multadd>
   151ac:	85de                	mv	a1,s7
   151ae:	8aaa                	mv	s5,a0
   151b0:	0405                	addi	s0,s0,1
   151b2:	aa0506e3          	beqz	a0,14c5e <__gdtoa+0xa06>
   151b6:	25c000ef          	jal	15412 <__quorem_D2A>
   151ba:	03050e9b          	addiw	t4,a0,48
   151be:	85da                	mv	a1,s6
   151c0:	855e                	mv	a0,s7
   151c2:	e876                	sd	t4,16(sp)
   151c4:	463000ef          	jal	15e26 <__mcmp>
   151c8:	6ec2                	ld	t4,16(sp)
   151ca:	4681                	li	a3,0
   151cc:	4629                	li	a2,10
   151ce:	10a05e63          	blez	a0,152ea <__gdtoa+0x1092>
   151d2:	85da                	mv	a1,s6
   151d4:	01d40023          	sb	t4,0(s0)
   151d8:	8552                	mv	a0,s4
   151da:	50e000ef          	jal	156e8 <__multadd>
   151de:	87aa                	mv	a5,a0
   151e0:	84da                	mv	s1,s6
   151e2:	4681                	li	a3,0
   151e4:	8b2a                	mv	s6,a0
   151e6:	4629                	li	a2,10
   151e8:	85d6                	mv	a1,s5
   151ea:	8552                	mv	a0,s4
   151ec:	a60789e3          	beqz	a5,14c5e <__gdtoa+0xa06>
   151f0:	67a2                	ld	a5,8(sp)
   151f2:	fa979be3          	bne	a5,s1,151a8 <__gdtoa+0xf50>
   151f6:	e45a                	sd	s6,8(sp)
   151f8:	bf45                	j	151a8 <__gdtoa+0xf50>
   151fa:	4e01                	li	t3,0
   151fc:	da065363          	bgez	a2,147a2 <__gdtoa+0x54a>
   15200:	e54ff06f          	j	14854 <__gdtoa+0x5fc>
   15204:	f2000753          	fmv.d.x	fa4,zero
   15208:	879a                	mv	a5,t1
   1520a:	a2e7a6d3          	feq.d	a3,fa5,fa4
   1520e:	0016b693          	seqz	a3,a3
   15212:	00469b9b          	slliw	s7,a3,0x4
   15216:	b5b1                	j	15062 <__gdtoa+0xe0a>
   15218:	863e                	mv	a2,a5
   1521a:	03900793          	li	a5,57
   1521e:	6826                	ld	a6,72(sp)
   15220:	7f02                	ld	t5,32(sp)
   15222:	6746                	ld	a4,80(sp)
   15224:	836a                	mv	t1,s10
   15226:	d8fd89e3          	beq	s11,a5,14fb8 <__gdtoa+0xd60>
   1522a:	001d879b          	addiw	a5,s11,1
   1522e:	68a2                	ld	a7,8(sp)
   15230:	00fd0023          	sb	a5,0(s10)
   15234:	834a                	mv	t1,s2
   15236:	e45a                	sd	s6,8(sp)
   15238:	02000b93          	li	s7,32
   1523c:	b269                	j	14bc6 <__gdtoa+0x96e>
   1523e:	68a2                	ld	a7,8(sp)
   15240:	6826                	ld	a6,72(sp)
   15242:	7e42                	ld	t3,48(sp)
   15244:	7f02                	ld	t5,32(sp)
   15246:	6746                	ld	a4,80(sp)
   15248:	e45a                	sd	s6,8(sp)
   1524a:	b2b1                	j	14b96 <__gdtoa+0x93e>
   1524c:	78c6                	ld	a7,112(sp)
   1524e:	f1ca                	sd	s2,224(sp)
   15250:	b8dd                	j	14b46 <__gdtoa+0x8ee>
   15252:	04d05063          	blez	a3,15292 <__gdtoa+0x103a>
   15256:	85a2                	mv	a1,s0
   15258:	4605                	li	a2,1
   1525a:	8552                	mv	a0,s4
   1525c:	f83a                	sd	a4,48(sp)
   1525e:	e87a                	sd	t5,16(sp)
   15260:	f41a                	sd	t1,40(sp)
   15262:	f042                	sd	a6,32(sp)
   15264:	ec76                	sd	t4,24(sp)
   15266:	2af000ef          	jal	15d14 <__lshift>
   1526a:	842a                	mv	s0,a0
   1526c:	9e0509e3          	beqz	a0,14c5e <__gdtoa+0xa06>
   15270:	65c2                	ld	a1,16(sp)
   15272:	3b5000ef          	jal	15e26 <__mcmp>
   15276:	6f42                	ld	t5,16(sp)
   15278:	7802                	ld	a6,32(sp)
   1527a:	7322                	ld	t1,40(sp)
   1527c:	7742                	ld	a4,48(sp)
   1527e:	08a05363          	blez	a0,15304 <__gdtoa+0x10ac>
   15282:	03900793          	li	a5,57
   15286:	d2fd87e3          	beq	s11,a5,14fb4 <__gdtoa+0xd5c>
   1528a:	03190e9b          	addiw	t4,s2,49
   1528e:	02000e13          	li	t3,32
   15292:	4854                	lw	a3,20(s0)
   15294:	4785                	li	a5,1
   15296:	4bc1                	li	s7,16
   15298:	c0d7cae3          	blt	a5,a3,14eac <__gdtoa+0xc54>
   1529c:	4c1c                	lw	a5,24(s0)
   1529e:	c00797e3          	bnez	a5,14eac <__gdtoa+0xc54>
   152a2:	8bf2                	mv	s7,t3
   152a4:	b121                	j	14eac <__gdtoa+0xc54>
   152a6:	65a6                	ld	a1,72(sp)
   152a8:	fff8869b          	addiw	a3,a7,-1
   152ac:	8636                	mv	a2,a3
   152ae:	c2d5c6e3          	blt	a1,a3,14eda <__gdtoa+0xc82>
   152b2:	40d584bb          	subw	s1,a1,a3
   152b6:	66c2                	ld	a3,16(sp)
   152b8:	01d88ebb          	addw	t4,a7,t4
   152bc:	c746                	sw	a7,140(sp)
   152be:	011686bb          	addw	a3,a3,a7
   152c2:	ec36                	sd	a3,24(sp)
   152c4:	dd4ff06f          	j	14898 <__gdtoa+0x640>
   152c8:	66c2                	ld	a3,16(sp)
   152ca:	c746                	sw	a7,140(sp)
   152cc:	01d88ebb          	addw	t4,a7,t4
   152d0:	011686bb          	addw	a3,a3,a7
   152d4:	ec36                	sd	a3,24(sp)
   152d6:	dc2ff06f          	j	14898 <__gdtoa+0x640>
   152da:	4c1c                	lw	a5,24(s0)
   152dc:	ea079de3          	bnez	a5,15196 <__gdtoa+0xf3e>
   152e0:	f6d04be3          	bgtz	a3,15256 <__gdtoa+0xffe>
   152e4:	b6e1                	j	14eac <__gdtoa+0xc54>
   152e6:	4bc1                	li	s7,16
   152e8:	b6d1                	j	14eac <__gdtoa+0xc54>
   152ea:	03900793          	li	a5,57
   152ee:	8322                	mv	t1,s0
   152f0:	8862                	mv	a6,s8
   152f2:	8456                	mv	s0,s5
   152f4:	8f5e                	mv	t5,s7
   152f6:	876a                	mv	a4,s10
   152f8:	cafe8ee3          	beq	t4,a5,14fb4 <__gdtoa+0xd5c>
   152fc:	2e85                	addiw	t4,t4,1
   152fe:	02000b93          	li	s7,32
   15302:	b66d                	j	14eac <__gdtoa+0xc54>
   15304:	6ee2                	ld	t4,24(sp)
   15306:	e501                	bnez	a0,1530e <__gdtoa+0x10b6>
   15308:	001df793          	andi	a5,s11,1
   1530c:	fbbd                	bnez	a5,15282 <__gdtoa+0x102a>
   1530e:	02000e13          	li	t3,32
   15312:	b741                	j	15292 <__gdtoa+0x103a>
   15314:	790e                	ld	s2,224(sp)
   15316:	0018061b          	addiw	a2,a6,1
   1531a:	bacff06f          	j	146c6 <__gdtoa+0x46e>
   1531e:	4854                	lw	a3,20(s0)
   15320:	4785                	li	a5,1
   15322:	4bc1                	li	s7,16
   15324:	b8d7c4e3          	blt	a5,a3,14eac <__gdtoa+0xc54>
   15328:	4c1c                	lw	a5,24(s0)
   1532a:	00f037b3          	snez	a5,a5
   1532e:	00479b9b          	slliw	s7,a5,0x4
   15332:	bead                	j	14eac <__gdtoa+0xc54>

0000000000015334 <__rv_alloc_D2A.part.0>:
   15334:	66e5                	lui	a3,0x19
   15336:	6565                	lui	a0,0x19
   15338:	1141                	addi	sp,sp,-16
   1533a:	2a868693          	addi	a3,a3,680 # 192a8 <__clzdi2+0xbc>
   1533e:	2c050513          	addi	a0,a0,704 # 192c0 <__clzdi2+0xd4>
   15342:	4601                	li	a2,0
   15344:	03900593          	li	a1,57
   15348:	e406                	sd	ra,8(sp)
   1534a:	033010ef          	jal	16b7c <__assert_func>

000000000001534e <__rv_alloc_D2A>:
   1534e:	1141                	addi	sp,sp,-16
   15350:	e022                	sd	s0,0(sp)
   15352:	e406                	sd	ra,8(sp)
   15354:	46fd                	li	a3,31
   15356:	842a                	mv	s0,a0
   15358:	4705                	li	a4,1
   1535a:	4791                	li	a5,4
   1535c:	02b6f563          	bgeu	a3,a1,15386 <__rv_alloc_D2A+0x38>
   15360:	0017979b          	slliw	a5,a5,0x1
   15364:	01c78693          	addi	a3,a5,28
   15368:	863a                	mv	a2,a4
   1536a:	2705                	addiw	a4,a4,1
   1536c:	fed5fae3          	bgeu	a1,a3,15360 <__rv_alloc_D2A+0x12>
   15370:	85b2                	mv	a1,a2
   15372:	cc30                	sw	a2,88(s0)
   15374:	8522                	mv	a0,s0
   15376:	2fc000ef          	jal	15672 <_Balloc>
   1537a:	c911                	beqz	a0,1538e <__rv_alloc_D2A+0x40>
   1537c:	60a2                	ld	ra,8(sp)
   1537e:	e828                	sd	a0,80(s0)
   15380:	6402                	ld	s0,0(sp)
   15382:	0141                	addi	sp,sp,16
   15384:	8082                	ret
   15386:	04052c23          	sw	zero,88(a0)
   1538a:	4581                	li	a1,0
   1538c:	b7e5                	j	15374 <__rv_alloc_D2A+0x26>
   1538e:	fa7ff0ef          	jal	15334 <__rv_alloc_D2A.part.0>

0000000000015392 <__nrv_alloc_D2A>:
   15392:	7179                	addi	sp,sp,-48
   15394:	f022                	sd	s0,32(sp)
   15396:	ec26                	sd	s1,24(sp)
   15398:	f406                	sd	ra,40(sp)
   1539a:	487d                	li	a6,31
   1539c:	84aa                	mv	s1,a0
   1539e:	842e                	mv	s0,a1
   153a0:	4705                	li	a4,1
   153a2:	4791                	li	a5,4
   153a4:	04d87863          	bgeu	a6,a3,153f4 <__nrv_alloc_D2A+0x62>
   153a8:	0017979b          	slliw	a5,a5,0x1
   153ac:	01c78513          	addi	a0,a5,28
   153b0:	85ba                	mv	a1,a4
   153b2:	2705                	addiw	a4,a4,1
   153b4:	fea6fae3          	bgeu	a3,a0,153a8 <__nrv_alloc_D2A+0x16>
   153b8:	ccac                	sw	a1,88(s1)
   153ba:	8526                	mv	a0,s1
   153bc:	e432                	sd	a2,8(sp)
   153be:	2b4000ef          	jal	15672 <_Balloc>
   153c2:	6622                	ld	a2,8(sp)
   153c4:	cd15                	beqz	a0,15400 <__nrv_alloc_D2A+0x6e>
   153c6:	e8a8                	sd	a0,80(s1)
   153c8:	00044783          	lbu	a5,0(s0)
   153cc:	00f50023          	sb	a5,0(a0)
   153d0:	c795                	beqz	a5,153fc <__nrv_alloc_D2A+0x6a>
   153d2:	00140593          	addi	a1,s0,1
   153d6:	87aa                	mv	a5,a0
   153d8:	0005c703          	lbu	a4,0(a1)
   153dc:	0585                	addi	a1,a1,1
   153de:	0785                	addi	a5,a5,1
   153e0:	00e78023          	sb	a4,0(a5)
   153e4:	fb75                	bnez	a4,153d8 <__nrv_alloc_D2A+0x46>
   153e6:	c211                	beqz	a2,153ea <__nrv_alloc_D2A+0x58>
   153e8:	e21c                	sd	a5,0(a2)
   153ea:	70a2                	ld	ra,40(sp)
   153ec:	7402                	ld	s0,32(sp)
   153ee:	64e2                	ld	s1,24(sp)
   153f0:	6145                	addi	sp,sp,48
   153f2:	8082                	ret
   153f4:	04052c23          	sw	zero,88(a0)
   153f8:	4581                	li	a1,0
   153fa:	b7c1                	j	153ba <__nrv_alloc_D2A+0x28>
   153fc:	87aa                	mv	a5,a0
   153fe:	b7e5                	j	153e6 <__nrv_alloc_D2A+0x54>
   15400:	f35ff0ef          	jal	15334 <__rv_alloc_D2A.part.0>

0000000000015404 <__freedtoa>:
   15404:	4d38                	lw	a4,88(a0)
   15406:	4785                	li	a5,1
   15408:	00e797bb          	sllw	a5,a5,a4
   1540c:	c5dc                	sw	a5,12(a1)
   1540e:	c598                	sw	a4,8(a1)
   15410:	a4d9                	j	156d6 <_Bfree>

0000000000015412 <__quorem_D2A>:
   15412:	0145a803          	lw	a6,20(a1)
   15416:	495c                	lw	a5,20(a0)
   15418:	1707c763          	blt	a5,a6,15586 <__quorem_D2A+0x174>
   1541c:	387d                	addiw	a6,a6,-1
   1541e:	00281393          	slli	t2,a6,0x2
   15422:	01858613          	addi	a2,a1,24
   15426:	007608b3          	add	a7,a2,t2
   1542a:	01850313          	addi	t1,a0,24
   1542e:	0008a783          	lw	a5,0(a7)
   15432:	939a                	add	t2,t2,t1
   15434:	0003a703          	lw	a4,0(t2)
   15438:	2785                	addiw	a5,a5,1
   1543a:	715d                	addi	sp,sp,-80
   1543c:	02f752bb          	divuw	t0,a4,a5
   15440:	e486                	sd	ra,72(sp)
   15442:	e0a2                	sd	s0,64(sp)
   15444:	8e16                	mv	t3,t0
   15446:	0af76063          	bltu	a4,a5,154e6 <__quorem_D2A+0xd4>
   1544a:	fc26                	sd	s1,56(sp)
   1544c:	8fb2                	mv	t6,a2
   1544e:	8f1a                	mv	t5,t1
   15450:	4481                	li	s1,0
   15452:	4401                	li	s0,0
   15454:	000fa703          	lw	a4,0(t6)
   15458:	000f2683          	lw	a3,0(t5)
   1545c:	0f11                	addi	t5,t5,4
   1545e:	03071793          	slli	a5,a4,0x30
   15462:	93c1                	srli	a5,a5,0x30
   15464:	025787bb          	mulw	a5,a5,t0
   15468:	0107571b          	srliw	a4,a4,0x10
   1546c:	0f91                	addi	t6,t6,4
   1546e:	02570ebb          	mulw	t4,a4,t0
   15472:	9fa5                	addw	a5,a5,s1
   15474:	03069713          	slli	a4,a3,0x30
   15478:	03079493          	slli	s1,a5,0x30
   1547c:	90c1                	srli	s1,s1,0x30
   1547e:	9341                	srli	a4,a4,0x30
   15480:	9f05                	subw	a4,a4,s1
   15482:	0107d79b          	srliw	a5,a5,0x10
   15486:	9f01                	subw	a4,a4,s0
   15488:	02f71493          	slli	s1,a4,0x2f
   1548c:	01d787bb          	addw	a5,a5,t4
   15490:	03079413          	slli	s0,a5,0x30
   15494:	9041                	srli	s0,s0,0x30
   15496:	03f4de93          	srli	t4,s1,0x3f
   1549a:	9ea2                	add	t4,t4,s0
   1549c:	0106d69b          	srliw	a3,a3,0x10
   154a0:	41d686bb          	subw	a3,a3,t4
   154a4:	1742                	slli	a4,a4,0x30
   154a6:	01069e9b          	slliw	t4,a3,0x10
   154aa:	9341                	srli	a4,a4,0x30
   154ac:	00eee733          	or	a4,t4,a4
   154b0:	0106d69b          	srliw	a3,a3,0x10
   154b4:	feef2e23          	sw	a4,-4(t5)
   154b8:	0107d49b          	srliw	s1,a5,0x10
   154bc:	0016f413          	andi	s0,a3,1
   154c0:	f9f8fae3          	bgeu	a7,t6,15454 <__quorem_D2A+0x42>
   154c4:	0003a783          	lw	a5,0(t2)
   154c8:	e3e9                	bnez	a5,1558a <__quorem_D2A+0x178>
   154ca:	13f1                	addi	t2,t2,-4
   154cc:	00736663          	bltu	t1,t2,154d8 <__quorem_D2A+0xc6>
   154d0:	a801                	j	154e0 <__quorem_D2A+0xce>
   154d2:	387d                	addiw	a6,a6,-1
   154d4:	00737663          	bgeu	t1,t2,154e0 <__quorem_D2A+0xce>
   154d8:	0003a783          	lw	a5,0(t2)
   154dc:	13f1                	addi	t2,t2,-4
   154de:	dbf5                	beqz	a5,154d2 <__quorem_D2A+0xc0>
   154e0:	74e2                	ld	s1,56(sp)
   154e2:	01052a23          	sw	a6,20(a0)
   154e6:	e072                	sd	t3,0(sp)
   154e8:	f416                	sd	t0,40(sp)
   154ea:	f01a                	sd	t1,32(sp)
   154ec:	ec46                	sd	a7,24(sp)
   154ee:	e832                	sd	a2,16(sp)
   154f0:	e442                	sd	a6,8(sp)
   154f2:	842a                	mv	s0,a0
   154f4:	133000ef          	jal	15e26 <__mcmp>
   154f8:	6e02                	ld	t3,0(sp)
   154fa:	08054163          	bltz	a0,1557c <__quorem_D2A+0x16a>
   154fe:	72a2                	ld	t0,40(sp)
   15500:	7302                	ld	t1,32(sp)
   15502:	68e2                	ld	a7,24(sp)
   15504:	6642                	ld	a2,16(sp)
   15506:	6822                	ld	a6,8(sp)
   15508:	00128e1b          	addiw	t3,t0,1
   1550c:	859a                	mv	a1,t1
   1550e:	4501                	li	a0,0
   15510:	419c                	lw	a5,0(a1)
   15512:	4214                	lw	a3,0(a2)
   15514:	0591                	addi	a1,a1,4
   15516:	03079713          	slli	a4,a5,0x30
   1551a:	03069e93          	slli	t4,a3,0x30
   1551e:	030ede93          	srli	t4,t4,0x30
   15522:	9341                	srli	a4,a4,0x30
   15524:	41d7073b          	subw	a4,a4,t4
   15528:	9f09                	subw	a4,a4,a0
   1552a:	02f71e93          	slli	t4,a4,0x2f
   1552e:	03fed513          	srli	a0,t4,0x3f
   15532:	0106d69b          	srliw	a3,a3,0x10
   15536:	96aa                	add	a3,a3,a0
   15538:	0107d79b          	srliw	a5,a5,0x10
   1553c:	9f95                	subw	a5,a5,a3
   1553e:	1742                	slli	a4,a4,0x30
   15540:	0107969b          	slliw	a3,a5,0x10
   15544:	9341                	srli	a4,a4,0x30
   15546:	8f55                	or	a4,a4,a3
   15548:	0611                	addi	a2,a2,4
   1554a:	0107d79b          	srliw	a5,a5,0x10
   1554e:	fee5ae23          	sw	a4,-4(a1)
   15552:	0017f513          	andi	a0,a5,1
   15556:	fac8fde3          	bgeu	a7,a2,15510 <__quorem_D2A+0xfe>
   1555a:	00281793          	slli	a5,a6,0x2
   1555e:	979a                	add	a5,a5,t1
   15560:	4398                	lw	a4,0(a5)
   15562:	ef09                	bnez	a4,1557c <__quorem_D2A+0x16a>
   15564:	17f1                	addi	a5,a5,-4
   15566:	00f36663          	bltu	t1,a5,15572 <__quorem_D2A+0x160>
   1556a:	a039                	j	15578 <__quorem_D2A+0x166>
   1556c:	387d                	addiw	a6,a6,-1
   1556e:	00f37563          	bgeu	t1,a5,15578 <__quorem_D2A+0x166>
   15572:	4398                	lw	a4,0(a5)
   15574:	17f1                	addi	a5,a5,-4
   15576:	db7d                	beqz	a4,1556c <__quorem_D2A+0x15a>
   15578:	01042a23          	sw	a6,20(s0)
   1557c:	60a6                	ld	ra,72(sp)
   1557e:	6406                	ld	s0,64(sp)
   15580:	8572                	mv	a0,t3
   15582:	6161                	addi	sp,sp,80
   15584:	8082                	ret
   15586:	4501                	li	a0,0
   15588:	8082                	ret
   1558a:	74e2                	ld	s1,56(sp)
   1558c:	bfa9                	j	154e6 <__quorem_D2A+0xd4>

000000000001558e <__rshift_D2A>:
   1558e:	4954                	lw	a3,20(a0)
   15590:	4055d31b          	sraiw	t1,a1,0x5
   15594:	00d34763          	blt	t1,a3,155a2 <__rshift_D2A+0x14>
   15598:	00052a23          	sw	zero,20(a0)
   1559c:	00052c23          	sw	zero,24(a0)
   155a0:	8082                	ret
   155a2:	01850e13          	addi	t3,a0,24
   155a6:	00269813          	slli	a6,a3,0x2
   155aa:	00231793          	slli	a5,t1,0x2
   155ae:	89fd                	andi	a1,a1,31
   155b0:	9872                	add	a6,a6,t3
   155b2:	97f2                	add	a5,a5,t3
   155b4:	c5a9                	beqz	a1,155fe <__rshift_D2A+0x70>
   155b6:	4390                	lw	a2,0(a5)
   155b8:	0791                	addi	a5,a5,4
   155ba:	00b6563b          	srlw	a2,a2,a1
   155be:	0707f563          	bgeu	a5,a6,15628 <__rshift_D2A+0x9a>
   155c2:	02000e93          	li	t4,32
   155c6:	40be8ebb          	subw	t4,t4,a1
   155ca:	88f2                	mv	a7,t3
   155cc:	4398                	lw	a4,0(a5)
   155ce:	0891                	addi	a7,a7,4
   155d0:	0791                	addi	a5,a5,4
   155d2:	01d7173b          	sllw	a4,a4,t4
   155d6:	8f51                	or	a4,a4,a2
   155d8:	fee8ae23          	sw	a4,-4(a7)
   155dc:	ffc7a603          	lw	a2,-4(a5)
   155e0:	00b6563b          	srlw	a2,a2,a1
   155e4:	ff07e4e3          	bltu	a5,a6,155cc <__rshift_D2A+0x3e>
   155e8:	406687b3          	sub	a5,a3,t1
   155ec:	078a                	slli	a5,a5,0x2
   155ee:	17e1                	addi	a5,a5,-8
   155f0:	004e0713          	addi	a4,t3,4
   155f4:	97ba                	add	a5,a5,a4
   155f6:	c390                	sw	a2,0(a5)
   155f8:	c20d                	beqz	a2,1561a <__rshift_D2A+0x8c>
   155fa:	0791                	addi	a5,a5,4
   155fc:	a839                	j	1561a <__rshift_D2A+0x8c>
   155fe:	8772                	mv	a4,t3
   15600:	f907fce3          	bgeu	a5,a6,15598 <__rshift_D2A+0xa>
   15604:	4390                	lw	a2,0(a5)
   15606:	0791                	addi	a5,a5,4
   15608:	0711                	addi	a4,a4,4
   1560a:	fec72e23          	sw	a2,-4(a4)
   1560e:	ff07ebe3          	bltu	a5,a6,15604 <__rshift_D2A+0x76>
   15612:	406687b3          	sub	a5,a3,t1
   15616:	078a                	slli	a5,a5,0x2
   15618:	97f2                	add	a5,a5,t3
   1561a:	41c787b3          	sub	a5,a5,t3
   1561e:	8789                	srai	a5,a5,0x2
   15620:	2781                	sext.w	a5,a5
   15622:	c95c                	sw	a5,20(a0)
   15624:	dfa5                	beqz	a5,1559c <__rshift_D2A+0xe>
   15626:	8082                	ret
   15628:	cd10                	sw	a2,24(a0)
   1562a:	87f2                	mv	a5,t3
   1562c:	d635                	beqz	a2,15598 <__rshift_D2A+0xa>
   1562e:	0791                	addi	a5,a5,4
   15630:	b7ed                	j	1561a <__rshift_D2A+0x8c>

0000000000015632 <__trailz_D2A>:
   15632:	4954                	lw	a3,20(a0)
   15634:	0561                	addi	a0,a0,24
   15636:	4781                	li	a5,0
   15638:	068a                	slli	a3,a3,0x2
   1563a:	96aa                	add	a3,a3,a0
   1563c:	00d56863          	bltu	a0,a3,1564c <__trailz_D2A+0x1a>
   15640:	a03d                	j	1566e <__trailz_D2A+0x3c>
   15642:	0511                	addi	a0,a0,4
   15644:	0207879b          	addiw	a5,a5,32
   15648:	02d57363          	bgeu	a0,a3,1566e <__trailz_D2A+0x3c>
   1564c:	4118                	lw	a4,0(a0)
   1564e:	db75                	beqz	a4,15642 <__trailz_D2A+0x10>
   15650:	00d57f63          	bgeu	a0,a3,1566e <__trailz_D2A+0x3c>
   15654:	7179                	addi	sp,sp,-48
   15656:	0868                	addi	a0,sp,28
   15658:	f406                	sd	ra,40(sp)
   1565a:	e43e                	sd	a5,8(sp)
   1565c:	ce3a                	sw	a4,28(sp)
   1565e:	2ce000ef          	jal	1592c <__lo0bits>
   15662:	67a2                	ld	a5,8(sp)
   15664:	70a2                	ld	ra,40(sp)
   15666:	9fa9                	addw	a5,a5,a0
   15668:	853e                	mv	a0,a5
   1566a:	6145                	addi	sp,sp,48
   1566c:	8082                	ret
   1566e:	853e                	mv	a0,a5
   15670:	8082                	ret

0000000000015672 <_Balloc>:
   15672:	753c                	ld	a5,104(a0)
   15674:	1101                	addi	sp,sp,-32
   15676:	ec06                	sd	ra,24(sp)
   15678:	872a                	mv	a4,a0
   1567a:	86ae                	mv	a3,a1
   1567c:	cf89                	beqz	a5,15696 <_Balloc+0x24>
   1567e:	00369613          	slli	a2,a3,0x3
   15682:	97b2                	add	a5,a5,a2
   15684:	6388                	ld	a0,0(a5)
   15686:	c515                	beqz	a0,156b2 <_Balloc+0x40>
   15688:	6118                	ld	a4,0(a0)
   1568a:	e398                	sd	a4,0(a5)
   1568c:	00053823          	sd	zero,16(a0)
   15690:	60e2                	ld	ra,24(sp)
   15692:	6105                	addi	sp,sp,32
   15694:	8082                	ret
   15696:	e42e                	sd	a1,8(sp)
   15698:	04100613          	li	a2,65
   1569c:	45a1                	li	a1,8
   1569e:	e02a                	sd	a0,0(sp)
   156a0:	51e010ef          	jal	16bbe <_calloc_r>
   156a4:	6702                	ld	a4,0(sp)
   156a6:	66a2                	ld	a3,8(sp)
   156a8:	87aa                	mv	a5,a0
   156aa:	f728                	sd	a0,104(a4)
   156ac:	f969                	bnez	a0,1567e <_Balloc+0xc>
   156ae:	4501                	li	a0,0
   156b0:	b7c5                	j	15690 <_Balloc+0x1e>
   156b2:	4785                	li	a5,1
   156b4:	00d797bb          	sllw	a5,a5,a3
   156b8:	00279613          	slli	a2,a5,0x2
   156bc:	853a                	mv	a0,a4
   156be:	0671                	addi	a2,a2,28
   156c0:	4585                	li	a1,1
   156c2:	e436                	sd	a3,8(sp)
   156c4:	e03e                	sd	a5,0(sp)
   156c6:	4f8010ef          	jal	16bbe <_calloc_r>
   156ca:	d175                	beqz	a0,156ae <_Balloc+0x3c>
   156cc:	66a2                	ld	a3,8(sp)
   156ce:	6782                	ld	a5,0(sp)
   156d0:	c514                	sw	a3,8(a0)
   156d2:	c55c                	sw	a5,12(a0)
   156d4:	bf65                	j	1568c <_Balloc+0x1a>

00000000000156d6 <_Bfree>:
   156d6:	c981                	beqz	a1,156e6 <_Bfree+0x10>
   156d8:	4598                	lw	a4,8(a1)
   156da:	753c                	ld	a5,104(a0)
   156dc:	070e                	slli	a4,a4,0x3
   156de:	97ba                	add	a5,a5,a4
   156e0:	6398                	ld	a4,0(a5)
   156e2:	e198                	sd	a4,0(a1)
   156e4:	e38c                	sd	a1,0(a5)
   156e6:	8082                	ret

00000000000156e8 <__multadd>:
   156e8:	0145a303          	lw	t1,20(a1)
   156ec:	8e2e                	mv	t3,a1
   156ee:	8736                	mv	a4,a3
   156f0:	01858813          	addi	a6,a1,24
   156f4:	4881                	li	a7,0
   156f6:	00082783          	lw	a5,0(a6)
   156fa:	0811                	addi	a6,a6,4
   156fc:	2885                	addiw	a7,a7,1
   156fe:	03079693          	slli	a3,a5,0x30
   15702:	92c1                	srli	a3,a3,0x30
   15704:	02c686bb          	mulw	a3,a3,a2
   15708:	0107d79b          	srliw	a5,a5,0x10
   1570c:	02c787bb          	mulw	a5,a5,a2
   15710:	9eb9                	addw	a3,a3,a4
   15712:	0106d71b          	srliw	a4,a3,0x10
   15716:	16c2                	slli	a3,a3,0x30
   15718:	92c1                	srli	a3,a3,0x30
   1571a:	9fb9                	addw	a5,a5,a4
   1571c:	0107971b          	slliw	a4,a5,0x10
   15720:	9f35                	addw	a4,a4,a3
   15722:	fee82e23          	sw	a4,-4(a6)
   15726:	0107d71b          	srliw	a4,a5,0x10
   1572a:	fc68c6e3          	blt	a7,t1,156f6 <__multadd+0xe>
   1572e:	cf09                	beqz	a4,15748 <__multadd+0x60>
   15730:	00ce2783          	lw	a5,12(t3)
   15734:	00f35c63          	bge	t1,a5,1574c <__multadd+0x64>
   15738:	00231693          	slli	a3,t1,0x2
   1573c:	96f2                	add	a3,a3,t3
   1573e:	ce98                	sw	a4,24(a3)
   15740:	0013079b          	addiw	a5,t1,1 # fffffffffcc00001 <__BSS_END__+0xfffffffffcbe23b9>
   15744:	00fe2a23          	sw	a5,20(t3)
   15748:	8572                	mv	a0,t3
   1574a:	8082                	ret
   1574c:	008e2583          	lw	a1,8(t3)
   15750:	7179                	addi	sp,sp,-48
   15752:	f022                	sd	s0,32(sp)
   15754:	2585                	addiw	a1,a1,1
   15756:	e83a                	sd	a4,16(sp)
   15758:	e41a                	sd	t1,8(sp)
   1575a:	e072                	sd	t3,0(sp)
   1575c:	f406                	sd	ra,40(sp)
   1575e:	842a                	mv	s0,a0
   15760:	f13ff0ef          	jal	15672 <_Balloc>
   15764:	6e02                	ld	t3,0(sp)
   15766:	6322                	ld	t1,8(sp)
   15768:	6742                	ld	a4,16(sp)
   1576a:	86aa                	mv	a3,a0
   1576c:	c929                	beqz	a0,157be <__multadd+0xd6>
   1576e:	014e2603          	lw	a2,20(t3)
   15772:	010e0593          	addi	a1,t3,16
   15776:	0541                	addi	a0,a0,16
   15778:	060a                	slli	a2,a2,0x2
   1577a:	0621                	addi	a2,a2,8
   1577c:	ec3a                	sd	a4,24(sp)
   1577e:	e81a                	sd	t1,16(sp)
   15780:	e472                	sd	t3,8(sp)
   15782:	e036                	sd	a3,0(sp)
   15784:	e64fe0ef          	jal	13de8 <memcpy>
   15788:	6e22                	ld	t3,8(sp)
   1578a:	743c                	ld	a5,104(s0)
   1578c:	6342                	ld	t1,16(sp)
   1578e:	008e2603          	lw	a2,8(t3)
   15792:	6762                	ld	a4,24(sp)
   15794:	00231693          	slli	a3,t1,0x2
   15798:	060e                	slli	a2,a2,0x3
   1579a:	97b2                	add	a5,a5,a2
   1579c:	6390                	ld	a2,0(a5)
   1579e:	70a2                	ld	ra,40(sp)
   157a0:	7402                	ld	s0,32(sp)
   157a2:	00ce3023          	sd	a2,0(t3)
   157a6:	01c7b023          	sd	t3,0(a5)
   157aa:	6e02                	ld	t3,0(sp)
   157ac:	0013079b          	addiw	a5,t1,1
   157b0:	96f2                	add	a3,a3,t3
   157b2:	ce98                	sw	a4,24(a3)
   157b4:	00fe2a23          	sw	a5,20(t3)
   157b8:	8572                	mv	a0,t3
   157ba:	6145                	addi	sp,sp,48
   157bc:	8082                	ret
   157be:	66e5                	lui	a3,0x19
   157c0:	6565                	lui	a0,0x19
   157c2:	2a868693          	addi	a3,a3,680 # 192a8 <__clzdi2+0xbc>
   157c6:	33050513          	addi	a0,a0,816 # 19330 <__clzdi2+0x144>
   157ca:	4601                	li	a2,0
   157cc:	0ba00593          	li	a1,186
   157d0:	3ac010ef          	jal	16b7c <__assert_func>

00000000000157d4 <__s2b>:
   157d4:	7139                	addi	sp,sp,-64
   157d6:	f822                	sd	s0,48(sp)
   157d8:	f04a                	sd	s2,32(sp)
   157da:	ec4e                	sd	s3,24(sp)
   157dc:	e852                	sd	s4,16(sp)
   157de:	e456                	sd	s5,8(sp)
   157e0:	fc06                	sd	ra,56(sp)
   157e2:	47a5                	li	a5,9
   157e4:	89b6                	mv	s3,a3
   157e6:	8a32                	mv	s4,a2
   157e8:	892a                	mv	s2,a0
   157ea:	8aae                	mv	s5,a1
   157ec:	843a                	mv	s0,a4
   157ee:	0ad7dd63          	bge	a5,a3,158a8 <__s2b+0xd4>
   157f2:	26a1                	addiw	a3,a3,8
   157f4:	1682                	slli	a3,a3,0x20
   157f6:	38e397b7          	lui	a5,0x38e39
   157fa:	e3978793          	addi	a5,a5,-455 # 38e38e39 <__BSS_END__+0x38e1b1f1>
   157fe:	9281                	srli	a3,a3,0x20
   15800:	02f686b3          	mul	a3,a3,a5
   15804:	4581                	li	a1,0
   15806:	4785                	li	a5,1
   15808:	9285                	srli	a3,a3,0x21
   1580a:	0017979b          	slliw	a5,a5,0x1
   1580e:	2585                	addiw	a1,a1,1
   15810:	fed7cde3          	blt	a5,a3,1580a <__s2b+0x36>
   15814:	854a                	mv	a0,s2
   15816:	e5dff0ef          	jal	15672 <_Balloc>
   1581a:	f426                	sd	s1,40(sp)
   1581c:	85aa                	mv	a1,a0
   1581e:	c559                	beqz	a0,158ac <__s2b+0xd8>
   15820:	4785                	li	a5,1
   15822:	c95c                	sw	a5,20(a0)
   15824:	cd00                	sw	s0,24(a0)
   15826:	47a5                	li	a5,9
   15828:	0747dc63          	bge	a5,s4,158a0 <__s2b+0xcc>
   1582c:	ff6a071b          	addiw	a4,s4,-10
   15830:	020a1793          	slli	a5,s4,0x20
   15834:	009a8413          	addi	s0,s5,9
   15838:	e05a                	sd	s6,0(sp)
   1583a:	9381                	srli	a5,a5,0x20
   1583c:	02071b13          	slli	s6,a4,0x20
   15840:	020b5b13          	srli	s6,s6,0x20
   15844:	9abe                	add	s5,s5,a5
   15846:	84a2                	mv	s1,s0
   15848:	0004c683          	lbu	a3,0(s1)
   1584c:	4629                	li	a2,10
   1584e:	854a                	mv	a0,s2
   15850:	fd06869b          	addiw	a3,a3,-48
   15854:	0485                	addi	s1,s1,1
   15856:	e93ff0ef          	jal	156e8 <__multadd>
   1585a:	85aa                	mv	a1,a0
   1585c:	ff5496e3          	bne	s1,s5,15848 <__s2b+0x74>
   15860:	945a                	add	s0,s0,s6
   15862:	6b02                	ld	s6,0(sp)
   15864:	0409                	addi	s0,s0,2
   15866:	033a5363          	bge	s4,s3,1588c <__s2b+0xb8>
   1586a:	414984bb          	subw	s1,s3,s4
   1586e:	1482                	slli	s1,s1,0x20
   15870:	9081                	srli	s1,s1,0x20
   15872:	94a2                	add	s1,s1,s0
   15874:	00044683          	lbu	a3,0(s0)
   15878:	4629                	li	a2,10
   1587a:	854a                	mv	a0,s2
   1587c:	fd06869b          	addiw	a3,a3,-48
   15880:	0405                	addi	s0,s0,1
   15882:	e67ff0ef          	jal	156e8 <__multadd>
   15886:	85aa                	mv	a1,a0
   15888:	fe9416e3          	bne	s0,s1,15874 <__s2b+0xa0>
   1588c:	70e2                	ld	ra,56(sp)
   1588e:	7442                	ld	s0,48(sp)
   15890:	74a2                	ld	s1,40(sp)
   15892:	7902                	ld	s2,32(sp)
   15894:	69e2                	ld	s3,24(sp)
   15896:	6a42                	ld	s4,16(sp)
   15898:	6aa2                	ld	s5,8(sp)
   1589a:	852e                	mv	a0,a1
   1589c:	6121                	addi	sp,sp,64
   1589e:	8082                	ret
   158a0:	00aa8413          	addi	s0,s5,10
   158a4:	8a3e                	mv	s4,a5
   158a6:	b7c1                	j	15866 <__s2b+0x92>
   158a8:	4581                	li	a1,0
   158aa:	b7ad                	j	15814 <__s2b+0x40>
   158ac:	66e5                	lui	a3,0x19
   158ae:	6565                	lui	a0,0x19
   158b0:	2a868693          	addi	a3,a3,680 # 192a8 <__clzdi2+0xbc>
   158b4:	33050513          	addi	a0,a0,816 # 19330 <__clzdi2+0x144>
   158b8:	4601                	li	a2,0
   158ba:	0d300593          	li	a1,211
   158be:	e05a                	sd	s6,0(sp)
   158c0:	2bc010ef          	jal	16b7c <__assert_func>

00000000000158c4 <__hi0bits>:
   158c4:	87aa                	mv	a5,a0
   158c6:	6741                	lui	a4,0x10
   158c8:	4501                	li	a0,0
   158ca:	00e7f563          	bgeu	a5,a4,158d4 <__hi0bits+0x10>
   158ce:	0107979b          	slliw	a5,a5,0x10
   158d2:	4541                	li	a0,16
   158d4:	01000737          	lui	a4,0x1000
   158d8:	00e7f563          	bgeu	a5,a4,158e2 <__hi0bits+0x1e>
   158dc:	2521                	addiw	a0,a0,8
   158de:	0087979b          	slliw	a5,a5,0x8
   158e2:	10000737          	lui	a4,0x10000
   158e6:	00e7ec63          	bltu	a5,a4,158fe <__hi0bits+0x3a>
   158ea:	40000737          	lui	a4,0x40000
   158ee:	02e7f863          	bgeu	a5,a4,1591e <__hi0bits+0x5a>
   158f2:	02279713          	slli	a4,a5,0x22
   158f6:	02074963          	bltz	a4,15928 <__hi0bits+0x64>
   158fa:	250d                	addiw	a0,a0,3
   158fc:	8082                	ret
   158fe:	0047971b          	slliw	a4,a5,0x4
   15902:	400006b7          	lui	a3,0x40000
   15906:	2511                	addiw	a0,a0,4
   15908:	00d77c63          	bgeu	a4,a3,15920 <__hi0bits+0x5c>
   1590c:	0067979b          	slliw	a5,a5,0x6
   15910:	0007cc63          	bltz	a5,15928 <__hi0bits+0x64>
   15914:	8ff5                	and	a5,a5,a3
   15916:	f3f5                	bnez	a5,158fa <__hi0bits+0x36>
   15918:	02000513          	li	a0,32
   1591c:	8082                	ret
   1591e:	873e                	mv	a4,a5
   15920:	fe074ee3          	bltz	a4,1591c <__hi0bits+0x58>
   15924:	2505                	addiw	a0,a0,1
   15926:	8082                	ret
   15928:	2509                	addiw	a0,a0,2
   1592a:	8082                	ret

000000000001592c <__lo0bits>:
   1592c:	411c                	lw	a5,0(a0)
   1592e:	0077f713          	andi	a4,a5,7
   15932:	86be                	mv	a3,a5
   15934:	cf11                	beqz	a4,15950 <__lo0bits+0x24>
   15936:	0017f693          	andi	a3,a5,1
   1593a:	4701                	li	a4,0
   1593c:	ea81                	bnez	a3,1594c <__lo0bits+0x20>
   1593e:	0027f713          	andi	a4,a5,2
   15942:	cf3d                	beqz	a4,159c0 <__lo0bits+0x94>
   15944:	0017d79b          	srliw	a5,a5,0x1
   15948:	c11c                	sw	a5,0(a0)
   1594a:	4705                	li	a4,1
   1594c:	853a                	mv	a0,a4
   1594e:	8082                	ret
   15950:	03079713          	slli	a4,a5,0x30
   15954:	9341                	srli	a4,a4,0x30
   15956:	eb0d                	bnez	a4,15988 <__lo0bits+0x5c>
   15958:	0107d79b          	srliw	a5,a5,0x10
   1595c:	0ff7f693          	zext.b	a3,a5
   15960:	4741                	li	a4,16
   15962:	e681                	bnez	a3,1596a <__lo0bits+0x3e>
   15964:	4761                	li	a4,24
   15966:	0087d79b          	srliw	a5,a5,0x8
   1596a:	00f7f693          	andi	a3,a5,15
   1596e:	c2a9                	beqz	a3,159b0 <__lo0bits+0x84>
   15970:	0037f693          	andi	a3,a5,3
   15974:	c68d                	beqz	a3,1599e <__lo0bits+0x72>
   15976:	0017f693          	andi	a3,a5,1
   1597a:	e681                	bnez	a3,15982 <__lo0bits+0x56>
   1597c:	2705                	addiw	a4,a4,1 # 40000001 <__BSS_END__+0x3ffe23b9>
   1597e:	0017d79b          	srliw	a5,a5,0x1
   15982:	c11c                	sw	a5,0(a0)
   15984:	853a                	mv	a0,a4
   15986:	8082                	ret
   15988:	0ff7f713          	zext.b	a4,a5
   1598c:	c715                	beqz	a4,159b8 <__lo0bits+0x8c>
   1598e:	8abd                	andi	a3,a3,15
   15990:	e6a1                	bnez	a3,159d8 <__lo0bits+0xac>
   15992:	4711                	li	a4,4
   15994:	0047d79b          	srliw	a5,a5,0x4
   15998:	0037f693          	andi	a3,a5,3
   1599c:	fee9                	bnez	a3,15976 <__lo0bits+0x4a>
   1599e:	0027d69b          	srliw	a3,a5,0x2
   159a2:	0016f613          	andi	a2,a3,1
   159a6:	c21d                	beqz	a2,159cc <__lo0bits+0xa0>
   159a8:	87b6                	mv	a5,a3
   159aa:	2709                	addiw	a4,a4,2
   159ac:	c11c                	sw	a5,0(a0)
   159ae:	bfd9                	j	15984 <__lo0bits+0x58>
   159b0:	2711                	addiw	a4,a4,4
   159b2:	0047d79b          	srliw	a5,a5,0x4
   159b6:	b7cd                	j	15998 <__lo0bits+0x6c>
   159b8:	4721                	li	a4,8
   159ba:	0087d79b          	srliw	a5,a5,0x8
   159be:	b775                	j	1596a <__lo0bits+0x3e>
   159c0:	0027d79b          	srliw	a5,a5,0x2
   159c4:	4709                	li	a4,2
   159c6:	c11c                	sw	a5,0(a0)
   159c8:	853a                	mv	a0,a4
   159ca:	8082                	ret
   159cc:	0037d79b          	srliw	a5,a5,0x3
   159d0:	eb89                	bnez	a5,159e2 <__lo0bits+0xb6>
   159d2:	02000713          	li	a4,32
   159d6:	bf9d                	j	1594c <__lo0bits+0x20>
   159d8:	0037d79b          	srliw	a5,a5,0x3
   159dc:	470d                	li	a4,3
   159de:	c11c                	sw	a5,0(a0)
   159e0:	b755                	j	15984 <__lo0bits+0x58>
   159e2:	270d                	addiw	a4,a4,3
   159e4:	c11c                	sw	a5,0(a0)
   159e6:	bf79                	j	15984 <__lo0bits+0x58>

00000000000159e8 <__i2b>:
   159e8:	753c                	ld	a5,104(a0)
   159ea:	1101                	addi	sp,sp,-32
   159ec:	ec06                	sd	ra,24(sp)
   159ee:	872a                	mv	a4,a0
   159f0:	86ae                	mv	a3,a1
   159f2:	cf81                	beqz	a5,15a0a <__i2b+0x22>
   159f4:	6788                	ld	a0,8(a5)
   159f6:	c129                	beqz	a0,15a38 <__i2b+0x50>
   159f8:	6118                	ld	a4,0(a0)
   159fa:	60e2                	ld	ra,24(sp)
   159fc:	e798                	sd	a4,8(a5)
   159fe:	4785                	li	a5,1
   15a00:	1782                	slli	a5,a5,0x20
   15a02:	cd14                	sw	a3,24(a0)
   15a04:	e91c                	sd	a5,16(a0)
   15a06:	6105                	addi	sp,sp,32
   15a08:	8082                	ret
   15a0a:	e42e                	sd	a1,8(sp)
   15a0c:	04100613          	li	a2,65
   15a10:	45a1                	li	a1,8
   15a12:	e02a                	sd	a0,0(sp)
   15a14:	1aa010ef          	jal	16bbe <_calloc_r>
   15a18:	6702                	ld	a4,0(sp)
   15a1a:	66a2                	ld	a3,8(sp)
   15a1c:	87aa                	mv	a5,a0
   15a1e:	f728                	sd	a0,104(a4)
   15a20:	f971                	bnez	a0,159f4 <__i2b+0xc>
   15a22:	66e5                	lui	a3,0x19
   15a24:	6565                	lui	a0,0x19
   15a26:	2a868693          	addi	a3,a3,680 # 192a8 <__clzdi2+0xbc>
   15a2a:	33050513          	addi	a0,a0,816 # 19330 <__clzdi2+0x144>
   15a2e:	4601                	li	a2,0
   15a30:	14500593          	li	a1,325
   15a34:	148010ef          	jal	16b7c <__assert_func>
   15a38:	853a                	mv	a0,a4
   15a3a:	02400613          	li	a2,36
   15a3e:	4585                	li	a1,1
   15a40:	e036                	sd	a3,0(sp)
   15a42:	17c010ef          	jal	16bbe <_calloc_r>
   15a46:	dd71                	beqz	a0,15a22 <__i2b+0x3a>
   15a48:	4785                	li	a5,1
   15a4a:	1786                	slli	a5,a5,0x21
   15a4c:	6682                	ld	a3,0(sp)
   15a4e:	0785                	addi	a5,a5,1
   15a50:	60e2                	ld	ra,24(sp)
   15a52:	e51c                	sd	a5,8(a0)
   15a54:	4785                	li	a5,1
   15a56:	1782                	slli	a5,a5,0x20
   15a58:	cd14                	sw	a3,24(a0)
   15a5a:	e91c                	sd	a5,16(a0)
   15a5c:	6105                	addi	sp,sp,32
   15a5e:	8082                	ret

0000000000015a60 <__multiply>:
   15a60:	7139                	addi	sp,sp,-64
   15a62:	ec4e                	sd	s3,24(sp)
   15a64:	e852                	sd	s4,16(sp)
   15a66:	0145a983          	lw	s3,20(a1)
   15a6a:	01462a03          	lw	s4,20(a2)
   15a6e:	f04a                	sd	s2,32(sp)
   15a70:	e456                	sd	s5,8(sp)
   15a72:	fc06                	sd	ra,56(sp)
   15a74:	f822                	sd	s0,48(sp)
   15a76:	f426                	sd	s1,40(sp)
   15a78:	8aae                	mv	s5,a1
   15a7a:	8932                	mv	s2,a2
   15a7c:	0149c763          	blt	s3,s4,15a8a <__multiply+0x2a>
   15a80:	8752                	mv	a4,s4
   15a82:	892e                	mv	s2,a1
   15a84:	8a4e                	mv	s4,s3
   15a86:	8ab2                	mv	s5,a2
   15a88:	89ba                	mv	s3,a4
   15a8a:	00c92783          	lw	a5,12(s2)
   15a8e:	013a04bb          	addw	s1,s4,s3
   15a92:	00892583          	lw	a1,8(s2)
   15a96:	8426                	mv	s0,s1
   15a98:	0097d363          	bge	a5,s1,15a9e <__multiply+0x3e>
   15a9c:	2585                	addiw	a1,a1,1
   15a9e:	bd5ff0ef          	jal	15672 <_Balloc>
   15aa2:	16050a63          	beqz	a0,15c16 <__multiply+0x1b6>
   15aa6:	01850893          	addi	a7,a0,24
   15aaa:	00249813          	slli	a6,s1,0x2
   15aae:	9846                	add	a6,a6,a7
   15ab0:	87c6                	mv	a5,a7
   15ab2:	0108f763          	bgeu	a7,a6,15ac0 <__multiply+0x60>
   15ab6:	0007a023          	sw	zero,0(a5)
   15aba:	0791                	addi	a5,a5,4
   15abc:	ff07ede3          	bltu	a5,a6,15ab6 <__multiply+0x56>
   15ac0:	018a8593          	addi	a1,s5,24
   15ac4:	00299313          	slli	t1,s3,0x2
   15ac8:	932e                	add	t1,t1,a1
   15aca:	1265f363          	bgeu	a1,t1,15bf0 <__multiply+0x190>
   15ace:	002a1693          	slli	a3,s4,0x2
   15ad2:	01890e93          	addi	t4,s2,24
   15ad6:	96f6                	add	a3,a3,t4
   15ad8:	01990e13          	addi	t3,s2,25
   15adc:	01c6be33          	sltu	t3,a3,t3
   15ae0:	41268633          	sub	a2,a3,s2
   15ae4:	001e4e13          	xori	t3,t3,1
   15ae8:	161d                	addi	a2,a2,-25
   15aea:	a809                	j	15afc <__multiply+0x9c>
   15aec:	0102d29b          	srliw	t0,t0,0x10
   15af0:	08029863          	bnez	t0,15b80 <__multiply+0x120>
   15af4:	0591                	addi	a1,a1,4
   15af6:	0891                	addi	a7,a7,4
   15af8:	0e65fc63          	bgeu	a1,t1,15bf0 <__multiply+0x190>
   15afc:	0005a283          	lw	t0,0(a1)
   15b00:	03029913          	slli	s2,t0,0x30
   15b04:	03095913          	srli	s2,s2,0x30
   15b08:	fe0902e3          	beqz	s2,15aec <__multiply+0x8c>
   15b0c:	83c6                	mv	t2,a7
   15b0e:	82f6                	mv	t0,t4
   15b10:	4701                	li	a4,0
   15b12:	0002af83          	lw	t6,0(t0)
   15b16:	0003af03          	lw	t5,0(t2)
   15b1a:	0391                	addi	t2,t2,4
   15b1c:	030f9793          	slli	a5,t6,0x30
   15b20:	93c1                	srli	a5,a5,0x30
   15b22:	032787bb          	mulw	a5,a5,s2
   15b26:	010fdf9b          	srliw	t6,t6,0x10
   15b2a:	030f1993          	slli	s3,t5,0x30
   15b2e:	0309d993          	srli	s3,s3,0x30
   15b32:	010f5f1b          	srliw	t5,t5,0x10
   15b36:	0291                	addi	t0,t0,4
   15b38:	032f8fbb          	mulw	t6,t6,s2
   15b3c:	013787bb          	addw	a5,a5,s3
   15b40:	9fb9                	addw	a5,a5,a4
   15b42:	0107d71b          	srliw	a4,a5,0x10
   15b46:	17c2                	slli	a5,a5,0x30
   15b48:	93c1                	srli	a5,a5,0x30
   15b4a:	01ff0f3b          	addw	t5,t5,t6
   15b4e:	01e7073b          	addw	a4,a4,t5
   15b52:	01071f1b          	slliw	t5,a4,0x10
   15b56:	00ff67b3          	or	a5,t5,a5
   15b5a:	fef3ae23          	sw	a5,-4(t2)
   15b5e:	0107571b          	srliw	a4,a4,0x10
   15b62:	fad2e8e3          	bltu	t0,a3,15b12 <__multiply+0xb2>
   15b66:	4781                	li	a5,0
   15b68:	000e0463          	beqz	t3,15b70 <__multiply+0x110>
   15b6c:	ffc67793          	andi	a5,a2,-4
   15b70:	97c6                	add	a5,a5,a7
   15b72:	c3d8                	sw	a4,4(a5)
   15b74:	0005a283          	lw	t0,0(a1)
   15b78:	0102d29b          	srliw	t0,t0,0x10
   15b7c:	f6028ce3          	beqz	t0,15af4 <__multiply+0x94>
   15b80:	0008a783          	lw	a5,0(a7)
   15b84:	83c6                	mv	t2,a7
   15b86:	8ff6                	mv	t6,t4
   15b88:	893e                	mv	s2,a5
   15b8a:	4981                	li	s3,0
   15b8c:	000fdf03          	lhu	t5,0(t6)
   15b90:	0109571b          	srliw	a4,s2,0x10
   15b94:	17c2                	slli	a5,a5,0x30
   15b96:	025f0f3b          	mulw	t5,t5,t0
   15b9a:	93c1                	srli	a5,a5,0x30
   15b9c:	0f91                	addi	t6,t6,4
   15b9e:	0043a903          	lw	s2,4(t2)
   15ba2:	0391                	addi	t2,t2,4
   15ba4:	03091a13          	slli	s4,s2,0x30
   15ba8:	030a5a13          	srli	s4,s4,0x30
   15bac:	013f0f3b          	addw	t5,t5,s3
   15bb0:	01e7073b          	addw	a4,a4,t5
   15bb4:	01071f1b          	slliw	t5,a4,0x10
   15bb8:	00ff67b3          	or	a5,t5,a5
   15bbc:	fef3ae23          	sw	a5,-4(t2)
   15bc0:	ffefd783          	lhu	a5,-2(t6)
   15bc4:	0107571b          	srliw	a4,a4,0x10
   15bc8:	025787bb          	mulw	a5,a5,t0
   15bcc:	014787bb          	addw	a5,a5,s4
   15bd0:	9fb9                	addw	a5,a5,a4
   15bd2:	0107d99b          	srliw	s3,a5,0x10
   15bd6:	fadfebe3          	bltu	t6,a3,15b8c <__multiply+0x12c>
   15bda:	4701                	li	a4,0
   15bdc:	000e0463          	beqz	t3,15be4 <__multiply+0x184>
   15be0:	ffc67713          	andi	a4,a2,-4
   15be4:	9746                	add	a4,a4,a7
   15be6:	c35c                	sw	a5,4(a4)
   15be8:	0591                	addi	a1,a1,4
   15bea:	0891                	addi	a7,a7,4
   15bec:	f065e8e3          	bltu	a1,t1,15afc <__multiply+0x9c>
   15bf0:	00904563          	bgtz	s1,15bfa <__multiply+0x19a>
   15bf4:	a039                	j	15c02 <__multiply+0x1a2>
   15bf6:	347d                	addiw	s0,s0,-1
   15bf8:	c409                	beqz	s0,15c02 <__multiply+0x1a2>
   15bfa:	ffc82783          	lw	a5,-4(a6)
   15bfe:	1871                	addi	a6,a6,-4
   15c00:	dbfd                	beqz	a5,15bf6 <__multiply+0x196>
   15c02:	70e2                	ld	ra,56(sp)
   15c04:	c940                	sw	s0,20(a0)
   15c06:	7442                	ld	s0,48(sp)
   15c08:	74a2                	ld	s1,40(sp)
   15c0a:	7902                	ld	s2,32(sp)
   15c0c:	69e2                	ld	s3,24(sp)
   15c0e:	6a42                	ld	s4,16(sp)
   15c10:	6aa2                	ld	s5,8(sp)
   15c12:	6121                	addi	sp,sp,64
   15c14:	8082                	ret
   15c16:	66e5                	lui	a3,0x19
   15c18:	6565                	lui	a0,0x19
   15c1a:	2a868693          	addi	a3,a3,680 # 192a8 <__clzdi2+0xbc>
   15c1e:	33050513          	addi	a0,a0,816 # 19330 <__clzdi2+0x144>
   15c22:	4601                	li	a2,0
   15c24:	16200593          	li	a1,354
   15c28:	755000ef          	jal	16b7c <__assert_func>

0000000000015c2c <__pow5mult>:
   15c2c:	7179                	addi	sp,sp,-48
   15c2e:	f022                	sd	s0,32(sp)
   15c30:	e84a                	sd	s2,16(sp)
   15c32:	e44e                	sd	s3,8(sp)
   15c34:	f406                	sd	ra,40(sp)
   15c36:	00367793          	andi	a5,a2,3
   15c3a:	8432                	mv	s0,a2
   15c3c:	89aa                	mv	s3,a0
   15c3e:	892e                	mv	s2,a1
   15c40:	e3d9                	bnez	a5,15cc6 <__pow5mult+0x9a>
   15c42:	4024541b          	sraiw	s0,s0,0x2
   15c46:	c82d                	beqz	s0,15cb8 <__pow5mult+0x8c>
   15c48:	ec26                	sd	s1,24(sp)
   15c4a:	0609b483          	ld	s1,96(s3)
   15c4e:	c8c1                	beqz	s1,15cde <__pow5mult+0xb2>
   15c50:	00147793          	andi	a5,s0,1
   15c54:	4014541b          	sraiw	s0,s0,0x1
   15c58:	eb89                	bnez	a5,15c6a <__pow5mult+0x3e>
   15c5a:	6088                	ld	a0,0(s1)
   15c5c:	cd0d                	beqz	a0,15c96 <__pow5mult+0x6a>
   15c5e:	84aa                	mv	s1,a0
   15c60:	00147793          	andi	a5,s0,1
   15c64:	4014541b          	sraiw	s0,s0,0x1
   15c68:	dbed                	beqz	a5,15c5a <__pow5mult+0x2e>
   15c6a:	8626                	mv	a2,s1
   15c6c:	85ca                	mv	a1,s2
   15c6e:	854e                	mv	a0,s3
   15c70:	df1ff0ef          	jal	15a60 <__multiply>
   15c74:	00090d63          	beqz	s2,15c8e <__pow5mult+0x62>
   15c78:	00892703          	lw	a4,8(s2)
   15c7c:	0689b783          	ld	a5,104(s3)
   15c80:	070e                	slli	a4,a4,0x3
   15c82:	97ba                	add	a5,a5,a4
   15c84:	6398                	ld	a4,0(a5)
   15c86:	00e93023          	sd	a4,0(s2)
   15c8a:	0127b023          	sd	s2,0(a5)
   15c8e:	cc11                	beqz	s0,15caa <__pow5mult+0x7e>
   15c90:	892a                	mv	s2,a0
   15c92:	6088                	ld	a0,0(s1)
   15c94:	f569                	bnez	a0,15c5e <__pow5mult+0x32>
   15c96:	8626                	mv	a2,s1
   15c98:	85a6                	mv	a1,s1
   15c9a:	854e                	mv	a0,s3
   15c9c:	dc5ff0ef          	jal	15a60 <__multiply>
   15ca0:	e088                	sd	a0,0(s1)
   15ca2:	00053023          	sd	zero,0(a0)
   15ca6:	84aa                	mv	s1,a0
   15ca8:	bf65                	j	15c60 <__pow5mult+0x34>
   15caa:	70a2                	ld	ra,40(sp)
   15cac:	7402                	ld	s0,32(sp)
   15cae:	64e2                	ld	s1,24(sp)
   15cb0:	6942                	ld	s2,16(sp)
   15cb2:	69a2                	ld	s3,8(sp)
   15cb4:	6145                	addi	sp,sp,48
   15cb6:	8082                	ret
   15cb8:	70a2                	ld	ra,40(sp)
   15cba:	7402                	ld	s0,32(sp)
   15cbc:	69a2                	ld	s3,8(sp)
   15cbe:	854a                	mv	a0,s2
   15cc0:	6942                	ld	s2,16(sp)
   15cc2:	6145                	addi	sp,sp,48
   15cc4:	8082                	ret
   15cc6:	37fd                	addiw	a5,a5,-1
   15cc8:	6765                	lui	a4,0x19
   15cca:	5a870713          	addi	a4,a4,1448 # 195a8 <p05.0>
   15cce:	078a                	slli	a5,a5,0x2
   15cd0:	97ba                	add	a5,a5,a4
   15cd2:	4390                	lw	a2,0(a5)
   15cd4:	4681                	li	a3,0
   15cd6:	a13ff0ef          	jal	156e8 <__multadd>
   15cda:	892a                	mv	s2,a0
   15cdc:	b79d                	j	15c42 <__pow5mult+0x16>
   15cde:	4585                	li	a1,1
   15ce0:	854e                	mv	a0,s3
   15ce2:	991ff0ef          	jal	15672 <_Balloc>
   15ce6:	84aa                	mv	s1,a0
   15ce8:	c919                	beqz	a0,15cfe <__pow5mult+0xd2>
   15cea:	27100713          	li	a4,625
   15cee:	4785                	li	a5,1
   15cf0:	cd18                	sw	a4,24(a0)
   15cf2:	c95c                	sw	a5,20(a0)
   15cf4:	06a9b023          	sd	a0,96(s3)
   15cf8:	00053023          	sd	zero,0(a0)
   15cfc:	bf91                	j	15c50 <__pow5mult+0x24>
   15cfe:	66e5                	lui	a3,0x19
   15d00:	6565                	lui	a0,0x19
   15d02:	2a868693          	addi	a3,a3,680 # 192a8 <__clzdi2+0xbc>
   15d06:	33050513          	addi	a0,a0,816 # 19330 <__clzdi2+0x144>
   15d0a:	4601                	li	a2,0
   15d0c:	14500593          	li	a1,325
   15d10:	66d000ef          	jal	16b7c <__assert_func>

0000000000015d14 <__lshift>:
   15d14:	7139                	addi	sp,sp,-64
   15d16:	f426                	sd	s1,40(sp)
   15d18:	49c4                	lw	s1,20(a1)
   15d1a:	45dc                	lw	a5,12(a1)
   15d1c:	e852                	sd	s4,16(sp)
   15d1e:	40565a1b          	sraiw	s4,a2,0x5
   15d22:	014484bb          	addw	s1,s1,s4
   15d26:	f822                	sd	s0,48(sp)
   15d28:	f04a                	sd	s2,32(sp)
   15d2a:	ec4e                	sd	s3,24(sp)
   15d2c:	0014871b          	addiw	a4,s1,1
   15d30:	fc06                	sd	ra,56(sp)
   15d32:	842e                	mv	s0,a1
   15d34:	892a                	mv	s2,a0
   15d36:	458c                	lw	a1,8(a1)
   15d38:	89ba                	mv	s3,a4
   15d3a:	00e7d763          	bge	a5,a4,15d48 <__lshift+0x34>
   15d3e:	0017979b          	slliw	a5,a5,0x1
   15d42:	2585                	addiw	a1,a1,1
   15d44:	fee7cde3          	blt	a5,a4,15d3e <__lshift+0x2a>
   15d48:	854a                	mv	a0,s2
   15d4a:	e432                	sd	a2,8(sp)
   15d4c:	927ff0ef          	jal	15672 <_Balloc>
   15d50:	6622                	ld	a2,8(sp)
   15d52:	cd5d                	beqz	a0,15e10 <__lshift+0xfc>
   15d54:	01850593          	addi	a1,a0,24
   15d58:	03405163          	blez	s4,15d7a <__lshift+0x66>
   15d5c:	006a071b          	addiw	a4,s4,6
   15d60:	070a                	slli	a4,a4,0x2
   15d62:	972a                	add	a4,a4,a0
   15d64:	87ae                	mv	a5,a1
   15d66:	0791                	addi	a5,a5,4
   15d68:	fe07ae23          	sw	zero,-4(a5)
   15d6c:	fef71de3          	bne	a4,a5,15d66 <__lshift+0x52>
   15d70:	020a1793          	slli	a5,s4,0x20
   15d74:	01e7da13          	srli	s4,a5,0x1e
   15d78:	95d2                	add	a1,a1,s4
   15d7a:	01442803          	lw	a6,20(s0)
   15d7e:	01840793          	addi	a5,s0,24
   15d82:	8a7d                	andi	a2,a2,31
   15d84:	080a                	slli	a6,a6,0x2
   15d86:	983e                	add	a6,a6,a5
   15d88:	c62d                	beqz	a2,15df2 <__lshift+0xde>
   15d8a:	02000313          	li	t1,32
   15d8e:	40c3033b          	subw	t1,t1,a2
   15d92:	88ae                	mv	a7,a1
   15d94:	4681                	li	a3,0
   15d96:	4398                	lw	a4,0(a5)
   15d98:	0891                	addi	a7,a7,4
   15d9a:	0791                	addi	a5,a5,4
   15d9c:	00c7173b          	sllw	a4,a4,a2
   15da0:	8f55                	or	a4,a4,a3
   15da2:	fee8ae23          	sw	a4,-4(a7)
   15da6:	ffc7a683          	lw	a3,-4(a5)
   15daa:	0066d6bb          	srlw	a3,a3,t1
   15dae:	ff07e4e3          	bltu	a5,a6,15d96 <__lshift+0x82>
   15db2:	01940793          	addi	a5,s0,25
   15db6:	4701                	li	a4,0
   15db8:	00f86763          	bltu	a6,a5,15dc6 <__lshift+0xb2>
   15dbc:	40880833          	sub	a6,a6,s0
   15dc0:	181d                	addi	a6,a6,-25
   15dc2:	ffc87713          	andi	a4,a6,-4
   15dc6:	95ba                	add	a1,a1,a4
   15dc8:	c1d4                	sw	a3,4(a1)
   15dca:	e291                	bnez	a3,15dce <__lshift+0xba>
   15dcc:	89a6                	mv	s3,s1
   15dce:	4418                	lw	a4,8(s0)
   15dd0:	06893783          	ld	a5,104(s2)
   15dd4:	01352a23          	sw	s3,20(a0)
   15dd8:	070e                	slli	a4,a4,0x3
   15dda:	97ba                	add	a5,a5,a4
   15ddc:	6398                	ld	a4,0(a5)
   15dde:	70e2                	ld	ra,56(sp)
   15de0:	74a2                	ld	s1,40(sp)
   15de2:	e018                	sd	a4,0(s0)
   15de4:	e380                	sd	s0,0(a5)
   15de6:	7442                	ld	s0,48(sp)
   15de8:	7902                	ld	s2,32(sp)
   15dea:	69e2                	ld	s3,24(sp)
   15dec:	6a42                	ld	s4,16(sp)
   15dee:	6121                	addi	sp,sp,64
   15df0:	8082                	ret
   15df2:	4398                	lw	a4,0(a5)
   15df4:	0791                	addi	a5,a5,4
   15df6:	0591                	addi	a1,a1,4
   15df8:	fee5ae23          	sw	a4,-4(a1)
   15dfc:	fd07f8e3          	bgeu	a5,a6,15dcc <__lshift+0xb8>
   15e00:	4398                	lw	a4,0(a5)
   15e02:	0791                	addi	a5,a5,4
   15e04:	0591                	addi	a1,a1,4
   15e06:	fee5ae23          	sw	a4,-4(a1)
   15e0a:	ff07e4e3          	bltu	a5,a6,15df2 <__lshift+0xde>
   15e0e:	bf7d                	j	15dcc <__lshift+0xb8>
   15e10:	66e5                	lui	a3,0x19
   15e12:	6565                	lui	a0,0x19
   15e14:	2a868693          	addi	a3,a3,680 # 192a8 <__clzdi2+0xbc>
   15e18:	33050513          	addi	a0,a0,816 # 19330 <__clzdi2+0x144>
   15e1c:	4601                	li	a2,0
   15e1e:	1de00593          	li	a1,478
   15e22:	55b000ef          	jal	16b7c <__assert_func>

0000000000015e26 <__mcmp>:
   15e26:	49dc                	lw	a5,20(a1)
   15e28:	862a                	mv	a2,a0
   15e2a:	4948                	lw	a0,20(a0)
   15e2c:	9d1d                	subw	a0,a0,a5
   15e2e:	e515                	bnez	a0,15e5a <__mcmp+0x34>
   15e30:	078a                	slli	a5,a5,0x2
   15e32:	0661                	addi	a2,a2,24
   15e34:	05e1                	addi	a1,a1,24
   15e36:	95be                	add	a1,a1,a5
   15e38:	97b2                	add	a5,a5,a2
   15e3a:	a019                	j	15e40 <__mcmp+0x1a>
   15e3c:	00f67f63          	bgeu	a2,a5,15e5a <__mcmp+0x34>
   15e40:	ffc7a683          	lw	a3,-4(a5)
   15e44:	ffc5a703          	lw	a4,-4(a1)
   15e48:	17f1                	addi	a5,a5,-4
   15e4a:	15f1                	addi	a1,a1,-4
   15e4c:	fee688e3          	beq	a3,a4,15e3c <__mcmp+0x16>
   15e50:	4505                	li	a0,1
   15e52:	00e6f463          	bgeu	a3,a4,15e5a <__mcmp+0x34>
   15e56:	557d                	li	a0,-1
   15e58:	8082                	ret
   15e5a:	8082                	ret

0000000000015e5c <__mdiff>:
   15e5c:	0145a883          	lw	a7,20(a1)
   15e60:	4a5c                	lw	a5,20(a2)
   15e62:	7179                	addi	sp,sp,-48
   15e64:	f406                	sd	ra,40(sp)
   15e66:	40f888bb          	subw	a7,a7,a5
   15e6a:	8f2e                	mv	t5,a1
   15e6c:	12089563          	bnez	a7,15f96 <__mdiff+0x13a>
   15e70:	00279693          	slli	a3,a5,0x2
   15e74:	01858813          	addi	a6,a1,24
   15e78:	01860713          	addi	a4,a2,24
   15e7c:	00d807b3          	add	a5,a6,a3
   15e80:	9736                	add	a4,a4,a3
   15e82:	a019                	j	15e88 <__mdiff+0x2c>
   15e84:	12f87863          	bgeu	a6,a5,15fb4 <__mdiff+0x158>
   15e88:	ffc7a583          	lw	a1,-4(a5)
   15e8c:	ffc72683          	lw	a3,-4(a4)
   15e90:	17f1                	addi	a5,a5,-4
   15e92:	1771                	addi	a4,a4,-4
   15e94:	fed588e3          	beq	a1,a3,15e84 <__mdiff+0x28>
   15e98:	12d5f963          	bgeu	a1,a3,15fca <__mdiff+0x16e>
   15e9c:	4885                	li	a7,1
   15e9e:	460c                	lw	a1,8(a2)
   15ea0:	ec7a                	sd	t5,24(sp)
   15ea2:	e846                	sd	a7,16(sp)
   15ea4:	e432                	sd	a2,8(sp)
   15ea6:	fccff0ef          	jal	15672 <_Balloc>
   15eaa:	6622                	ld	a2,8(sp)
   15eac:	68c2                	ld	a7,16(sp)
   15eae:	6f62                	ld	t5,24(sp)
   15eb0:	12050363          	beqz	a0,15fd6 <__mdiff+0x17a>
   15eb4:	014f2f83          	lw	t6,20(t5)
   15eb8:	01152823          	sw	a7,16(a0)
   15ebc:	01462883          	lw	a7,20(a2)
   15ec0:	01860293          	addi	t0,a2,24
   15ec4:	0f8a                	slli	t6,t6,0x2
   15ec6:	00289813          	slli	a6,a7,0x2
   15eca:	018f0313          	addi	t1,t5,24
   15ece:	01850393          	addi	t2,a0,24
   15ed2:	9816                	add	a6,a6,t0
   15ed4:	9f9a                	add	t6,t6,t1
   15ed6:	8e96                	mv	t4,t0
   15ed8:	8e1e                	mv	t3,t2
   15eda:	4781                	li	a5,0
   15edc:	000ea683          	lw	a3,0(t4)
   15ee0:	00032603          	lw	a2,0(t1)
   15ee4:	0e11                	addi	t3,t3,4
   15ee6:	03069713          	slli	a4,a3,0x30
   15eea:	03061593          	slli	a1,a2,0x30
   15eee:	9341                	srli	a4,a4,0x30
   15ef0:	91c1                	srli	a1,a1,0x30
   15ef2:	9f0d                	subw	a4,a4,a1
   15ef4:	9f3d                	addw	a4,a4,a5
   15ef6:	0106d69b          	srliw	a3,a3,0x10
   15efa:	0106561b          	srliw	a2,a2,0x10
   15efe:	9e91                	subw	a3,a3,a2
   15f00:	4107579b          	sraiw	a5,a4,0x10
   15f04:	9fb5                	addw	a5,a5,a3
   15f06:	1742                	slli	a4,a4,0x30
   15f08:	0107969b          	slliw	a3,a5,0x10
   15f0c:	9341                	srli	a4,a4,0x30
   15f0e:	8ed9                	or	a3,a3,a4
   15f10:	0311                	addi	t1,t1,4
   15f12:	fede2e23          	sw	a3,-4(t3)
   15f16:	0e91                	addi	t4,t4,4
   15f18:	4107d79b          	sraiw	a5,a5,0x10
   15f1c:	fdf360e3          	bltu	t1,t6,15edc <__mdiff+0x80>
   15f20:	019f0613          	addi	a2,t5,25
   15f24:	4701                	li	a4,0
   15f26:	08cff163          	bgeu	t6,a2,15fa8 <__mdiff+0x14c>
   15f2a:	00e28eb3          	add	t4,t0,a4
   15f2e:	0e91                	addi	t4,t4,4
   15f30:	971e                	add	a4,a4,t2
   15f32:	40538e33          	sub	t3,t2,t0
   15f36:	8676                	mv	a2,t4
   15f38:	00470f13          	addi	t5,a4,4
   15f3c:	090efb63          	bgeu	t4,a6,15fd2 <__mdiff+0x176>
   15f40:	4218                	lw	a4,0(a2)
   15f42:	01c60333          	add	t1,a2,t3
   15f46:	0611                	addi	a2,a2,4
   15f48:	03071693          	slli	a3,a4,0x30
   15f4c:	92c1                	srli	a3,a3,0x30
   15f4e:	00f705bb          	addw	a1,a4,a5
   15f52:	9fb5                	addw	a5,a5,a3
   15f54:	4107d79b          	sraiw	a5,a5,0x10
   15f58:	0107571b          	srliw	a4,a4,0x10
   15f5c:	9f3d                	addw	a4,a4,a5
   15f5e:	15c2                	slli	a1,a1,0x30
   15f60:	91c1                	srli	a1,a1,0x30
   15f62:	0107169b          	slliw	a3,a4,0x10
   15f66:	8ecd                	or	a3,a3,a1
   15f68:	00d32023          	sw	a3,0(t1)
   15f6c:	4107579b          	sraiw	a5,a4,0x10
   15f70:	fd0668e3          	bltu	a2,a6,15f40 <__mdiff+0xe4>
   15f74:	fff80793          	addi	a5,a6,-1
   15f78:	41d787b3          	sub	a5,a5,t4
   15f7c:	9bf1                	andi	a5,a5,-4
   15f7e:	97fa                	add	a5,a5,t5
   15f80:	e691                	bnez	a3,15f8c <__mdiff+0x130>
   15f82:	ffc7a703          	lw	a4,-4(a5)
   15f86:	17f1                	addi	a5,a5,-4
   15f88:	38fd                	addiw	a7,a7,-1
   15f8a:	df65                	beqz	a4,15f82 <__mdiff+0x126>
   15f8c:	70a2                	ld	ra,40(sp)
   15f8e:	01152a23          	sw	a7,20(a0)
   15f92:	6145                	addi	sp,sp,48
   15f94:	8082                	ret
   15f96:	8746                	mv	a4,a7
   15f98:	4885                	li	a7,1
   15f9a:	f00742e3          	bltz	a4,15e9e <__mdiff+0x42>
   15f9e:	87b2                	mv	a5,a2
   15fa0:	4881                	li	a7,0
   15fa2:	862e                	mv	a2,a1
   15fa4:	8f3e                	mv	t5,a5
   15fa6:	bde5                	j	15e9e <__mdiff+0x42>
   15fa8:	41ef8fb3          	sub	t6,t6,t5
   15fac:	1f9d                	addi	t6,t6,-25
   15fae:	ffcff713          	andi	a4,t6,-4
   15fb2:	bfa5                	j	15f2a <__mdiff+0xce>
   15fb4:	4581                	li	a1,0
   15fb6:	ebcff0ef          	jal	15672 <_Balloc>
   15fba:	c90d                	beqz	a0,15fec <__mdiff+0x190>
   15fbc:	70a2                	ld	ra,40(sp)
   15fbe:	4785                	li	a5,1
   15fc0:	00052c23          	sw	zero,24(a0)
   15fc4:	c95c                	sw	a5,20(a0)
   15fc6:	6145                	addi	sp,sp,48
   15fc8:	8082                	ret
   15fca:	87b2                	mv	a5,a2
   15fcc:	867a                	mv	a2,t5
   15fce:	8f3e                	mv	t5,a5
   15fd0:	b5f9                	j	15e9e <__mdiff+0x42>
   15fd2:	87ba                	mv	a5,a4
   15fd4:	b775                	j	15f80 <__mdiff+0x124>
   15fd6:	66e5                	lui	a3,0x19
   15fd8:	6565                	lui	a0,0x19
   15fda:	2a868693          	addi	a3,a3,680 # 192a8 <__clzdi2+0xbc>
   15fde:	33050513          	addi	a0,a0,816 # 19330 <__clzdi2+0x144>
   15fe2:	4601                	li	a2,0
   15fe4:	24500593          	li	a1,581
   15fe8:	395000ef          	jal	16b7c <__assert_func>
   15fec:	66e5                	lui	a3,0x19
   15fee:	6565                	lui	a0,0x19
   15ff0:	2a868693          	addi	a3,a3,680 # 192a8 <__clzdi2+0xbc>
   15ff4:	33050513          	addi	a0,a0,816 # 19330 <__clzdi2+0x144>
   15ff8:	4601                	li	a2,0
   15ffa:	23700593          	li	a1,567
   15ffe:	37f000ef          	jal	16b7c <__assert_func>

0000000000016002 <__ulp>:
   16002:	e20507d3          	fmv.x.d	a5,fa0
   16006:	7ff006b7          	lui	a3,0x7ff00
   1600a:	fcc00737          	lui	a4,0xfcc00
   1600e:	9381                	srli	a5,a5,0x20
   16010:	8ff5                	and	a5,a5,a3
   16012:	9fb9                	addw	a5,a5,a4
   16014:	4701                	li	a4,0
   16016:	00f05963          	blez	a5,16028 <__ulp+0x26>
   1601a:	1702                	slli	a4,a4,0x20
   1601c:	9301                	srli	a4,a4,0x20
   1601e:	1782                	slli	a5,a5,0x20
   16020:	8fd9                	or	a5,a5,a4
   16022:	f2078553          	fmv.d.x	fa0,a5
   16026:	8082                	ret
   16028:	40f007bb          	negw	a5,a5
   1602c:	4147d79b          	sraiw	a5,a5,0x14
   16030:	474d                	li	a4,19
   16032:	00f74e63          	blt	a4,a5,1604e <__ulp+0x4c>
   16036:	00080737          	lui	a4,0x80
   1603a:	40f757bb          	sraw	a5,a4,a5
   1603e:	4701                	li	a4,0
   16040:	1702                	slli	a4,a4,0x20
   16042:	9301                	srli	a4,a4,0x20
   16044:	1782                	slli	a5,a5,0x20
   16046:	8fd9                	or	a5,a5,a4
   16048:	f2078553          	fmv.d.x	fa0,a5
   1604c:	8082                	ret
   1604e:	37b1                	addiw	a5,a5,-20
   16050:	46f9                	li	a3,30
   16052:	4705                	li	a4,1
   16054:	00f6c663          	blt	a3,a5,16060 <__ulp+0x5e>
   16058:	80000737          	lui	a4,0x80000
   1605c:	00f7573b          	srlw	a4,a4,a5
   16060:	4781                	li	a5,0
   16062:	1702                	slli	a4,a4,0x20
   16064:	9301                	srli	a4,a4,0x20
   16066:	1782                	slli	a5,a5,0x20
   16068:	8fd9                	or	a5,a5,a4
   1606a:	f2078553          	fmv.d.x	fa0,a5
   1606e:	8082                	ret

0000000000016070 <__b2d>:
   16070:	7139                	addi	sp,sp,-64
   16072:	f822                	sd	s0,48(sp)
   16074:	4940                	lw	s0,20(a0)
   16076:	f04a                	sd	s2,32(sp)
   16078:	01850913          	addi	s2,a0,24
   1607c:	040a                	slli	s0,s0,0x2
   1607e:	944a                	add	s0,s0,s2
   16080:	f426                	sd	s1,40(sp)
   16082:	ffc42483          	lw	s1,-4(s0)
   16086:	ec4e                	sd	s3,24(sp)
   16088:	e42e                	sd	a1,8(sp)
   1608a:	8526                	mv	a0,s1
   1608c:	fc06                	sd	ra,56(sp)
   1608e:	837ff0ef          	jal	158c4 <__hi0bits>
   16092:	65a2                	ld	a1,8(sp)
   16094:	02000793          	li	a5,32
   16098:	40a7873b          	subw	a4,a5,a0
   1609c:	c198                	sw	a4,0(a1)
   1609e:	4729                	li	a4,10
   160a0:	ffc40993          	addi	s3,s0,-4
   160a4:	06a75863          	bge	a4,a0,16114 <__b2d+0xa4>
   160a8:	ff55061b          	addiw	a2,a0,-11
   160ac:	03397d63          	bgeu	s2,s3,160e6 <__b2d+0x76>
   160b0:	ff842703          	lw	a4,-8(s0)
   160b4:	ce0d                	beqz	a2,160ee <__b2d+0x7e>
   160b6:	40c786bb          	subw	a3,a5,a2
   160ba:	00d757bb          	srlw	a5,a4,a3
   160be:	00c494bb          	sllw	s1,s1,a2
   160c2:	8cdd                	or	s1,s1,a5
   160c4:	3ff007b7          	lui	a5,0x3ff00
   160c8:	8cdd                	or	s1,s1,a5
   160ca:	00c7173b          	sllw	a4,a4,a2
   160ce:	ff840613          	addi	a2,s0,-8
   160d2:	02049793          	slli	a5,s1,0x20
   160d6:	02c97163          	bgeu	s2,a2,160f8 <__b2d+0x88>
   160da:	ff442603          	lw	a2,-12(s0)
   160de:	00d656bb          	srlw	a3,a2,a3
   160e2:	8f55                	or	a4,a4,a3
   160e4:	a811                	j	160f8 <__b2d+0x88>
   160e6:	47ad                	li	a5,11
   160e8:	4701                	li	a4,0
   160ea:	04f51963          	bne	a0,a5,1613c <__b2d+0xcc>
   160ee:	3ff007b7          	lui	a5,0x3ff00
   160f2:	8cdd                	or	s1,s1,a5
   160f4:	02049793          	slli	a5,s1,0x20
   160f8:	70e2                	ld	ra,56(sp)
   160fa:	7442                	ld	s0,48(sp)
   160fc:	1702                	slli	a4,a4,0x20
   160fe:	9381                	srli	a5,a5,0x20
   16100:	9301                	srli	a4,a4,0x20
   16102:	1782                	slli	a5,a5,0x20
   16104:	8fd9                	or	a5,a5,a4
   16106:	74a2                	ld	s1,40(sp)
   16108:	7902                	ld	s2,32(sp)
   1610a:	69e2                	ld	s3,24(sp)
   1610c:	f2078553          	fmv.d.x	fa0,a5
   16110:	6121                	addi	sp,sp,64
   16112:	8082                	ret
   16114:	46ad                	li	a3,11
   16116:	9e89                	subw	a3,a3,a0
   16118:	3ff00737          	lui	a4,0x3ff00
   1611c:	00d4d7bb          	srlw	a5,s1,a3
   16120:	8fd9                	or	a5,a5,a4
   16122:	1782                	slli	a5,a5,0x20
   16124:	4701                	li	a4,0
   16126:	01397663          	bgeu	s2,s3,16132 <__b2d+0xc2>
   1612a:	ff842703          	lw	a4,-8(s0)
   1612e:	00d7573b          	srlw	a4,a4,a3
   16132:	2555                	addiw	a0,a0,21
   16134:	00a494bb          	sllw	s1,s1,a0
   16138:	8f45                	or	a4,a4,s1
   1613a:	bf7d                	j	160f8 <__b2d+0x88>
   1613c:	3ff007b7          	lui	a5,0x3ff00
   16140:	00c494bb          	sllw	s1,s1,a2
   16144:	8cdd                	or	s1,s1,a5
   16146:	02049793          	slli	a5,s1,0x20
   1614a:	4701                	li	a4,0
   1614c:	b775                	j	160f8 <__b2d+0x88>

000000000001614e <__d2b>:
   1614e:	715d                	addi	sp,sp,-80
   16150:	f44e                	sd	s3,40(sp)
   16152:	89ae                	mv	s3,a1
   16154:	4585                	li	a1,1
   16156:	f84a                	sd	s2,48(sp)
   16158:	e486                	sd	ra,72(sp)
   1615a:	e0a2                	sd	s0,64(sp)
   1615c:	fc26                	sd	s1,56(sp)
   1615e:	8932                	mv	s2,a2
   16160:	a42a                	fsd	fa0,8(sp)
   16162:	d10ff0ef          	jal	15672 <_Balloc>
   16166:	6722                	ld	a4,8(sp)
   16168:	c55d                	beqz	a0,16216 <__d2b+0xc8>
   1616a:	02075793          	srli	a5,a4,0x20
   1616e:	001006b7          	lui	a3,0x100
   16172:	0147d41b          	srliw	s0,a5,0x14
   16176:	fff68613          	addi	a2,a3,-1 # fffff <__BSS_END__+0xe23b7>
   1617a:	8ff1                	and	a5,a5,a2
   1617c:	7ff47413          	andi	s0,s0,2047
   16180:	84aa                	mv	s1,a0
   16182:	2781                	sext.w	a5,a5
   16184:	c011                	beqz	s0,16188 <__d2b+0x3a>
   16186:	8fd5                	or	a5,a5,a3
   16188:	2701                	sext.w	a4,a4
   1618a:	ce3e                	sw	a5,28(sp)
   1618c:	ef15                	bnez	a4,161c8 <__d2b+0x7a>
   1618e:	0868                	addi	a0,sp,28
   16190:	f9cff0ef          	jal	1592c <__lo0bits>
   16194:	4772                	lw	a4,28(sp)
   16196:	4785                	li	a5,1
   16198:	c8dc                	sw	a5,20(s1)
   1619a:	cc98                	sw	a4,24(s1)
   1619c:	0205051b          	addiw	a0,a0,32
   161a0:	c831                	beqz	s0,161f4 <__d2b+0xa6>
   161a2:	bcd4041b          	addiw	s0,s0,-1075
   161a6:	9c29                	addw	s0,s0,a0
   161a8:	03500793          	li	a5,53
   161ac:	0089a023          	sw	s0,0(s3)
   161b0:	40a7853b          	subw	a0,a5,a0
   161b4:	60a6                	ld	ra,72(sp)
   161b6:	6406                	ld	s0,64(sp)
   161b8:	00a92023          	sw	a0,0(s2)
   161bc:	79a2                	ld	s3,40(sp)
   161be:	7942                	ld	s2,48(sp)
   161c0:	8526                	mv	a0,s1
   161c2:	74e2                	ld	s1,56(sp)
   161c4:	6161                	addi	sp,sp,80
   161c6:	8082                	ret
   161c8:	0828                	addi	a0,sp,24
   161ca:	cc3a                	sw	a4,24(sp)
   161cc:	f60ff0ef          	jal	1592c <__lo0bits>
   161d0:	4772                	lw	a4,28(sp)
   161d2:	46e2                	lw	a3,24(sp)
   161d4:	c909                	beqz	a0,161e6 <__d2b+0x98>
   161d6:	02000793          	li	a5,32
   161da:	9f89                	subw	a5,a5,a0
   161dc:	00f717bb          	sllw	a5,a4,a5
   161e0:	8edd                	or	a3,a3,a5
   161e2:	00a7573b          	srlw	a4,a4,a0
   161e6:	00e037b3          	snez	a5,a4
   161ea:	0785                	addi	a5,a5,1 # 3ff00001 <__BSS_END__+0x3fee23b9>
   161ec:	cc94                	sw	a3,24(s1)
   161ee:	ccd8                	sw	a4,28(s1)
   161f0:	c8dc                	sw	a5,20(s1)
   161f2:	f845                	bnez	s0,161a2 <__d2b+0x54>
   161f4:	00279713          	slli	a4,a5,0x2
   161f8:	bce5051b          	addiw	a0,a0,-1074
   161fc:	00a9a023          	sw	a0,0(s3)
   16200:	9726                	add	a4,a4,s1
   16202:	4b48                	lw	a0,20(a4)
   16204:	e43e                	sd	a5,8(sp)
   16206:	ebeff0ef          	jal	158c4 <__hi0bits>
   1620a:	67a2                	ld	a5,8(sp)
   1620c:	0057979b          	slliw	a5,a5,0x5
   16210:	40a7853b          	subw	a0,a5,a0
   16214:	b745                	j	161b4 <__d2b+0x66>
   16216:	66e5                	lui	a3,0x19
   16218:	6565                	lui	a0,0x19
   1621a:	2a868693          	addi	a3,a3,680 # 192a8 <__clzdi2+0xbc>
   1621e:	33050513          	addi	a0,a0,816 # 19330 <__clzdi2+0x144>
   16222:	4601                	li	a2,0
   16224:	30f00593          	li	a1,783
   16228:	155000ef          	jal	16b7c <__assert_func>

000000000001622c <__ratio>:
   1622c:	7139                	addi	sp,sp,-64
   1622e:	f822                	sd	s0,48(sp)
   16230:	842e                	mv	s0,a1
   16232:	082c                	addi	a1,sp,24
   16234:	fc06                	sd	ra,56(sp)
   16236:	f426                	sd	s1,40(sp)
   16238:	f04a                	sd	s2,32(sp)
   1623a:	84aa                	mv	s1,a0
   1623c:	e35ff0ef          	jal	16070 <__b2d>
   16240:	e2050753          	fmv.x.d	a4,fa0
   16244:	086c                	addi	a1,sp,28
   16246:	8522                	mv	a0,s0
   16248:	893a                	mv	s2,a4
   1624a:	a42a                	fsd	fa0,8(sp)
   1624c:	e25ff0ef          	jal	16070 <__b2d>
   16250:	4854                	lw	a3,20(s0)
   16252:	48d0                	lw	a2,20(s1)
   16254:	47e2                	lw	a5,24(sp)
   16256:	45f2                	lw	a1,28(sp)
   16258:	9e15                	subw	a2,a2,a3
   1625a:	0056161b          	slliw	a2,a2,0x5
   1625e:	9f8d                	subw	a5,a5,a1
   16260:	9fb1                	addw	a5,a5,a2
   16262:	e20506d3          	fmv.x.d	a3,fa0
   16266:	6722                	ld	a4,8(sp)
   16268:	02f05863          	blez	a5,16298 <__ratio+0x6c>
   1626c:	9301                	srli	a4,a4,0x20
   1626e:	0147979b          	slliw	a5,a5,0x14
   16272:	9fb9                	addw	a5,a5,a4
   16274:	02091613          	slli	a2,s2,0x20
   16278:	9201                	srli	a2,a2,0x20
   1627a:	1782                	slli	a5,a5,0x20
   1627c:	00f66733          	or	a4,a2,a5
   16280:	70e2                	ld	ra,56(sp)
   16282:	7442                	ld	s0,48(sp)
   16284:	f20707d3          	fmv.d.x	fa5,a4
   16288:	f2068753          	fmv.d.x	fa4,a3
   1628c:	74a2                	ld	s1,40(sp)
   1628e:	7902                	ld	s2,32(sp)
   16290:	1ae7f553          	fdiv.d	fa0,fa5,fa4
   16294:	6121                	addi	sp,sp,64
   16296:	8082                	ret
   16298:	40f007bb          	negw	a5,a5
   1629c:	02069613          	slli	a2,a3,0x20
   162a0:	0147979b          	slliw	a5,a5,0x14
   162a4:	9281                	srli	a3,a3,0x20
   162a6:	9fb5                	addw	a5,a5,a3
   162a8:	9201                	srli	a2,a2,0x20
   162aa:	1782                	slli	a5,a5,0x20
   162ac:	00f666b3          	or	a3,a2,a5
   162b0:	bfc1                	j	16280 <__ratio+0x54>

00000000000162b2 <_mprec_log10>:
   162b2:	47dd                	li	a5,23
   162b4:	00a7db63          	bge	a5,a0,162ca <_mprec_log10+0x18>
   162b8:	8301b507          	fld	fa0,-2000(gp) # 1b5f8 <__SDATA_BEGIN__+0x30>
   162bc:	8481b787          	fld	fa5,-1976(gp) # 1b610 <__SDATA_BEGIN__+0x48>
   162c0:	357d                	addiw	a0,a0,-1
   162c2:	12f57553          	fmul.d	fa0,fa0,fa5
   162c6:	fd6d                	bnez	a0,162c0 <_mprec_log10+0xe>
   162c8:	8082                	ret
   162ca:	67e5                	lui	a5,0x19
   162cc:	050e                	slli	a0,a0,0x3
   162ce:	60878793          	addi	a5,a5,1544 # 19608 <__mprec_tens>
   162d2:	97aa                	add	a5,a5,a0
   162d4:	2388                	fld	fa0,0(a5)
   162d6:	8082                	ret

00000000000162d8 <__copybits>:
   162d8:	4a54                	lw	a3,20(a2)
   162da:	35fd                	addiw	a1,a1,-1
   162dc:	4055d59b          	sraiw	a1,a1,0x5
   162e0:	2585                	addiw	a1,a1,1
   162e2:	068a                	slli	a3,a3,0x2
   162e4:	01860793          	addi	a5,a2,24
   162e8:	058a                	slli	a1,a1,0x2
   162ea:	96be                	add	a3,a3,a5
   162ec:	95aa                	add	a1,a1,a0
   162ee:	02d7f063          	bgeu	a5,a3,1630e <__copybits+0x36>
   162f2:	872a                	mv	a4,a0
   162f4:	0007a803          	lw	a6,0(a5)
   162f8:	0791                	addi	a5,a5,4
   162fa:	0711                	addi	a4,a4,4 # 3ff00004 <__BSS_END__+0x3fee23bc>
   162fc:	ff072e23          	sw	a6,-4(a4)
   16300:	fed7eae3          	bltu	a5,a3,162f4 <__copybits+0x1c>
   16304:	8e91                	sub	a3,a3,a2
   16306:	169d                	addi	a3,a3,-25
   16308:	9af1                	andi	a3,a3,-4
   1630a:	0511                	addi	a0,a0,4
   1630c:	9536                	add	a0,a0,a3
   1630e:	00b57763          	bgeu	a0,a1,1631c <__copybits+0x44>
   16312:	0511                	addi	a0,a0,4
   16314:	fe052e23          	sw	zero,-4(a0)
   16318:	feb56de3          	bltu	a0,a1,16312 <__copybits+0x3a>
   1631c:	8082                	ret

000000000001631e <__any_on>:
   1631e:	4958                	lw	a4,20(a0)
   16320:	4055d61b          	sraiw	a2,a1,0x5
   16324:	01850693          	addi	a3,a0,24
   16328:	00c75d63          	bge	a4,a2,16342 <__any_on+0x24>
   1632c:	070a                	slli	a4,a4,0x2
   1632e:	00e687b3          	add	a5,a3,a4
   16332:	02f6f863          	bgeu	a3,a5,16362 <__any_on+0x44>
   16336:	ffc7a703          	lw	a4,-4(a5)
   1633a:	17f1                	addi	a5,a5,-4
   1633c:	db7d                	beqz	a4,16332 <__any_on+0x14>
   1633e:	4505                	li	a0,1
   16340:	8082                	ret
   16342:	00261793          	slli	a5,a2,0x2
   16346:	97b6                	add	a5,a5,a3
   16348:	fee655e3          	bge	a2,a4,16332 <__any_on+0x14>
   1634c:	89fd                	andi	a1,a1,31
   1634e:	d1f5                	beqz	a1,16332 <__any_on+0x14>
   16350:	4390                	lw	a2,0(a5)
   16352:	4505                	li	a0,1
   16354:	00b6573b          	srlw	a4,a2,a1
   16358:	00b7173b          	sllw	a4,a4,a1
   1635c:	fcc70be3          	beq	a4,a2,16332 <__any_on+0x14>
   16360:	8082                	ret
   16362:	4501                	li	a0,0
   16364:	8082                	ret

0000000000016366 <_realloc_r>:
   16366:	16058663          	beqz	a1,164d2 <_realloc_r+0x16c>
   1636a:	7139                	addi	sp,sp,-64
   1636c:	f822                	sd	s0,48(sp)
   1636e:	f426                	sd	s1,40(sp)
   16370:	842e                	mv	s0,a1
   16372:	fc06                	sd	ra,56(sp)
   16374:	84aa                	mv	s1,a0
   16376:	e032                	sd	a2,0(sp)
   16378:	81efb0ef          	jal	11396 <__malloc_lock>
   1637c:	6582                	ld	a1,0(sp)
   1637e:	02e00713          	li	a4,46
   16382:	01758793          	addi	a5,a1,23
   16386:	0ef77563          	bgeu	a4,a5,16470 <_realloc_r+0x10a>
   1638a:	4705                	li	a4,1
   1638c:	9bc1                	andi	a5,a5,-16
   1638e:	077e                	slli	a4,a4,0x1f
   16390:	00e7b733          	sltu	a4,a5,a4
   16394:	00174713          	xori	a4,a4,1
   16398:	16b7e263          	bltu	a5,a1,164fc <_realloc_r+0x196>
   1639c:	16071063          	bnez	a4,164fc <_realloc_r+0x196>
   163a0:	ff843683          	ld	a3,-8(s0)
   163a4:	ff040613          	addi	a2,s0,-16
   163a8:	ffc6f713          	andi	a4,a3,-4
   163ac:	0cf75d63          	bge	a4,a5,16486 <_realloc_r+0x120>
   163b0:	656d                	lui	a0,0x1b
   163b2:	c1050e93          	addi	t4,a0,-1008 # 1ac10 <__malloc_av_>
   163b6:	010eb883          	ld	a7,16(t4)
   163ba:	00e60833          	add	a6,a2,a4
   163be:	00883503          	ld	a0,8(a6)
   163c2:	15088663          	beq	a7,a6,1650e <_realloc_r+0x1a8>
   163c6:	ffe57893          	andi	a7,a0,-2
   163ca:	98c2                	add	a7,a7,a6
   163cc:	0088b883          	ld	a7,8(a7)
   163d0:	0018f893          	andi	a7,a7,1
   163d4:	0e089463          	bnez	a7,164bc <_realloc_r+0x156>
   163d8:	9971                	andi	a0,a0,-4
   163da:	00a708b3          	add	a7,a4,a0
   163de:	08f8dd63          	bge	a7,a5,16478 <_realloc_r+0x112>
   163e2:	8a85                	andi	a3,a3,1
   163e4:	e28d                	bnez	a3,16406 <_realloc_r+0xa0>
   163e6:	ff043303          	ld	t1,-16(s0)
   163ea:	40660333          	sub	t1,a2,t1
   163ee:	00833883          	ld	a7,8(t1)
   163f2:	ffc8f893          	andi	a7,a7,-4
   163f6:	9546                	add	a0,a0,a7
   163f8:	00e506b3          	add	a3,a0,a4
   163fc:	22f6dd63          	bge	a3,a5,16636 <_realloc_r+0x2d0>
   16400:	98ba                	add	a7,a7,a4
   16402:	1cf8da63          	bge	a7,a5,165d6 <_realloc_r+0x270>
   16406:	8526                	mv	a0,s1
   16408:	e83a                	sd	a4,16(sp)
   1640a:	e432                	sd	a2,8(sp)
   1640c:	e03e                	sd	a5,0(sp)
   1640e:	923fa0ef          	jal	10d30 <_malloc_r>
   16412:	6782                	ld	a5,0(sp)
   16414:	6622                	ld	a2,8(sp)
   16416:	6742                	ld	a4,16(sp)
   16418:	86aa                	mv	a3,a0
   1641a:	30050363          	beqz	a0,16720 <_realloc_r+0x3ba>
   1641e:	ff843583          	ld	a1,-8(s0)
   16422:	ff050813          	addi	a6,a0,-16
   16426:	99f9                	andi	a1,a1,-2
   16428:	95b2                	add	a1,a1,a2
   1642a:	19058463          	beq	a1,a6,165b2 <_realloc_r+0x24c>
   1642e:	ff870613          	addi	a2,a4,-8
   16432:	04800793          	li	a5,72
   16436:	1ec7ea63          	bltu	a5,a2,1662a <_realloc_r+0x2c4>
   1643a:	02700713          	li	a4,39
   1643e:	16c76f63          	bltu	a4,a2,165bc <_realloc_r+0x256>
   16442:	87aa                	mv	a5,a0
   16444:	8722                	mv	a4,s0
   16446:	6310                	ld	a2,0(a4)
   16448:	e390                	sd	a2,0(a5)
   1644a:	6710                	ld	a2,8(a4)
   1644c:	e790                	sd	a2,8(a5)
   1644e:	6b18                	ld	a4,16(a4)
   16450:	eb98                	sd	a4,16(a5)
   16452:	85a2                	mv	a1,s0
   16454:	8526                	mv	a0,s1
   16456:	e036                	sd	a3,0(sp)
   16458:	ea0fa0ef          	jal	10af8 <_free_r>
   1645c:	8526                	mv	a0,s1
   1645e:	f3bfa0ef          	jal	11398 <__malloc_unlock>
   16462:	6682                	ld	a3,0(sp)
   16464:	70e2                	ld	ra,56(sp)
   16466:	7442                	ld	s0,48(sp)
   16468:	74a2                	ld	s1,40(sp)
   1646a:	8536                	mv	a0,a3
   1646c:	6121                	addi	sp,sp,64
   1646e:	8082                	ret
   16470:	4701                	li	a4,0
   16472:	02000793          	li	a5,32
   16476:	b70d                	j	16398 <_realloc_r+0x32>
   16478:	01883683          	ld	a3,24(a6)
   1647c:	01083583          	ld	a1,16(a6)
   16480:	8746                	mv	a4,a7
   16482:	ed94                	sd	a3,24(a1)
   16484:	ea8c                	sd	a1,16(a3)
   16486:	6614                	ld	a3,8(a2)
   16488:	40f70533          	sub	a0,a4,a5
   1648c:	45fd                	li	a1,31
   1648e:	8a85                	andi	a3,a3,1
   16490:	00e60833          	add	a6,a2,a4
   16494:	04a5e263          	bltu	a1,a0,164d8 <_realloc_r+0x172>
   16498:	8ed9                	or	a3,a3,a4
   1649a:	e614                	sd	a3,8(a2)
   1649c:	00883783          	ld	a5,8(a6)
   164a0:	0017e793          	ori	a5,a5,1
   164a4:	00f83423          	sd	a5,8(a6)
   164a8:	8526                	mv	a0,s1
   164aa:	eeffa0ef          	jal	11398 <__malloc_unlock>
   164ae:	86a2                	mv	a3,s0
   164b0:	70e2                	ld	ra,56(sp)
   164b2:	7442                	ld	s0,48(sp)
   164b4:	74a2                	ld	s1,40(sp)
   164b6:	8536                	mv	a0,a3
   164b8:	6121                	addi	sp,sp,64
   164ba:	8082                	ret
   164bc:	8a85                	andi	a3,a3,1
   164be:	f6a1                	bnez	a3,16406 <_realloc_r+0xa0>
   164c0:	ff043303          	ld	t1,-16(s0)
   164c4:	40660333          	sub	t1,a2,t1
   164c8:	00833883          	ld	a7,8(t1)
   164cc:	ffc8f893          	andi	a7,a7,-4
   164d0:	bf05                	j	16400 <_realloc_r+0x9a>
   164d2:	85b2                	mv	a1,a2
   164d4:	85dfa06f          	j	10d30 <_malloc_r>
   164d8:	8edd                	or	a3,a3,a5
   164da:	e614                	sd	a3,8(a2)
   164dc:	00156513          	ori	a0,a0,1
   164e0:	963e                	add	a2,a2,a5
   164e2:	e608                	sd	a0,8(a2)
   164e4:	00883783          	ld	a5,8(a6)
   164e8:	01060593          	addi	a1,a2,16
   164ec:	8526                	mv	a0,s1
   164ee:	0017e793          	ori	a5,a5,1
   164f2:	00f83423          	sd	a5,8(a6)
   164f6:	e02fa0ef          	jal	10af8 <_free_r>
   164fa:	b77d                	j	164a8 <_realloc_r+0x142>
   164fc:	47b1                	li	a5,12
   164fe:	c09c                	sw	a5,0(s1)
   16500:	4681                	li	a3,0
   16502:	70e2                	ld	ra,56(sp)
   16504:	7442                	ld	s0,48(sp)
   16506:	74a2                	ld	s1,40(sp)
   16508:	8536                	mv	a0,a3
   1650a:	6121                	addi	sp,sp,64
   1650c:	8082                	ret
   1650e:	9971                	andi	a0,a0,-4
   16510:	00e50833          	add	a6,a0,a4
   16514:	02078e13          	addi	t3,a5,32
   16518:	1bc85763          	bge	a6,t3,166c6 <_realloc_r+0x360>
   1651c:	8a85                	andi	a3,a3,1
   1651e:	ee0694e3          	bnez	a3,16406 <_realloc_r+0xa0>
   16522:	ff043303          	ld	t1,-16(s0)
   16526:	40660333          	sub	t1,a2,t1
   1652a:	00833883          	ld	a7,8(t1)
   1652e:	ffc8f893          	andi	a7,a7,-4
   16532:	9546                	add	a0,a0,a7
   16534:	00e50833          	add	a6,a0,a4
   16538:	edc844e3          	blt	a6,t3,16400 <_realloc_r+0x9a>
   1653c:	01833683          	ld	a3,24(t1)
   16540:	01033583          	ld	a1,16(t1)
   16544:	ff870613          	addi	a2,a4,-8
   16548:	04800713          	li	a4,72
   1654c:	ed94                	sd	a3,24(a1)
   1654e:	ea8c                	sd	a1,16(a3)
   16550:	01030693          	addi	a3,t1,16
   16554:	20c76363          	bltu	a4,a2,1675a <_realloc_r+0x3f4>
   16558:	02700593          	li	a1,39
   1655c:	8736                	mv	a4,a3
   1655e:	00c5ff63          	bgeu	a1,a2,1657c <_realloc_r+0x216>
   16562:	600c                	ld	a1,0(s0)
   16564:	03700713          	li	a4,55
   16568:	00b33823          	sd	a1,16(t1)
   1656c:	640c                	ld	a1,8(s0)
   1656e:	00b33c23          	sd	a1,24(t1)
   16572:	22c76063          	bltu	a4,a2,16792 <_realloc_r+0x42c>
   16576:	0441                	addi	s0,s0,16
   16578:	02030713          	addi	a4,t1,32
   1657c:	6010                	ld	a2,0(s0)
   1657e:	e310                	sd	a2,0(a4)
   16580:	6410                	ld	a2,8(s0)
   16582:	e710                	sd	a2,8(a4)
   16584:	6810                	ld	a2,16(s0)
   16586:	eb10                	sd	a2,16(a4)
   16588:	00f30633          	add	a2,t1,a5
   1658c:	40f80733          	sub	a4,a6,a5
   16590:	00ceb823          	sd	a2,16(t4)
   16594:	00176713          	ori	a4,a4,1
   16598:	e618                	sd	a4,8(a2)
   1659a:	00833703          	ld	a4,8(t1)
   1659e:	8526                	mv	a0,s1
   165a0:	e036                	sd	a3,0(sp)
   165a2:	8b05                	andi	a4,a4,1
   165a4:	8fd9                	or	a5,a5,a4
   165a6:	00f33423          	sd	a5,8(t1)
   165aa:	deffa0ef          	jal	11398 <__malloc_unlock>
   165ae:	6682                	ld	a3,0(sp)
   165b0:	b701                	j	164b0 <_realloc_r+0x14a>
   165b2:	ff853683          	ld	a3,-8(a0)
   165b6:	9af1                	andi	a3,a3,-4
   165b8:	9736                	add	a4,a4,a3
   165ba:	b5f1                	j	16486 <_realloc_r+0x120>
   165bc:	600c                	ld	a1,0(s0)
   165be:	03700713          	li	a4,55
   165c2:	e10c                	sd	a1,0(a0)
   165c4:	640c                	ld	a1,8(s0)
   165c6:	e50c                	sd	a1,8(a0)
   165c8:	0cc76763          	bltu	a4,a2,16696 <_realloc_r+0x330>
   165cc:	01040713          	addi	a4,s0,16
   165d0:	01050793          	addi	a5,a0,16
   165d4:	bd8d                	j	16446 <_realloc_r+0xe0>
   165d6:	01833683          	ld	a3,24(t1)
   165da:	01033583          	ld	a1,16(t1)
   165de:	ff870613          	addi	a2,a4,-8
   165e2:	04800513          	li	a0,72
   165e6:	ed94                	sd	a3,24(a1)
   165e8:	ea8c                	sd	a1,16(a3)
   165ea:	01030693          	addi	a3,t1,16
   165ee:	0ac56f63          	bltu	a0,a2,166ac <_realloc_r+0x346>
   165f2:	02700593          	li	a1,39
   165f6:	8736                	mv	a4,a3
   165f8:	00c5ff63          	bgeu	a1,a2,16616 <_realloc_r+0x2b0>
   165fc:	600c                	ld	a1,0(s0)
   165fe:	03700713          	li	a4,55
   16602:	00b33823          	sd	a1,16(t1)
   16606:	640c                	ld	a1,8(s0)
   16608:	00b33c23          	sd	a1,24(t1)
   1660c:	0ec76d63          	bltu	a4,a2,16706 <_realloc_r+0x3a0>
   16610:	0441                	addi	s0,s0,16
   16612:	02030713          	addi	a4,t1,32
   16616:	6010                	ld	a2,0(s0)
   16618:	e310                	sd	a2,0(a4)
   1661a:	6410                	ld	a2,8(s0)
   1661c:	e710                	sd	a2,8(a4)
   1661e:	6810                	ld	a2,16(s0)
   16620:	eb10                	sd	a2,16(a4)
   16622:	8436                	mv	s0,a3
   16624:	8746                	mv	a4,a7
   16626:	861a                	mv	a2,t1
   16628:	bdb9                	j	16486 <_realloc_r+0x120>
   1662a:	85a2                	mv	a1,s0
   1662c:	e02a                	sd	a0,0(sp)
   1662e:	ed8fd0ef          	jal	13d06 <memmove>
   16632:	6682                	ld	a3,0(sp)
   16634:	bd39                	j	16452 <_realloc_r+0xec>
   16636:	01883583          	ld	a1,24(a6)
   1663a:	01083503          	ld	a0,16(a6)
   1663e:	ff870613          	addi	a2,a4,-8
   16642:	04800893          	li	a7,72
   16646:	ed0c                	sd	a1,24(a0)
   16648:	e988                	sd	a0,16(a1)
   1664a:	01833703          	ld	a4,24(t1)
   1664e:	01033583          	ld	a1,16(t1)
   16652:	01030813          	addi	a6,t1,16
   16656:	ed98                	sd	a4,24(a1)
   16658:	eb0c                	sd	a1,16(a4)
   1665a:	08c8e963          	bltu	a7,a2,166ec <_realloc_r+0x386>
   1665e:	02700593          	li	a1,39
   16662:	8742                	mv	a4,a6
   16664:	00c5ff63          	bgeu	a1,a2,16682 <_realloc_r+0x31c>
   16668:	600c                	ld	a1,0(s0)
   1666a:	03700713          	li	a4,55
   1666e:	00b33823          	sd	a1,16(t1)
   16672:	640c                	ld	a1,8(s0)
   16674:	00b33c23          	sd	a1,24(t1)
   16678:	0cc76263          	bltu	a4,a2,1673c <_realloc_r+0x3d6>
   1667c:	0441                	addi	s0,s0,16
   1667e:	02030713          	addi	a4,t1,32
   16682:	6010                	ld	a2,0(s0)
   16684:	e310                	sd	a2,0(a4)
   16686:	6410                	ld	a2,8(s0)
   16688:	e710                	sd	a2,8(a4)
   1668a:	6810                	ld	a2,16(s0)
   1668c:	eb10                	sd	a2,16(a4)
   1668e:	8442                	mv	s0,a6
   16690:	8736                	mv	a4,a3
   16692:	861a                	mv	a2,t1
   16694:	bbcd                	j	16486 <_realloc_r+0x120>
   16696:	6818                	ld	a4,16(s0)
   16698:	e918                	sd	a4,16(a0)
   1669a:	6c18                	ld	a4,24(s0)
   1669c:	ed18                	sd	a4,24(a0)
   1669e:	08f60663          	beq	a2,a5,1672a <_realloc_r+0x3c4>
   166a2:	02040713          	addi	a4,s0,32
   166a6:	02050793          	addi	a5,a0,32
   166aa:	bb71                	j	16446 <_realloc_r+0xe0>
   166ac:	8536                	mv	a0,a3
   166ae:	85a2                	mv	a1,s0
   166b0:	ec1a                	sd	t1,24(sp)
   166b2:	e83e                	sd	a5,16(sp)
   166b4:	e446                	sd	a7,8(sp)
   166b6:	e036                	sd	a3,0(sp)
   166b8:	e4efd0ef          	jal	13d06 <memmove>
   166bc:	6362                	ld	t1,24(sp)
   166be:	67c2                	ld	a5,16(sp)
   166c0:	68a2                	ld	a7,8(sp)
   166c2:	6682                	ld	a3,0(sp)
   166c4:	bfb9                	j	16622 <_realloc_r+0x2bc>
   166c6:	963e                	add	a2,a2,a5
   166c8:	40f80733          	sub	a4,a6,a5
   166cc:	00ceb823          	sd	a2,16(t4)
   166d0:	00176713          	ori	a4,a4,1
   166d4:	e618                	sd	a4,8(a2)
   166d6:	ff843703          	ld	a4,-8(s0)
   166da:	8526                	mv	a0,s1
   166dc:	8b05                	andi	a4,a4,1
   166de:	8fd9                	or	a5,a5,a4
   166e0:	fef43c23          	sd	a5,-8(s0)
   166e4:	cb5fa0ef          	jal	11398 <__malloc_unlock>
   166e8:	86a2                	mv	a3,s0
   166ea:	b3d9                	j	164b0 <_realloc_r+0x14a>
   166ec:	8542                	mv	a0,a6
   166ee:	85a2                	mv	a1,s0
   166f0:	ec1a                	sd	t1,24(sp)
   166f2:	e83e                	sd	a5,16(sp)
   166f4:	e436                	sd	a3,8(sp)
   166f6:	e042                	sd	a6,0(sp)
   166f8:	e0efd0ef          	jal	13d06 <memmove>
   166fc:	6802                	ld	a6,0(sp)
   166fe:	66a2                	ld	a3,8(sp)
   16700:	67c2                	ld	a5,16(sp)
   16702:	6362                	ld	t1,24(sp)
   16704:	b769                	j	1668e <_realloc_r+0x328>
   16706:	6818                	ld	a4,16(s0)
   16708:	02e33023          	sd	a4,32(t1)
   1670c:	6c18                	ld	a4,24(s0)
   1670e:	02e33423          	sd	a4,40(t1)
   16712:	06a60463          	beq	a2,a0,1677a <_realloc_r+0x414>
   16716:	02040413          	addi	s0,s0,32
   1671a:	03030713          	addi	a4,t1,48
   1671e:	bde5                	j	16616 <_realloc_r+0x2b0>
   16720:	8526                	mv	a0,s1
   16722:	c77fa0ef          	jal	11398 <__malloc_unlock>
   16726:	4681                	li	a3,0
   16728:	bbe9                	j	16502 <_realloc_r+0x19c>
   1672a:	7010                	ld	a2,32(s0)
   1672c:	03040713          	addi	a4,s0,48
   16730:	03050793          	addi	a5,a0,48
   16734:	f110                	sd	a2,32(a0)
   16736:	7410                	ld	a2,40(s0)
   16738:	f510                	sd	a2,40(a0)
   1673a:	b331                	j	16446 <_realloc_r+0xe0>
   1673c:	680c                	ld	a1,16(s0)
   1673e:	04800713          	li	a4,72
   16742:	02b33023          	sd	a1,32(t1)
   16746:	6c0c                	ld	a1,24(s0)
   16748:	02b33423          	sd	a1,40(t1)
   1674c:	06e60263          	beq	a2,a4,167b0 <_realloc_r+0x44a>
   16750:	02040413          	addi	s0,s0,32
   16754:	03030713          	addi	a4,t1,48
   16758:	b72d                	j	16682 <_realloc_r+0x31c>
   1675a:	8536                	mv	a0,a3
   1675c:	85a2                	mv	a1,s0
   1675e:	ec1a                	sd	t1,24(sp)
   16760:	e83e                	sd	a5,16(sp)
   16762:	e442                	sd	a6,8(sp)
   16764:	e036                	sd	a3,0(sp)
   16766:	da0fd0ef          	jal	13d06 <memmove>
   1676a:	67ed                	lui	a5,0x1b
   1676c:	c1078e93          	addi	t4,a5,-1008 # 1ac10 <__malloc_av_>
   16770:	6362                	ld	t1,24(sp)
   16772:	67c2                	ld	a5,16(sp)
   16774:	6822                	ld	a6,8(sp)
   16776:	6682                	ld	a3,0(sp)
   16778:	bd01                	j	16588 <_realloc_r+0x222>
   1677a:	7010                	ld	a2,32(s0)
   1677c:	04030713          	addi	a4,t1,64
   16780:	03040413          	addi	s0,s0,48
   16784:	02c33823          	sd	a2,48(t1)
   16788:	ff843603          	ld	a2,-8(s0)
   1678c:	02c33c23          	sd	a2,56(t1)
   16790:	b559                	j	16616 <_realloc_r+0x2b0>
   16792:	680c                	ld	a1,16(s0)
   16794:	04800713          	li	a4,72
   16798:	02b33023          	sd	a1,32(t1)
   1679c:	6c0c                	ld	a1,24(s0)
   1679e:	02b33423          	sd	a1,40(t1)
   167a2:	02e60363          	beq	a2,a4,167c8 <_realloc_r+0x462>
   167a6:	02040413          	addi	s0,s0,32
   167aa:	03030713          	addi	a4,t1,48
   167ae:	b3f9                	j	1657c <_realloc_r+0x216>
   167b0:	7010                	ld	a2,32(s0)
   167b2:	04030713          	addi	a4,t1,64
   167b6:	03040413          	addi	s0,s0,48
   167ba:	02c33823          	sd	a2,48(t1)
   167be:	ff843603          	ld	a2,-8(s0)
   167c2:	02c33c23          	sd	a2,56(t1)
   167c6:	bd75                	j	16682 <_realloc_r+0x31c>
   167c8:	7010                	ld	a2,32(s0)
   167ca:	04030713          	addi	a4,t1,64
   167ce:	03040413          	addi	s0,s0,48
   167d2:	02c33823          	sd	a2,48(t1)
   167d6:	ff843603          	ld	a2,-8(s0)
   167da:	02c33c23          	sd	a2,56(t1)
   167de:	bb79                	j	1657c <_realloc_r+0x216>

00000000000167e0 <__smakebuf_r>:
   167e0:	01059703          	lh	a4,16(a1)
   167e4:	00277793          	andi	a5,a4,2
   167e8:	cb81                	beqz	a5,167f8 <__smakebuf_r+0x18>
   167ea:	07758793          	addi	a5,a1,119
   167ee:	4705                	li	a4,1
   167f0:	e19c                	sd	a5,0(a1)
   167f2:	ed9c                	sd	a5,24(a1)
   167f4:	d198                	sw	a4,32(a1)
   167f6:	8082                	ret
   167f8:	87ae                	mv	a5,a1
   167fa:	01259583          	lh	a1,18(a1)
   167fe:	7135                	addi	sp,sp,-160
   16800:	e922                	sd	s0,144(sp)
   16802:	ed06                	sd	ra,152(sp)
   16804:	842a                	mv	s0,a0
   16806:	0605c863          	bltz	a1,16876 <__smakebuf_r+0x96>
   1680a:	0830                	addi	a2,sp,24
   1680c:	e03e                	sd	a5,0(sp)
   1680e:	214000ef          	jal	16a22 <_fstat_r>
   16812:	6782                	ld	a5,0(sp)
   16814:	04054f63          	bltz	a0,16872 <__smakebuf_r+0x92>
   16818:	40000593          	li	a1,1024
   1681c:	8522                	mv	a0,s0
   1681e:	e526                	sd	s1,136(sp)
   16820:	e03e                	sd	a5,0(sp)
   16822:	44f2                	lw	s1,28(sp)
   16824:	d0cfa0ef          	jal	10d30 <_malloc_r>
   16828:	6782                	ld	a5,0(sp)
   1682a:	01079703          	lh	a4,16(a5)
   1682e:	c159                	beqz	a0,168b4 <__smakebuf_r+0xd4>
   16830:	40000693          	li	a3,1024
   16834:	08076713          	ori	a4,a4,128
   16838:	d394                	sw	a3,32(a5)
   1683a:	40c4d693          	srai	a3,s1,0xc
   1683e:	00e79823          	sh	a4,16(a5)
   16842:	e388                	sd	a0,0(a5)
   16844:	ef88                	sd	a0,24(a5)
   16846:	8abd                	andi	a3,a3,15
   16848:	4609                	li	a2,2
   1684a:	08c69563          	bne	a3,a2,168d4 <__smakebuf_r+0xf4>
   1684e:	01279583          	lh	a1,18(a5)
   16852:	8522                	mv	a0,s0
   16854:	e03e                	sd	a5,0(sp)
   16856:	206000ef          	jal	16a5c <_isatty_r>
   1685a:	6782                	ld	a5,0(sp)
   1685c:	01079703          	lh	a4,16(a5)
   16860:	c935                	beqz	a0,168d4 <__smakebuf_r+0xf4>
   16862:	9b71                	andi	a4,a4,-4
   16864:	6685                	lui	a3,0x1
   16866:	64aa                	ld	s1,136(sp)
   16868:	00176713          	ori	a4,a4,1
   1686c:	80068693          	addi	a3,a3,-2048 # 800 <exit-0xf920>
   16870:	a805                	j	168a0 <__smakebuf_r+0xc0>
   16872:	01079703          	lh	a4,16(a5)
   16876:	08077713          	andi	a4,a4,128
   1687a:	40000593          	li	a1,1024
   1687e:	eb05                	bnez	a4,168ae <__smakebuf_r+0xce>
   16880:	8522                	mv	a0,s0
   16882:	e43e                	sd	a5,8(sp)
   16884:	e02e                	sd	a1,0(sp)
   16886:	caafa0ef          	jal	10d30 <_malloc_r>
   1688a:	67a2                	ld	a5,8(sp)
   1688c:	6582                	ld	a1,0(sp)
   1688e:	01079703          	lh	a4,16(a5)
   16892:	c115                	beqz	a0,168b6 <__smakebuf_r+0xd6>
   16894:	08076713          	ori	a4,a4,128
   16898:	e388                	sd	a0,0(a5)
   1689a:	ef88                	sd	a0,24(a5)
   1689c:	d38c                	sw	a1,32(a5)
   1689e:	4681                	li	a3,0
   168a0:	8f55                	or	a4,a4,a3
   168a2:	00e79823          	sh	a4,16(a5)
   168a6:	60ea                	ld	ra,152(sp)
   168a8:	644a                	ld	s0,144(sp)
   168aa:	610d                	addi	sp,sp,160
   168ac:	8082                	ret
   168ae:	04000593          	li	a1,64
   168b2:	b7f9                	j	16880 <__smakebuf_r+0xa0>
   168b4:	64aa                	ld	s1,136(sp)
   168b6:	20077693          	andi	a3,a4,512
   168ba:	f6f5                	bnez	a3,168a6 <__smakebuf_r+0xc6>
   168bc:	9b71                	andi	a4,a4,-4
   168be:	07778693          	addi	a3,a5,119
   168c2:	00276713          	ori	a4,a4,2
   168c6:	4605                	li	a2,1
   168c8:	00e79823          	sh	a4,16(a5)
   168cc:	e394                	sd	a3,0(a5)
   168ce:	ef94                	sd	a3,24(a5)
   168d0:	d390                	sw	a2,32(a5)
   168d2:	bfd1                	j	168a6 <__smakebuf_r+0xc6>
   168d4:	6685                	lui	a3,0x1
   168d6:	64aa                	ld	s1,136(sp)
   168d8:	80068693          	addi	a3,a3,-2048 # 800 <exit-0xf920>
   168dc:	b7d1                	j	168a0 <__smakebuf_r+0xc0>

00000000000168de <__swhatbuf_r>:
   168de:	87ae                	mv	a5,a1
   168e0:	01259583          	lh	a1,18(a1)
   168e4:	8732                	mv	a4,a2
   168e6:	0405ce63          	bltz	a1,16942 <__swhatbuf_r+0x64>
   168ea:	7135                	addi	sp,sp,-160
   168ec:	e832                	sd	a2,16(sp)
   168ee:	1030                	addi	a2,sp,40
   168f0:	ec36                	sd	a3,24(sp)
   168f2:	e43e                	sd	a5,8(sp)
   168f4:	ed06                	sd	ra,152(sp)
   168f6:	12c000ef          	jal	16a22 <_fstat_r>
   168fa:	67a2                	ld	a5,8(sp)
   168fc:	6742                	ld	a4,16(sp)
   168fe:	66e2                	ld	a3,24(sp)
   16900:	02054363          	bltz	a0,16926 <__swhatbuf_r+0x48>
   16904:	57b2                	lw	a5,44(sp)
   16906:	65bd                	lui	a1,0xf
   16908:	6609                	lui	a2,0x2
   1690a:	8fed                	and	a5,a5,a1
   1690c:	8f91                	sub	a5,a5,a2
   1690e:	60ea                	ld	ra,152(sp)
   16910:	0017b793          	seqz	a5,a5
   16914:	c29c                	sw	a5,0(a3)
   16916:	40000613          	li	a2,1024
   1691a:	6505                	lui	a0,0x1
   1691c:	e310                	sd	a2,0(a4)
   1691e:	80050513          	addi	a0,a0,-2048 # 800 <exit-0xf920>
   16922:	610d                	addi	sp,sp,160
   16924:	8082                	ret
   16926:	0107d783          	lhu	a5,16(a5)
   1692a:	0807f793          	andi	a5,a5,128
   1692e:	c78d                	beqz	a5,16958 <__swhatbuf_r+0x7a>
   16930:	60ea                	ld	ra,152(sp)
   16932:	4781                	li	a5,0
   16934:	c29c                	sw	a5,0(a3)
   16936:	04000613          	li	a2,64
   1693a:	e310                	sd	a2,0(a4)
   1693c:	4501                	li	a0,0
   1693e:	610d                	addi	sp,sp,160
   16940:	8082                	ret
   16942:	0107d783          	lhu	a5,16(a5)
   16946:	0807f793          	andi	a5,a5,128
   1694a:	ef99                	bnez	a5,16968 <__swhatbuf_r+0x8a>
   1694c:	40000613          	li	a2,1024
   16950:	c29c                	sw	a5,0(a3)
   16952:	4501                	li	a0,0
   16954:	e310                	sd	a2,0(a4)
   16956:	8082                	ret
   16958:	60ea                	ld	ra,152(sp)
   1695a:	c29c                	sw	a5,0(a3)
   1695c:	40000613          	li	a2,1024
   16960:	e310                	sd	a2,0(a4)
   16962:	4501                	li	a0,0
   16964:	610d                	addi	sp,sp,160
   16966:	8082                	ret
   16968:	4781                	li	a5,0
   1696a:	04000613          	li	a2,64
   1696e:	c29c                	sw	a5,0(a3)
   16970:	4501                	li	a0,0
   16972:	e310                	sd	a2,0(a4)
   16974:	8082                	ret

0000000000016976 <_setlocale_r>:
   16976:	c21d                	beqz	a2,1699c <_setlocale_r+0x26>
   16978:	65e5                	lui	a1,0x19
   1697a:	1101                	addi	sp,sp,-32
   1697c:	3a058593          	addi	a1,a1,928 # 193a0 <__clzdi2+0x1b4>
   16980:	8532                	mv	a0,a2
   16982:	e822                	sd	s0,16(sp)
   16984:	ec06                	sd	ra,24(sp)
   16986:	8432                	mv	s0,a2
   16988:	10a000ef          	jal	16a92 <strcmp>
   1698c:	67e5                	lui	a5,0x19
   1698e:	e919                	bnez	a0,169a4 <_setlocale_r+0x2e>
   16990:	39878513          	addi	a0,a5,920 # 19398 <__clzdi2+0x1ac>
   16994:	60e2                	ld	ra,24(sp)
   16996:	6442                	ld	s0,16(sp)
   16998:	6105                	addi	sp,sp,32
   1699a:	8082                	ret
   1699c:	67e5                	lui	a5,0x19
   1699e:	39878513          	addi	a0,a5,920 # 19398 <__clzdi2+0x1ac>
   169a2:	8082                	ret
   169a4:	39878593          	addi	a1,a5,920
   169a8:	8522                	mv	a0,s0
   169aa:	e43e                	sd	a5,8(sp)
   169ac:	0e6000ef          	jal	16a92 <strcmp>
   169b0:	67a2                	ld	a5,8(sp)
   169b2:	dd79                	beqz	a0,16990 <_setlocale_r+0x1a>
   169b4:	65e5                	lui	a1,0x19
   169b6:	8522                	mv	a0,s0
   169b8:	27858593          	addi	a1,a1,632 # 19278 <__clzdi2+0x8c>
   169bc:	0d6000ef          	jal	16a92 <strcmp>
   169c0:	67a2                	ld	a5,8(sp)
   169c2:	d579                	beqz	a0,16990 <_setlocale_r+0x1a>
   169c4:	4501                	li	a0,0
   169c6:	b7f9                	j	16994 <_setlocale_r+0x1e>

00000000000169c8 <__locale_mb_cur_max>:
   169c8:	67ed                	lui	a5,0x1b
   169ca:	5807c503          	lbu	a0,1408(a5) # 1b580 <__global_locale+0x160>
   169ce:	8082                	ret

00000000000169d0 <setlocale>:
   169d0:	c19d                	beqz	a1,169f6 <setlocale+0x26>
   169d2:	1101                	addi	sp,sp,-32
   169d4:	e822                	sd	s0,16(sp)
   169d6:	852e                	mv	a0,a1
   169d8:	842e                	mv	s0,a1
   169da:	65e5                	lui	a1,0x19
   169dc:	3a058593          	addi	a1,a1,928 # 193a0 <__clzdi2+0x1b4>
   169e0:	ec06                	sd	ra,24(sp)
   169e2:	0b0000ef          	jal	16a92 <strcmp>
   169e6:	67e5                	lui	a5,0x19
   169e8:	e919                	bnez	a0,169fe <setlocale+0x2e>
   169ea:	39878513          	addi	a0,a5,920 # 19398 <__clzdi2+0x1ac>
   169ee:	60e2                	ld	ra,24(sp)
   169f0:	6442                	ld	s0,16(sp)
   169f2:	6105                	addi	sp,sp,32
   169f4:	8082                	ret
   169f6:	67e5                	lui	a5,0x19
   169f8:	39878513          	addi	a0,a5,920 # 19398 <__clzdi2+0x1ac>
   169fc:	8082                	ret
   169fe:	39878593          	addi	a1,a5,920
   16a02:	8522                	mv	a0,s0
   16a04:	e43e                	sd	a5,8(sp)
   16a06:	08c000ef          	jal	16a92 <strcmp>
   16a0a:	67a2                	ld	a5,8(sp)
   16a0c:	dd79                	beqz	a0,169ea <setlocale+0x1a>
   16a0e:	65e5                	lui	a1,0x19
   16a10:	8522                	mv	a0,s0
   16a12:	27858593          	addi	a1,a1,632 # 19278 <__clzdi2+0x8c>
   16a16:	07c000ef          	jal	16a92 <strcmp>
   16a1a:	67a2                	ld	a5,8(sp)
   16a1c:	d579                	beqz	a0,169ea <setlocale+0x1a>
   16a1e:	4501                	li	a0,0
   16a20:	b7f9                	j	169ee <setlocale+0x1e>

0000000000016a22 <_fstat_r>:
   16a22:	1101                	addi	sp,sp,-32
   16a24:	87ae                	mv	a5,a1
   16a26:	e822                	sd	s0,16(sp)
   16a28:	e426                	sd	s1,8(sp)
   16a2a:	85b2                	mv	a1,a2
   16a2c:	84aa                	mv	s1,a0
   16a2e:	853e                	mv	a0,a5
   16a30:	ec06                	sd	ra,24(sp)
   16a32:	8801ac23          	sw	zero,-1896(gp) # 1b660 <errno>
   16a36:	3de010ef          	jal	17e14 <_fstat>
   16a3a:	57fd                	li	a5,-1
   16a3c:	00f50763          	beq	a0,a5,16a4a <_fstat_r+0x28>
   16a40:	60e2                	ld	ra,24(sp)
   16a42:	6442                	ld	s0,16(sp)
   16a44:	64a2                	ld	s1,8(sp)
   16a46:	6105                	addi	sp,sp,32
   16a48:	8082                	ret
   16a4a:	8981a783          	lw	a5,-1896(gp) # 1b660 <errno>
   16a4e:	dbed                	beqz	a5,16a40 <_fstat_r+0x1e>
   16a50:	60e2                	ld	ra,24(sp)
   16a52:	6442                	ld	s0,16(sp)
   16a54:	c09c                	sw	a5,0(s1)
   16a56:	64a2                	ld	s1,8(sp)
   16a58:	6105                	addi	sp,sp,32
   16a5a:	8082                	ret

0000000000016a5c <_isatty_r>:
   16a5c:	1101                	addi	sp,sp,-32
   16a5e:	e822                	sd	s0,16(sp)
   16a60:	e426                	sd	s1,8(sp)
   16a62:	84aa                	mv	s1,a0
   16a64:	852e                	mv	a0,a1
   16a66:	ec06                	sd	ra,24(sp)
   16a68:	8801ac23          	sw	zero,-1896(gp) # 1b660 <errno>
   16a6c:	3ee010ef          	jal	17e5a <_isatty>
   16a70:	57fd                	li	a5,-1
   16a72:	00f50763          	beq	a0,a5,16a80 <_isatty_r+0x24>
   16a76:	60e2                	ld	ra,24(sp)
   16a78:	6442                	ld	s0,16(sp)
   16a7a:	64a2                	ld	s1,8(sp)
   16a7c:	6105                	addi	sp,sp,32
   16a7e:	8082                	ret
   16a80:	8981a783          	lw	a5,-1896(gp) # 1b660 <errno>
   16a84:	dbed                	beqz	a5,16a76 <_isatty_r+0x1a>
   16a86:	60e2                	ld	ra,24(sp)
   16a88:	6442                	ld	s0,16(sp)
   16a8a:	c09c                	sw	a5,0(s1)
   16a8c:	64a2                	ld	s1,8(sp)
   16a8e:	6105                	addi	sp,sp,32
   16a90:	8082                	ret

0000000000016a92 <strcmp>:
   16a92:	00b56733          	or	a4,a0,a1
   16a96:	53fd                	li	t2,-1
   16a98:	8b1d                	andi	a4,a4,7
   16a9a:	eb4d                	bnez	a4,16b4c <strcmp+0xba>
   16a9c:	00005797          	auipc	a5,0x5
   16aa0:	b947b783          	ld	a5,-1132(a5) # 1b630 <mask>
   16aa4:	6110                	ld	a2,0(a0)
   16aa6:	6194                	ld	a3,0(a1)
   16aa8:	00f672b3          	and	t0,a2,a5
   16aac:	00f66333          	or	t1,a2,a5
   16ab0:	92be                	add	t0,t0,a5
   16ab2:	0062e2b3          	or	t0,t0,t1
   16ab6:	0a729963          	bne	t0,t2,16b68 <strcmp+0xd6>
   16aba:	02d61e63          	bne	a2,a3,16af6 <strcmp+0x64>
   16abe:	6510                	ld	a2,8(a0)
   16ac0:	6594                	ld	a3,8(a1)
   16ac2:	00f672b3          	and	t0,a2,a5
   16ac6:	00f66333          	or	t1,a2,a5
   16aca:	92be                	add	t0,t0,a5
   16acc:	0062e2b3          	or	t0,t0,t1
   16ad0:	08729a63          	bne	t0,t2,16b64 <strcmp+0xd2>
   16ad4:	02d61163          	bne	a2,a3,16af6 <strcmp+0x64>
   16ad8:	6910                	ld	a2,16(a0)
   16ada:	6994                	ld	a3,16(a1)
   16adc:	00f672b3          	and	t0,a2,a5
   16ae0:	00f66333          	or	t1,a2,a5
   16ae4:	92be                	add	t0,t0,a5
   16ae6:	0062e2b3          	or	t0,t0,t1
   16aea:	08729363          	bne	t0,t2,16b70 <strcmp+0xde>
   16aee:	0561                	addi	a0,a0,24
   16af0:	05e1                	addi	a1,a1,24
   16af2:	fad609e3          	beq	a2,a3,16aa4 <strcmp+0x12>
   16af6:	03061713          	slli	a4,a2,0x30
   16afa:	03069793          	slli	a5,a3,0x30
   16afe:	02f71863          	bne	a4,a5,16b2e <strcmp+0x9c>
   16b02:	02061713          	slli	a4,a2,0x20
   16b06:	02069793          	slli	a5,a3,0x20
   16b0a:	02f71263          	bne	a4,a5,16b2e <strcmp+0x9c>
   16b0e:	01061713          	slli	a4,a2,0x10
   16b12:	01069793          	slli	a5,a3,0x10
   16b16:	00f71c63          	bne	a4,a5,16b2e <strcmp+0x9c>
   16b1a:	03065713          	srli	a4,a2,0x30
   16b1e:	0306d793          	srli	a5,a3,0x30
   16b22:	40f70533          	sub	a0,a4,a5
   16b26:	0ff57593          	zext.b	a1,a0
   16b2a:	e991                	bnez	a1,16b3e <strcmp+0xac>
   16b2c:	8082                	ret
   16b2e:	9341                	srli	a4,a4,0x30
   16b30:	93c1                	srli	a5,a5,0x30
   16b32:	40f70533          	sub	a0,a4,a5
   16b36:	0ff57593          	zext.b	a1,a0
   16b3a:	e191                	bnez	a1,16b3e <strcmp+0xac>
   16b3c:	8082                	ret
   16b3e:	0ff77713          	zext.b	a4,a4
   16b42:	0ff7f793          	zext.b	a5,a5
   16b46:	40f70533          	sub	a0,a4,a5
   16b4a:	8082                	ret
   16b4c:	00054603          	lbu	a2,0(a0)
   16b50:	0005c683          	lbu	a3,0(a1)
   16b54:	0505                	addi	a0,a0,1
   16b56:	0585                	addi	a1,a1,1
   16b58:	00d61363          	bne	a2,a3,16b5e <strcmp+0xcc>
   16b5c:	fa65                	bnez	a2,16b4c <strcmp+0xba>
   16b5e:	40d60533          	sub	a0,a2,a3
   16b62:	8082                	ret
   16b64:	0521                	addi	a0,a0,8
   16b66:	05a1                	addi	a1,a1,8
   16b68:	fed612e3          	bne	a2,a3,16b4c <strcmp+0xba>
   16b6c:	4501                	li	a0,0
   16b6e:	8082                	ret
   16b70:	0541                	addi	a0,a0,16
   16b72:	05c1                	addi	a1,a1,16
   16b74:	fcd61ce3          	bne	a2,a3,16b4c <strcmp+0xba>
   16b78:	4501                	li	a0,0
   16b7a:	8082                	ret

0000000000016b7c <__assert_func>:
   16b7c:	8781b783          	ld	a5,-1928(gp) # 1b640 <_impure_ptr>
   16b80:	1141                	addi	sp,sp,-16
   16b82:	8832                	mv	a6,a2
   16b84:	e406                	sd	ra,8(sp)
   16b86:	832a                	mv	t1,a0
   16b88:	872e                	mv	a4,a1
   16b8a:	6f88                	ld	a0,24(a5)
   16b8c:	8636                	mv	a2,a3
   16b8e:	00080d63          	beqz	a6,16ba8 <__assert_func+0x2c>
   16b92:	67e5                	lui	a5,0x19
   16b94:	3b078793          	addi	a5,a5,944 # 193b0 <__clzdi2+0x1c4>
   16b98:	65e5                	lui	a1,0x19
   16b9a:	869a                	mv	a3,t1
   16b9c:	3c058593          	addi	a1,a1,960 # 193c0 <__clzdi2+0x1d4>
   16ba0:	156000ef          	jal	16cf6 <fiprintf>
   16ba4:	6cd000ef          	jal	17a70 <abort>
   16ba8:	67e5                	lui	a5,0x19
   16baa:	27878793          	addi	a5,a5,632 # 19278 <__clzdi2+0x8c>
   16bae:	883e                	mv	a6,a5
   16bb0:	b7e5                	j	16b98 <__assert_func+0x1c>

0000000000016bb2 <__assert>:
   16bb2:	1141                	addi	sp,sp,-16
   16bb4:	86b2                	mv	a3,a2
   16bb6:	4601                	li	a2,0
   16bb8:	e406                	sd	ra,8(sp)
   16bba:	fc3ff0ef          	jal	16b7c <__assert_func>

0000000000016bbe <_calloc_r>:
   16bbe:	02c5b7b3          	mulhu	a5,a1,a2
   16bc2:	1101                	addi	sp,sp,-32
   16bc4:	ec06                	sd	ra,24(sp)
   16bc6:	02c585b3          	mul	a1,a1,a2
   16bca:	efb5                	bnez	a5,16c46 <_calloc_r+0x88>
   16bcc:	964fa0ef          	jal	10d30 <_malloc_r>
   16bd0:	87aa                	mv	a5,a0
   16bd2:	cd35                	beqz	a0,16c4e <_calloc_r+0x90>
   16bd4:	ff853603          	ld	a2,-8(a0)
   16bd8:	04800693          	li	a3,72
   16bdc:	9a71                	andi	a2,a2,-4
   16bde:	1661                	addi	a2,a2,-8 # 1ff8 <exit-0xe128>
   16be0:	04c6e163          	bltu	a3,a2,16c22 <_calloc_r+0x64>
   16be4:	02700593          	li	a1,39
   16be8:	872a                	mv	a4,a0
   16bea:	02c5f263          	bgeu	a1,a2,16c0e <_calloc_r+0x50>
   16bee:	00053023          	sd	zero,0(a0)
   16bf2:	00053423          	sd	zero,8(a0)
   16bf6:	03700713          	li	a4,55
   16bfa:	02c77d63          	bgeu	a4,a2,16c34 <_calloc_r+0x76>
   16bfe:	00053823          	sd	zero,16(a0)
   16c02:	00053c23          	sd	zero,24(a0)
   16c06:	02050713          	addi	a4,a0,32
   16c0a:	04d60763          	beq	a2,a3,16c58 <_calloc_r+0x9a>
   16c0e:	00073023          	sd	zero,0(a4)
   16c12:	00073423          	sd	zero,8(a4)
   16c16:	00073823          	sd	zero,16(a4)
   16c1a:	60e2                	ld	ra,24(sp)
   16c1c:	853e                	mv	a0,a5
   16c1e:	6105                	addi	sp,sp,32
   16c20:	8082                	ret
   16c22:	4581                	li	a1,0
   16c24:	e42a                	sd	a0,8(sp)
   16c26:	c6bf90ef          	jal	10890 <memset>
   16c2a:	67a2                	ld	a5,8(sp)
   16c2c:	60e2                	ld	ra,24(sp)
   16c2e:	853e                	mv	a0,a5
   16c30:	6105                	addi	sp,sp,32
   16c32:	8082                	ret
   16c34:	01050713          	addi	a4,a0,16
   16c38:	00073023          	sd	zero,0(a4)
   16c3c:	00073423          	sd	zero,8(a4)
   16c40:	00073823          	sd	zero,16(a4)
   16c44:	bfd9                	j	16c1a <_calloc_r+0x5c>
   16c46:	625000ef          	jal	17a6a <__errno>
   16c4a:	47b1                	li	a5,12
   16c4c:	c11c                	sw	a5,0(a0)
   16c4e:	60e2                	ld	ra,24(sp)
   16c50:	4781                	li	a5,0
   16c52:	853e                	mv	a0,a5
   16c54:	6105                	addi	sp,sp,32
   16c56:	8082                	ret
   16c58:	02053023          	sd	zero,32(a0)
   16c5c:	02053423          	sd	zero,40(a0)
   16c60:	03050713          	addi	a4,a0,48
   16c64:	b76d                	j	16c0e <_calloc_r+0x50>

0000000000016c66 <_mbtowc_r>:
   16c66:	67ed                	lui	a5,0x1b
   16c68:	5087b783          	ld	a5,1288(a5) # 1b508 <__global_locale+0xe8>
   16c6c:	8782                	jr	a5

0000000000016c6e <__ascii_mbtowc>:
   16c6e:	c999                	beqz	a1,16c84 <__ascii_mbtowc+0x16>
   16c70:	c61d                	beqz	a2,16c9e <__ascii_mbtowc+0x30>
   16c72:	ca95                	beqz	a3,16ca6 <__ascii_mbtowc+0x38>
   16c74:	00064783          	lbu	a5,0(a2)
   16c78:	c19c                	sw	a5,0(a1)
   16c7a:	00064503          	lbu	a0,0(a2)
   16c7e:	00a03533          	snez	a0,a0
   16c82:	8082                	ret
   16c84:	1141                	addi	sp,sp,-16
   16c86:	006c                	addi	a1,sp,12
   16c88:	ce09                	beqz	a2,16ca2 <__ascii_mbtowc+0x34>
   16c8a:	c285                	beqz	a3,16caa <__ascii_mbtowc+0x3c>
   16c8c:	00064783          	lbu	a5,0(a2)
   16c90:	c19c                	sw	a5,0(a1)
   16c92:	00064503          	lbu	a0,0(a2)
   16c96:	00a03533          	snez	a0,a0
   16c9a:	0141                	addi	sp,sp,16
   16c9c:	8082                	ret
   16c9e:	4501                	li	a0,0
   16ca0:	8082                	ret
   16ca2:	4501                	li	a0,0
   16ca4:	bfdd                	j	16c9a <__ascii_mbtowc+0x2c>
   16ca6:	5579                	li	a0,-2
   16ca8:	8082                	ret
   16caa:	5579                	li	a0,-2
   16cac:	b7fd                	j	16c9a <__ascii_mbtowc+0x2c>

0000000000016cae <_wctomb_r>:
   16cae:	67ed                	lui	a5,0x1b
   16cb0:	5007b783          	ld	a5,1280(a5) # 1b500 <__global_locale+0xe0>
   16cb4:	8782                	jr	a5

0000000000016cb6 <__ascii_wctomb>:
   16cb6:	cd91                	beqz	a1,16cd2 <__ascii_wctomb+0x1c>
   16cb8:	0ff00793          	li	a5,255
   16cbc:	00c7e663          	bltu	a5,a2,16cc8 <__ascii_wctomb+0x12>
   16cc0:	00c58023          	sb	a2,0(a1)
   16cc4:	4505                	li	a0,1
   16cc6:	8082                	ret
   16cc8:	08a00793          	li	a5,138
   16ccc:	c11c                	sw	a5,0(a0)
   16cce:	557d                	li	a0,-1
   16cd0:	8082                	ret
   16cd2:	4501                	li	a0,0
   16cd4:	8082                	ret

0000000000016cd6 <_fiprintf_r>:
   16cd6:	715d                	addi	sp,sp,-80
   16cd8:	02810313          	addi	t1,sp,40
   16cdc:	f436                	sd	a3,40(sp)
   16cde:	869a                	mv	a3,t1
   16ce0:	ec06                	sd	ra,24(sp)
   16ce2:	f83a                	sd	a4,48(sp)
   16ce4:	fc3e                	sd	a5,56(sp)
   16ce6:	e0c2                	sd	a6,64(sp)
   16ce8:	e4c6                	sd	a7,72(sp)
   16cea:	e41a                	sd	t1,8(sp)
   16cec:	038000ef          	jal	16d24 <_vfiprintf_r>
   16cf0:	60e2                	ld	ra,24(sp)
   16cf2:	6161                	addi	sp,sp,80
   16cf4:	8082                	ret

0000000000016cf6 <fiprintf>:
   16cf6:	715d                	addi	sp,sp,-80
   16cf8:	8eaa                	mv	t4,a0
   16cfa:	8781b503          	ld	a0,-1928(gp) # 1b640 <_impure_ptr>
   16cfe:	8e2e                	mv	t3,a1
   16d00:	02010313          	addi	t1,sp,32
   16d04:	f032                	sd	a2,32(sp)
   16d06:	f436                	sd	a3,40(sp)
   16d08:	85f6                	mv	a1,t4
   16d0a:	8672                	mv	a2,t3
   16d0c:	869a                	mv	a3,t1
   16d0e:	ec06                	sd	ra,24(sp)
   16d10:	f83a                	sd	a4,48(sp)
   16d12:	fc3e                	sd	a5,56(sp)
   16d14:	e0c2                	sd	a6,64(sp)
   16d16:	e4c6                	sd	a7,72(sp)
   16d18:	e41a                	sd	t1,8(sp)
   16d1a:	00a000ef          	jal	16d24 <_vfiprintf_r>
   16d1e:	60e2                	ld	ra,24(sp)
   16d20:	6161                	addi	sp,sp,80
   16d22:	8082                	ret

0000000000016d24 <_vfiprintf_r>:
   16d24:	7145                	addi	sp,sp,-464
   16d26:	fb4a                	sd	s2,432(sp)
   16d28:	e362                	sd	s8,384(sp)
   16d2a:	f6ee                	sd	s11,360(sp)
   16d2c:	e786                	sd	ra,456(sp)
   16d2e:	e02a                	sd	a0,0(sp)
   16d30:	8db2                	mv	s11,a2
   16d32:	8c36                	mv	s8,a3
   16d34:	892e                	mv	s2,a1
   16d36:	c501                	beqz	a0,16d3e <_vfiprintf_r+0x1a>
   16d38:	653c                	ld	a5,72(a0)
   16d3a:	2e078be3          	beqz	a5,17830 <_vfiprintf_r+0xb0c>
   16d3e:	01091703          	lh	a4,16(s2)
   16d42:	0ac92783          	lw	a5,172(s2)
   16d46:	6609                	lui	a2,0x2
   16d48:	03271693          	slli	a3,a4,0x32
   16d4c:	0006ca63          	bltz	a3,16d60 <_vfiprintf_r+0x3c>
   16d50:	76f9                	lui	a3,0xffffe
   16d52:	16fd                	addi	a3,a3,-1 # ffffffffffffdfff <__BSS_END__+0xfffffffffffe03b7>
   16d54:	8f51                	or	a4,a4,a2
   16d56:	8ff5                	and	a5,a5,a3
   16d58:	00e91823          	sh	a4,16(s2)
   16d5c:	0af92623          	sw	a5,172(s2)
   16d60:	03279713          	slli	a4,a5,0x32
   16d64:	40074ee3          	bltz	a4,17980 <_vfiprintf_r+0xc5c>
   16d68:	01091783          	lh	a5,16(s2)
   16d6c:	0087f713          	andi	a4,a5,8
   16d70:	1c070763          	beqz	a4,16f3e <_vfiprintf_r+0x21a>
   16d74:	01893703          	ld	a4,24(s2)
   16d78:	1c070363          	beqz	a4,16f3e <_vfiprintf_r+0x21a>
   16d7c:	8be9                	andi	a5,a5,26
   16d7e:	4729                	li	a4,10
   16d80:	1ce78b63          	beq	a5,a4,16f56 <_vfiprintf_r+0x232>
   16d84:	6765                	lui	a4,0x19
   16d86:	ef56                	sd	s5,408(sp)
   16d88:	eb5a                	sd	s6,400(sp)
   16d8a:	0e010a93          	addi	s5,sp,224
   16d8e:	6b69                	lui	s6,0x1a
   16d90:	7d470713          	addi	a4,a4,2004 # 197d4 <_ctype_+0x104>
   16d94:	e3a2                	sd	s0,448(sp)
   16d96:	ff26                	sd	s1,440(sp)
   16d98:	f74e                	sd	s3,424(sp)
   16d9a:	f352                	sd	s4,416(sp)
   16d9c:	e75e                	sd	s7,392(sp)
   16d9e:	fee6                	sd	s9,376(sp)
   16da0:	faea                	sd	s10,368(sp)
   16da2:	f882                	sd	zero,112(sp)
   16da4:	d482                	sw	zero,104(sp)
   16da6:	f0d6                	sd	s5,96(sp)
   16da8:	87d6                	mv	a5,s5
   16daa:	ec3a                	sd	a4,24(sp)
   16dac:	940b0b13          	addi	s6,s6,-1728 # 19940 <zeroes.0>
   16db0:	f802                	sd	zero,48(sp)
   16db2:	e082                	sd	zero,64(sp)
   16db4:	fc02                	sd	zero,56(sp)
   16db6:	e402                	sd	zero,8(sp)
   16db8:	4441                	li	s0,16
   16dba:	000dc683          	lbu	a3,0(s11)
   16dbe:	84ee                	mv	s1,s11
   16dc0:	fdb68713          	addi	a4,a3,-37
   16dc4:	0006861b          	sext.w	a2,a3
   16dc8:	c721                	beqz	a4,16e10 <_vfiprintf_r+0xec>
   16dca:	c239                	beqz	a2,16e10 <_vfiprintf_r+0xec>
   16dcc:	89a6                	mv	s3,s1
   16dce:	0014c683          	lbu	a3,1(s1)
   16dd2:	0485                	addi	s1,s1,1
   16dd4:	0006871b          	sext.w	a4,a3
   16dd8:	c681                	beqz	a3,16de0 <_vfiprintf_r+0xbc>
   16dda:	fdb70713          	addi	a4,a4,-37
   16dde:	f77d                	bnez	a4,16dcc <_vfiprintf_r+0xa8>
   16de0:	41b48bbb          	subw	s7,s1,s11
   16de4:	020b8663          	beqz	s7,16e10 <_vfiprintf_r+0xec>
   16de8:	76c6                	ld	a3,112(sp)
   16dea:	5726                	lw	a4,104(sp)
   16dec:	01b7b023          	sd	s11,0(a5)
   16df0:	96de                	add	a3,a3,s7
   16df2:	2705                	addiw	a4,a4,1
   16df4:	0177b423          	sd	s7,8(a5)
   16df8:	f8b6                	sd	a3,112(sp)
   16dfa:	d4ba                	sw	a4,104(sp)
   16dfc:	469d                	li	a3,7
   16dfe:	07c1                	addi	a5,a5,16
   16e00:	16e6ca63          	blt	a3,a4,16f74 <_vfiprintf_r+0x250>
   16e04:	6722                	ld	a4,8(sp)
   16e06:	0019c683          	lbu	a3,1(s3)
   16e0a:	0177073b          	addw	a4,a4,s7
   16e0e:	e43a                	sd	a4,8(sp)
   16e10:	16068a63          	beqz	a3,16f84 <_vfiprintf_r+0x260>
   16e14:	0014c703          	lbu	a4,1(s1)
   16e18:	00148d93          	addi	s11,s1,1
   16e1c:	04010ba3          	sb	zero,87(sp)
   16e20:	587d                	li	a6,-1
   16e22:	4481                	li	s1,0
   16e24:	4a01                	li	s4,0
   16e26:	05a00993          	li	s3,90
   16e2a:	0d85                	addi	s11,s11,1
   16e2c:	2701                	sext.w	a4,a4
   16e2e:	fe07069b          	addiw	a3,a4,-32
   16e32:	04d9e263          	bltu	s3,a3,16e76 <_vfiprintf_r+0x152>
   16e36:	02069613          	slli	a2,a3,0x20
   16e3a:	01e65693          	srli	a3,a2,0x1e
   16e3e:	6662                	ld	a2,24(sp)
   16e40:	96b2                	add	a3,a3,a2
   16e42:	4294                	lw	a3,0(a3)
   16e44:	8682                	jr	a3
   16e46:	4481                	li	s1,0
   16e48:	4525                	li	a0,9
   16e4a:	000dc603          	lbu	a2,0(s11)
   16e4e:	0024969b          	slliw	a3,s1,0x2
   16e52:	9ea5                	addw	a3,a3,s1
   16e54:	fd07071b          	addiw	a4,a4,-48
   16e58:	0016969b          	slliw	a3,a3,0x1
   16e5c:	fd06059b          	addiw	a1,a2,-48 # 1fd0 <exit-0xe150>
   16e60:	0d85                	addi	s11,s11,1
   16e62:	00d704bb          	addw	s1,a4,a3
   16e66:	0006071b          	sext.w	a4,a2
   16e6a:	feb570e3          	bgeu	a0,a1,16e4a <_vfiprintf_r+0x126>
   16e6e:	fe07069b          	addiw	a3,a4,-32
   16e72:	fcd9f2e3          	bgeu	s3,a3,16e36 <_vfiprintf_r+0x112>
   16e76:	10070763          	beqz	a4,16f84 <_vfiprintf_r+0x260>
   16e7a:	4b85                	li	s7,1
   16e7c:	06e10c23          	sb	a4,120(sp)
   16e80:	04010ba3          	sb	zero,87(sp)
   16e84:	89de                	mv	s3,s7
   16e86:	4801                	li	a6,0
   16e88:	07810c93          	addi	s9,sp,120
   16e8c:	75c6                	ld	a1,112(sp)
   16e8e:	5626                	lw	a2,104(sp)
   16e90:	084a7f13          	andi	t5,s4,132
   16e94:	86ae                	mv	a3,a1
   16e96:	8732                	mv	a4,a2
   16e98:	040f1663          	bnez	t5,16ee4 <_vfiprintf_r+0x1c0>
   16e9c:	41348d3b          	subw	s10,s1,s3
   16ea0:	75a04863          	bgtz	s10,175f0 <_vfiprintf_r+0x8cc>
   16ea4:	05714603          	lbu	a2,87(sp)
   16ea8:	c231                	beqz	a2,16eec <_vfiprintf_r+0x1c8>
   16eaa:	4f01                	li	t5,0
   16eac:	f402                	sd	zero,40(sp)
   16eae:	05710613          	addi	a2,sp,87
   16eb2:	e390                	sd	a2,0(a5)
   16eb4:	0685                	addi	a3,a3,1
   16eb6:	4605                	li	a2,1
   16eb8:	2705                	addiw	a4,a4,1
   16eba:	e790                	sd	a2,8(a5)
   16ebc:	f8b6                	sd	a3,112(sp)
   16ebe:	d4ba                	sw	a4,104(sp)
   16ec0:	461d                	li	a2,7
   16ec2:	07c1                	addi	a5,a5,16
   16ec4:	64e64f63          	blt	a2,a4,17522 <_vfiprintf_r+0x7fe>
   16ec8:	7622                	ld	a2,40(sp)
   16eca:	ce09                	beqz	a2,16ee4 <_vfiprintf_r+0x1c0>
   16ecc:	08b0                	addi	a2,sp,88
   16ece:	e390                	sd	a2,0(a5)
   16ed0:	0689                	addi	a3,a3,2
   16ed2:	4609                	li	a2,2
   16ed4:	2705                	addiw	a4,a4,1
   16ed6:	e790                	sd	a2,8(a5)
   16ed8:	f8b6                	sd	a3,112(sp)
   16eda:	d4ba                	sw	a4,104(sp)
   16edc:	461d                	li	a2,7
   16ede:	07c1                	addi	a5,a5,16
   16ee0:	62e64263          	blt	a2,a4,17504 <_vfiprintf_r+0x7e0>
   16ee4:	08000613          	li	a2,128
   16ee8:	4ecf0d63          	beq	t5,a2,173e2 <_vfiprintf_r+0x6be>
   16eec:	41780d3b          	subw	s10,a6,s7
   16ef0:	59a04163          	bgtz	s10,17472 <_vfiprintf_r+0x74e>
   16ef4:	96de                	add	a3,a3,s7
   16ef6:	2705                	addiw	a4,a4,1
   16ef8:	0197b023          	sd	s9,0(a5)
   16efc:	0177b423          	sd	s7,8(a5)
   16f00:	f8b6                	sd	a3,112(sp)
   16f02:	d4ba                	sw	a4,104(sp)
   16f04:	461d                	li	a2,7
   16f06:	07c1                	addi	a5,a5,16
   16f08:	5ce64c63          	blt	a2,a4,174e0 <_vfiprintf_r+0x7bc>
   16f0c:	004a7313          	andi	t1,s4,4
   16f10:	00030663          	beqz	t1,16f1c <_vfiprintf_r+0x1f8>
   16f14:	41348bbb          	subw	s7,s1,s3
   16f18:	63704463          	bgtz	s7,17540 <_vfiprintf_r+0x81c>
   16f1c:	87a6                	mv	a5,s1
   16f1e:	0134d363          	bge	s1,s3,16f24 <_vfiprintf_r+0x200>
   16f22:	87ce                	mv	a5,s3
   16f24:	6722                	ld	a4,8(sp)
   16f26:	9fb9                	addw	a5,a5,a4
   16f28:	e43e                	sd	a5,8(sp)
   16f2a:	5c069563          	bnez	a3,174f4 <_vfiprintf_r+0x7d0>
   16f2e:	d482                	sw	zero,104(sp)
   16f30:	87d6                	mv	a5,s5
   16f32:	b561                	j	16dba <_vfiprintf_r+0x96>
   16f34:	000dc703          	lbu	a4,0(s11)
   16f38:	010a6a13          	ori	s4,s4,16
   16f3c:	b5fd                	j	16e2a <_vfiprintf_r+0x106>
   16f3e:	6502                	ld	a0,0(sp)
   16f40:	85ca                	mv	a1,s2
   16f42:	b3ffc0ef          	jal	13a80 <__swsetup_r>
   16f46:	22051de3          	bnez	a0,17980 <_vfiprintf_r+0xc5c>
   16f4a:	01091783          	lh	a5,16(s2)
   16f4e:	4729                	li	a4,10
   16f50:	8be9                	andi	a5,a5,26
   16f52:	e2e799e3          	bne	a5,a4,16d84 <_vfiprintf_r+0x60>
   16f56:	01291783          	lh	a5,18(s2)
   16f5a:	e207c5e3          	bltz	a5,16d84 <_vfiprintf_r+0x60>
   16f5e:	6502                	ld	a0,0(sp)
   16f60:	60be                	ld	ra,456(sp)
   16f62:	86e2                	mv	a3,s8
   16f64:	866e                	mv	a2,s11
   16f66:	6c1a                	ld	s8,384(sp)
   16f68:	7db6                	ld	s11,360(sp)
   16f6a:	85ca                	mv	a1,s2
   16f6c:	795a                	ld	s2,432(sp)
   16f6e:	6179                	addi	sp,sp,464
   16f70:	2690006f          	j	179d8 <__sbprintf>
   16f74:	6502                	ld	a0,0(sp)
   16f76:	1090                	addi	a2,sp,96
   16f78:	85ca                	mv	a1,s2
   16f7a:	cacfc0ef          	jal	13426 <__sprint_r>
   16f7e:	e511                	bnez	a0,16f8a <_vfiprintf_r+0x266>
   16f80:	87d6                	mv	a5,s5
   16f82:	b549                	j	16e04 <_vfiprintf_r+0xe0>
   16f84:	77c6                	ld	a5,112(sp)
   16f86:	16079ae3          	bnez	a5,178fa <_vfiprintf_r+0xbd6>
   16f8a:	01095783          	lhu	a5,16(s2)
   16f8e:	641e                	ld	s0,448(sp)
   16f90:	74fa                	ld	s1,440(sp)
   16f92:	0407f793          	andi	a5,a5,64
   16f96:	79ba                	ld	s3,424(sp)
   16f98:	7a1a                	ld	s4,416(sp)
   16f9a:	6afa                	ld	s5,408(sp)
   16f9c:	6b5a                	ld	s6,400(sp)
   16f9e:	6bba                	ld	s7,392(sp)
   16fa0:	7cf6                	ld	s9,376(sp)
   16fa2:	7d56                	ld	s10,368(sp)
   16fa4:	1c079ee3          	bnez	a5,17980 <_vfiprintf_r+0xc5c>
   16fa8:	60be                	ld	ra,456(sp)
   16faa:	6522                	ld	a0,8(sp)
   16fac:	795a                	ld	s2,432(sp)
   16fae:	6c1a                	ld	s8,384(sp)
   16fb0:	7db6                	ld	s11,360(sp)
   16fb2:	6179                	addi	sp,sp,464
   16fb4:	8082                	ret
   16fb6:	020a7693          	andi	a3,s4,32
   16fba:	008c0713          	addi	a4,s8,8
   16fbe:	eae1                	bnez	a3,1708e <_vfiprintf_r+0x36a>
   16fc0:	010a7693          	andi	a3,s4,16
   16fc4:	1e069ee3          	bnez	a3,179c0 <_vfiprintf_r+0xc9c>
   16fc8:	040a7693          	andi	a3,s4,64
   16fcc:	000c2d03          	lw	s10,0(s8)
   16fd0:	0a0681e3          	beqz	a3,17872 <_vfiprintf_r+0xb4e>
   16fd4:	010d1d1b          	slliw	s10,s10,0x10
   16fd8:	410d5d1b          	sraiw	s10,s10,0x10
   16fdc:	8c3a                	mv	s8,a4
   16fde:	86ea                	mv	a3,s10
   16fe0:	0a06cd63          	bltz	a3,1709a <_vfiprintf_r+0x376>
   16fe4:	0c084563          	bltz	a6,170ae <_vfiprintf_r+0x38a>
   16fe8:	f7fa7a13          	andi	s4,s4,-129
   16fec:	0c081163          	bnez	a6,170ae <_vfiprintf_r+0x38a>
   16ff0:	0a0d1f63          	bnez	s10,170ae <_vfiprintf_r+0x38a>
   16ff4:	05714703          	lbu	a4,87(sp)
   16ff8:	4b81                	li	s7,0
   16ffa:	4801                	li	a6,0
   16ffc:	0dc10c93          	addi	s9,sp,220
   17000:	26070f63          	beqz	a4,1727e <_vfiprintf_r+0x55a>
   17004:	4985                	li	s3,1
   17006:	76c6                	ld	a3,112(sp)
   17008:	5726                	lw	a4,104(sp)
   1700a:	084a7f13          	andi	t5,s4,132
   1700e:	85b6                	mv	a1,a3
   17010:	863a                	mv	a2,a4
   17012:	e80f05e3          	beqz	t5,16e9c <_vfiprintf_r+0x178>
   17016:	f402                	sd	zero,40(sp)
   17018:	bd59                	j	16eae <_vfiprintf_r+0x18a>
   1701a:	000c3c83          	ld	s9,0(s8)
   1701e:	04010ba3          	sb	zero,87(sp)
   17022:	0c21                	addi	s8,s8,8
   17024:	020c88e3          	beqz	s9,17854 <_vfiprintf_r+0xb30>
   17028:	76084563          	bltz	a6,17792 <_vfiprintf_r+0xa6e>
   1702c:	8642                	mv	a2,a6
   1702e:	4581                	li	a1,0
   17030:	8566                	mv	a0,s9
   17032:	f03e                	sd	a5,32(sp)
   17034:	e842                	sd	a6,16(sp)
   17036:	b3bfc0ef          	jal	13b70 <memchr>
   1703a:	05714703          	lbu	a4,87(sp)
   1703e:	6842                	ld	a6,16(sp)
   17040:	7782                	ld	a5,32(sp)
   17042:	120507e3          	beqz	a0,17970 <_vfiprintf_r+0xc4c>
   17046:	41950bbb          	subw	s7,a0,s9
   1704a:	86de                	mv	a3,s7
   1704c:	000bd363          	bgez	s7,17052 <_vfiprintf_r+0x32e>
   17050:	4681                	li	a3,0
   17052:	0006899b          	sext.w	s3,a3
   17056:	76070463          	beqz	a4,177be <_vfiprintf_r+0xa9a>
   1705a:	0016899b          	addiw	s3,a3,1
   1705e:	4801                	li	a6,0
   17060:	b75d                	j	17006 <_vfiprintf_r+0x2e2>
   17062:	000c2703          	lw	a4,0(s8)
   17066:	4b85                	li	s7,1
   17068:	04010ba3          	sb	zero,87(sp)
   1706c:	06e10c23          	sb	a4,120(sp)
   17070:	0c21                	addi	s8,s8,8
   17072:	89de                	mv	s3,s7
   17074:	4801                	li	a6,0
   17076:	07810c93          	addi	s9,sp,120
   1707a:	bd09                	j	16e8c <_vfiprintf_r+0x168>
   1707c:	020a7713          	andi	a4,s4,32
   17080:	010a6313          	ori	t1,s4,16
   17084:	62070863          	beqz	a4,176b4 <_vfiprintf_r+0x990>
   17088:	8a1a                	mv	s4,t1
   1708a:	008c0713          	addi	a4,s8,8
   1708e:	000c3683          	ld	a3,0(s8)
   17092:	8c3a                	mv	s8,a4
   17094:	8d36                	mv	s10,a3
   17096:	f406d7e3          	bgez	a3,16fe4 <_vfiprintf_r+0x2c0>
   1709a:	02d00713          	li	a4,45
   1709e:	04e10ba3          	sb	a4,87(sp)
   170a2:	41a00d33          	neg	s10,s10
   170a6:	00084463          	bltz	a6,170ae <_vfiprintf_r+0x38a>
   170aa:	f7fa7a13          	andi	s4,s4,-129
   170ae:	46a5                	li	a3,9
   170b0:	1fa6e763          	bltu	a3,s10,1729e <_vfiprintf_r+0x57a>
   170b4:	030d0d1b          	addiw	s10,s10,48
   170b8:	0da10da3          	sb	s10,219(sp)
   170bc:	8742                	mv	a4,a6
   170be:	01004363          	bgtz	a6,170c4 <_vfiprintf_r+0x3a0>
   170c2:	4705                	li	a4,1
   170c4:	05714683          	lbu	a3,87(sp)
   170c8:	0007099b          	sext.w	s3,a4
   170cc:	5a069d63          	bnez	a3,17686 <_vfiprintf_r+0x962>
   170d0:	4b85                	li	s7,1
   170d2:	0db10c93          	addi	s9,sp,219
   170d6:	bb5d                	j	16e8c <_vfiprintf_r+0x168>
   170d8:	000c2483          	lw	s1,0(s8)
   170dc:	5804da63          	bgez	s1,17670 <_vfiprintf_r+0x94c>
   170e0:	409004bb          	negw	s1,s1
   170e4:	0c21                	addi	s8,s8,8
   170e6:	000dc703          	lbu	a4,0(s11)
   170ea:	004a6a13          	ori	s4,s4,4
   170ee:	bb35                	j	16e2a <_vfiprintf_r+0x106>
   170f0:	02b00713          	li	a4,43
   170f4:	04e10ba3          	sb	a4,87(sp)
   170f8:	000dc703          	lbu	a4,0(s11)
   170fc:	b33d                	j	16e2a <_vfiprintf_r+0x106>
   170fe:	020a7713          	andi	a4,s4,32
   17102:	18071063          	bnez	a4,17282 <_vfiprintf_r+0x55e>
   17106:	010a7993          	andi	s3,s4,16
   1710a:	008c0713          	addi	a4,s8,8
   1710e:	0a099be3          	bnez	s3,179c4 <_vfiprintf_r+0xca0>
   17112:	040a7693          	andi	a3,s4,64
   17116:	000c2d03          	lw	s10,0(s8)
   1711a:	6a068563          	beqz	a3,177c4 <_vfiprintf_r+0xaa0>
   1711e:	1d42                	slli	s10,s10,0x30
   17120:	04010ba3          	sb	zero,87(sp)
   17124:	030d5d13          	srli	s10,s10,0x30
   17128:	6a084863          	bltz	a6,177d8 <_vfiprintf_r+0xab4>
   1712c:	f7fa7a13          	andi	s4,s4,-129
   17130:	6a081463          	bnez	a6,177d8 <_vfiprintf_r+0xab4>
   17134:	6a0d1263          	bnez	s10,177d8 <_vfiprintf_r+0xab4>
   17138:	8c3a                	mv	s8,a4
   1713a:	4b81                	li	s7,0
   1713c:	0dc10c93          	addi	s9,sp,220
   17140:	b3b1                	j	16e8c <_vfiprintf_r+0x168>
   17142:	000dc703          	lbu	a4,0(s11)
   17146:	020a6a13          	ori	s4,s4,32
   1714a:	b1c5                	j	16e2a <_vfiprintf_r+0x106>
   1714c:	6721                	lui	a4,0x8
   1714e:	83070713          	addi	a4,a4,-2000 # 7830 <exit-0x88f0>
   17152:	04e11c23          	sh	a4,88(sp)
   17156:	04010ba3          	sb	zero,87(sp)
   1715a:	000c3683          	ld	a3,0(s8)
   1715e:	008c0713          	addi	a4,s8,8
   17162:	56084363          	bltz	a6,176c8 <_vfiprintf_r+0x9a4>
   17166:	f7fa7313          	andi	t1,s4,-129
   1716a:	00236a13          	ori	s4,t1,2
   1716e:	040693e3          	bnez	a3,179b4 <_vfiprintf_r+0xc90>
   17172:	040811e3          	bnez	a6,179b4 <_vfiprintf_r+0xc90>
   17176:	8c3a                	mv	s8,a4
   17178:	4b81                	li	s7,0
   1717a:	4981                	li	s3,0
   1717c:	0dc10c93          	addi	s9,sp,220
   17180:	75c6                	ld	a1,112(sp)
   17182:	5626                	lw	a2,104(sp)
   17184:	084a7f13          	andi	t5,s4,132
   17188:	2989                	addiw	s3,s3,2
   1718a:	86ae                	mv	a3,a1
   1718c:	8732                	mv	a4,a2
   1718e:	d20f1fe3          	bnez	t5,16ecc <_vfiprintf_r+0x1a8>
   17192:	41348d3b          	subw	s10,s1,s3
   17196:	d3a05be3          	blez	s10,16ecc <_vfiprintf_r+0x1a8>
   1719a:	4709                	li	a4,2
   1719c:	f43a                	sd	a4,40(sp)
   1719e:	a991                	j	175f2 <_vfiprintf_r+0x8ce>
   171a0:	020a7693          	andi	a3,s4,32
   171a4:	008c0713          	addi	a4,s8,8
   171a8:	50069e63          	bnez	a3,176c4 <_vfiprintf_r+0x9a0>
   171ac:	010a7693          	andi	a3,s4,16
   171b0:	50069a63          	bnez	a3,176c4 <_vfiprintf_r+0x9a0>
   171b4:	040a7613          	andi	a2,s4,64
   171b8:	000c2683          	lw	a3,0(s8)
   171bc:	6c060663          	beqz	a2,17888 <_vfiprintf_r+0xb64>
   171c0:	16c2                	slli	a3,a3,0x30
   171c2:	92c1                	srli	a3,a3,0x30
   171c4:	8c3a                	mv	s8,a4
   171c6:	89d2                	mv	s3,s4
   171c8:	a889                	j	1721a <_vfiprintf_r+0x4f6>
   171ca:	020a7713          	andi	a4,s4,32
   171ce:	000c3683          	ld	a3,0(s8)
   171d2:	0c21                	addi	s8,s8,8
   171d4:	e305                	bnez	a4,171f4 <_vfiprintf_r+0x4d0>
   171d6:	010a7713          	andi	a4,s4,16
   171da:	ef09                	bnez	a4,171f4 <_vfiprintf_r+0x4d0>
   171dc:	040a7713          	andi	a4,s4,64
   171e0:	6e071463          	bnez	a4,178c8 <_vfiprintf_r+0xba4>
   171e4:	200a7313          	andi	t1,s4,512
   171e8:	6722                	ld	a4,8(sp)
   171ea:	7a030363          	beqz	t1,17990 <_vfiprintf_r+0xc6c>
   171ee:	00e68023          	sb	a4,0(a3)
   171f2:	b6e1                	j	16dba <_vfiprintf_r+0x96>
   171f4:	6722                	ld	a4,8(sp)
   171f6:	e298                	sd	a4,0(a3)
   171f8:	b6c9                	j	16dba <_vfiprintf_r+0x96>
   171fa:	000dc703          	lbu	a4,0(s11)
   171fe:	06c00693          	li	a3,108
   17202:	62d70b63          	beq	a4,a3,17838 <_vfiprintf_r+0xb14>
   17206:	010a6a13          	ori	s4,s4,16
   1720a:	b105                	j	16e2a <_vfiprintf_r+0x106>
   1720c:	010a6993          	ori	s3,s4,16
   17210:	008c0713          	addi	a4,s8,8
   17214:	000c3683          	ld	a3,0(s8)
   17218:	8c3a                	mv	s8,a4
   1721a:	04010ba3          	sb	zero,87(sp)
   1721e:	bff9fa13          	andi	s4,s3,-1025
   17222:	38084963          	bltz	a6,175b4 <_vfiprintf_r+0x890>
   17226:	b7f9fa13          	andi	s4,s3,-1153
   1722a:	38069563          	bnez	a3,175b4 <_vfiprintf_r+0x890>
   1722e:	38081363          	bnez	a6,175b4 <_vfiprintf_r+0x890>
   17232:	0019f993          	andi	s3,s3,1
   17236:	44098263          	beqz	s3,1767a <_vfiprintf_r+0x956>
   1723a:	03000713          	li	a4,48
   1723e:	0ce10da3          	sb	a4,219(sp)
   17242:	8bce                	mv	s7,s3
   17244:	0db10c93          	addi	s9,sp,219
   17248:	b191                	j	16e8c <_vfiprintf_r+0x168>
   1724a:	020a7713          	andi	a4,s4,32
   1724e:	010a6313          	ori	t1,s4,16
   17252:	eb0d                	bnez	a4,17284 <_vfiprintf_r+0x560>
   17254:	008c0713          	addi	a4,s8,8
   17258:	04010ba3          	sb	zero,87(sp)
   1725c:	000c3d03          	ld	s10,0(s8)
   17260:	86ba                	mv	a3,a4
   17262:	8c3a                	mv	s8,a4
   17264:	8a1a                	mv	s4,t1
   17266:	e40844e3          	bltz	a6,170ae <_vfiprintf_r+0x38a>
   1726a:	f7f37a13          	andi	s4,t1,-129
   1726e:	8c36                	mv	s8,a3
   17270:	e20d1fe3          	bnez	s10,170ae <_vfiprintf_r+0x38a>
   17274:	e2081de3          	bnez	a6,170ae <_vfiprintf_r+0x38a>
   17278:	4b81                	li	s7,0
   1727a:	0dc10c93          	addi	s9,sp,220
   1727e:	4981                	li	s3,0
   17280:	b131                	j	16e8c <_vfiprintf_r+0x168>
   17282:	8352                	mv	t1,s4
   17284:	008c0693          	addi	a3,s8,8
   17288:	04010ba3          	sb	zero,87(sp)
   1728c:	000c3d03          	ld	s10,0(s8)
   17290:	8a1a                	mv	s4,t1
   17292:	8c36                	mv	s8,a3
   17294:	fc085be3          	bgez	a6,1726a <_vfiprintf_r+0x546>
   17298:	46a5                	li	a3,9
   1729a:	e1a6fde3          	bgeu	a3,s10,170b4 <_vfiprintf_r+0x390>
   1729e:	ccccd737          	lui	a4,0xccccd
   172a2:	ccd70713          	addi	a4,a4,-819 # ffffffffcccccccd <__BSS_END__+0xffffffffcccaf085>
   172a6:	02071993          	slli	s3,a4,0x20
   172aa:	0dc10b93          	addi	s7,sp,220
   172ae:	99ba                	add	s3,s3,a4
   172b0:	865e                	mv	a2,s7
   172b2:	400a7e93          	andi	t4,s4,1024
   172b6:	4581                	li	a1,0
   172b8:	a809                	j	172ca <_vfiprintf_r+0x5a6>
   172ba:	876a                	mv	a4,s10
   172bc:	033d3d33          	mulhu	s10,s10,s3
   172c0:	8666                	mv	a2,s9
   172c2:	003d5d13          	srli	s10,s10,0x3
   172c6:	02e6fe63          	bgeu	a3,a4,17302 <_vfiprintf_r+0x5de>
   172ca:	033d3533          	mulhu	a0,s10,s3
   172ce:	2585                	addiw	a1,a1,1
   172d0:	fff60c93          	addi	s9,a2,-1
   172d4:	810d                	srli	a0,a0,0x3
   172d6:	00251713          	slli	a4,a0,0x2
   172da:	972a                	add	a4,a4,a0
   172dc:	0706                	slli	a4,a4,0x1
   172de:	40ed0733          	sub	a4,s10,a4
   172e2:	0307071b          	addiw	a4,a4,48
   172e6:	fee60fa3          	sb	a4,-1(a2)
   172ea:	fc0e88e3          	beqz	t4,172ba <_vfiprintf_r+0x596>
   172ee:	7742                	ld	a4,48(sp)
   172f0:	00074703          	lbu	a4,0(a4)
   172f4:	fcb713e3          	bne	a4,a1,172ba <_vfiprintf_r+0x596>
   172f8:	f0170713          	addi	a4,a4,-255
   172fc:	df5d                	beqz	a4,172ba <_vfiprintf_r+0x596>
   172fe:	61a6e563          	bltu	a3,s10,17908 <_vfiprintf_r+0xbe4>
   17302:	419b8bbb          	subw	s7,s7,s9
   17306:	05714703          	lbu	a4,87(sp)
   1730a:	0008099b          	sext.w	s3,a6
   1730e:	01785463          	bge	a6,s7,17316 <_vfiprintf_r+0x5f2>
   17312:	000b899b          	sext.w	s3,s7
   17316:	44070463          	beqz	a4,1775e <_vfiprintf_r+0xa3a>
   1731a:	2985                	addiw	s3,s3,1
   1731c:	a189                	j	1775e <_vfiprintf_r+0xa3a>
   1731e:	6b82                	ld	s7,0(sp)
   17320:	f042                	sd	a6,32(sp)
   17322:	e83e                	sd	a5,16(sp)
   17324:	855e                	mv	a0,s7
   17326:	967fc0ef          	jal	13c8c <_localeconv_r>
   1732a:	651c                	ld	a5,8(a0)
   1732c:	853e                	mv	a0,a5
   1732e:	fc3e                	sd	a5,56(sp)
   17330:	ba1fc0ef          	jal	13ed0 <strlen>
   17334:	872a                	mv	a4,a0
   17336:	855e                	mv	a0,s7
   17338:	e0ba                	sd	a4,64(sp)
   1733a:	8bba                	mv	s7,a4
   1733c:	951fc0ef          	jal	13c8c <_localeconv_r>
   17340:	6914                	ld	a3,16(a0)
   17342:	000dc703          	lbu	a4,0(s11)
   17346:	67c2                	ld	a5,16(sp)
   17348:	f836                	sd	a3,48(sp)
   1734a:	7802                	ld	a6,32(sp)
   1734c:	ac0b8fe3          	beqz	s7,16e2a <_vfiprintf_r+0x106>
   17350:	ac068de3          	beqz	a3,16e2a <_vfiprintf_r+0x106>
   17354:	0006c683          	lbu	a3,0(a3)
   17358:	ac0689e3          	beqz	a3,16e2a <_vfiprintf_r+0x106>
   1735c:	400a6a13          	ori	s4,s4,1024
   17360:	b4e9                	j	16e2a <_vfiprintf_r+0x106>
   17362:	000dc703          	lbu	a4,0(s11)
   17366:	080a6a13          	ori	s4,s4,128
   1736a:	b4c1                	j	16e2a <_vfiprintf_r+0x106>
   1736c:	000dc703          	lbu	a4,0(s11)
   17370:	02a00693          	li	a3,42
   17374:	001d8513          	addi	a0,s11,1
   17378:	60d70f63          	beq	a4,a3,17996 <_vfiprintf_r+0xc72>
   1737c:	fd07061b          	addiw	a2,a4,-48
   17380:	4825                	li	a6,9
   17382:	4581                	li	a1,0
   17384:	60c86263          	bltu	a6,a2,17988 <_vfiprintf_r+0xc64>
   17388:	0025969b          	slliw	a3,a1,0x2
   1738c:	00054703          	lbu	a4,0(a0)
   17390:	9ead                	addw	a3,a3,a1
   17392:	0016969b          	slliw	a3,a3,0x1
   17396:	00c685bb          	addw	a1,a3,a2
   1739a:	fd07061b          	addiw	a2,a4,-48
   1739e:	0505                	addi	a0,a0,1
   173a0:	fec874e3          	bgeu	a6,a2,17388 <_vfiprintf_r+0x664>
   173a4:	0005881b          	sext.w	a6,a1
   173a8:	3405cf63          	bltz	a1,17706 <_vfiprintf_r+0x9e2>
   173ac:	8daa                	mv	s11,a0
   173ae:	b441                	j	16e2e <_vfiprintf_r+0x10a>
   173b0:	000dc703          	lbu	a4,0(s11)
   173b4:	001a6a13          	ori	s4,s4,1
   173b8:	bc8d                	j	16e2a <_vfiprintf_r+0x106>
   173ba:	05714683          	lbu	a3,87(sp)
   173be:	000dc703          	lbu	a4,0(s11)
   173c2:	a60694e3          	bnez	a3,16e2a <_vfiprintf_r+0x106>
   173c6:	02000693          	li	a3,32
   173ca:	04d10ba3          	sb	a3,87(sp)
   173ce:	bcb1                	j	16e2a <_vfiprintf_r+0x106>
   173d0:	000dc703          	lbu	a4,0(s11)
   173d4:	06800693          	li	a3,104
   173d8:	46d70763          	beq	a4,a3,17846 <_vfiprintf_r+0xb22>
   173dc:	040a6a13          	ori	s4,s4,64
   173e0:	b4a9                	j	16e2a <_vfiprintf_r+0x106>
   173e2:	41348d3b          	subw	s10,s1,s3
   173e6:	b1a053e3          	blez	s10,16eec <_vfiprintf_r+0x1c8>
   173ea:	6669                	lui	a2,0x1a
   173ec:	94060613          	addi	a2,a2,-1728 # 19940 <zeroes.0>
   173f0:	4f41                	li	t5,16
   173f2:	e832                	sd	a2,16(sp)
   173f4:	4f9d                	li	t6,7
   173f6:	01af4663          	blt	t5,s10,17402 <_vfiprintf_r+0x6de>
   173fa:	a081                	j	1743a <_vfiprintf_r+0x716>
   173fc:	3d41                	addiw	s10,s10,-16
   173fe:	03af5e63          	bge	t5,s10,1743a <_vfiprintf_r+0x716>
   17402:	6642                	ld	a2,16(sp)
   17404:	06c1                	addi	a3,a3,16
   17406:	2705                	addiw	a4,a4,1
   17408:	e390                	sd	a2,0(a5)
   1740a:	01e7b423          	sd	t5,8(a5)
   1740e:	f8b6                	sd	a3,112(sp)
   17410:	d4ba                	sw	a4,104(sp)
   17412:	07c1                	addi	a5,a5,16
   17414:	feefd4e3          	bge	t6,a4,173fc <_vfiprintf_r+0x6d8>
   17418:	6502                	ld	a0,0(sp)
   1741a:	1090                	addi	a2,sp,96
   1741c:	85ca                	mv	a1,s2
   1741e:	f042                	sd	a6,32(sp)
   17420:	806fc0ef          	jal	13426 <__sprint_r>
   17424:	b60513e3          	bnez	a0,16f8a <_vfiprintf_r+0x266>
   17428:	4f41                	li	t5,16
   1742a:	3d41                	addiw	s10,s10,-16
   1742c:	76c6                	ld	a3,112(sp)
   1742e:	5726                	lw	a4,104(sp)
   17430:	7802                	ld	a6,32(sp)
   17432:	87d6                	mv	a5,s5
   17434:	4f9d                	li	t6,7
   17436:	fdaf46e3          	blt	t5,s10,17402 <_vfiprintf_r+0x6de>
   1743a:	6642                	ld	a2,16(sp)
   1743c:	96ea                	add	a3,a3,s10
   1743e:	2705                	addiw	a4,a4,1
   17440:	e390                	sd	a2,0(a5)
   17442:	01a7b423          	sd	s10,8(a5)
   17446:	f8b6                	sd	a3,112(sp)
   17448:	d4ba                	sw	a4,104(sp)
   1744a:	461d                	li	a2,7
   1744c:	07c1                	addi	a5,a5,16
   1744e:	a8e65fe3          	bge	a2,a4,16eec <_vfiprintf_r+0x1c8>
   17452:	6502                	ld	a0,0(sp)
   17454:	1090                	addi	a2,sp,96
   17456:	85ca                	mv	a1,s2
   17458:	e842                	sd	a6,16(sp)
   1745a:	fcdfb0ef          	jal	13426 <__sprint_r>
   1745e:	b20516e3          	bnez	a0,16f8a <_vfiprintf_r+0x266>
   17462:	6842                	ld	a6,16(sp)
   17464:	76c6                	ld	a3,112(sp)
   17466:	5726                	lw	a4,104(sp)
   17468:	41780d3b          	subw	s10,a6,s7
   1746c:	87d6                	mv	a5,s5
   1746e:	a9a053e3          	blez	s10,16ef4 <_vfiprintf_r+0x1d0>
   17472:	43a45963          	bge	s0,s10,178a4 <_vfiprintf_r+0xb80>
   17476:	e85a                	sd	s6,16(sp)
   17478:	4e9d                	li	t4,7
   1747a:	a021                	j	17482 <_vfiprintf_r+0x75e>
   1747c:	3d41                	addiw	s10,s10,-16
   1747e:	03a45a63          	bge	s0,s10,174b2 <_vfiprintf_r+0x78e>
   17482:	06c1                	addi	a3,a3,16
   17484:	2705                	addiw	a4,a4,1
   17486:	0167b023          	sd	s6,0(a5)
   1748a:	e780                	sd	s0,8(a5)
   1748c:	f8b6                	sd	a3,112(sp)
   1748e:	d4ba                	sw	a4,104(sp)
   17490:	07c1                	addi	a5,a5,16
   17492:	feeed5e3          	bge	t4,a4,1747c <_vfiprintf_r+0x758>
   17496:	6502                	ld	a0,0(sp)
   17498:	1090                	addi	a2,sp,96
   1749a:	85ca                	mv	a1,s2
   1749c:	f8bfb0ef          	jal	13426 <__sprint_r>
   174a0:	ae0515e3          	bnez	a0,16f8a <_vfiprintf_r+0x266>
   174a4:	3d41                	addiw	s10,s10,-16
   174a6:	76c6                	ld	a3,112(sp)
   174a8:	5726                	lw	a4,104(sp)
   174aa:	87d6                	mv	a5,s5
   174ac:	4e9d                	li	t4,7
   174ae:	fda44ae3          	blt	s0,s10,17482 <_vfiprintf_r+0x75e>
   174b2:	6642                	ld	a2,16(sp)
   174b4:	96ea                	add	a3,a3,s10
   174b6:	2705                	addiw	a4,a4,1
   174b8:	e390                	sd	a2,0(a5)
   174ba:	01a7b423          	sd	s10,8(a5)
   174be:	f8b6                	sd	a3,112(sp)
   174c0:	d4ba                	sw	a4,104(sp)
   174c2:	461d                	li	a2,7
   174c4:	07c1                	addi	a5,a5,16
   174c6:	a2e657e3          	bge	a2,a4,16ef4 <_vfiprintf_r+0x1d0>
   174ca:	6502                	ld	a0,0(sp)
   174cc:	1090                	addi	a2,sp,96
   174ce:	85ca                	mv	a1,s2
   174d0:	f57fb0ef          	jal	13426 <__sprint_r>
   174d4:	aa051be3          	bnez	a0,16f8a <_vfiprintf_r+0x266>
   174d8:	76c6                	ld	a3,112(sp)
   174da:	5726                	lw	a4,104(sp)
   174dc:	87d6                	mv	a5,s5
   174de:	bc19                	j	16ef4 <_vfiprintf_r+0x1d0>
   174e0:	6502                	ld	a0,0(sp)
   174e2:	1090                	addi	a2,sp,96
   174e4:	85ca                	mv	a1,s2
   174e6:	f41fb0ef          	jal	13426 <__sprint_r>
   174ea:	aa0510e3          	bnez	a0,16f8a <_vfiprintf_r+0x266>
   174ee:	76c6                	ld	a3,112(sp)
   174f0:	87d6                	mv	a5,s5
   174f2:	bc29                	j	16f0c <_vfiprintf_r+0x1e8>
   174f4:	6502                	ld	a0,0(sp)
   174f6:	1090                	addi	a2,sp,96
   174f8:	85ca                	mv	a1,s2
   174fa:	f2dfb0ef          	jal	13426 <__sprint_r>
   174fe:	a20508e3          	beqz	a0,16f2e <_vfiprintf_r+0x20a>
   17502:	b461                	j	16f8a <_vfiprintf_r+0x266>
   17504:	6502                	ld	a0,0(sp)
   17506:	1090                	addi	a2,sp,96
   17508:	85ca                	mv	a1,s2
   1750a:	f042                	sd	a6,32(sp)
   1750c:	e87a                	sd	t5,16(sp)
   1750e:	f19fb0ef          	jal	13426 <__sprint_r>
   17512:	a6051ce3          	bnez	a0,16f8a <_vfiprintf_r+0x266>
   17516:	76c6                	ld	a3,112(sp)
   17518:	5726                	lw	a4,104(sp)
   1751a:	7802                	ld	a6,32(sp)
   1751c:	6f42                	ld	t5,16(sp)
   1751e:	87d6                	mv	a5,s5
   17520:	b2d1                	j	16ee4 <_vfiprintf_r+0x1c0>
   17522:	6502                	ld	a0,0(sp)
   17524:	1090                	addi	a2,sp,96
   17526:	85ca                	mv	a1,s2
   17528:	f042                	sd	a6,32(sp)
   1752a:	e87a                	sd	t5,16(sp)
   1752c:	efbfb0ef          	jal	13426 <__sprint_r>
   17530:	a4051de3          	bnez	a0,16f8a <_vfiprintf_r+0x266>
   17534:	76c6                	ld	a3,112(sp)
   17536:	5726                	lw	a4,104(sp)
   17538:	7802                	ld	a6,32(sp)
   1753a:	6f42                	ld	t5,16(sp)
   1753c:	87d6                	mv	a5,s5
   1753e:	b269                	j	16ec8 <_vfiprintf_r+0x1a4>
   17540:	6f69                	lui	t5,0x1a
   17542:	4d41                	li	s10,16
   17544:	5726                	lw	a4,104(sp)
   17546:	950f0f13          	addi	t5,t5,-1712 # 19950 <blanks.1>
   1754a:	4a1d                	li	s4,7
   1754c:	017d4663          	blt	s10,s7,17558 <_vfiprintf_r+0x834>
   17550:	a835                	j	1758c <_vfiprintf_r+0x868>
   17552:	3bc1                	addiw	s7,s7,-16
   17554:	037d5c63          	bge	s10,s7,1758c <_vfiprintf_r+0x868>
   17558:	06c1                	addi	a3,a3,16
   1755a:	2705                	addiw	a4,a4,1
   1755c:	01e7b023          	sd	t5,0(a5)
   17560:	01a7b423          	sd	s10,8(a5)
   17564:	f8b6                	sd	a3,112(sp)
   17566:	d4ba                	sw	a4,104(sp)
   17568:	07c1                	addi	a5,a5,16
   1756a:	feea54e3          	bge	s4,a4,17552 <_vfiprintf_r+0x82e>
   1756e:	6502                	ld	a0,0(sp)
   17570:	1090                	addi	a2,sp,96
   17572:	85ca                	mv	a1,s2
   17574:	e87a                	sd	t5,16(sp)
   17576:	eb1fb0ef          	jal	13426 <__sprint_r>
   1757a:	a00518e3          	bnez	a0,16f8a <_vfiprintf_r+0x266>
   1757e:	3bc1                	addiw	s7,s7,-16
   17580:	76c6                	ld	a3,112(sp)
   17582:	5726                	lw	a4,104(sp)
   17584:	6f42                	ld	t5,16(sp)
   17586:	87d6                	mv	a5,s5
   17588:	fd7d48e3          	blt	s10,s7,17558 <_vfiprintf_r+0x834>
   1758c:	96de                	add	a3,a3,s7
   1758e:	2705                	addiw	a4,a4,1
   17590:	01e7b023          	sd	t5,0(a5)
   17594:	0177b423          	sd	s7,8(a5)
   17598:	f8b6                	sd	a3,112(sp)
   1759a:	d4ba                	sw	a4,104(sp)
   1759c:	479d                	li	a5,7
   1759e:	96e7dfe3          	bge	a5,a4,16f1c <_vfiprintf_r+0x1f8>
   175a2:	6502                	ld	a0,0(sp)
   175a4:	1090                	addi	a2,sp,96
   175a6:	85ca                	mv	a1,s2
   175a8:	e7ffb0ef          	jal	13426 <__sprint_r>
   175ac:	9c051fe3          	bnez	a0,16f8a <_vfiprintf_r+0x266>
   175b0:	76c6                	ld	a3,112(sp)
   175b2:	b2ad                	j	16f1c <_vfiprintf_r+0x1f8>
   175b4:	0dc10b93          	addi	s7,sp,220
   175b8:	8cde                	mv	s9,s7
   175ba:	0076f713          	andi	a4,a3,7
   175be:	8666                	mv	a2,s9
   175c0:	03070713          	addi	a4,a4,48
   175c4:	828d                	srli	a3,a3,0x3
   175c6:	feec8fa3          	sb	a4,-1(s9)
   175ca:	1cfd                	addi	s9,s9,-1
   175cc:	f6fd                	bnez	a3,175ba <_vfiprintf_r+0x896>
   175ce:	fd070713          	addi	a4,a4,-48
   175d2:	03000693          	li	a3,48
   175d6:	c701                	beqz	a4,175de <_vfiprintf_r+0x8ba>
   175d8:	001a7713          	andi	a4,s4,1
   175dc:	ef55                	bnez	a4,17698 <_vfiprintf_r+0x974>
   175de:	419b8bbb          	subw	s7,s7,s9
   175e2:	0008099b          	sext.w	s3,a6
   175e6:	8b7853e3          	bge	a6,s7,16e8c <_vfiprintf_r+0x168>
   175ea:	000b899b          	sext.w	s3,s7
   175ee:	b879                	j	16e8c <_vfiprintf_r+0x168>
   175f0:	f402                	sd	zero,40(sp)
   175f2:	6f69                	lui	t5,0x1a
   175f4:	4fc1                	li	t6,16
   175f6:	86ae                	mv	a3,a1
   175f8:	8732                	mv	a4,a2
   175fa:	950f0f13          	addi	t5,t5,-1712 # 19950 <blanks.1>
   175fe:	429d                	li	t0,7
   17600:	01afc663          	blt	t6,s10,1760c <_vfiprintf_r+0x8e8>
   17604:	a091                	j	17648 <_vfiprintf_r+0x924>
   17606:	3d41                	addiw	s10,s10,-16
   17608:	05afd063          	bge	t6,s10,17648 <_vfiprintf_r+0x924>
   1760c:	06c1                	addi	a3,a3,16
   1760e:	2705                	addiw	a4,a4,1
   17610:	01e7b023          	sd	t5,0(a5)
   17614:	01f7b423          	sd	t6,8(a5)
   17618:	f8b6                	sd	a3,112(sp)
   1761a:	d4ba                	sw	a4,104(sp)
   1761c:	07c1                	addi	a5,a5,16
   1761e:	fee2d4e3          	bge	t0,a4,17606 <_vfiprintf_r+0x8e2>
   17622:	6502                	ld	a0,0(sp)
   17624:	1090                	addi	a2,sp,96
   17626:	85ca                	mv	a1,s2
   17628:	f07a                	sd	t5,32(sp)
   1762a:	e842                	sd	a6,16(sp)
   1762c:	dfbfb0ef          	jal	13426 <__sprint_r>
   17630:	94051de3          	bnez	a0,16f8a <_vfiprintf_r+0x266>
   17634:	4fc1                	li	t6,16
   17636:	3d41                	addiw	s10,s10,-16
   17638:	76c6                	ld	a3,112(sp)
   1763a:	5726                	lw	a4,104(sp)
   1763c:	7f02                	ld	t5,32(sp)
   1763e:	6842                	ld	a6,16(sp)
   17640:	87d6                	mv	a5,s5
   17642:	429d                	li	t0,7
   17644:	fdafc4e3          	blt	t6,s10,1760c <_vfiprintf_r+0x8e8>
   17648:	96ea                	add	a3,a3,s10
   1764a:	2705                	addiw	a4,a4,1
   1764c:	f8b6                	sd	a3,112(sp)
   1764e:	d4ba                	sw	a4,104(sp)
   17650:	01e7b023          	sd	t5,0(a5)
   17654:	01a7b423          	sd	s10,8(a5)
   17658:	461d                	li	a2,7
   1765a:	18e64663          	blt	a2,a4,177e6 <_vfiprintf_r+0xac2>
   1765e:	05714603          	lbu	a2,87(sp)
   17662:	07c1                	addi	a5,a5,16
   17664:	e61d                	bnez	a2,17692 <_vfiprintf_r+0x96e>
   17666:	7622                	ld	a2,40(sp)
   17668:	880602e3          	beqz	a2,16eec <_vfiprintf_r+0x1c8>
   1766c:	4f01                	li	t5,0
   1766e:	b8b9                	j	16ecc <_vfiprintf_r+0x1a8>
   17670:	000dc703          	lbu	a4,0(s11)
   17674:	0c21                	addi	s8,s8,8
   17676:	fb4ff06f          	j	16e2a <_vfiprintf_r+0x106>
   1767a:	4b81                	li	s7,0
   1767c:	4801                	li	a6,0
   1767e:	0dc10c93          	addi	s9,sp,220
   17682:	80bff06f          	j	16e8c <_vfiprintf_r+0x168>
   17686:	0017099b          	addiw	s3,a4,1
   1768a:	4b85                	li	s7,1
   1768c:	0db10c93          	addi	s9,sp,219
   17690:	ba9d                	j	17006 <_vfiprintf_r+0x2e2>
   17692:	4f01                	li	t5,0
   17694:	81bff06f          	j	16eae <_vfiprintf_r+0x18a>
   17698:	1679                	addi	a2,a2,-2
   1769a:	40cb8bbb          	subw	s7,s7,a2
   1769e:	fedc8fa3          	sb	a3,-1(s9)
   176a2:	0008099b          	sext.w	s3,a6
   176a6:	01785463          	bge	a6,s7,176ae <_vfiprintf_r+0x98a>
   176aa:	000b899b          	sext.w	s3,s7
   176ae:	8cb2                	mv	s9,a2
   176b0:	fdcff06f          	j	16e8c <_vfiprintf_r+0x168>
   176b4:	008c0713          	addi	a4,s8,8
   176b8:	000c3683          	ld	a3,0(s8)
   176bc:	8a1a                	mv	s4,t1
   176be:	8c3a                	mv	s8,a4
   176c0:	8d36                	mv	s10,a3
   176c2:	ba39                	j	16fe0 <_vfiprintf_r+0x2bc>
   176c4:	89d2                	mv	s3,s4
   176c6:	b6b9                	j	17214 <_vfiprintf_r+0x4f0>
   176c8:	6665                	lui	a2,0x19
   176ca:	002a6a13          	ori	s4,s4,2
   176ce:	8c3a                	mv	s8,a4
   176d0:	25060613          	addi	a2,a2,592 # 19250 <__clzdi2+0x64>
   176d4:	4589                	li	a1,2
   176d6:	0dc10b93          	addi	s7,sp,220
   176da:	8cde                	mv	s9,s7
   176dc:	00f6f713          	andi	a4,a3,15
   176e0:	9732                	add	a4,a4,a2
   176e2:	00074703          	lbu	a4,0(a4)
   176e6:	8291                	srli	a3,a3,0x4
   176e8:	1cfd                	addi	s9,s9,-1
   176ea:	00ec8023          	sb	a4,0(s9)
   176ee:	f6fd                	bnez	a3,176dc <_vfiprintf_r+0x9b8>
   176f0:	419b8bbb          	subw	s7,s7,s9
   176f4:	0008099b          	sext.w	s3,a6
   176f8:	01785463          	bge	a6,s7,17700 <_vfiprintf_r+0x9dc>
   176fc:	000b899b          	sext.w	s3,s7
   17700:	a80590e3          	bnez	a1,17180 <_vfiprintf_r+0x45c>
   17704:	a8a9                	j	1775e <_vfiprintf_r+0xa3a>
   17706:	587d                	li	a6,-1
   17708:	8daa                	mv	s11,a0
   1770a:	f24ff06f          	j	16e2e <_vfiprintf_r+0x10a>
   1770e:	6665                	lui	a2,0x19
   17710:	020a7693          	andi	a3,s4,32
   17714:	26860613          	addi	a2,a2,616 # 19268 <__clzdi2+0x7c>
   17718:	008c0e13          	addi	t3,s8,8
   1771c:	eaa5                	bnez	a3,1778c <_vfiprintf_r+0xa68>
   1771e:	010a7693          	andi	a3,s4,16
   17722:	e6ad                	bnez	a3,1778c <_vfiprintf_r+0xa68>
   17724:	040a7593          	andi	a1,s4,64
   17728:	000c2683          	lw	a3,0(s8)
   1772c:	16058663          	beqz	a1,17898 <_vfiprintf_r+0xb74>
   17730:	16c2                	slli	a3,a3,0x30
   17732:	92c1                	srli	a3,a3,0x30
   17734:	001a7593          	andi	a1,s4,1
   17738:	00d03533          	snez	a0,a3
   1773c:	c191                	beqz	a1,17740 <_vfiprintf_r+0xa1c>
   1773e:	e961                	bnez	a0,1780e <_vfiprintf_r+0xaea>
   17740:	04010ba3          	sb	zero,87(sp)
   17744:	08084c63          	bltz	a6,177dc <_vfiprintf_r+0xab8>
   17748:	b7fa7a13          	andi	s4,s4,-1153
   1774c:	8c72                	mv	s8,t3
   1774e:	26081163          	bnez	a6,179b0 <_vfiprintf_r+0xc8c>
   17752:	24051f63          	bnez	a0,179b0 <_vfiprintf_r+0xc8c>
   17756:	4b81                	li	s7,0
   17758:	0dc10c93          	addi	s9,sp,220
   1775c:	4981                	li	s3,0
   1775e:	76c6                	ld	a3,112(sp)
   17760:	5726                	lw	a4,104(sp)
   17762:	084a7f13          	andi	t5,s4,132
   17766:	85b6                	mv	a1,a3
   17768:	863a                	mv	a2,a4
   1776a:	f20f0963          	beqz	t5,16e9c <_vfiprintf_r+0x178>
   1776e:	05714603          	lbu	a2,87(sp)
   17772:	f402                	sd	zero,40(sp)
   17774:	f2061d63          	bnez	a2,16eae <_vfiprintf_r+0x18a>
   17778:	f6cff06f          	j	16ee4 <_vfiprintf_r+0x1c0>
   1777c:	6665                	lui	a2,0x19
   1777e:	020a7693          	andi	a3,s4,32
   17782:	25060613          	addi	a2,a2,592 # 19250 <__clzdi2+0x64>
   17786:	008c0e13          	addi	t3,s8,8
   1778a:	dad1                	beqz	a3,1771e <_vfiprintf_r+0x9fa>
   1778c:	000c3683          	ld	a3,0(s8)
   17790:	b755                	j	17734 <_vfiprintf_r+0xa10>
   17792:	8566                	mv	a0,s9
   17794:	e83e                	sd	a5,16(sp)
   17796:	f3afc0ef          	jal	13ed0 <strlen>
   1779a:	00050b9b          	sext.w	s7,a0
   1779e:	67c2                	ld	a5,16(sp)
   177a0:	875e                	mv	a4,s7
   177a2:	000bd363          	bgez	s7,177a8 <_vfiprintf_r+0xa84>
   177a6:	4701                	li	a4,0
   177a8:	05714683          	lbu	a3,87(sp)
   177ac:	0007099b          	sext.w	s3,a4
   177b0:	c699                	beqz	a3,177be <_vfiprintf_r+0xa9a>
   177b2:	0017099b          	addiw	s3,a4,1
   177b6:	4801                	li	a6,0
   177b8:	b0b9                	j	17006 <_vfiprintf_r+0x2e2>
   177ba:	8bc2                	mv	s7,a6
   177bc:	89c2                	mv	s3,a6
   177be:	4801                	li	a6,0
   177c0:	eccff06f          	j	16e8c <_vfiprintf_r+0x168>
   177c4:	200a7693          	andi	a3,s4,512
   177c8:	04010ba3          	sb	zero,87(sp)
   177cc:	10068f63          	beqz	a3,178ea <_vfiprintf_r+0xbc6>
   177d0:	0ffd7d13          	zext.b	s10,s10
   177d4:	94085ce3          	bgez	a6,1712c <_vfiprintf_r+0x408>
   177d8:	8c3a                	mv	s8,a4
   177da:	b8d1                	j	170ae <_vfiprintf_r+0x38a>
   177dc:	bffa7a13          	andi	s4,s4,-1025
   177e0:	8c72                	mv	s8,t3
   177e2:	4581                	li	a1,0
   177e4:	bdcd                	j	176d6 <_vfiprintf_r+0x9b2>
   177e6:	6502                	ld	a0,0(sp)
   177e8:	1090                	addi	a2,sp,96
   177ea:	85ca                	mv	a1,s2
   177ec:	e842                	sd	a6,16(sp)
   177ee:	c39fb0ef          	jal	13426 <__sprint_r>
   177f2:	8f2a                	mv	t5,a0
   177f4:	f8051b63          	bnez	a0,16f8a <_vfiprintf_r+0x266>
   177f8:	05714783          	lbu	a5,87(sp)
   177fc:	76c6                	ld	a3,112(sp)
   177fe:	5726                	lw	a4,104(sp)
   17800:	6842                	ld	a6,16(sp)
   17802:	e7ad                	bnez	a5,1786c <_vfiprintf_r+0xb48>
   17804:	77a2                	ld	a5,40(sp)
   17806:	cfd5                	beqz	a5,178c2 <_vfiprintf_r+0xb9e>
   17808:	87d6                	mv	a5,s5
   1780a:	ec2ff06f          	j	16ecc <_vfiprintf_r+0x1a8>
   1780e:	04e10ca3          	sb	a4,89(sp)
   17812:	03000713          	li	a4,48
   17816:	04010ba3          	sb	zero,87(sp)
   1781a:	04e10c23          	sb	a4,88(sp)
   1781e:	08084863          	bltz	a6,178ae <_vfiprintf_r+0xb8a>
   17822:	b7fa7313          	andi	t1,s4,-1153
   17826:	00236a13          	ori	s4,t1,2
   1782a:	8c72                	mv	s8,t3
   1782c:	4589                	li	a1,2
   1782e:	b565                	j	176d6 <_vfiprintf_r+0x9b2>
   17830:	ca9f80ef          	jal	104d8 <__sinit>
   17834:	d0aff06f          	j	16d3e <_vfiprintf_r+0x1a>
   17838:	001dc703          	lbu	a4,1(s11)
   1783c:	020a6a13          	ori	s4,s4,32
   17840:	0d85                	addi	s11,s11,1
   17842:	de8ff06f          	j	16e2a <_vfiprintf_r+0x106>
   17846:	001dc703          	lbu	a4,1(s11)
   1784a:	200a6a13          	ori	s4,s4,512
   1784e:	0d85                	addi	s11,s11,1
   17850:	ddaff06f          	j	16e2a <_vfiprintf_r+0x106>
   17854:	4719                	li	a4,6
   17856:	0008099b          	sext.w	s3,a6
   1785a:	07076163          	bltu	a4,a6,178bc <_vfiprintf_r+0xb98>
   1785e:	6e65                	lui	t3,0x19
   17860:	8bce                	mv	s7,s3
   17862:	280e0c93          	addi	s9,t3,640 # 19280 <__clzdi2+0x94>
   17866:	4801                	li	a6,0
   17868:	e24ff06f          	j	16e8c <_vfiprintf_r+0x168>
   1786c:	87d6                	mv	a5,s5
   1786e:	e40ff06f          	j	16eae <_vfiprintf_r+0x18a>
   17872:	200a7693          	andi	a3,s4,512
   17876:	c6b5                	beqz	a3,178e2 <_vfiprintf_r+0xbbe>
   17878:	018d1d1b          	slliw	s10,s10,0x18
   1787c:	418d5d1b          	sraiw	s10,s10,0x18
   17880:	8c3a                	mv	s8,a4
   17882:	86ea                	mv	a3,s10
   17884:	f5cff06f          	j	16fe0 <_vfiprintf_r+0x2bc>
   17888:	200a7613          	andi	a2,s4,512
   1788c:	c631                	beqz	a2,178d8 <_vfiprintf_r+0xbb4>
   1788e:	0ff6f693          	zext.b	a3,a3
   17892:	8c3a                	mv	s8,a4
   17894:	89d2                	mv	s3,s4
   17896:	b251                	j	1721a <_vfiprintf_r+0x4f6>
   17898:	200a7593          	andi	a1,s4,512
   1789c:	c99d                	beqz	a1,178d2 <_vfiprintf_r+0xbae>
   1789e:	0ff6f693          	zext.b	a3,a3
   178a2:	bd49                	j	17734 <_vfiprintf_r+0xa10>
   178a4:	6669                	lui	a2,0x1a
   178a6:	94060613          	addi	a2,a2,-1728 # 19940 <zeroes.0>
   178aa:	e832                	sd	a2,16(sp)
   178ac:	b119                	j	174b2 <_vfiprintf_r+0x78e>
   178ae:	bffa7313          	andi	t1,s4,-1025
   178b2:	00236a13          	ori	s4,t1,2
   178b6:	8c72                	mv	s8,t3
   178b8:	4589                	li	a1,2
   178ba:	bd31                	j	176d6 <_vfiprintf_r+0x9b2>
   178bc:	0007099b          	sext.w	s3,a4
   178c0:	bf79                	j	1785e <_vfiprintf_r+0xb3a>
   178c2:	87d6                	mv	a5,s5
   178c4:	e28ff06f          	j	16eec <_vfiprintf_r+0x1c8>
   178c8:	6722                	ld	a4,8(sp)
   178ca:	00e69023          	sh	a4,0(a3)
   178ce:	cecff06f          	j	16dba <_vfiprintf_r+0x96>
   178d2:	1682                	slli	a3,a3,0x20
   178d4:	9281                	srli	a3,a3,0x20
   178d6:	bdb9                	j	17734 <_vfiprintf_r+0xa10>
   178d8:	1682                	slli	a3,a3,0x20
   178da:	9281                	srli	a3,a3,0x20
   178dc:	8c3a                	mv	s8,a4
   178de:	89d2                	mv	s3,s4
   178e0:	ba2d                	j	1721a <_vfiprintf_r+0x4f6>
   178e2:	8c3a                	mv	s8,a4
   178e4:	86ea                	mv	a3,s10
   178e6:	efaff06f          	j	16fe0 <_vfiprintf_r+0x2bc>
   178ea:	1d02                	slli	s10,s10,0x20
   178ec:	020d5d13          	srli	s10,s10,0x20
   178f0:	82085ee3          	bgez	a6,1712c <_vfiprintf_r+0x408>
   178f4:	8c3a                	mv	s8,a4
   178f6:	fb8ff06f          	j	170ae <_vfiprintf_r+0x38a>
   178fa:	6502                	ld	a0,0(sp)
   178fc:	1090                	addi	a2,sp,96
   178fe:	85ca                	mv	a1,s2
   17900:	b27fb0ef          	jal	13426 <__sprint_r>
   17904:	e86ff06f          	j	16f8a <_vfiprintf_r+0x266>
   17908:	6606                	ld	a2,64(sp)
   1790a:	75e2                	ld	a1,56(sp)
   1790c:	e4f6                	sd	t4,72(sp)
   1790e:	40cc8733          	sub	a4,s9,a2
   17912:	853a                	mv	a0,a4
   17914:	f442                	sd	a6,40(sp)
   17916:	f03e                	sd	a5,32(sp)
   17918:	e83a                	sd	a4,16(sp)
   1791a:	ae4fc0ef          	jal	13bfe <strncpy>
   1791e:	ccccd5b7          	lui	a1,0xccccd
   17922:	ccd58593          	addi	a1,a1,-819 # ffffffffcccccccd <__BSS_END__+0xffffffffcccaf085>
   17926:	02059613          	slli	a2,a1,0x20
   1792a:	962e                	add	a2,a2,a1
   1792c:	02cd3d33          	mulhu	s10,s10,a2
   17930:	77c2                	ld	a5,48(sp)
   17932:	6742                	ld	a4,16(sp)
   17934:	7822                	ld	a6,40(sp)
   17936:	0017c583          	lbu	a1,1(a5)
   1793a:	6ea6                	ld	t4,72(sp)
   1793c:	fff70c93          	addi	s9,a4,-1
   17940:	00b035b3          	snez	a1,a1
   17944:	97ae                	add	a5,a5,a1
   17946:	f83e                	sd	a5,48(sp)
   17948:	003d5d13          	srli	s10,s10,0x3
   1794c:	02cd3633          	mulhu	a2,s10,a2
   17950:	7782                	ld	a5,32(sp)
   17952:	4585                	li	a1,1
   17954:	46a5                	li	a3,9
   17956:	00365513          	srli	a0,a2,0x3
   1795a:	00251613          	slli	a2,a0,0x2
   1795e:	962a                	add	a2,a2,a0
   17960:	0606                	slli	a2,a2,0x1
   17962:	40cd0633          	sub	a2,s10,a2
   17966:	0306061b          	addiw	a2,a2,48
   1796a:	fec70fa3          	sb	a2,-1(a4)
   1796e:	b241                	j	172ee <_vfiprintf_r+0x5ca>
   17970:	e40705e3          	beqz	a4,177ba <_vfiprintf_r+0xa96>
   17974:	0018099b          	addiw	s3,a6,1
   17978:	8bc2                	mv	s7,a6
   1797a:	4801                	li	a6,0
   1797c:	e8aff06f          	j	17006 <_vfiprintf_r+0x2e2>
   17980:	57fd                	li	a5,-1
   17982:	e43e                	sd	a5,8(sp)
   17984:	e24ff06f          	j	16fa8 <_vfiprintf_r+0x284>
   17988:	8daa                	mv	s11,a0
   1798a:	4801                	li	a6,0
   1798c:	ca2ff06f          	j	16e2e <_vfiprintf_r+0x10a>
   17990:	c298                	sw	a4,0(a3)
   17992:	c28ff06f          	j	16dba <_vfiprintf_r+0x96>
   17996:	000c2703          	lw	a4,0(s8)
   1799a:	0c21                	addi	s8,s8,8
   1799c:	0007081b          	sext.w	a6,a4
   179a0:	00075363          	bgez	a4,179a6 <_vfiprintf_r+0xc82>
   179a4:	587d                	li	a6,-1
   179a6:	001dc703          	lbu	a4,1(s11)
   179aa:	8daa                	mv	s11,a0
   179ac:	c7eff06f          	j	16e2a <_vfiprintf_r+0x106>
   179b0:	4581                	li	a1,0
   179b2:	b315                	j	176d6 <_vfiprintf_r+0x9b2>
   179b4:	6665                	lui	a2,0x19
   179b6:	8c3a                	mv	s8,a4
   179b8:	25060613          	addi	a2,a2,592 # 19250 <__clzdi2+0x64>
   179bc:	4589                	li	a1,2
   179be:	bb21                	j	176d6 <_vfiprintf_r+0x9b2>
   179c0:	8352                	mv	t1,s4
   179c2:	b9dd                	j	176b8 <_vfiprintf_r+0x994>
   179c4:	8352                	mv	t1,s4
   179c6:	b849                	j	17258 <_vfiprintf_r+0x534>

00000000000179c8 <vfiprintf>:
   179c8:	872a                	mv	a4,a0
   179ca:	8781b503          	ld	a0,-1928(gp) # 1b640 <_impure_ptr>
   179ce:	86b2                	mv	a3,a2
   179d0:	862e                	mv	a2,a1
   179d2:	85ba                	mv	a1,a4
   179d4:	b50ff06f          	j	16d24 <_vfiprintf_r>

00000000000179d8 <__sbprintf>:
   179d8:	0105d783          	lhu	a5,16(a1)
   179dc:	0ac5ae83          	lw	t4,172(a1)
   179e0:	0125de03          	lhu	t3,18(a1)
   179e4:	0305b303          	ld	t1,48(a1)
   179e8:	0405b883          	ld	a7,64(a1)
   179ec:	b2010113          	addi	sp,sp,-1248
   179f0:	9bf5                	andi	a5,a5,-3
   179f2:	0c010813          	addi	a6,sp,192
   179f6:	40000713          	li	a4,1024
   179fa:	4c813823          	sd	s0,1232(sp)
   179fe:	842e                	mv	s0,a1
   17a00:	080c                	addi	a1,sp,16
   17a02:	4c913423          	sd	s1,1224(sp)
   17a06:	02f11023          	sh	a5,32(sp)
   17a0a:	4c113c23          	sd	ra,1240(sp)
   17a0e:	dc02                	sw	zero,56(sp)
   17a10:	df76                	sw	t4,188(sp)
   17a12:	03c11123          	sh	t3,34(sp)
   17a16:	e09a                	sd	t1,64(sp)
   17a18:	e8c6                	sd	a7,80(sp)
   17a1a:	e842                	sd	a6,16(sp)
   17a1c:	f442                	sd	a6,40(sp)
   17a1e:	ce3a                	sw	a4,28(sp)
   17a20:	d83a                	sw	a4,48(sp)
   17a22:	84aa                	mv	s1,a0
   17a24:	b00ff0ef          	jal	16d24 <_vfiprintf_r>
   17a28:	87aa                	mv	a5,a0
   17a2a:	02055763          	bgez	a0,17a58 <__sbprintf+0x80>
   17a2e:	02015703          	lhu	a4,32(sp)
   17a32:	04077713          	andi	a4,a4,64
   17a36:	c719                	beqz	a4,17a44 <__sbprintf+0x6c>
   17a38:	01045703          	lhu	a4,16(s0)
   17a3c:	04076713          	ori	a4,a4,64
   17a40:	00e41823          	sh	a4,16(s0)
   17a44:	4d813083          	ld	ra,1240(sp)
   17a48:	4d013403          	ld	s0,1232(sp)
   17a4c:	4c813483          	ld	s1,1224(sp)
   17a50:	853e                	mv	a0,a5
   17a52:	4e010113          	addi	sp,sp,1248
   17a56:	8082                	ret
   17a58:	e42a                	sd	a0,8(sp)
   17a5a:	080c                	addi	a1,sp,16
   17a5c:	8526                	mv	a0,s1
   17a5e:	c39fb0ef          	jal	13696 <_fflush_r>
   17a62:	67a2                	ld	a5,8(sp)
   17a64:	d569                	beqz	a0,17a2e <__sbprintf+0x56>
   17a66:	57fd                	li	a5,-1
   17a68:	b7d9                	j	17a2e <__sbprintf+0x56>

0000000000017a6a <__errno>:
   17a6a:	8781b503          	ld	a0,-1928(gp) # 1b640 <_impure_ptr>
   17a6e:	8082                	ret

0000000000017a70 <abort>:
   17a70:	1141                	addi	sp,sp,-16
   17a72:	4519                	li	a0,6
   17a74:	e406                	sd	ra,8(sp)
   17a76:	184000ef          	jal	17bfa <raise>
   17a7a:	4505                	li	a0,1
   17a7c:	376000ef          	jal	17df2 <_exit>

0000000000017a80 <_init_signal_r>:
   17a80:	17053703          	ld	a4,368(a0)
   17a84:	c319                	beqz	a4,17a8a <_init_signal_r+0xa>
   17a86:	4501                	li	a0,0
   17a88:	8082                	ret
   17a8a:	1101                	addi	sp,sp,-32
   17a8c:	10000593          	li	a1,256
   17a90:	ec06                	sd	ra,24(sp)
   17a92:	e42a                	sd	a0,8(sp)
   17a94:	a9cf90ef          	jal	10d30 <_malloc_r>
   17a98:	67a2                	ld	a5,8(sp)
   17a9a:	16a7b823          	sd	a0,368(a5)
   17a9e:	cd01                	beqz	a0,17ab6 <_init_signal_r+0x36>
   17aa0:	10050793          	addi	a5,a0,256
   17aa4:	00053023          	sd	zero,0(a0)
   17aa8:	0521                	addi	a0,a0,8
   17aaa:	fef51de3          	bne	a0,a5,17aa4 <_init_signal_r+0x24>
   17aae:	4501                	li	a0,0
   17ab0:	60e2                	ld	ra,24(sp)
   17ab2:	6105                	addi	sp,sp,32
   17ab4:	8082                	ret
   17ab6:	557d                	li	a0,-1
   17ab8:	bfe5                	j	17ab0 <_init_signal_r+0x30>

0000000000017aba <_signal_r>:
   17aba:	477d                	li	a4,31
   17abc:	00b76a63          	bltu	a4,a1,17ad0 <_signal_r+0x16>
   17ac0:	17053703          	ld	a4,368(a0)
   17ac4:	cb11                	beqz	a4,17ad8 <_signal_r+0x1e>
   17ac6:	058e                	slli	a1,a1,0x3
   17ac8:	972e                	add	a4,a4,a1
   17aca:	6308                	ld	a0,0(a4)
   17acc:	e310                	sd	a2,0(a4)
   17ace:	8082                	ret
   17ad0:	4759                	li	a4,22
   17ad2:	c118                	sw	a4,0(a0)
   17ad4:	557d                	li	a0,-1
   17ad6:	8082                	ret
   17ad8:	7179                	addi	sp,sp,-48
   17ada:	e42e                	sd	a1,8(sp)
   17adc:	10000593          	li	a1,256
   17ae0:	e832                	sd	a2,16(sp)
   17ae2:	f406                	sd	ra,40(sp)
   17ae4:	ec2a                	sd	a0,24(sp)
   17ae6:	a4af90ef          	jal	10d30 <_malloc_r>
   17aea:	66e2                	ld	a3,24(sp)
   17aec:	872a                	mv	a4,a0
   17aee:	10050593          	addi	a1,a0,256
   17af2:	16a6b823          	sd	a0,368(a3)
   17af6:	67a2                	ld	a5,8(sp)
   17af8:	86aa                	mv	a3,a0
   17afa:	6642                	ld	a2,16(sp)
   17afc:	557d                	li	a0,-1
   17afe:	cb19                	beqz	a4,17b14 <_signal_r+0x5a>
   17b00:	0006b023          	sd	zero,0(a3)
   17b04:	06a1                	addi	a3,a3,8
   17b06:	feb69de3          	bne	a3,a1,17b00 <_signal_r+0x46>
   17b0a:	00379593          	slli	a1,a5,0x3
   17b0e:	972e                	add	a4,a4,a1
   17b10:	6308                	ld	a0,0(a4)
   17b12:	e310                	sd	a2,0(a4)
   17b14:	70a2                	ld	ra,40(sp)
   17b16:	6145                	addi	sp,sp,48
   17b18:	8082                	ret

0000000000017b1a <_raise_r>:
   17b1a:	47fd                	li	a5,31
   17b1c:	04b7ec63          	bltu	a5,a1,17b74 <_raise_r+0x5a>
   17b20:	17053783          	ld	a5,368(a0)
   17b24:	1101                	addi	sp,sp,-32
   17b26:	ec06                	sd	ra,24(sp)
   17b28:	872a                	mv	a4,a0
   17b2a:	862e                	mv	a2,a1
   17b2c:	c785                	beqz	a5,17b54 <_raise_r+0x3a>
   17b2e:	00359693          	slli	a3,a1,0x3
   17b32:	97b6                	add	a5,a5,a3
   17b34:	6394                	ld	a3,0(a5)
   17b36:	ce99                	beqz	a3,17b54 <_raise_r+0x3a>
   17b38:	4505                	li	a0,1
   17b3a:	00a68963          	beq	a3,a0,17b4c <_raise_r+0x32>
   17b3e:	55fd                	li	a1,-1
   17b40:	02b68563          	beq	a3,a1,17b6a <_raise_r+0x50>
   17b44:	0007b023          	sd	zero,0(a5)
   17b48:	8532                	mv	a0,a2
   17b4a:	9682                	jalr	a3
   17b4c:	60e2                	ld	ra,24(sp)
   17b4e:	4501                	li	a0,0
   17b50:	6105                	addi	sp,sp,32
   17b52:	8082                	ret
   17b54:	853a                	mv	a0,a4
   17b56:	e432                	sd	a2,8(sp)
   17b58:	e03a                	sd	a4,0(sp)
   17b5a:	26c000ef          	jal	17dc6 <_getpid_r>
   17b5e:	6622                	ld	a2,8(sp)
   17b60:	60e2                	ld	ra,24(sp)
   17b62:	85aa                	mv	a1,a0
   17b64:	6502                	ld	a0,0(sp)
   17b66:	6105                	addi	sp,sp,32
   17b68:	a415                	j	17d8c <_kill_r>
   17b6a:	60e2                	ld	ra,24(sp)
   17b6c:	47d9                	li	a5,22
   17b6e:	c31c                	sw	a5,0(a4)
   17b70:	6105                	addi	sp,sp,32
   17b72:	8082                	ret
   17b74:	47d9                	li	a5,22
   17b76:	c11c                	sw	a5,0(a0)
   17b78:	557d                	li	a0,-1
   17b7a:	8082                	ret

0000000000017b7c <__sigtramp_r>:
   17b7c:	47fd                	li	a5,31
   17b7e:	06b7ec63          	bltu	a5,a1,17bf6 <__sigtramp_r+0x7a>
   17b82:	17053783          	ld	a5,368(a0)
   17b86:	1101                	addi	sp,sp,-32
   17b88:	ec06                	sd	ra,24(sp)
   17b8a:	872e                	mv	a4,a1
   17b8c:	cf95                	beqz	a5,17bc8 <__sigtramp_r+0x4c>
   17b8e:	00371693          	slli	a3,a4,0x3
   17b92:	97b6                	add	a5,a5,a3
   17b94:	6394                	ld	a3,0(a5)
   17b96:	ce99                	beqz	a3,17bb4 <__sigtramp_r+0x38>
   17b98:	567d                	li	a2,-1
   17b9a:	02c68563          	beq	a3,a2,17bc4 <__sigtramp_r+0x48>
   17b9e:	4605                	li	a2,1
   17ba0:	00c68e63          	beq	a3,a2,17bbc <__sigtramp_r+0x40>
   17ba4:	853a                	mv	a0,a4
   17ba6:	0007b023          	sd	zero,0(a5)
   17baa:	9682                	jalr	a3
   17bac:	4501                	li	a0,0
   17bae:	60e2                	ld	ra,24(sp)
   17bb0:	6105                	addi	sp,sp,32
   17bb2:	8082                	ret
   17bb4:	60e2                	ld	ra,24(sp)
   17bb6:	4505                	li	a0,1
   17bb8:	6105                	addi	sp,sp,32
   17bba:	8082                	ret
   17bbc:	60e2                	ld	ra,24(sp)
   17bbe:	450d                	li	a0,3
   17bc0:	6105                	addi	sp,sp,32
   17bc2:	8082                	ret
   17bc4:	4509                	li	a0,2
   17bc6:	b7e5                	j	17bae <__sigtramp_r+0x32>
   17bc8:	e42e                	sd	a1,8(sp)
   17bca:	10000593          	li	a1,256
   17bce:	e02a                	sd	a0,0(sp)
   17bd0:	960f90ef          	jal	10d30 <_malloc_r>
   17bd4:	6682                	ld	a3,0(sp)
   17bd6:	87aa                	mv	a5,a0
   17bd8:	16a6b823          	sd	a0,368(a3)
   17bdc:	c919                	beqz	a0,17bf2 <__sigtramp_r+0x76>
   17bde:	6722                	ld	a4,8(sp)
   17be0:	86aa                	mv	a3,a0
   17be2:	10050613          	addi	a2,a0,256
   17be6:	0006b023          	sd	zero,0(a3)
   17bea:	06a1                	addi	a3,a3,8
   17bec:	fec69de3          	bne	a3,a2,17be6 <__sigtramp_r+0x6a>
   17bf0:	bf79                	j	17b8e <__sigtramp_r+0x12>
   17bf2:	557d                	li	a0,-1
   17bf4:	bf6d                	j	17bae <__sigtramp_r+0x32>
   17bf6:	557d                	li	a0,-1
   17bf8:	8082                	ret

0000000000017bfa <raise>:
   17bfa:	47fd                	li	a5,31
   17bfc:	8781b803          	ld	a6,-1928(gp) # 1b640 <_impure_ptr>
   17c00:	04a7ec63          	bltu	a5,a0,17c58 <raise+0x5e>
   17c04:	17083783          	ld	a5,368(a6)
   17c08:	1101                	addi	sp,sp,-32
   17c0a:	ec06                	sd	ra,24(sp)
   17c0c:	862a                	mv	a2,a0
   17c0e:	c39d                	beqz	a5,17c34 <raise+0x3a>
   17c10:	00351713          	slli	a4,a0,0x3
   17c14:	97ba                	add	a5,a5,a4
   17c16:	6398                	ld	a4,0(a5)
   17c18:	cf11                	beqz	a4,17c34 <raise+0x3a>
   17c1a:	4685                	li	a3,1
   17c1c:	00d70863          	beq	a4,a3,17c2c <raise+0x32>
   17c20:	567d                	li	a2,-1
   17c22:	02c70463          	beq	a4,a2,17c4a <raise+0x50>
   17c26:	0007b023          	sd	zero,0(a5)
   17c2a:	9702                	jalr	a4
   17c2c:	60e2                	ld	ra,24(sp)
   17c2e:	4501                	li	a0,0
   17c30:	6105                	addi	sp,sp,32
   17c32:	8082                	ret
   17c34:	8542                	mv	a0,a6
   17c36:	e432                	sd	a2,8(sp)
   17c38:	e042                	sd	a6,0(sp)
   17c3a:	18c000ef          	jal	17dc6 <_getpid_r>
   17c3e:	6622                	ld	a2,8(sp)
   17c40:	60e2                	ld	ra,24(sp)
   17c42:	85aa                	mv	a1,a0
   17c44:	6502                	ld	a0,0(sp)
   17c46:	6105                	addi	sp,sp,32
   17c48:	a291                	j	17d8c <_kill_r>
   17c4a:	60e2                	ld	ra,24(sp)
   17c4c:	47d9                	li	a5,22
   17c4e:	00f82023          	sw	a5,0(a6)
   17c52:	8536                	mv	a0,a3
   17c54:	6105                	addi	sp,sp,32
   17c56:	8082                	ret
   17c58:	47d9                	li	a5,22
   17c5a:	00f82023          	sw	a5,0(a6)
   17c5e:	557d                	li	a0,-1
   17c60:	8082                	ret

0000000000017c62 <signal>:
   17c62:	47fd                	li	a5,31
   17c64:	8781b603          	ld	a2,-1928(gp) # 1b640 <_impure_ptr>
   17c68:	00a7ea63          	bltu	a5,a0,17c7c <signal+0x1a>
   17c6c:	17063703          	ld	a4,368(a2)
   17c70:	cb11                	beqz	a4,17c84 <signal+0x22>
   17c72:	050e                	slli	a0,a0,0x3
   17c74:	972a                	add	a4,a4,a0
   17c76:	6308                	ld	a0,0(a4)
   17c78:	e30c                	sd	a1,0(a4)
   17c7a:	8082                	ret
   17c7c:	47d9                	li	a5,22
   17c7e:	c21c                	sw	a5,0(a2)
   17c80:	557d                	li	a0,-1
   17c82:	8082                	ret
   17c84:	7179                	addi	sp,sp,-48
   17c86:	ec2e                	sd	a1,24(sp)
   17c88:	e82a                	sd	a0,16(sp)
   17c8a:	10000593          	li	a1,256
   17c8e:	8532                	mv	a0,a2
   17c90:	e432                	sd	a2,8(sp)
   17c92:	f406                	sd	ra,40(sp)
   17c94:	89cf90ef          	jal	10d30 <_malloc_r>
   17c98:	6622                	ld	a2,8(sp)
   17c9a:	872a                	mv	a4,a0
   17c9c:	10050593          	addi	a1,a0,256
   17ca0:	16a63823          	sd	a0,368(a2)
   17ca4:	67c2                	ld	a5,16(sp)
   17ca6:	862a                	mv	a2,a0
   17ca8:	66e2                	ld	a3,24(sp)
   17caa:	557d                	li	a0,-1
   17cac:	cb19                	beqz	a4,17cc2 <signal+0x60>
   17cae:	00063023          	sd	zero,0(a2)
   17cb2:	0621                	addi	a2,a2,8
   17cb4:	fec59de3          	bne	a1,a2,17cae <signal+0x4c>
   17cb8:	00379513          	slli	a0,a5,0x3
   17cbc:	972a                	add	a4,a4,a0
   17cbe:	6308                	ld	a0,0(a4)
   17cc0:	e314                	sd	a3,0(a4)
   17cc2:	70a2                	ld	ra,40(sp)
   17cc4:	6145                	addi	sp,sp,48
   17cc6:	8082                	ret

0000000000017cc8 <_init_signal>:
   17cc8:	8781b783          	ld	a5,-1928(gp) # 1b640 <_impure_ptr>
   17ccc:	1707b703          	ld	a4,368(a5)
   17cd0:	c319                	beqz	a4,17cd6 <_init_signal+0xe>
   17cd2:	4501                	li	a0,0
   17cd4:	8082                	ret
   17cd6:	1101                	addi	sp,sp,-32
   17cd8:	853e                	mv	a0,a5
   17cda:	10000593          	li	a1,256
   17cde:	e43e                	sd	a5,8(sp)
   17ce0:	ec06                	sd	ra,24(sp)
   17ce2:	84ef90ef          	jal	10d30 <_malloc_r>
   17ce6:	67a2                	ld	a5,8(sp)
   17ce8:	16a7b823          	sd	a0,368(a5)
   17cec:	cd01                	beqz	a0,17d04 <_init_signal+0x3c>
   17cee:	10050793          	addi	a5,a0,256
   17cf2:	00053023          	sd	zero,0(a0)
   17cf6:	0521                	addi	a0,a0,8
   17cf8:	fef51de3          	bne	a0,a5,17cf2 <_init_signal+0x2a>
   17cfc:	4501                	li	a0,0
   17cfe:	60e2                	ld	ra,24(sp)
   17d00:	6105                	addi	sp,sp,32
   17d02:	8082                	ret
   17d04:	557d                	li	a0,-1
   17d06:	bfe5                	j	17cfe <_init_signal+0x36>

0000000000017d08 <__sigtramp>:
   17d08:	47fd                	li	a5,31
   17d0a:	06a7ef63          	bltu	a5,a0,17d88 <__sigtramp+0x80>
   17d0e:	8781b683          	ld	a3,-1928(gp) # 1b640 <_impure_ptr>
   17d12:	1101                	addi	sp,sp,-32
   17d14:	ec06                	sd	ra,24(sp)
   17d16:	1706b783          	ld	a5,368(a3)
   17d1a:	872a                	mv	a4,a0
   17d1c:	cf95                	beqz	a5,17d58 <__sigtramp+0x50>
   17d1e:	00371693          	slli	a3,a4,0x3
   17d22:	97b6                	add	a5,a5,a3
   17d24:	6394                	ld	a3,0(a5)
   17d26:	ce99                	beqz	a3,17d44 <__sigtramp+0x3c>
   17d28:	567d                	li	a2,-1
   17d2a:	02c68563          	beq	a3,a2,17d54 <__sigtramp+0x4c>
   17d2e:	4605                	li	a2,1
   17d30:	00c68e63          	beq	a3,a2,17d4c <__sigtramp+0x44>
   17d34:	853a                	mv	a0,a4
   17d36:	0007b023          	sd	zero,0(a5)
   17d3a:	9682                	jalr	a3
   17d3c:	4501                	li	a0,0
   17d3e:	60e2                	ld	ra,24(sp)
   17d40:	6105                	addi	sp,sp,32
   17d42:	8082                	ret
   17d44:	60e2                	ld	ra,24(sp)
   17d46:	4505                	li	a0,1
   17d48:	6105                	addi	sp,sp,32
   17d4a:	8082                	ret
   17d4c:	60e2                	ld	ra,24(sp)
   17d4e:	450d                	li	a0,3
   17d50:	6105                	addi	sp,sp,32
   17d52:	8082                	ret
   17d54:	4509                	li	a0,2
   17d56:	b7e5                	j	17d3e <__sigtramp+0x36>
   17d58:	e42a                	sd	a0,8(sp)
   17d5a:	10000593          	li	a1,256
   17d5e:	8536                	mv	a0,a3
   17d60:	e036                	sd	a3,0(sp)
   17d62:	fcff80ef          	jal	10d30 <_malloc_r>
   17d66:	6682                	ld	a3,0(sp)
   17d68:	87aa                	mv	a5,a0
   17d6a:	16a6b823          	sd	a0,368(a3)
   17d6e:	c919                	beqz	a0,17d84 <__sigtramp+0x7c>
   17d70:	6722                	ld	a4,8(sp)
   17d72:	86aa                	mv	a3,a0
   17d74:	10050613          	addi	a2,a0,256
   17d78:	0006b023          	sd	zero,0(a3)
   17d7c:	06a1                	addi	a3,a3,8
   17d7e:	fed61de3          	bne	a2,a3,17d78 <__sigtramp+0x70>
   17d82:	bf71                	j	17d1e <__sigtramp+0x16>
   17d84:	557d                	li	a0,-1
   17d86:	bf65                	j	17d3e <__sigtramp+0x36>
   17d88:	557d                	li	a0,-1
   17d8a:	8082                	ret

0000000000017d8c <_kill_r>:
   17d8c:	1101                	addi	sp,sp,-32
   17d8e:	87ae                	mv	a5,a1
   17d90:	e822                	sd	s0,16(sp)
   17d92:	e426                	sd	s1,8(sp)
   17d94:	85b2                	mv	a1,a2
   17d96:	84aa                	mv	s1,a0
   17d98:	853e                	mv	a0,a5
   17d9a:	ec06                	sd	ra,24(sp)
   17d9c:	8801ac23          	sw	zero,-1896(gp) # 1b660 <errno>
   17da0:	0e0000ef          	jal	17e80 <_kill>
   17da4:	57fd                	li	a5,-1
   17da6:	00f50763          	beq	a0,a5,17db4 <_kill_r+0x28>
   17daa:	60e2                	ld	ra,24(sp)
   17dac:	6442                	ld	s0,16(sp)
   17dae:	64a2                	ld	s1,8(sp)
   17db0:	6105                	addi	sp,sp,32
   17db2:	8082                	ret
   17db4:	8981a783          	lw	a5,-1896(gp) # 1b660 <errno>
   17db8:	dbed                	beqz	a5,17daa <_kill_r+0x1e>
   17dba:	60e2                	ld	ra,24(sp)
   17dbc:	6442                	ld	s0,16(sp)
   17dbe:	c09c                	sw	a5,0(s1)
   17dc0:	64a2                	ld	s1,8(sp)
   17dc2:	6105                	addi	sp,sp,32
   17dc4:	8082                	ret

0000000000017dc6 <_getpid_r>:
   17dc6:	a841                	j	17e56 <_getpid>

0000000000017dc8 <_close>:
   17dc8:	03900893          	li	a7,57
   17dcc:	00000073          	ecall
   17dd0:	00054463          	bltz	a0,17dd8 <_close+0x10>
   17dd4:	2501                	sext.w	a0,a0
   17dd6:	8082                	ret
   17dd8:	1101                	addi	sp,sp,-32
   17dda:	ec06                	sd	ra,24(sp)
   17ddc:	e42a                	sd	a0,8(sp)
   17dde:	c8dff0ef          	jal	17a6a <__errno>
   17de2:	67a2                	ld	a5,8(sp)
   17de4:	60e2                	ld	ra,24(sp)
   17de6:	40f007bb          	negw	a5,a5
   17dea:	c11c                	sw	a5,0(a0)
   17dec:	557d                	li	a0,-1
   17dee:	6105                	addi	sp,sp,32
   17df0:	8082                	ret

0000000000017df2 <_exit>:
   17df2:	05d00893          	li	a7,93
   17df6:	00000073          	ecall
   17dfa:	00054363          	bltz	a0,17e00 <_exit+0xe>
   17dfe:	a001                	j	17dfe <_exit+0xc>
   17e00:	1101                	addi	sp,sp,-32
   17e02:	ec06                	sd	ra,24(sp)
   17e04:	e42a                	sd	a0,8(sp)
   17e06:	c65ff0ef          	jal	17a6a <__errno>
   17e0a:	67a2                	ld	a5,8(sp)
   17e0c:	40f007bb          	negw	a5,a5
   17e10:	c11c                	sw	a5,0(a0)
   17e12:	a001                	j	17e12 <_exit+0x20>

0000000000017e14 <_fstat>:
   17e14:	7135                	addi	sp,sp,-160
   17e16:	872e                	mv	a4,a1
   17e18:	ed06                	sd	ra,152(sp)
   17e1a:	e922                	sd	s0,144(sp)
   17e1c:	05000893          	li	a7,80
   17e20:	080c                	addi	a1,sp,16
   17e22:	00000073          	ecall
   17e26:	00054d63          	bltz	a0,17e40 <_fstat+0x2c>
   17e2a:	0005041b          	sext.w	s0,a0
   17e2e:	080c                	addi	a1,sp,16
   17e30:	853a                	mv	a0,a4
   17e32:	134000ef          	jal	17f66 <_conv_stat>
   17e36:	60ea                	ld	ra,152(sp)
   17e38:	8522                	mv	a0,s0
   17e3a:	644a                	ld	s0,144(sp)
   17e3c:	610d                	addi	sp,sp,160
   17e3e:	8082                	ret
   17e40:	e03a                	sd	a4,0(sp)
   17e42:	e42a                	sd	a0,8(sp)
   17e44:	c27ff0ef          	jal	17a6a <__errno>
   17e48:	67a2                	ld	a5,8(sp)
   17e4a:	6702                	ld	a4,0(sp)
   17e4c:	547d                	li	s0,-1
   17e4e:	40f007bb          	negw	a5,a5
   17e52:	c11c                	sw	a5,0(a0)
   17e54:	bfe9                	j	17e2e <_fstat+0x1a>

0000000000017e56 <_getpid>:
   17e56:	4505                	li	a0,1
   17e58:	8082                	ret

0000000000017e5a <_isatty>:
   17e5a:	7119                	addi	sp,sp,-128
   17e5c:	002c                	addi	a1,sp,8
   17e5e:	fc86                	sd	ra,120(sp)
   17e60:	fb5ff0ef          	jal	17e14 <_fstat>
   17e64:	57fd                	li	a5,-1
   17e66:	00f50963          	beq	a0,a5,17e78 <_isatty+0x1e>
   17e6a:	4532                	lw	a0,12(sp)
   17e6c:	70e6                	ld	ra,120(sp)
   17e6e:	00d5551b          	srliw	a0,a0,0xd
   17e72:	8905                	andi	a0,a0,1
   17e74:	6109                	addi	sp,sp,128
   17e76:	8082                	ret
   17e78:	70e6                	ld	ra,120(sp)
   17e7a:	4501                	li	a0,0
   17e7c:	6109                	addi	sp,sp,128
   17e7e:	8082                	ret

0000000000017e80 <_kill>:
   17e80:	1141                	addi	sp,sp,-16
   17e82:	e406                	sd	ra,8(sp)
   17e84:	be7ff0ef          	jal	17a6a <__errno>
   17e88:	60a2                	ld	ra,8(sp)
   17e8a:	47d9                	li	a5,22
   17e8c:	c11c                	sw	a5,0(a0)
   17e8e:	557d                	li	a0,-1
   17e90:	0141                	addi	sp,sp,16
   17e92:	8082                	ret

0000000000017e94 <_lseek>:
   17e94:	03e00893          	li	a7,62
   17e98:	00000073          	ecall
   17e9c:	00054363          	bltz	a0,17ea2 <_lseek+0xe>
   17ea0:	8082                	ret
   17ea2:	1101                	addi	sp,sp,-32
   17ea4:	ec06                	sd	ra,24(sp)
   17ea6:	e42a                	sd	a0,8(sp)
   17ea8:	bc3ff0ef          	jal	17a6a <__errno>
   17eac:	67a2                	ld	a5,8(sp)
   17eae:	60e2                	ld	ra,24(sp)
   17eb0:	40f007bb          	negw	a5,a5
   17eb4:	c11c                	sw	a5,0(a0)
   17eb6:	57fd                	li	a5,-1
   17eb8:	853e                	mv	a0,a5
   17eba:	6105                	addi	sp,sp,32
   17ebc:	8082                	ret

0000000000017ebe <_read>:
   17ebe:	03f00893          	li	a7,63
   17ec2:	00000073          	ecall
   17ec6:	00054363          	bltz	a0,17ecc <_read+0xe>
   17eca:	8082                	ret
   17ecc:	1101                	addi	sp,sp,-32
   17ece:	ec06                	sd	ra,24(sp)
   17ed0:	e42a                	sd	a0,8(sp)
   17ed2:	b99ff0ef          	jal	17a6a <__errno>
   17ed6:	67a2                	ld	a5,8(sp)
   17ed8:	60e2                	ld	ra,24(sp)
   17eda:	40f007bb          	negw	a5,a5
   17ede:	c11c                	sw	a5,0(a0)
   17ee0:	57fd                	li	a5,-1
   17ee2:	853e                	mv	a0,a5
   17ee4:	6105                	addi	sp,sp,32
   17ee6:	8082                	ret

0000000000017ee8 <_sbrk>:
   17ee8:	8c81b783          	ld	a5,-1848(gp) # 1b690 <heap_end.0>
   17eec:	1141                	addi	sp,sp,-16
   17eee:	e406                	sd	ra,8(sp)
   17ef0:	872a                	mv	a4,a0
   17ef2:	ef81                	bnez	a5,17f0a <_sbrk+0x22>
   17ef4:	0d600893          	li	a7,214
   17ef8:	4501                	li	a0,0
   17efa:	00000073          	ecall
   17efe:	57fd                	li	a5,-1
   17f00:	02f50663          	beq	a0,a5,17f2c <_sbrk+0x44>
   17f04:	87aa                	mv	a5,a0
   17f06:	8ca1b423          	sd	a0,-1848(gp) # 1b690 <heap_end.0>
   17f0a:	00f70533          	add	a0,a4,a5
   17f0e:	0d600893          	li	a7,214
   17f12:	00000073          	ecall
   17f16:	8c81b783          	ld	a5,-1848(gp) # 1b690 <heap_end.0>
   17f1a:	973e                	add	a4,a4,a5
   17f1c:	00e51863          	bne	a0,a4,17f2c <_sbrk+0x44>
   17f20:	60a2                	ld	ra,8(sp)
   17f22:	8ca1b423          	sd	a0,-1848(gp) # 1b690 <heap_end.0>
   17f26:	853e                	mv	a0,a5
   17f28:	0141                	addi	sp,sp,16
   17f2a:	8082                	ret
   17f2c:	b3fff0ef          	jal	17a6a <__errno>
   17f30:	60a2                	ld	ra,8(sp)
   17f32:	47b1                	li	a5,12
   17f34:	c11c                	sw	a5,0(a0)
   17f36:	557d                	li	a0,-1
   17f38:	0141                	addi	sp,sp,16
   17f3a:	8082                	ret

0000000000017f3c <_write>:
   17f3c:	04000893          	li	a7,64
   17f40:	00000073          	ecall
   17f44:	00054363          	bltz	a0,17f4a <_write+0xe>
   17f48:	8082                	ret
   17f4a:	1101                	addi	sp,sp,-32
   17f4c:	ec06                	sd	ra,24(sp)
   17f4e:	e42a                	sd	a0,8(sp)
   17f50:	b1bff0ef          	jal	17a6a <__errno>
   17f54:	67a2                	ld	a5,8(sp)
   17f56:	60e2                	ld	ra,24(sp)
   17f58:	40f007bb          	negw	a5,a5
   17f5c:	c11c                	sw	a5,0(a0)
   17f5e:	57fd                	li	a5,-1
   17f60:	853e                	mv	a0,a5
   17f62:	6105                	addi	sp,sp,32
   17f64:	8082                	ret

0000000000017f66 <_conv_stat>:
   17f66:	0005b383          	ld	t2,0(a1)
   17f6a:	0085b283          	ld	t0,8(a1)
   17f6e:	0105af83          	lw	t6,16(a1)
   17f72:	0145af03          	lw	t5,20(a1)
   17f76:	0185ae83          	lw	t4,24(a1)
   17f7a:	01c5ae03          	lw	t3,28(a1)
   17f7e:	0205b303          	ld	t1,32(a1)
   17f82:	0305b883          	ld	a7,48(a1)
   17f86:	0405b803          	ld	a6,64(a1)
   17f8a:	5d90                	lw	a2,56(a1)
   17f8c:	65b4                	ld	a3,72(a1)
   17f8e:	6db8                	ld	a4,88(a1)
   17f90:	75bc                	ld	a5,104(a1)
   17f92:	00751023          	sh	t2,0(a0)
   17f96:	00551123          	sh	t0,2(a0)
   17f9a:	01f52223          	sw	t6,4(a0)
   17f9e:	01e51423          	sh	t5,8(a0)
   17fa2:	01d51523          	sh	t4,10(a0)
   17fa6:	01c51623          	sh	t3,12(a0)
   17faa:	00651723          	sh	t1,14(a0)
   17fae:	01153823          	sd	a7,16(a0)
   17fb2:	05053823          	sd	a6,80(a0)
   17fb6:	e530                	sd	a2,72(a0)
   17fb8:	ed14                	sd	a3,24(a0)
   17fba:	f518                	sd	a4,40(a0)
   17fbc:	fd1c                	sd	a5,56(a0)
   17fbe:	8082                	ret

0000000000017fc0 <__eqtf2>:
   17fc0:	002027f3          	frrm	a5
   17fc4:	68a1                	lui	a7,0x8
   17fc6:	0305d813          	srli	a6,a1,0x30
   17fca:	18fd                	addi	a7,a7,-1 # 7fff <exit-0x8121>
   17fcc:	577d                	li	a4,-1
   17fce:	8341                	srli	a4,a4,0x10
   17fd0:	0306d793          	srli	a5,a3,0x30
   17fd4:	01187833          	and	a6,a6,a7
   17fd8:	00e5f333          	and	t1,a1,a4
   17fdc:	0117f7b3          	and	a5,a5,a7
   17fe0:	8f75                	and	a4,a4,a3
   17fe2:	91fd                	srli	a1,a1,0x3f
   17fe4:	92fd                	srli	a3,a3,0x3f
   17fe6:	01181a63          	bne	a6,a7,17ffa <__eqtf2+0x3a>
   17fea:	006568b3          	or	a7,a0,t1
   17fee:	02089063          	bnez	a7,1800e <__eqtf2+0x4e>
   17ff2:	01078663          	beq	a5,a6,17ffe <__eqtf2+0x3e>
   17ff6:	4785                	li	a5,1
   17ff8:	a0ad                	j	18062 <__eqtf2+0xa2>
   17ffa:	05179063          	bne	a5,a7,1803a <__eqtf2+0x7a>
   17ffe:	00e668b3          	or	a7,a2,a4
   18002:	02088c63          	beqz	a7,1803a <__eqtf2+0x7a>
   18006:	66a1                	lui	a3,0x8
   18008:	16fd                	addi	a3,a3,-1 # 7fff <exit-0x8121>
   1800a:	00d81e63          	bne	a6,a3,18026 <__eqtf2+0x66>
   1800e:	00656533          	or	a0,a0,t1
   18012:	c509                	beqz	a0,1801c <__eqtf2+0x5c>
   18014:	4685                	li	a3,1
   18016:	16be                	slli	a3,a3,0x2f
   18018:	00d36d63          	bltu	t1,a3,18032 <__eqtf2+0x72>
   1801c:	66a1                	lui	a3,0x8
   1801e:	16fd                	addi	a3,a3,-1 # 7fff <exit-0x8121>
   18020:	4505                	li	a0,1
   18022:	04d79263          	bne	a5,a3,18066 <__eqtf2+0xa6>
   18026:	8e59                	or	a2,a2,a4
   18028:	c619                	beqz	a2,18036 <__eqtf2+0x76>
   1802a:	4785                	li	a5,1
   1802c:	17be                	slli	a5,a5,0x2f
   1802e:	00f77463          	bgeu	a4,a5,18036 <__eqtf2+0x76>
   18032:	00186073          	csrsi	fflags,16
   18036:	4505                	li	a0,1
   18038:	8082                	ret
   1803a:	40f807b3          	sub	a5,a6,a5
   1803e:	8e09                	sub	a2,a2,a0
   18040:	00f037b3          	snez	a5,a5
   18044:	00c03633          	snez	a2,a2
   18048:	8fd1                	or	a5,a5,a2
   1804a:	f7d5                	bnez	a5,17ff6 <__eqtf2+0x36>
   1804c:	fae315e3          	bne	t1,a4,17ff6 <__eqtf2+0x36>
   18050:	00d58963          	beq	a1,a3,18062 <__eqtf2+0xa2>
   18054:	4785                	li	a5,1
   18056:	00081663          	bnez	a6,18062 <__eqtf2+0xa2>
   1805a:	006567b3          	or	a5,a0,t1
   1805e:	00f037b3          	snez	a5,a5
   18062:	853e                	mv	a0,a5
   18064:	8082                	ret
   18066:	8082                	ret

0000000000018068 <__getf2>:
   18068:	002027f3          	frrm	a5
   1806c:	67a1                	lui	a5,0x8
   1806e:	0305d813          	srli	a6,a1,0x30
   18072:	17fd                	addi	a5,a5,-1 # 7fff <exit-0x8121>
   18074:	537d                	li	t1,-1
   18076:	01035313          	srli	t1,t1,0x10
   1807a:	0306d713          	srli	a4,a3,0x30
   1807e:	00f87833          	and	a6,a6,a5
   18082:	0065f8b3          	and	a7,a1,t1
   18086:	8f7d                	and	a4,a4,a5
   18088:	91fd                	srli	a1,a1,0x3f
   1808a:	03f6de13          	srli	t3,a3,0x3f
   1808e:	04f80063          	beq	a6,a5,180ce <__getf2+0x66>
   18092:	0066f6b3          	and	a3,a3,t1
   18096:	6321                	lui	t1,0x8
   18098:	137d                	addi	t1,t1,-1 # 7fff <exit-0x8121>
   1809a:	87ba                	mv	a5,a4
   1809c:	00671663          	bne	a4,t1,180a8 <__getf2+0x40>
   180a0:	00c6e333          	or	t1,a3,a2
   180a4:	02031863          	bnez	t1,180d4 <__getf2+0x6c>
   180a8:	4301                	li	t1,0
   180aa:	00081663          	bnez	a6,180b6 <__getf2+0x4e>
   180ae:	00a8e333          	or	t1,a7,a0
   180b2:	00133313          	seqz	t1,t1
   180b6:	eb29                	bnez	a4,18108 <__getf2+0xa0>
   180b8:	00c6eeb3          	or	t4,a3,a2
   180bc:	02030063          	beqz	t1,180dc <__getf2+0x74>
   180c0:	020e8263          	beqz	t4,180e4 <__getf2+0x7c>
   180c4:	4785                	li	a5,1
   180c6:	000e1f63          	bnez	t3,180e4 <__getf2+0x7c>
   180ca:	57fd                	li	a5,-1
   180cc:	a821                	j	180e4 <__getf2+0x7c>
   180ce:	00a8e7b3          	or	a5,a7,a0
   180d2:	d3e1                	beqz	a5,18092 <__getf2+0x2a>
   180d4:	00186073          	csrsi	fflags,16
   180d8:	57f9                	li	a5,-2
   180da:	a029                	j	180e4 <__getf2+0x7c>
   180dc:	020e9863          	bnez	t4,1810c <__getf2+0xa4>
   180e0:	57fd                	li	a5,-1
   180e2:	cd85                	beqz	a1,1811a <__getf2+0xb2>
   180e4:	853e                	mv	a0,a5
   180e6:	8082                	ret
   180e8:	fce84ee3          	blt	a6,a4,180c4 <__getf2+0x5c>
   180ec:	ff16eae3          	bltu	a3,a7,180e0 <__getf2+0x78>
   180f0:	00a67463          	bgeu	a2,a0,180f8 <__getf2+0x90>
   180f4:	fed886e3          	beq	a7,a3,180e0 <__getf2+0x78>
   180f8:	00c56563          	bltu	a0,a2,18102 <__getf2+0x9a>
   180fc:	4781                	li	a5,0
   180fe:	fed8f3e3          	bgeu	a7,a3,180e4 <__getf2+0x7c>
   18102:	4785                	li	a5,1
   18104:	f1e5                	bnez	a1,180e4 <__getf2+0x7c>
   18106:	b7d1                	j	180ca <__getf2+0x62>
   18108:	fa031ee3          	bnez	t1,180c4 <__getf2+0x5c>
   1810c:	fcbe1ae3          	bne	t3,a1,180e0 <__getf2+0x78>
   18110:	fd075ce3          	bge	a4,a6,180e8 <__getf2+0x80>
   18114:	57fd                	li	a5,-1
   18116:	fc0e17e3          	bnez	t3,180e4 <__getf2+0x7c>
   1811a:	4785                	li	a5,1
   1811c:	b7e1                	j	180e4 <__getf2+0x7c>

000000000001811e <__letf2>:
   1811e:	002027f3          	frrm	a5
   18122:	67a1                	lui	a5,0x8
   18124:	0305d813          	srli	a6,a1,0x30
   18128:	17fd                	addi	a5,a5,-1 # 7fff <exit-0x8121>
   1812a:	537d                	li	t1,-1
   1812c:	01035313          	srli	t1,t1,0x10
   18130:	0306d713          	srli	a4,a3,0x30
   18134:	00f87833          	and	a6,a6,a5
   18138:	0065f8b3          	and	a7,a1,t1
   1813c:	8f7d                	and	a4,a4,a5
   1813e:	91fd                	srli	a1,a1,0x3f
   18140:	03f6de13          	srli	t3,a3,0x3f
   18144:	04f80063          	beq	a6,a5,18184 <__letf2+0x66>
   18148:	0066f6b3          	and	a3,a3,t1
   1814c:	6321                	lui	t1,0x8
   1814e:	137d                	addi	t1,t1,-1 # 7fff <exit-0x8121>
   18150:	87ba                	mv	a5,a4
   18152:	00671663          	bne	a4,t1,1815e <__letf2+0x40>
   18156:	00c6e333          	or	t1,a3,a2
   1815a:	02031863          	bnez	t1,1818a <__letf2+0x6c>
   1815e:	4301                	li	t1,0
   18160:	00081663          	bnez	a6,1816c <__letf2+0x4e>
   18164:	00a8e333          	or	t1,a7,a0
   18168:	00133313          	seqz	t1,t1
   1816c:	eb29                	bnez	a4,181be <__letf2+0xa0>
   1816e:	00c6eeb3          	or	t4,a3,a2
   18172:	02030063          	beqz	t1,18192 <__letf2+0x74>
   18176:	020e8263          	beqz	t4,1819a <__letf2+0x7c>
   1817a:	4785                	li	a5,1
   1817c:	000e1f63          	bnez	t3,1819a <__letf2+0x7c>
   18180:	57fd                	li	a5,-1
   18182:	a821                	j	1819a <__letf2+0x7c>
   18184:	00a8e7b3          	or	a5,a7,a0
   18188:	d3e1                	beqz	a5,18148 <__letf2+0x2a>
   1818a:	00186073          	csrsi	fflags,16
   1818e:	4789                	li	a5,2
   18190:	a029                	j	1819a <__letf2+0x7c>
   18192:	020e9863          	bnez	t4,181c2 <__letf2+0xa4>
   18196:	57fd                	li	a5,-1
   18198:	cd85                	beqz	a1,181d0 <__letf2+0xb2>
   1819a:	853e                	mv	a0,a5
   1819c:	8082                	ret
   1819e:	fce84ee3          	blt	a6,a4,1817a <__letf2+0x5c>
   181a2:	ff16eae3          	bltu	a3,a7,18196 <__letf2+0x78>
   181a6:	00a67463          	bgeu	a2,a0,181ae <__letf2+0x90>
   181aa:	fed886e3          	beq	a7,a3,18196 <__letf2+0x78>
   181ae:	00c56563          	bltu	a0,a2,181b8 <__letf2+0x9a>
   181b2:	4781                	li	a5,0
   181b4:	fed8f3e3          	bgeu	a7,a3,1819a <__letf2+0x7c>
   181b8:	4785                	li	a5,1
   181ba:	f1e5                	bnez	a1,1819a <__letf2+0x7c>
   181bc:	b7d1                	j	18180 <__letf2+0x62>
   181be:	fa031ee3          	bnez	t1,1817a <__letf2+0x5c>
   181c2:	fcbe1ae3          	bne	t3,a1,18196 <__letf2+0x78>
   181c6:	fd075ce3          	bge	a4,a6,1819e <__letf2+0x80>
   181ca:	57fd                	li	a5,-1
   181cc:	fc0e17e3          	bnez	t3,1819a <__letf2+0x7c>
   181d0:	4785                	li	a5,1
   181d2:	b7e1                	j	1819a <__letf2+0x7c>

00000000000181d4 <__multf3>:
   181d4:	711d                	addi	sp,sp,-96
   181d6:	e8a2                	sd	s0,80(sp)
   181d8:	f852                	sd	s4,48(sp)
   181da:	e862                	sd	s8,16(sp)
   181dc:	ec86                	sd	ra,88(sp)
   181de:	e4a6                	sd	s1,72(sp)
   181e0:	e0ca                	sd	s2,64(sp)
   181e2:	fc4e                	sd	s3,56(sp)
   181e4:	f456                	sd	s5,40(sp)
   181e6:	f05a                	sd	s6,32(sp)
   181e8:	ec5e                	sd	s7,24(sp)
   181ea:	e466                	sd	s9,8(sp)
   181ec:	842a                	mv	s0,a0
   181ee:	8c32                	mv	s8,a2
   181f0:	8a36                	mv	s4,a3
   181f2:	002029f3          	frrm	s3
   181f6:	67a1                	lui	a5,0x8
   181f8:	0305db13          	srli	s6,a1,0x30
   181fc:	17fd                	addi	a5,a5,-1 # 7fff <exit-0x8121>
   181fe:	01059913          	slli	s2,a1,0x10
   18202:	00fb7b33          	and	s6,s6,a5
   18206:	2981                	sext.w	s3,s3
   18208:	01095913          	srli	s2,s2,0x10
   1820c:	03f5da93          	srli	s5,a1,0x3f
   18210:	020b0563          	beqz	s6,1823a <__multf3+0x66>
   18214:	08fb0363          	beq	s6,a5,1829a <__multf3+0xc6>
   18218:	090e                	slli	s2,s2,0x3
   1821a:	03d55793          	srli	a5,a0,0x3d
   1821e:	0127e7b3          	or	a5,a5,s2
   18222:	4905                	li	s2,1
   18224:	194e                	slli	s2,s2,0x33
   18226:	0127e933          	or	s2,a5,s2
   1822a:	77f1                	lui	a5,0xffffc
   1822c:	0785                	addi	a5,a5,1 # ffffffffffffc001 <__BSS_END__+0xfffffffffffde3b9>
   1822e:	00351b93          	slli	s7,a0,0x3
   18232:	9b3e                	add	s6,s6,a5
   18234:	4c81                	li	s9,0
   18236:	4481                	li	s1,0
   18238:	a8b5                	j	182b4 <__multf3+0xe0>
   1823a:	01256bb3          	or	s7,a0,s2
   1823e:	0e0b8963          	beqz	s7,18330 <__multf3+0x15c>
   18242:	02090d63          	beqz	s2,1827c <__multf3+0xa8>
   18246:	854a                	mv	a0,s2
   18248:	7a5000ef          	jal	191ec <__clzdi2>
   1824c:	2501                	sext.w	a0,a0
   1824e:	ff150793          	addi	a5,a0,-15
   18252:	03d00713          	li	a4,61
   18256:	0037869b          	addiw	a3,a5,3
   1825a:	40f707bb          	subw	a5,a4,a5
   1825e:	00d91933          	sll	s2,s2,a3
   18262:	00f457b3          	srl	a5,s0,a5
   18266:	0127e7b3          	or	a5,a5,s2
   1826a:	00d41933          	sll	s2,s0,a3
   1826e:	7b71                	lui	s6,0xffffc
   18270:	0b45                	addi	s6,s6,17 # ffffffffffffc011 <__BSS_END__+0xfffffffffffde3c9>
   18272:	8bca                	mv	s7,s2
   18274:	40ab0b33          	sub	s6,s6,a0
   18278:	893e                	mv	s2,a5
   1827a:	bf6d                	j	18234 <__multf3+0x60>
   1827c:	771000ef          	jal	191ec <__clzdi2>
   18280:	0405051b          	addiw	a0,a0,64
   18284:	ff150793          	addi	a5,a0,-15
   18288:	03c00713          	li	a4,60
   1828c:	fcf753e3          	bge	a4,a5,18252 <__multf3+0x7e>
   18290:	fc37879b          	addiw	a5,a5,-61
   18294:	00f417b3          	sll	a5,s0,a5
   18298:	bfd9                	j	1826e <__multf3+0x9a>
   1829a:	01256bb3          	or	s7,a0,s2
   1829e:	080b8d63          	beqz	s7,18338 <__multf3+0x164>
   182a2:	4485                	li	s1,1
   182a4:	14be                	slli	s1,s1,0x2f
   182a6:	009934b3          	sltu	s1,s2,s1
   182aa:	0044949b          	slliw	s1,s1,0x4
   182ae:	8baa                	mv	s7,a0
   182b0:	2b01                	sext.w	s6,s6
   182b2:	4c8d                	li	s9,3
   182b4:	56fd                	li	a3,-1
   182b6:	6621                	lui	a2,0x8
   182b8:	030a5713          	srli	a4,s4,0x30
   182bc:	9636                	add	a2,a2,a3
   182be:	0106d413          	srli	s0,a3,0x10
   182c2:	8f71                	and	a4,a4,a2
   182c4:	008a7433          	and	s0,s4,s0
   182c8:	87e2                	mv	a5,s8
   182ca:	03fa5a13          	srli	s4,s4,0x3f
   182ce:	cb2d                	beqz	a4,18340 <__multf3+0x16c>
   182d0:	0cc70663          	beq	a4,a2,1839c <__multf3+0x1c8>
   182d4:	040e                	slli	s0,s0,0x3
   182d6:	03dc5693          	srli	a3,s8,0x3d
   182da:	8ec1                	or	a3,a3,s0
   182dc:	4405                	li	s0,1
   182de:	144e                	slli	s0,s0,0x33
   182e0:	8c55                	or	s0,s0,a3
   182e2:	76f1                	lui	a3,0xffffc
   182e4:	0685                	addi	a3,a3,1 # ffffffffffffc001 <__BSS_END__+0xfffffffffffde3b9>
   182e6:	003c1793          	slli	a5,s8,0x3
   182ea:	9736                	add	a4,a4,a3
   182ec:	4881                	li	a7,0
   182ee:	002c9693          	slli	a3,s9,0x2
   182f2:	01670833          	add	a6,a4,s6
   182f6:	0116e6b3          	or	a3,a3,a7
   182fa:	4729                	li	a4,10
   182fc:	00180593          	addi	a1,a6,1
   18300:	0cd74f63          	blt	a4,a3,183de <__multf3+0x20a>
   18304:	4509                	li	a0,2
   18306:	014ac633          	xor	a2,s5,s4
   1830a:	4705                	li	a4,1
   1830c:	0ad54b63          	blt	a0,a3,183c2 <__multf3+0x1ee>
   18310:	16fd                	addi	a3,a3,-1
   18312:	0ed76063          	bltu	a4,a3,183f2 <__multf3+0x21e>
   18316:	8cc6                	mv	s9,a7
   18318:	4709                	li	a4,2
   1831a:	4cec8263          	beq	s9,a4,187de <__multf3+0x60a>
   1831e:	468d                	li	a3,3
   18320:	4705                	li	a4,1
   18322:	4adc8863          	beq	s9,a3,187d2 <__multf3+0x5fe>
   18326:	26ec9763          	bne	s9,a4,18594 <__multf3+0x3c0>
   1832a:	4701                	li	a4,0
   1832c:	4501                	li	a0,0
   1832e:	a151                	j	187b2 <__multf3+0x5de>
   18330:	4901                	li	s2,0
   18332:	4b01                	li	s6,0
   18334:	4c85                	li	s9,1
   18336:	b701                	j	18236 <__multf3+0x62>
   18338:	4901                	li	s2,0
   1833a:	2b01                	sext.w	s6,s6
   1833c:	4c89                	li	s9,2
   1833e:	bde5                	j	18236 <__multf3+0x62>
   18340:	008c67b3          	or	a5,s8,s0
   18344:	c7b5                	beqz	a5,183b0 <__multf3+0x1dc>
   18346:	c81d                	beqz	s0,1837c <__multf3+0x1a8>
   18348:	8522                	mv	a0,s0
   1834a:	6a3000ef          	jal	191ec <__clzdi2>
   1834e:	2501                	sext.w	a0,a0
   18350:	ff150793          	addi	a5,a0,-15
   18354:	03d00713          	li	a4,61
   18358:	0037861b          	addiw	a2,a5,3
   1835c:	40f707bb          	subw	a5,a4,a5
   18360:	00c41433          	sll	s0,s0,a2
   18364:	00fc57b3          	srl	a5,s8,a5
   18368:	0087e6b3          	or	a3,a5,s0
   1836c:	00cc1433          	sll	s0,s8,a2
   18370:	7771                	lui	a4,0xffffc
   18372:	0745                	addi	a4,a4,17 # ffffffffffffc011 <__BSS_END__+0xfffffffffffde3c9>
   18374:	87a2                	mv	a5,s0
   18376:	8f09                	sub	a4,a4,a0
   18378:	8436                	mv	s0,a3
   1837a:	bf8d                	j	182ec <__multf3+0x118>
   1837c:	8562                	mv	a0,s8
   1837e:	66f000ef          	jal	191ec <__clzdi2>
   18382:	0405051b          	addiw	a0,a0,64
   18386:	ff150793          	addi	a5,a0,-15
   1838a:	03c00713          	li	a4,60
   1838e:	fcf753e3          	bge	a4,a5,18354 <__multf3+0x180>
   18392:	fc37879b          	addiw	a5,a5,-61
   18396:	00fc16b3          	sll	a3,s8,a5
   1839a:	bfd9                	j	18370 <__multf3+0x19c>
   1839c:	008c6633          	or	a2,s8,s0
   183a0:	ce01                	beqz	a2,183b8 <__multf3+0x1e4>
   183a2:	82c5                	srli	a3,a3,0x11
   183a4:	2701                	sext.w	a4,a4
   183a6:	488d                	li	a7,3
   183a8:	f486e3e3          	bltu	a3,s0,182ee <__multf3+0x11a>
   183ac:	44c1                	li	s1,16
   183ae:	b781                	j	182ee <__multf3+0x11a>
   183b0:	4401                	li	s0,0
   183b2:	4701                	li	a4,0
   183b4:	4885                	li	a7,1
   183b6:	bf25                	j	182ee <__multf3+0x11a>
   183b8:	4401                	li	s0,0
   183ba:	4781                	li	a5,0
   183bc:	2701                	sext.w	a4,a4
   183be:	4889                	li	a7,2
   183c0:	b73d                	j	182ee <__multf3+0x11a>
   183c2:	00d716b3          	sll	a3,a4,a3
   183c6:	5306f513          	andi	a0,a3,1328
   183ca:	e10d                	bnez	a0,183ec <__multf3+0x218>
   183cc:	2406f313          	andi	t1,a3,576
   183d0:	3e031a63          	bnez	t1,187c4 <__multf3+0x5f0>
   183d4:	0886f693          	andi	a3,a3,136
   183d8:	ce89                	beqz	a3,183f2 <__multf3+0x21e>
   183da:	8652                	mv	a2,s4
   183dc:	bf2d                	j	18316 <__multf3+0x142>
   183de:	473d                	li	a4,15
   183e0:	3ee68863          	beq	a3,a4,187d0 <__multf3+0x5fc>
   183e4:	472d                	li	a4,11
   183e6:	8656                	mv	a2,s5
   183e8:	fee689e3          	beq	a3,a4,183da <__multf3+0x206>
   183ec:	844a                	mv	s0,s2
   183ee:	87de                	mv	a5,s7
   183f0:	b725                	j	18318 <__multf3+0x144>
   183f2:	008786b3          	add	a3,a5,s0
   183f6:	020bd513          	srli	a0,s7,0x20
   183fa:	0207d893          	srli	a7,a5,0x20
   183fe:	01790733          	add	a4,s2,s7
   18402:	00f6bfb3          	sltu	t6,a3,a5
   18406:	1b82                	slli	s7,s7,0x20
   18408:	1782                	slli	a5,a5,0x20
   1840a:	020bdb93          	srli	s7,s7,0x20
   1840e:	9381                	srli	a5,a5,0x20
   18410:	03778eb3          	mul	t4,a5,s7
   18414:	01273f33          	sltu	t5,a4,s2
   18418:	02f507b3          	mul	a5,a0,a5
   1841c:	03150533          	mul	a0,a0,a7
   18420:	037888b3          	mul	a7,a7,s7
   18424:	00f88333          	add	t1,a7,a5
   18428:	020ed893          	srli	a7,t4,0x20
   1842c:	989a                	add	a7,a7,t1
   1842e:	00f8f563          	bgeu	a7,a5,18438 <__multf3+0x264>
   18432:	4785                	li	a5,1
   18434:	1782                	slli	a5,a5,0x20
   18436:	953e                	add	a0,a0,a5
   18438:	0208de13          	srli	t3,a7,0x20
   1843c:	9e2a                	add	t3,t3,a0
   1843e:	1e82                	slli	t4,t4,0x20
   18440:	02071313          	slli	t1,a4,0x20
   18444:	02069513          	slli	a0,a3,0x20
   18448:	02035313          	srli	t1,t1,0x20
   1844c:	020ede93          	srli	t4,t4,0x20
   18450:	02075293          	srli	t0,a4,0x20
   18454:	0206d793          	srli	a5,a3,0x20
   18458:	9101                	srli	a0,a0,0x20
   1845a:	1882                	slli	a7,a7,0x20
   1845c:	98f6                	add	a7,a7,t4
   1845e:	02650eb3          	mul	t4,a0,t1
   18462:	02a28533          	mul	a0,t0,a0
   18466:	02f282b3          	mul	t0,t0,a5
   1846a:	026787b3          	mul	a5,a5,t1
   1846e:	020ed313          	srli	t1,t4,0x20
   18472:	97aa                	add	a5,a5,a0
   18474:	933e                	add	t1,t1,a5
   18476:	00a37563          	bgeu	t1,a0,18480 <__multf3+0x2ac>
   1847a:	4785                	li	a5,1
   1847c:	1782                	slli	a5,a5,0x20
   1847e:	92be                	add	t0,t0,a5
   18480:	02095393          	srli	t2,s2,0x20
   18484:	02045793          	srli	a5,s0,0x20
   18488:	1902                	slli	s2,s2,0x20
   1848a:	1402                	slli	s0,s0,0x20
   1848c:	02095913          	srli	s2,s2,0x20
   18490:	9001                	srli	s0,s0,0x20
   18492:	03240a33          	mul	s4,s0,s2
   18496:	1e82                	slli	t4,t4,0x20
   18498:	020ede93          	srli	t4,t4,0x20
   1849c:	02035513          	srli	a0,t1,0x20
   184a0:	1302                	slli	t1,t1,0x20
   184a2:	9376                	add	t1,t1,t4
   184a4:	02838433          	mul	s0,t2,s0
   184a8:	02f383b3          	mul	t2,t2,a5
   184ac:	032787b3          	mul	a5,a5,s2
   184b0:	00878eb3          	add	t4,a5,s0
   184b4:	020a5793          	srli	a5,s4,0x20
   184b8:	97f6                	add	a5,a5,t4
   184ba:	0087f563          	bgeu	a5,s0,184c4 <__multf3+0x2f0>
   184be:	4e85                	li	t4,1
   184c0:	1e82                	slli	t4,t4,0x20
   184c2:	93f6                	add	t2,t2,t4
   184c4:	0207de93          	srli	t4,a5,0x20
   184c8:	9e9e                	add	t4,t4,t2
   184ca:	020a1393          	slli	t2,s4,0x20
   184ce:	0203d393          	srli	t2,t2,0x20
   184d2:	1782                	slli	a5,a5,0x20
   184d4:	979e                	add	a5,a5,t2
   184d6:	41f003b3          	neg	t2,t6
   184da:	00777733          	and	a4,a4,t2
   184de:	41e003b3          	neg	t2,t5
   184e2:	0076f6b3          	and	a3,a3,t2
   184e6:	01c303b3          	add	t2,t1,t3
   184ea:	0063b333          	sltu	t1,t2,t1
   184ee:	951a                	add	a0,a0,t1
   184f0:	9516                	add	a0,a0,t0
   184f2:	01ff7f33          	and	t5,t5,t6
   184f6:	00653333          	sltu	t1,a0,t1
   184fa:	972a                	add	a4,a4,a0
   184fc:	937a                	add	t1,t1,t5
   184fe:	00a73533          	sltu	a0,a4,a0
   18502:	9736                	add	a4,a4,a3
   18504:	951a                	add	a0,a0,t1
   18506:	00d736b3          	sltu	a3,a4,a3
   1850a:	41c70fb3          	sub	t6,a4,t3
   1850e:	96aa                	add	a3,a3,a0
   18510:	40ee0e33          	sub	t3,t3,a4
   18514:	41138533          	sub	a0,t2,a7
   18518:	00a3b333          	sltu	t1,t2,a0
   1851c:	001e3e13          	seqz	t3,t3
   18520:	406f8f33          	sub	t5,t6,t1
   18524:	01f73733          	sltu	a4,a4,t6
   18528:	01c37333          	and	t1,t1,t3
   1852c:	00676733          	or	a4,a4,t1
   18530:	40f50333          	sub	t1,a0,a5
   18534:	00653533          	sltu	a0,a0,t1
   18538:	41df0fb3          	sub	t6,t5,t4
   1853c:	40a78e33          	sub	t3,a5,a0
   18540:	9e7e                	add	t3,t3,t6
   18542:	8e99                	sub	a3,a3,a4
   18544:	00fe3733          	sltu	a4,t3,a5
   18548:	001fb793          	seqz	a5,t6
   1854c:	96f6                	add	a3,a3,t4
   1854e:	8d7d                	and	a0,a0,a5
   18550:	01ff37b3          	sltu	a5,t5,t6
   18554:	9736                	add	a4,a4,a3
   18556:	8fc9                	or	a5,a5,a0
   18558:	8f1d                	sub	a4,a4,a5
   1855a:	00d31793          	slli	a5,t1,0xd
   1855e:	0117e7b3          	or	a5,a5,a7
   18562:	00f037b3          	snez	a5,a5
   18566:	03335313          	srli	t1,t1,0x33
   1856a:	0736                	slli	a4,a4,0xd
   1856c:	00de1693          	slli	a3,t3,0xd
   18570:	0067e7b3          	or	a5,a5,t1
   18574:	033e5413          	srli	s0,t3,0x33
   18578:	8fd5                	or	a5,a5,a3
   1857a:	00b71693          	slli	a3,a4,0xb
   1857e:	8c59                	or	s0,s0,a4
   18580:	0406d963          	bgez	a3,185d2 <__multf3+0x3fe>
   18584:	0017d713          	srli	a4,a5,0x1
   18588:	8b85                	andi	a5,a5,1
   1858a:	8f5d                	or	a4,a4,a5
   1858c:	03f41793          	slli	a5,s0,0x3f
   18590:	8fd9                	or	a5,a5,a4
   18592:	8005                	srli	s0,s0,0x1
   18594:	6691                	lui	a3,0x4
   18596:	16fd                	addi	a3,a3,-1 # 3fff <exit-0xc121>
   18598:	96ae                	add	a3,a3,a1
   1859a:	0cd05663          	blez	a3,18666 <__multf3+0x492>
   1859e:	0077f713          	andi	a4,a5,7
   185a2:	cf1d                	beqz	a4,185e0 <__multf3+0x40c>
   185a4:	0014e493          	ori	s1,s1,1
   185a8:	4709                	li	a4,2
   185aa:	2481                	sext.w	s1,s1
   185ac:	02e98963          	beq	s3,a4,185de <__multf3+0x40a>
   185b0:	470d                	li	a4,3
   185b2:	02e98263          	beq	s3,a4,185d6 <__multf3+0x402>
   185b6:	02099563          	bnez	s3,185e0 <__multf3+0x40c>
   185ba:	00f7f713          	andi	a4,a5,15
   185be:	4511                	li	a0,4
   185c0:	02a70063          	beq	a4,a0,185e0 <__multf3+0x40c>
   185c4:	00a78733          	add	a4,a5,a0
   185c8:	00f73533          	sltu	a0,a4,a5
   185cc:	942a                	add	s0,s0,a0
   185ce:	87ba                	mv	a5,a4
   185d0:	a801                	j	185e0 <__multf3+0x40c>
   185d2:	85c2                	mv	a1,a6
   185d4:	b7c1                	j	18594 <__multf3+0x3c0>
   185d6:	e609                	bnez	a2,185e0 <__multf3+0x40c>
   185d8:	00878713          	addi	a4,a5,8
   185dc:	b7f5                	j	185c8 <__multf3+0x3f4>
   185de:	fe6d                	bnez	a2,185d8 <__multf3+0x404>
   185e0:	00b41713          	slli	a4,s0,0xb
   185e4:	00075863          	bgez	a4,185f4 <__multf3+0x420>
   185e8:	577d                	li	a4,-1
   185ea:	1752                	slli	a4,a4,0x34
   185ec:	177d                	addi	a4,a4,-1
   185ee:	6691                	lui	a3,0x4
   185f0:	8c79                	and	s0,s0,a4
   185f2:	96ae                	add	a3,a3,a1
   185f4:	65a1                	lui	a1,0x8
   185f6:	ffe58713          	addi	a4,a1,-2 # 7ffe <exit-0x8122>
   185fa:	04d74063          	blt	a4,a3,1863a <__multf3+0x466>
   185fe:	838d                	srli	a5,a5,0x3
   18600:	03d41513          	slli	a0,s0,0x3d
   18604:	8d5d                	or	a0,a0,a5
   18606:	00345713          	srli	a4,s0,0x3
   1860a:	00f6161b          	slliw	a2,a2,0xf
   1860e:	01071593          	slli	a1,a4,0x10
   18612:	8e55                	or	a2,a2,a3
   18614:	1642                	slli	a2,a2,0x30
   18616:	81c1                	srli	a1,a1,0x10
   18618:	8dd1                	or	a1,a1,a2
   1861a:	c099                	beqz	s1,18620 <__multf3+0x44c>
   1861c:	0014a073          	csrs	fflags,s1
   18620:	60e6                	ld	ra,88(sp)
   18622:	6446                	ld	s0,80(sp)
   18624:	64a6                	ld	s1,72(sp)
   18626:	6906                	ld	s2,64(sp)
   18628:	79e2                	ld	s3,56(sp)
   1862a:	7a42                	ld	s4,48(sp)
   1862c:	7aa2                	ld	s5,40(sp)
   1862e:	7b02                	ld	s6,32(sp)
   18630:	6be2                	ld	s7,24(sp)
   18632:	6c42                	ld	s8,16(sp)
   18634:	6ca2                	ld	s9,8(sp)
   18636:	6125                	addi	sp,sp,96
   18638:	8082                	ret
   1863a:	4789                	li	a5,2
   1863c:	02f98363          	beq	s3,a5,18662 <__multf3+0x48e>
   18640:	478d                	li	a5,3
   18642:	00f98863          	beq	s3,a5,18652 <__multf3+0x47e>
   18646:	00099763          	bnez	s3,18654 <__multf3+0x480>
   1864a:	4501                	li	a0,0
   1864c:	fff58693          	addi	a3,a1,-1
   18650:	a021                	j	18658 <__multf3+0x484>
   18652:	de65                	beqz	a2,1864a <__multf3+0x476>
   18654:	557d                	li	a0,-1
   18656:	86ba                	mv	a3,a4
   18658:	0054e493          	ori	s1,s1,5
   1865c:	2481                	sext.w	s1,s1
   1865e:	872a                	mv	a4,a0
   18660:	b76d                	j	1860a <__multf3+0x436>
   18662:	f665                	bnez	a2,1864a <__multf3+0x476>
   18664:	bfc5                	j	18654 <__multf3+0x480>
   18666:	e2cd                	bnez	a3,18708 <__multf3+0x534>
   18668:	0077f693          	andi	a3,a5,7
   1866c:	8722                	mv	a4,s0
   1866e:	ce85                	beqz	a3,186a6 <__multf3+0x4d2>
   18670:	0014e493          	ori	s1,s1,1
   18674:	4689                	li	a3,2
   18676:	2481                	sext.w	s1,s1
   18678:	02d98663          	beq	s3,a3,186a4 <__multf3+0x4d0>
   1867c:	468d                	li	a3,3
   1867e:	00d98f63          	beq	s3,a3,1869c <__multf3+0x4c8>
   18682:	02099263          	bnez	s3,186a6 <__multf3+0x4d2>
   18686:	00f7f693          	andi	a3,a5,15
   1868a:	4591                	li	a1,4
   1868c:	00b68d63          	beq	a3,a1,186a6 <__multf3+0x4d2>
   18690:	ffc7b713          	sltiu	a4,a5,-4
   18694:	00173713          	seqz	a4,a4
   18698:	9722                	add	a4,a4,s0
   1869a:	a031                	j	186a6 <__multf3+0x4d2>
   1869c:	e609                	bnez	a2,186a6 <__multf3+0x4d2>
   1869e:	ff87b713          	sltiu	a4,a5,-8
   186a2:	bfcd                	j	18694 <__multf3+0x4c0>
   186a4:	fe6d                	bnez	a2,1869e <__multf3+0x4ca>
   186a6:	03475593          	srli	a1,a4,0x34
   186aa:	8985                	andi	a1,a1,1
   186ac:	0015c593          	xori	a1,a1,1
   186b0:	4705                	li	a4,1
   186b2:	04000513          	li	a0,64
   186b6:	9d19                	subw	a0,a0,a4
   186b8:	00e7d833          	srl	a6,a5,a4
   186bc:	00a416b3          	sll	a3,s0,a0
   186c0:	00a79533          	sll	a0,a5,a0
   186c4:	0106e6b3          	or	a3,a3,a6
   186c8:	00a03533          	snez	a0,a0
   186cc:	00a6e7b3          	or	a5,a3,a0
   186d0:	00e45733          	srl	a4,s0,a4
   186d4:	0077f693          	andi	a3,a5,7
   186d8:	ceb5                	beqz	a3,18754 <__multf3+0x580>
   186da:	0014e493          	ori	s1,s1,1
   186de:	4689                	li	a3,2
   186e0:	2481                	sext.w	s1,s1
   186e2:	06d98863          	beq	s3,a3,18752 <__multf3+0x57e>
   186e6:	468d                	li	a3,3
   186e8:	06d98163          	beq	s3,a3,1874a <__multf3+0x576>
   186ec:	06099463          	bnez	s3,18754 <__multf3+0x580>
   186f0:	00f7f693          	andi	a3,a5,15
   186f4:	4511                	li	a0,4
   186f6:	04a68f63          	beq	a3,a0,18754 <__multf3+0x580>
   186fa:	00a786b3          	add	a3,a5,a0
   186fe:	00f6b533          	sltu	a0,a3,a5
   18702:	972a                	add	a4,a4,a0
   18704:	87b6                	mv	a5,a3
   18706:	a0b9                	j	18754 <__multf3+0x580>
   18708:	f8d00713          	li	a4,-115
   1870c:	06e6cf63          	blt	a3,a4,1878a <__multf3+0x5b6>
   18710:	4585                	li	a1,1
   18712:	fc200513          	li	a0,-62
   18716:	40d58733          	sub	a4,a1,a3
   1871a:	f8a6dce3          	bge	a3,a0,186b2 <__multf3+0x4de>
   1871e:	fc07059b          	addiw	a1,a4,-64
   18722:	fc100813          	li	a6,-63
   18726:	00b455b3          	srl	a1,s0,a1
   1872a:	4501                	li	a0,0
   1872c:	01068763          	beq	a3,a6,1873a <__multf3+0x566>
   18730:	08000513          	li	a0,128
   18734:	9d19                	subw	a0,a0,a4
   18736:	00a41533          	sll	a0,s0,a0
   1873a:	8d5d                	or	a0,a0,a5
   1873c:	00a03533          	snez	a0,a0
   18740:	00a5e7b3          	or	a5,a1,a0
   18744:	4701                	li	a4,0
   18746:	4585                	li	a1,1
   18748:	b771                	j	186d4 <__multf3+0x500>
   1874a:	e609                	bnez	a2,18754 <__multf3+0x580>
   1874c:	00878693          	addi	a3,a5,8
   18750:	b77d                	j	186fe <__multf3+0x52a>
   18752:	fe6d                	bnez	a2,1874c <__multf3+0x578>
   18754:	00c71693          	slli	a3,a4,0xc
   18758:	0206d263          	bgez	a3,1877c <__multf3+0x5a8>
   1875c:	0014e493          	ori	s1,s1,1
   18760:	2481                	sext.w	s1,s1
   18762:	4701                	li	a4,0
   18764:	4501                	li	a0,0
   18766:	4685                	li	a3,1
   18768:	ea0581e3          	beqz	a1,1860a <__multf3+0x436>
   1876c:	0014f793          	andi	a5,s1,1
   18770:	0017979b          	slliw	a5,a5,0x1
   18774:	8fc5                	or	a5,a5,s1
   18776:	0007849b          	sext.w	s1,a5
   1877a:	bd41                	j	1860a <__multf3+0x436>
   1877c:	03d71513          	slli	a0,a4,0x3d
   18780:	838d                	srli	a5,a5,0x3
   18782:	8d5d                	or	a0,a0,a5
   18784:	830d                	srli	a4,a4,0x3
   18786:	4681                	li	a3,0
   18788:	b7c5                	j	18768 <__multf3+0x594>
   1878a:	00f46533          	or	a0,s0,a5
   1878e:	cd11                	beqz	a0,187aa <__multf3+0x5d6>
   18790:	4789                	li	a5,2
   18792:	0014e493          	ori	s1,s1,1
   18796:	02f98463          	beq	s3,a5,187be <__multf3+0x5ea>
   1879a:	478d                	li	a5,3
   1879c:	00f98d63          	beq	s3,a5,187b6 <__multf3+0x5e2>
   187a0:	4505                	li	a0,1
   187a2:	00099363          	bnez	s3,187a8 <__multf3+0x5d4>
   187a6:	4515                	li	a0,5
   187a8:	810d                	srli	a0,a0,0x3
   187aa:	0024e493          	ori	s1,s1,2
   187ae:	2481                	sext.w	s1,s1
   187b0:	4701                	li	a4,0
   187b2:	4681                	li	a3,0
   187b4:	bd99                	j	1860a <__multf3+0x436>
   187b6:	4525                	li	a0,9
   187b8:	da65                	beqz	a2,187a8 <__multf3+0x5d4>
   187ba:	4505                	li	a0,1
   187bc:	b7f5                	j	187a8 <__multf3+0x5d4>
   187be:	4525                	li	a0,9
   187c0:	f665                	bnez	a2,187a8 <__multf3+0x5d4>
   187c2:	bfe5                	j	187ba <__multf3+0x5e6>
   187c4:	66a1                	lui	a3,0x8
   187c6:	173e                	slli	a4,a4,0x2f
   187c8:	16fd                	addi	a3,a3,-1 # 7fff <exit-0x8121>
   187ca:	4601                	li	a2,0
   187cc:	44c1                	li	s1,16
   187ce:	bd35                	j	1860a <__multf3+0x436>
   187d0:	4705                	li	a4,1
   187d2:	66a1                	lui	a3,0x8
   187d4:	173e                	slli	a4,a4,0x2f
   187d6:	4501                	li	a0,0
   187d8:	16fd                	addi	a3,a3,-1 # 7fff <exit-0x8121>
   187da:	4601                	li	a2,0
   187dc:	b53d                	j	1860a <__multf3+0x436>
   187de:	66a1                	lui	a3,0x8
   187e0:	4701                	li	a4,0
   187e2:	4501                	li	a0,0
   187e4:	16fd                	addi	a3,a3,-1 # 7fff <exit-0x8121>
   187e6:	b515                	j	1860a <__multf3+0x436>

00000000000187e8 <__subtf3>:
   187e8:	7179                	addi	sp,sp,-48
   187ea:	f406                	sd	ra,40(sp)
   187ec:	f022                	sd	s0,32(sp)
   187ee:	ec26                	sd	s1,24(sp)
   187f0:	e84a                	sd	s2,16(sp)
   187f2:	e44e                	sd	s3,8(sp)
   187f4:	e052                	sd	s4,0(sp)
   187f6:	002029f3          	frrm	s3
   187fa:	577d                	li	a4,-1
   187fc:	8341                	srli	a4,a4,0x10
   187fe:	0305d813          	srli	a6,a1,0x30
   18802:	03f5d913          	srli	s2,a1,0x3f
   18806:	8df9                	and	a1,a1,a4
   18808:	058e                	slli	a1,a1,0x3
   1880a:	03d55313          	srli	t1,a0,0x3d
   1880e:	67a1                	lui	a5,0x8
   18810:	17fd                	addi	a5,a5,-1 # 7fff <exit-0x8121>
   18812:	0306de93          	srli	t4,a3,0x30
   18816:	00b36333          	or	t1,t1,a1
   1881a:	03f6d593          	srli	a1,a3,0x3f
   1881e:	8ef9                	and	a3,a3,a4
   18820:	03d65e13          	srli	t3,a2,0x3d
   18824:	00f87833          	and	a6,a6,a5
   18828:	068e                	slli	a3,a3,0x3
   1882a:	00fefeb3          	and	t4,t4,a5
   1882e:	2981                	sext.w	s3,s3
   18830:	84c2                	mv	s1,a6
   18832:	050e                	slli	a0,a0,0x3
   18834:	00de6e33          	or	t3,t3,a3
   18838:	060e                	slli	a2,a2,0x3
   1883a:	00fe9563          	bne	t4,a5,18844 <__subtf3+0x5c>
   1883e:	00ce67b3          	or	a5,t3,a2
   18842:	e399                	bnez	a5,18848 <__subtf3+0x60>
   18844:	0015c593          	xori	a1,a1,1
   18848:	68a1                	lui	a7,0x8
   1884a:	41d807bb          	subw	a5,a6,t4
   1884e:	18fd                	addi	a7,a7,-1 # 7fff <exit-0x8121>
   18850:	33259963          	bne	a1,s2,18b82 <__subtf3+0x39a>
   18854:	0ef05a63          	blez	a5,18948 <__subtf3+0x160>
   18858:	060e9a63          	bnez	t4,188cc <__subtf3+0xe4>
   1885c:	00ce6733          	or	a4,t3,a2
   18860:	e711                	bnez	a4,1886c <__subtf3+0x84>
   18862:	862a                	mv	a2,a0
   18864:	05180763          	beq	a6,a7,188b2 <__subtf3+0xca>
   18868:	4781                	li	a5,0
   1886a:	a2dd                	j	18a50 <__subtf3+0x268>
   1886c:	37fd                	addiw	a5,a5,-1
   1886e:	e3a1                	bnez	a5,188ae <__subtf3+0xc6>
   18870:	962a                	add	a2,a2,a0
   18872:	9e1a                	add	t3,t3,t1
   18874:	00a63533          	sltu	a0,a2,a0
   18878:	00ae0333          	add	t1,t3,a0
   1887c:	00c31793          	slli	a5,t1,0xc
   18880:	0207d563          	bgez	a5,188aa <__subtf3+0xc2>
   18884:	67a1                	lui	a5,0x8
   18886:	0485                	addi	s1,s1,1
   18888:	17fd                	addi	a5,a5,-1 # 7fff <exit-0x8121>
   1888a:	2cf48863          	beq	s1,a5,18b5a <__subtf3+0x372>
   1888e:	57fd                	li	a5,-1
   18890:	17ce                	slli	a5,a5,0x33
   18892:	17fd                	addi	a5,a5,-1
   18894:	00f377b3          	and	a5,t1,a5
   18898:	00165713          	srli	a4,a2,0x1
   1889c:	8a05                	andi	a2,a2,1
   1889e:	8f51                	or	a4,a4,a2
   188a0:	03f79613          	slli	a2,a5,0x3f
   188a4:	8e59                	or	a2,a2,a4
   188a6:	0017d313          	srli	t1,a5,0x1
   188aa:	4781                	li	a5,0
   188ac:	aca1                	j	18b04 <__subtf3+0x31c>
   188ae:	03181563          	bne	a6,a7,188d8 <__subtf3+0xf0>
   188b2:	00a36633          	or	a2,t1,a0
   188b6:	70060063          	beqz	a2,18fb6 <__subtf3+0x7ce>
   188ba:	03235793          	srli	a5,t1,0x32
   188be:	8b85                	andi	a5,a5,1
   188c0:	0017c793          	xori	a5,a5,1
   188c4:	0047979b          	slliw	a5,a5,0x4
   188c8:	862a                	mv	a2,a0
   188ca:	a259                	j	18a50 <__subtf3+0x268>
   188cc:	ff1803e3          	beq	a6,a7,188b2 <__subtf3+0xca>
   188d0:	4705                	li	a4,1
   188d2:	174e                	slli	a4,a4,0x33
   188d4:	00ee6e33          	or	t3,t3,a4
   188d8:	07400713          	li	a4,116
   188dc:	06f74163          	blt	a4,a5,1893e <__subtf3+0x156>
   188e0:	03f00713          	li	a4,63
   188e4:	02f74963          	blt	a4,a5,18916 <__subtf3+0x12e>
   188e8:	04000693          	li	a3,64
   188ec:	9e9d                	subw	a3,a3,a5
   188ee:	00de1733          	sll	a4,t3,a3
   188f2:	00f655b3          	srl	a1,a2,a5
   188f6:	00d616b3          	sll	a3,a2,a3
   188fa:	8f4d                	or	a4,a4,a1
   188fc:	00d036b3          	snez	a3,a3
   18900:	8f55                	or	a4,a4,a3
   18902:	00fe57b3          	srl	a5,t3,a5
   18906:	00a70633          	add	a2,a4,a0
   1890a:	979a                	add	a5,a5,t1
   1890c:	00e63733          	sltu	a4,a2,a4
   18910:	00e78333          	add	t1,a5,a4
   18914:	b7a5                	j	1887c <__subtf3+0x94>
   18916:	fc07871b          	addiw	a4,a5,-64
   1891a:	04000593          	li	a1,64
   1891e:	00ee5733          	srl	a4,t3,a4
   18922:	4681                	li	a3,0
   18924:	00b78763          	beq	a5,a1,18932 <__subtf3+0x14a>
   18928:	08000693          	li	a3,128
   1892c:	9e9d                	subw	a3,a3,a5
   1892e:	00de16b3          	sll	a3,t3,a3
   18932:	8ed1                	or	a3,a3,a2
   18934:	00d036b3          	snez	a3,a3
   18938:	8f55                	or	a4,a4,a3
   1893a:	4781                	li	a5,0
   1893c:	b7e9                	j	18906 <__subtf3+0x11e>
   1893e:	00ce6733          	or	a4,t3,a2
   18942:	00e03733          	snez	a4,a4
   18946:	bfd5                	j	1893a <__subtf3+0x152>
   18948:	c7e1                	beqz	a5,18a10 <__subtf3+0x228>
   1894a:	08081163          	bnez	a6,189cc <__subtf3+0x1e4>
   1894e:	00a36733          	or	a4,t1,a0
   18952:	e30d                	bnez	a4,18974 <__subtf3+0x18c>
   18954:	671e9363          	bne	t4,a7,18fba <__subtf3+0x7d2>
   18958:	00ce6333          	or	t1,t3,a2
   1895c:	66030363          	beqz	t1,18fc2 <__subtf3+0x7da>
   18960:	032e5793          	srli	a5,t3,0x32
   18964:	8b85                	andi	a5,a5,1
   18966:	0017c793          	xori	a5,a5,1
   1896a:	0047979b          	slliw	a5,a5,0x4
   1896e:	8372                	mv	t1,t3
   18970:	84f6                	mv	s1,t4
   18972:	a8f9                	j	18a50 <__subtf3+0x268>
   18974:	fff7c793          	not	a5,a5
   18978:	2781                	sext.w	a5,a5
   1897a:	eb89                	bnez	a5,1898c <__subtf3+0x1a4>
   1897c:	962a                	add	a2,a2,a0
   1897e:	9e1a                	add	t3,t3,t1
   18980:	00a63533          	sltu	a0,a2,a0
   18984:	00ae0333          	add	t1,t3,a0
   18988:	84f6                	mv	s1,t4
   1898a:	bdcd                	j	1887c <__subtf3+0x94>
   1898c:	fd1e86e3          	beq	t4,a7,18958 <__subtf3+0x170>
   18990:	07400713          	li	a4,116
   18994:	06f74963          	blt	a4,a5,18a06 <__subtf3+0x21e>
   18998:	03f00713          	li	a4,63
   1899c:	04f74163          	blt	a4,a5,189de <__subtf3+0x1f6>
   189a0:	04000693          	li	a3,64
   189a4:	9e9d                	subw	a3,a3,a5
   189a6:	00d31733          	sll	a4,t1,a3
   189aa:	00f555b3          	srl	a1,a0,a5
   189ae:	00d516b3          	sll	a3,a0,a3
   189b2:	8f4d                	or	a4,a4,a1
   189b4:	00d036b3          	snez	a3,a3
   189b8:	8f55                	or	a4,a4,a3
   189ba:	00f357b3          	srl	a5,t1,a5
   189be:	963a                	add	a2,a2,a4
   189c0:	97f2                	add	a5,a5,t3
   189c2:	00e63733          	sltu	a4,a2,a4
   189c6:	00e78333          	add	t1,a5,a4
   189ca:	bf7d                	j	18988 <__subtf3+0x1a0>
   189cc:	f91e86e3          	beq	t4,a7,18958 <__subtf3+0x170>
   189d0:	4705                	li	a4,1
   189d2:	174e                	slli	a4,a4,0x33
   189d4:	40f007bb          	negw	a5,a5
   189d8:	00e36333          	or	t1,t1,a4
   189dc:	bf55                	j	18990 <__subtf3+0x1a8>
   189de:	fc07871b          	addiw	a4,a5,-64
   189e2:	04000593          	li	a1,64
   189e6:	00e35733          	srl	a4,t1,a4
   189ea:	4681                	li	a3,0
   189ec:	00b78763          	beq	a5,a1,189fa <__subtf3+0x212>
   189f0:	08000693          	li	a3,128
   189f4:	9e9d                	subw	a3,a3,a5
   189f6:	00d316b3          	sll	a3,t1,a3
   189fa:	8ec9                	or	a3,a3,a0
   189fc:	00d036b3          	snez	a3,a3
   18a00:	8f55                	or	a4,a4,a3
   18a02:	4781                	li	a5,0
   18a04:	bf6d                	j	189be <__subtf3+0x1d6>
   18a06:	00a36733          	or	a4,t1,a0
   18a0a:	00e03733          	snez	a4,a4
   18a0e:	bfd5                	j	18a02 <__subtf3+0x21a>
   18a10:	00180713          	addi	a4,a6,1
   18a14:	03171693          	slli	a3,a4,0x31
   18a18:	92c9                	srli	a3,a3,0x32
   18a1a:	e6f9                	bnez	a3,18ae8 <__subtf3+0x300>
   18a1c:	00a36733          	or	a4,t1,a0
   18a20:	08081363          	bnez	a6,18aa6 <__subtf3+0x2be>
   18a24:	4e070663          	beqz	a4,18f10 <__subtf3+0x728>
   18a28:	00ce6733          	or	a4,t3,a2
   18a2c:	4e070663          	beqz	a4,18f18 <__subtf3+0x730>
   18a30:	962a                	add	a2,a2,a0
   18a32:	9e1a                	add	t3,t3,t1
   18a34:	00a63533          	sltu	a0,a2,a0
   18a38:	00ae0333          	add	t1,t3,a0
   18a3c:	00c31713          	slli	a4,t1,0xc
   18a40:	40075863          	bgez	a4,18e50 <__subtf3+0x668>
   18a44:	577d                	li	a4,-1
   18a46:	174e                	slli	a4,a4,0x33
   18a48:	177d                	addi	a4,a4,-1
   18a4a:	00e37333          	and	t1,t1,a4
   18a4e:	4485                	li	s1,1
   18a50:	6721                	lui	a4,0x8
   18a52:	03d31513          	slli	a0,t1,0x3d
   18a56:	820d                	srli	a2,a2,0x3
   18a58:	177d                	addi	a4,a4,-1 # 7fff <exit-0x8121>
   18a5a:	8d51                	or	a0,a0,a2
   18a5c:	00335313          	srli	t1,t1,0x3
   18a60:	00e49a63          	bne	s1,a4,18a74 <__subtf3+0x28c>
   18a64:	00656533          	or	a0,a0,t1
   18a68:	4301                	li	t1,0
   18a6a:	c509                	beqz	a0,18a74 <__subtf3+0x28c>
   18a6c:	4305                	li	t1,1
   18a6e:	133e                	slli	t1,t1,0x2f
   18a70:	4501                	li	a0,0
   18a72:	4901                	li	s2,0
   18a74:	03149713          	slli	a4,s1,0x31
   18a78:	00197913          	andi	s2,s2,1
   18a7c:	9345                	srli	a4,a4,0x31
   18a7e:	093e                	slli	s2,s2,0xf
   18a80:	01031593          	slli	a1,t1,0x10
   18a84:	00e96933          	or	s2,s2,a4
   18a88:	1942                	slli	s2,s2,0x30
   18a8a:	81c1                	srli	a1,a1,0x10
   18a8c:	0125e5b3          	or	a1,a1,s2
   18a90:	c399                	beqz	a5,18a96 <__subtf3+0x2ae>
   18a92:	0017a073          	csrs	fflags,a5
   18a96:	70a2                	ld	ra,40(sp)
   18a98:	7402                	ld	s0,32(sp)
   18a9a:	64e2                	ld	s1,24(sp)
   18a9c:	6942                	ld	s2,16(sp)
   18a9e:	69a2                	ld	s3,8(sp)
   18aa0:	6a02                	ld	s4,0(sp)
   18aa2:	6145                	addi	sp,sp,48
   18aa4:	8082                	ret
   18aa6:	03181563          	bne	a6,a7,18ad0 <__subtf3+0x2e8>
   18aaa:	c31d                	beqz	a4,18ad0 <__subtf3+0x2e8>
   18aac:	03235793          	srli	a5,t1,0x32
   18ab0:	8b85                	andi	a5,a5,1
   18ab2:	0017c793          	xori	a5,a5,1
   18ab6:	0047979b          	slliw	a5,a5,0x4
   18aba:	030e9163          	bne	t4,a6,18adc <__subtf3+0x2f4>
   18abe:	00ce66b3          	or	a3,t3,a2
   18ac2:	ca99                	beqz	a3,18ad8 <__subtf3+0x2f0>
   18ac4:	00de1693          	slli	a3,t3,0xd
   18ac8:	0006c863          	bltz	a3,18ad8 <__subtf3+0x2f0>
   18acc:	47c1                	li	a5,16
   18ace:	a029                	j	18ad8 <__subtf3+0x2f0>
   18ad0:	66a1                	lui	a3,0x8
   18ad2:	16fd                	addi	a3,a3,-1 # 7fff <exit-0x8121>
   18ad4:	fede85e3          	beq	t4,a3,18abe <__subtf3+0x2d6>
   18ad8:	2e070263          	beqz	a4,18dbc <__subtf3+0x5d4>
   18adc:	00ce6e33          	or	t3,t3,a2
   18ae0:	2e0e1563          	bnez	t3,18dca <__subtf3+0x5e2>
   18ae4:	862a                	mv	a2,a0
   18ae6:	ace1                	j	18dbe <__subtf3+0x5d6>
   18ae8:	03170063          	beq	a4,a7,18b08 <__subtf3+0x320>
   18aec:	962a                	add	a2,a2,a0
   18aee:	9e1a                	add	t3,t3,t1
   18af0:	00a63533          	sltu	a0,a2,a0
   18af4:	9e2a                	add	t3,t3,a0
   18af6:	03fe1693          	slli	a3,t3,0x3f
   18afa:	8205                	srli	a2,a2,0x1
   18afc:	8e55                	or	a2,a2,a3
   18afe:	001e5313          	srli	t1,t3,0x1
   18b02:	84ba                	mv	s1,a4
   18b04:	4701                	li	a4,0
   18b06:	ae49                	j	18e98 <__subtf3+0x6b0>
   18b08:	4a098563          	beqz	s3,18fb2 <__subtf3+0x7ca>
   18b0c:	468d                	li	a3,3
   18b0e:	02d99a63          	bne	s3,a3,18b42 <__subtf3+0x35a>
   18b12:	4a090063          	beqz	s2,18fb2 <__subtf3+0x7ca>
   18b16:	64a1                	lui	s1,0x8
   18b18:	14f9                	addi	s1,s1,-2 # 7ffe <exit-0x8122>
   18b1a:	567d                	li	a2,-1
   18b1c:	8332                	mv	t1,a2
   18b1e:	4715                	li	a4,5
   18b20:	468d                	li	a3,3
   18b22:	40d98d63          	beq	s3,a3,18f3c <__subtf3+0x754>
   18b26:	42099363          	bnez	s3,18f4c <__subtf3+0x764>
   18b2a:	00f67693          	andi	a3,a2,15
   18b2e:	4591                	li	a1,4
   18b30:	40b68e63          	beq	a3,a1,18f4c <__subtf3+0x764>
   18b34:	00b606b3          	add	a3,a2,a1
   18b38:	00c6b5b3          	sltu	a1,a3,a2
   18b3c:	932e                	add	t1,t1,a1
   18b3e:	8636                	mv	a2,a3
   18b40:	a131                	j	18f4c <__subtf3+0x764>
   18b42:	4789                	li	a5,2
   18b44:	42f99a63          	bne	s3,a5,18f78 <__subtf3+0x790>
   18b48:	46091563          	bnez	s2,18fb2 <__subtf3+0x7ca>
   18b4c:	64a1                	lui	s1,0x8
   18b4e:	567d                	li	a2,-1
   18b50:	14f9                	addi	s1,s1,-2 # 7ffe <exit-0x8122>
   18b52:	8332                	mv	t1,a2
   18b54:	4715                	li	a4,5
   18b56:	87ba                	mv	a5,a4
   18b58:	a109                	j	18f5a <__subtf3+0x772>
   18b5a:	02098063          	beqz	s3,18b7a <__subtf3+0x392>
   18b5e:	478d                	li	a5,3
   18b60:	00f99863          	bne	s3,a5,18b70 <__subtf3+0x388>
   18b64:	00090b63          	beqz	s2,18b7a <__subtf3+0x392>
   18b68:	64a1                	lui	s1,0x8
   18b6a:	14f9                	addi	s1,s1,-2 # 7ffe <exit-0x8122>
   18b6c:	4781                	li	a5,0
   18b6e:	b775                	j	18b1a <__subtf3+0x332>
   18b70:	4789                	li	a5,2
   18b72:	40f99363          	bne	s3,a5,18f78 <__subtf3+0x790>
   18b76:	fc090be3          	beqz	s2,18b4c <__subtf3+0x364>
   18b7a:	4301                	li	t1,0
   18b7c:	4601                	li	a2,0
   18b7e:	4795                	li	a5,5
   18b80:	bdc1                	j	18a50 <__subtf3+0x268>
   18b82:	0af05d63          	blez	a5,18c3c <__subtf3+0x454>
   18b86:	060e9b63          	bnez	t4,18bfc <__subtf3+0x414>
   18b8a:	00ce6733          	or	a4,t3,a2
   18b8e:	cc070ae3          	beqz	a4,18862 <__subtf3+0x7a>
   18b92:	37fd                	addiw	a5,a5,-1
   18b94:	e395                	bnez	a5,18bb8 <__subtf3+0x3d0>
   18b96:	40c50633          	sub	a2,a0,a2
   18b9a:	41c30e33          	sub	t3,t1,t3
   18b9e:	00c53533          	sltu	a0,a0,a2
   18ba2:	40ae0333          	sub	t1,t3,a0
   18ba6:	00c31793          	slli	a5,t1,0xc
   18baa:	d007d0e3          	bgez	a5,188aa <__subtf3+0xc2>
   18bae:	00d31413          	slli	s0,t1,0xd
   18bb2:	8035                	srli	s0,s0,0xd
   18bb4:	8a32                	mv	s4,a2
   18bb6:	a499                	j	18dfc <__subtf3+0x614>
   18bb8:	cf180de3          	beq	a6,a7,188b2 <__subtf3+0xca>
   18bbc:	07400713          	li	a4,116
   18bc0:	06f74963          	blt	a4,a5,18c32 <__subtf3+0x44a>
   18bc4:	03f00713          	li	a4,63
   18bc8:	04f74163          	blt	a4,a5,18c0a <__subtf3+0x422>
   18bcc:	04000693          	li	a3,64
   18bd0:	9e9d                	subw	a3,a3,a5
   18bd2:	00de1733          	sll	a4,t3,a3
   18bd6:	00f655b3          	srl	a1,a2,a5
   18bda:	00d616b3          	sll	a3,a2,a3
   18bde:	8f4d                	or	a4,a4,a1
   18be0:	00d036b3          	snez	a3,a3
   18be4:	8f55                	or	a4,a4,a3
   18be6:	00fe57b3          	srl	a5,t3,a5
   18bea:	40e50633          	sub	a2,a0,a4
   18bee:	40f307b3          	sub	a5,t1,a5
   18bf2:	00c53533          	sltu	a0,a0,a2
   18bf6:	40a78333          	sub	t1,a5,a0
   18bfa:	b775                	j	18ba6 <__subtf3+0x3be>
   18bfc:	cb180be3          	beq	a6,a7,188b2 <__subtf3+0xca>
   18c00:	4705                	li	a4,1
   18c02:	174e                	slli	a4,a4,0x33
   18c04:	00ee6e33          	or	t3,t3,a4
   18c08:	bf55                	j	18bbc <__subtf3+0x3d4>
   18c0a:	fc07871b          	addiw	a4,a5,-64
   18c0e:	04000593          	li	a1,64
   18c12:	00ee5733          	srl	a4,t3,a4
   18c16:	4681                	li	a3,0
   18c18:	00b78763          	beq	a5,a1,18c26 <__subtf3+0x43e>
   18c1c:	08000693          	li	a3,128
   18c20:	9e9d                	subw	a3,a3,a5
   18c22:	00de16b3          	sll	a3,t3,a3
   18c26:	8ed1                	or	a3,a3,a2
   18c28:	00d036b3          	snez	a3,a3
   18c2c:	8f55                	or	a4,a4,a3
   18c2e:	4781                	li	a5,0
   18c30:	bf6d                	j	18bea <__subtf3+0x402>
   18c32:	00ce6733          	or	a4,t3,a2
   18c36:	00e03733          	snez	a4,a4
   18c3a:	bfd5                	j	18c2e <__subtf3+0x446>
   18c3c:	cfe1                	beqz	a5,18d14 <__subtf3+0x52c>
   18c3e:	08081963          	bnez	a6,18cd0 <__subtf3+0x4e8>
   18c42:	00a36733          	or	a4,t1,a0
   18c46:	e30d                	bnez	a4,18c68 <__subtf3+0x480>
   18c48:	892e                	mv	s2,a1
   18c4a:	371e9863          	bne	t4,a7,18fba <__subtf3+0x7d2>
   18c4e:	00ce6333          	or	t1,t3,a2
   18c52:	36030763          	beqz	t1,18fc0 <__subtf3+0x7d8>
   18c56:	032e5793          	srli	a5,t3,0x32
   18c5a:	8b85                	andi	a5,a5,1
   18c5c:	0017c793          	xori	a5,a5,1
   18c60:	0047979b          	slliw	a5,a5,0x4
   18c64:	892e                	mv	s2,a1
   18c66:	b321                	j	1896e <__subtf3+0x186>
   18c68:	fff7c793          	not	a5,a5
   18c6c:	2781                	sext.w	a5,a5
   18c6e:	ef89                	bnez	a5,18c88 <__subtf3+0x4a0>
   18c70:	40a60533          	sub	a0,a2,a0
   18c74:	00a637b3          	sltu	a5,a2,a0
   18c78:	406e0e33          	sub	t3,t3,t1
   18c7c:	862a                	mv	a2,a0
   18c7e:	40fe0333          	sub	t1,t3,a5
   18c82:	84f6                	mv	s1,t4
   18c84:	892e                	mv	s2,a1
   18c86:	b705                	j	18ba6 <__subtf3+0x3be>
   18c88:	fd1e83e3          	beq	t4,a7,18c4e <__subtf3+0x466>
   18c8c:	07400713          	li	a4,116
   18c90:	06f74d63          	blt	a4,a5,18d0a <__subtf3+0x522>
   18c94:	03f00713          	li	a4,63
   18c98:	04f74563          	blt	a4,a5,18ce2 <__subtf3+0x4fa>
   18c9c:	04000693          	li	a3,64
   18ca0:	9e9d                	subw	a3,a3,a5
   18ca2:	00d31733          	sll	a4,t1,a3
   18ca6:	00f55833          	srl	a6,a0,a5
   18caa:	00d516b3          	sll	a3,a0,a3
   18cae:	01076733          	or	a4,a4,a6
   18cb2:	00d036b3          	snez	a3,a3
   18cb6:	8f55                	or	a4,a4,a3
   18cb8:	00f357b3          	srl	a5,t1,a5
   18cbc:	40e60733          	sub	a4,a2,a4
   18cc0:	00e63333          	sltu	t1,a2,a4
   18cc4:	40fe07b3          	sub	a5,t3,a5
   18cc8:	863a                	mv	a2,a4
   18cca:	40678333          	sub	t1,a5,t1
   18cce:	bf55                	j	18c82 <__subtf3+0x49a>
   18cd0:	f71e8fe3          	beq	t4,a7,18c4e <__subtf3+0x466>
   18cd4:	4705                	li	a4,1
   18cd6:	174e                	slli	a4,a4,0x33
   18cd8:	40f007bb          	negw	a5,a5
   18cdc:	00e36333          	or	t1,t1,a4
   18ce0:	b775                	j	18c8c <__subtf3+0x4a4>
   18ce2:	fc07871b          	addiw	a4,a5,-64
   18ce6:	04000813          	li	a6,64
   18cea:	00e35733          	srl	a4,t1,a4
   18cee:	4681                	li	a3,0
   18cf0:	01078763          	beq	a5,a6,18cfe <__subtf3+0x516>
   18cf4:	08000693          	li	a3,128
   18cf8:	9e9d                	subw	a3,a3,a5
   18cfa:	00d316b3          	sll	a3,t1,a3
   18cfe:	8ec9                	or	a3,a3,a0
   18d00:	00d036b3          	snez	a3,a3
   18d04:	8f55                	or	a4,a4,a3
   18d06:	4781                	li	a5,0
   18d08:	bf55                	j	18cbc <__subtf3+0x4d4>
   18d0a:	00a36733          	or	a4,t1,a0
   18d0e:	00e03733          	snez	a4,a4
   18d12:	bfd5                	j	18d06 <__subtf3+0x51e>
   18d14:	00180713          	addi	a4,a6,1
   18d18:	03171693          	slli	a3,a4,0x31
   18d1c:	92c9                	srli	a3,a3,0x32
   18d1e:	eadd                	bnez	a3,18dd4 <__subtf3+0x5ec>
   18d20:	00ce6733          	or	a4,t3,a2
   18d24:	00a366b3          	or	a3,t1,a0
   18d28:	04081f63          	bnez	a6,18d86 <__subtf3+0x59e>
   18d2c:	ea91                	bnez	a3,18d40 <__subtf3+0x558>
   18d2e:	1e071363          	bnez	a4,18f14 <__subtf3+0x72c>
   18d32:	ffe98913          	addi	s2,s3,-2
   18d36:	00193913          	seqz	s2,s2
   18d3a:	4301                	li	t1,0
   18d3c:	4601                	li	a2,0
   18d3e:	bb09                	j	18a50 <__subtf3+0x268>
   18d40:	1c070c63          	beqz	a4,18f18 <__subtf3+0x730>
   18d44:	40c506b3          	sub	a3,a0,a2
   18d48:	00d53833          	sltu	a6,a0,a3
   18d4c:	41c30733          	sub	a4,t1,t3
   18d50:	41070733          	sub	a4,a4,a6
   18d54:	00c71813          	slli	a6,a4,0xc
   18d58:	00085d63          	bgez	a6,18d72 <__subtf3+0x58a>
   18d5c:	40a60533          	sub	a0,a2,a0
   18d60:	00a637b3          	sltu	a5,a2,a0
   18d64:	406e0e33          	sub	t3,t3,t1
   18d68:	862a                	mv	a2,a0
   18d6a:	40fe0333          	sub	t1,t3,a5
   18d6e:	892e                	mv	s2,a1
   18d70:	a0c5                	j	18e50 <__subtf3+0x668>
   18d72:	00e6e633          	or	a2,a3,a4
   18d76:	1a061363          	bnez	a2,18f1c <__subtf3+0x734>
   18d7a:	ffe98913          	addi	s2,s3,-2
   18d7e:	00193913          	seqz	s2,s2
   18d82:	4301                	li	t1,0
   18d84:	b1f1                	j	18a50 <__subtf3+0x268>
   18d86:	03181563          	bne	a6,a7,18db0 <__subtf3+0x5c8>
   18d8a:	24068a63          	beqz	a3,18fde <__subtf3+0x7f6>
   18d8e:	03235793          	srli	a5,t1,0x32
   18d92:	8b85                	andi	a5,a5,1
   18d94:	0017c793          	xori	a5,a5,1
   18d98:	0047979b          	slliw	a5,a5,0x4
   18d9c:	030e9563          	bne	t4,a6,18dc6 <__subtf3+0x5de>
   18da0:	cb11                	beqz	a4,18db4 <__subtf3+0x5cc>
   18da2:	00de1813          	slli	a6,t3,0xd
   18da6:	00084763          	bltz	a6,18db4 <__subtf3+0x5cc>
   18daa:	47c1                	li	a5,16
   18dac:	c699                	beqz	a3,18dba <__subtf3+0x5d2>
   18dae:	a831                	j	18dca <__subtf3+0x5e2>
   18db0:	ff1e88e3          	beq	t4,a7,18da0 <__subtf3+0x5b8>
   18db4:	ea89                	bnez	a3,18dc6 <__subtf3+0x5de>
   18db6:	20070863          	beqz	a4,18fc6 <__subtf3+0x7de>
   18dba:	892e                	mv	s2,a1
   18dbc:	8372                	mv	t1,t3
   18dbe:	6721                	lui	a4,0x8
   18dc0:	fff70493          	addi	s1,a4,-1 # 7fff <exit-0x8121>
   18dc4:	b171                	j	18a50 <__subtf3+0x268>
   18dc6:	d0070fe3          	beqz	a4,18ae4 <__subtf3+0x2fc>
   18dca:	4305                	li	t1,1
   18dcc:	4901                	li	s2,0
   18dce:	134a                	slli	t1,t1,0x32
   18dd0:	4601                	li	a2,0
   18dd2:	b7f5                	j	18dbe <__subtf3+0x5d6>
   18dd4:	40c50733          	sub	a4,a0,a2
   18dd8:	00e536b3          	sltu	a3,a0,a4
   18ddc:	41c30433          	sub	s0,t1,t3
   18de0:	8c15                	sub	s0,s0,a3
   18de2:	00c41693          	slli	a3,s0,0xc
   18de6:	8a3a                	mv	s4,a4
   18de8:	0c06d063          	bgez	a3,18ea8 <__subtf3+0x6c0>
   18dec:	40a60a33          	sub	s4,a2,a0
   18df0:	406e0433          	sub	s0,t3,t1
   18df4:	01463633          	sltu	a2,a2,s4
   18df8:	8c11                	sub	s0,s0,a2
   18dfa:	892e                	mv	s2,a1
   18dfc:	c061                	beqz	s0,18ebc <__subtf3+0x6d4>
   18dfe:	8522                	mv	a0,s0
   18e00:	3ec000ef          	jal	191ec <__clzdi2>
   18e04:	ff45061b          	addiw	a2,a0,-12
   18e08:	04000313          	li	t1,64
   18e0c:	40c3033b          	subw	t1,t1,a2
   18e10:	00c41433          	sll	s0,s0,a2
   18e14:	006a5333          	srl	t1,s4,t1
   18e18:	00836333          	or	t1,t1,s0
   18e1c:	00ca1433          	sll	s0,s4,a2
   18e20:	0e964063          	blt	a2,s1,18f00 <__subtf3+0x718>
   18e24:	9e05                	subw	a2,a2,s1
   18e26:	0016071b          	addiw	a4,a2,1 # 8001 <exit-0x811f>
   18e2a:	03f00793          	li	a5,63
   18e2e:	0ae7c563          	blt	a5,a4,18ed8 <__subtf3+0x6f0>
   18e32:	04000793          	li	a5,64
   18e36:	9f99                	subw	a5,a5,a4
   18e38:	00f31633          	sll	a2,t1,a5
   18e3c:	00e456b3          	srl	a3,s0,a4
   18e40:	00f417b3          	sll	a5,s0,a5
   18e44:	8e55                	or	a2,a2,a3
   18e46:	00f037b3          	snez	a5,a5
   18e4a:	8e5d                	or	a2,a2,a5
   18e4c:	00e35333          	srl	t1,t1,a4
   18e50:	00c367b3          	or	a5,t1,a2
   18e54:	18078263          	beqz	a5,18fd8 <__subtf3+0x7f0>
   18e58:	00161693          	slli	a3,a2,0x1
   18e5c:	03f65713          	srli	a4,a2,0x3f
   18e60:	00131793          	slli	a5,t1,0x1
   18e64:	0076f593          	andi	a1,a3,7
   18e68:	97ba                	add	a5,a5,a4
   18e6a:	4701                	li	a4,0
   18e6c:	c18d                	beqz	a1,18e8e <__subtf3+0x6a6>
   18e6e:	4709                	li	a4,2
   18e70:	0ce98263          	beq	s3,a4,18f34 <__subtf3+0x74c>
   18e74:	470d                	li	a4,3
   18e76:	0ae98663          	beq	s3,a4,18f22 <__subtf3+0x73a>
   18e7a:	4705                	li	a4,1
   18e7c:	00099963          	bnez	s3,18e8e <__subtf3+0x6a6>
   18e80:	00f6f593          	andi	a1,a3,15
   18e84:	4511                	li	a0,4
   18e86:	ffc6b693          	sltiu	a3,a3,-4
   18e8a:	0aa59163          	bne	a1,a0,18f2c <__subtf3+0x744>
   18e8e:	93d1                	srli	a5,a5,0x34
   18e90:	8b85                	andi	a5,a5,1
   18e92:	0017c793          	xori	a5,a5,1
   18e96:	4481                	li	s1,0
   18e98:	00767693          	andi	a3,a2,7
   18e9c:	cac5                	beqz	a3,18f4c <__subtf3+0x764>
   18e9e:	4709                	li	a4,2
   18ea0:	0ae98363          	beq	s3,a4,18f46 <__subtf3+0x75e>
   18ea4:	4705                	li	a4,1
   18ea6:	b9ad                	j	18b20 <__subtf3+0x338>
   18ea8:	00876633          	or	a2,a4,s0
   18eac:	fa21                	bnez	a2,18dfc <__subtf3+0x614>
   18eae:	ffe98913          	addi	s2,s3,-2
   18eb2:	00193913          	seqz	s2,s2
   18eb6:	4301                	li	t1,0
   18eb8:	4481                	li	s1,0
   18eba:	be59                	j	18a50 <__subtf3+0x268>
   18ebc:	8552                	mv	a0,s4
   18ebe:	32e000ef          	jal	191ec <__clzdi2>
   18ec2:	0345061b          	addiw	a2,a0,52
   18ec6:	03f00793          	li	a5,63
   18eca:	f2c7dfe3          	bge	a5,a2,18e08 <__subtf3+0x620>
   18ece:	ff45031b          	addiw	t1,a0,-12
   18ed2:	006a1333          	sll	t1,s4,t1
   18ed6:	b7a9                	j	18e20 <__subtf3+0x638>
   18ed8:	fc16061b          	addiw	a2,a2,-63
   18edc:	04000693          	li	a3,64
   18ee0:	00c35633          	srl	a2,t1,a2
   18ee4:	4781                	li	a5,0
   18ee6:	00d70763          	beq	a4,a3,18ef4 <__subtf3+0x70c>
   18eea:	08000793          	li	a5,128
   18eee:	9f99                	subw	a5,a5,a4
   18ef0:	00f317b3          	sll	a5,t1,a5
   18ef4:	8fc1                	or	a5,a5,s0
   18ef6:	00f037b3          	snez	a5,a5
   18efa:	8e5d                	or	a2,a2,a5
   18efc:	4301                	li	t1,0
   18efe:	bf89                	j	18e50 <__subtf3+0x668>
   18f00:	57fd                	li	a5,-1
   18f02:	17ce                	slli	a5,a5,0x33
   18f04:	17fd                	addi	a5,a5,-1
   18f06:	8c91                	sub	s1,s1,a2
   18f08:	00f37333          	and	t1,t1,a5
   18f0c:	8622                	mv	a2,s0
   18f0e:	ba71                	j	188aa <__subtf3+0xc2>
   18f10:	8372                	mv	t1,t3
   18f12:	bf3d                	j	18e50 <__subtf3+0x668>
   18f14:	8372                	mv	t1,t3
   18f16:	bda1                	j	18d6e <__subtf3+0x586>
   18f18:	862a                	mv	a2,a0
   18f1a:	bf1d                	j	18e50 <__subtf3+0x668>
   18f1c:	833a                	mv	t1,a4
   18f1e:	8636                	mv	a2,a3
   18f20:	bf05                	j	18e50 <__subtf3+0x668>
   18f22:	4705                	li	a4,1
   18f24:	f60915e3          	bnez	s2,18e8e <__subtf3+0x6a6>
   18f28:	ff86b693          	sltiu	a3,a3,-8
   18f2c:	0016b693          	seqz	a3,a3
   18f30:	97b6                	add	a5,a5,a3
   18f32:	bfb1                	j	18e8e <__subtf3+0x6a6>
   18f34:	4705                	li	a4,1
   18f36:	f4090ce3          	beqz	s2,18e8e <__subtf3+0x6a6>
   18f3a:	b7fd                	j	18f28 <__subtf3+0x740>
   18f3c:	00091863          	bnez	s2,18f4c <__subtf3+0x764>
   18f40:	00860693          	addi	a3,a2,8
   18f44:	bed5                	j	18b38 <__subtf3+0x350>
   18f46:	4705                	li	a4,1
   18f48:	fe091ce3          	bnez	s2,18f40 <__subtf3+0x758>
   18f4c:	c00785e3          	beqz	a5,18b56 <__subtf3+0x36e>
   18f50:	00177793          	andi	a5,a4,1
   18f54:	0017979b          	slliw	a5,a5,0x1
   18f58:	8fd9                	or	a5,a5,a4
   18f5a:	00c31713          	slli	a4,t1,0xc
   18f5e:	ae0759e3          	bgez	a4,18a50 <__subtf3+0x268>
   18f62:	6721                	lui	a4,0x8
   18f64:	0485                	addi	s1,s1,1
   18f66:	177d                	addi	a4,a4,-1 # 7fff <exit-0x8121>
   18f68:	00e48e63          	beq	s1,a4,18f84 <__subtf3+0x79c>
   18f6c:	577d                	li	a4,-1
   18f6e:	174e                	slli	a4,a4,0x33
   18f70:	177d                	addi	a4,a4,-1
   18f72:	00e37333          	and	t1,t1,a4
   18f76:	bce9                	j	18a50 <__subtf3+0x268>
   18f78:	64a1                	lui	s1,0x8
   18f7a:	537d                	li	t1,-1
   18f7c:	14f9                	addi	s1,s1,-2 # 7ffe <exit-0x8122>
   18f7e:	861a                	mv	a2,t1
   18f80:	4795                	li	a5,5
   18f82:	bfe1                	j	18f5a <__subtf3+0x772>
   18f84:	4601                	li	a2,0
   18f86:	02098163          	beqz	s3,18fa8 <__subtf3+0x7c0>
   18f8a:	470d                	li	a4,3
   18f8c:	00e99863          	bne	s3,a4,18f9c <__subtf3+0x7b4>
   18f90:	00090c63          	beqz	s2,18fa8 <__subtf3+0x7c0>
   18f94:	64a1                	lui	s1,0x8
   18f96:	567d                	li	a2,-1
   18f98:	14f9                	addi	s1,s1,-2 # 7ffe <exit-0x8122>
   18f9a:	a039                	j	18fa8 <__subtf3+0x7c0>
   18f9c:	ffe98693          	addi	a3,s3,-2
   18fa0:	faf5                	bnez	a3,18f94 <__subtf3+0x7ac>
   18fa2:	00197713          	andi	a4,s2,1
   18fa6:	d77d                	beqz	a4,18f94 <__subtf3+0x7ac>
   18fa8:	0057e793          	ori	a5,a5,5
   18fac:	2781                	sext.w	a5,a5
   18fae:	8332                	mv	t1,a2
   18fb0:	b445                	j	18a50 <__subtf3+0x268>
   18fb2:	84ba                	mv	s1,a4
   18fb4:	b6d9                	j	18b7a <__subtf3+0x392>
   18fb6:	4301                	li	t1,0
   18fb8:	b845                	j	18868 <__subtf3+0x80>
   18fba:	8372                	mv	t1,t3
   18fbc:	84f6                	mv	s1,t4
   18fbe:	b06d                	j	18868 <__subtf3+0x80>
   18fc0:	892e                	mv	s2,a1
   18fc2:	4601                	li	a2,0
   18fc4:	bfe5                	j	18fbc <__subtf3+0x7d4>
   18fc6:	4305                	li	t1,1
   18fc8:	6721                	lui	a4,0x8
   18fca:	4901                	li	s2,0
   18fcc:	4601                	li	a2,0
   18fce:	134a                	slli	t1,t1,0x32
   18fd0:	fff70493          	addi	s1,a4,-1 # 7fff <exit-0x8121>
   18fd4:	47c1                	li	a5,16
   18fd6:	bcad                	j	18a50 <__subtf3+0x268>
   18fd8:	4301                	li	t1,0
   18fda:	4601                	li	a2,0
   18fdc:	bdf1                	j	18eb8 <__subtf3+0x6d0>
   18fde:	dd0e9ce3          	bne	t4,a6,18db6 <__subtf3+0x5ce>
   18fe2:	bb7d                	j	18da0 <__subtf3+0x5b8>

0000000000018fe4 <__unordtf2>:
   18fe4:	882a                	mv	a6,a0
   18fe6:	002027f3          	frrm	a5
   18fea:	57fd                	li	a5,-1
   18fec:	83c1                	srli	a5,a5,0x10
   18fee:	6721                	lui	a4,0x8
   18ff0:	00f5f8b3          	and	a7,a1,a5
   18ff4:	177d                	addi	a4,a4,-1 # 7fff <exit-0x8121>
   18ff6:	91c1                	srli	a1,a1,0x30
   18ff8:	8ff5                	and	a5,a5,a3
   18ffa:	8df9                	and	a1,a1,a4
   18ffc:	92c1                	srli	a3,a3,0x30
   18ffe:	8ef9                	and	a3,a3,a4
   19000:	00e59563          	bne	a1,a4,1900a <__unordtf2+0x26>
   19004:	01156533          	or	a0,a0,a7
   19008:	e909                	bnez	a0,1901a <__unordtf2+0x36>
   1900a:	4501                	li	a0,0
   1900c:	02e69d63          	bne	a3,a4,19046 <__unordtf2+0x62>
   19010:	00f66733          	or	a4,a2,a5
   19014:	cb0d                	beqz	a4,19046 <__unordtf2+0x62>
   19016:	00d59f63          	bne	a1,a3,19034 <__unordtf2+0x50>
   1901a:	01186833          	or	a6,a6,a7
   1901e:	00080663          	beqz	a6,1902a <__unordtf2+0x46>
   19022:	4705                	li	a4,1
   19024:	173e                	slli	a4,a4,0x2f
   19026:	00e8ed63          	bltu	a7,a4,19040 <__unordtf2+0x5c>
   1902a:	6721                	lui	a4,0x8
   1902c:	177d                	addi	a4,a4,-1 # 7fff <exit-0x8121>
   1902e:	4505                	li	a0,1
   19030:	00e69b63          	bne	a3,a4,19046 <__unordtf2+0x62>
   19034:	8e5d                	or	a2,a2,a5
   19036:	c619                	beqz	a2,19044 <__unordtf2+0x60>
   19038:	4705                	li	a4,1
   1903a:	173e                	slli	a4,a4,0x2f
   1903c:	00e7f463          	bgeu	a5,a4,19044 <__unordtf2+0x60>
   19040:	00186073          	csrsi	fflags,16
   19044:	4505                	li	a0,1
   19046:	8082                	ret

0000000000019048 <__fixtfsi>:
   19048:	862a                	mv	a2,a0
   1904a:	002027f3          	frrm	a5
   1904e:	00159713          	slli	a4,a1,0x1
   19052:	03175693          	srli	a3,a4,0x31
   19056:	6711                	lui	a4,0x4
   19058:	01059793          	slli	a5,a1,0x10
   1905c:	1779                	addi	a4,a4,-2 # 3ffe <exit-0xc122>
   1905e:	83c1                	srli	a5,a5,0x10
   19060:	91fd                	srli	a1,a1,0x3f
   19062:	00d74863          	blt	a4,a3,19072 <__fixtfsi+0x2a>
   19066:	e2a5                	bnez	a3,190c6 <__fixtfsi+0x7e>
   19068:	00f56633          	or	a2,a0,a5
   1906c:	4501                	li	a0,0
   1906e:	ea31                	bnez	a2,190c2 <__fixtfsi+0x7a>
   19070:	8082                	ret
   19072:	6711                	lui	a4,0x4
   19074:	0775                	addi	a4,a4,29 # 401d <exit-0xc103>
   19076:	02d75063          	bge	a4,a3,19096 <__fixtfsi+0x4e>
   1907a:	80000537          	lui	a0,0x80000
   1907e:	c5b1                	beqz	a1,190ca <__fixtfsi+0x82>
   19080:	6711                	lui	a4,0x4
   19082:	0779                	addi	a4,a4,30 # 401e <exit-0xc102>
   19084:	04e69563          	bne	a3,a4,190ce <__fixtfsi+0x86>
   19088:	0117d713          	srli	a4,a5,0x11
   1908c:	e329                	bnez	a4,190ce <__fixtfsi+0x86>
   1908e:	17be                	slli	a5,a5,0x2f
   19090:	8fd1                	or	a5,a5,a2
   19092:	eb85                	bnez	a5,190c2 <__fixtfsi+0x7a>
   19094:	8082                	ret
   19096:	4705                	li	a4,1
   19098:	1742                	slli	a4,a4,0x30
   1909a:	8fd9                	or	a5,a5,a4
   1909c:	6611                	lui	a2,0x4
   1909e:	7771                	lui	a4,0xffffc
   190a0:	2745                	addiw	a4,a4,17 # ffffffffffffc011 <__BSS_END__+0xfffffffffffde3c9>
   190a2:	02f6061b          	addiw	a2,a2,47 # 402f <exit-0xc0f1>
   190a6:	9f35                	addw	a4,a4,a3
   190a8:	40d606bb          	subw	a3,a2,a3
   190ac:	00e79733          	sll	a4,a5,a4
   190b0:	00d7d7b3          	srl	a5,a5,a3
   190b4:	8f49                	or	a4,a4,a0
   190b6:	0007851b          	sext.w	a0,a5
   190ba:	c199                	beqz	a1,190c0 <__fixtfsi+0x78>
   190bc:	40a0053b          	negw	a0,a0
   190c0:	cb11                	beqz	a4,190d4 <__fixtfsi+0x8c>
   190c2:	4785                	li	a5,1
   190c4:	a031                	j	190d0 <__fixtfsi+0x88>
   190c6:	4501                	li	a0,0
   190c8:	bfed                	j	190c2 <__fixtfsi+0x7a>
   190ca:	fff54513          	not	a0,a0
   190ce:	47c1                	li	a5,16
   190d0:	0017a073          	csrs	fflags,a5
   190d4:	8082                	ret

00000000000190d6 <__floatsitf>:
   190d6:	1101                	addi	sp,sp,-32
   190d8:	ec06                	sd	ra,24(sp)
   190da:	e822                	sd	s0,16(sp)
   190dc:	e426                	sd	s1,8(sp)
   190de:	c129                	beqz	a0,19120 <__floatsitf+0x4a>
   190e0:	41f5579b          	sraiw	a5,a0,0x1f
   190e4:	00f54433          	xor	s0,a0,a5
   190e8:	9c1d                	subw	s0,s0,a5
   190ea:	1402                	slli	s0,s0,0x20
   190ec:	9001                	srli	s0,s0,0x20
   190ee:	01f5549b          	srliw	s1,a0,0x1f
   190f2:	8522                	mv	a0,s0
   190f4:	0f8000ef          	jal	191ec <__clzdi2>
   190f8:	6791                	lui	a5,0x4
   190fa:	03e7879b          	addiw	a5,a5,62 # 403e <exit-0xc0e2>
   190fe:	9f89                	subw	a5,a5,a0
   19100:	3545                	addiw	a0,a0,-15 # 7ffffff1 <__BSS_END__+0x7ffe23a9>
   19102:	00a41433          	sll	s0,s0,a0
   19106:	00f4959b          	slliw	a1,s1,0xf
   1910a:	0442                	slli	s0,s0,0x10
   1910c:	8ddd                	or	a1,a1,a5
   1910e:	8041                	srli	s0,s0,0x10
   19110:	15c2                	slli	a1,a1,0x30
   19112:	60e2                	ld	ra,24(sp)
   19114:	8dc1                	or	a1,a1,s0
   19116:	6442                	ld	s0,16(sp)
   19118:	64a2                	ld	s1,8(sp)
   1911a:	4501                	li	a0,0
   1911c:	6105                	addi	sp,sp,32
   1911e:	8082                	ret
   19120:	4481                	li	s1,0
   19122:	4401                	li	s0,0
   19124:	4781                	li	a5,0
   19126:	b7c5                	j	19106 <__floatsitf+0x30>

0000000000019128 <__extenddftf2>:
   19128:	1101                	addi	sp,sp,-32
   1912a:	e20507d3          	fmv.x.d	a5,fa0
   1912e:	ec06                	sd	ra,24(sp)
   19130:	e822                	sd	s0,16(sp)
   19132:	e426                	sd	s1,8(sp)
   19134:	00202773          	frrm	a4
   19138:	0347d513          	srli	a0,a5,0x34
   1913c:	7ff57513          	andi	a0,a0,2047
   19140:	00150713          	addi	a4,a0,1
   19144:	00c79413          	slli	s0,a5,0xc
   19148:	7fe77713          	andi	a4,a4,2046
   1914c:	8031                	srli	s0,s0,0xc
   1914e:	03f7d493          	srli	s1,a5,0x3f
   19152:	cb11                	beqz	a4,19166 <__extenddftf2+0x3e>
   19154:	6711                	lui	a4,0x4
   19156:	c0070713          	addi	a4,a4,-1024 # 3c00 <exit-0xc520>
   1915a:	00445793          	srli	a5,s0,0x4
   1915e:	953a                	add	a0,a0,a4
   19160:	1472                	slli	s0,s0,0x3c
   19162:	4701                	li	a4,0
   19164:	a8b9                	j	191c2 <__extenddftf2+0x9a>
   19166:	ed1d                	bnez	a0,191a4 <__extenddftf2+0x7c>
   19168:	4781                	li	a5,0
   1916a:	dc65                	beqz	s0,19162 <__extenddftf2+0x3a>
   1916c:	8522                	mv	a0,s0
   1916e:	07e000ef          	jal	191ec <__clzdi2>
   19172:	0005071b          	sext.w	a4,a0
   19176:	47b9                	li	a5,14
   19178:	02e7c063          	blt	a5,a4,19198 <__extenddftf2+0x70>
   1917c:	47bd                	li	a5,15
   1917e:	9f89                	subw	a5,a5,a0
   19180:	0315071b          	addiw	a4,a0,49
   19184:	00f457b3          	srl	a5,s0,a5
   19188:	00e41433          	sll	s0,s0,a4
   1918c:	6711                	lui	a4,0x4
   1918e:	c0c7071b          	addiw	a4,a4,-1012 # 3c0c <exit-0xc514>
   19192:	40a7053b          	subw	a0,a4,a0
   19196:	b7f1                	j	19162 <__extenddftf2+0x3a>
   19198:	ff15079b          	addiw	a5,a0,-15
   1919c:	00f417b3          	sll	a5,s0,a5
   191a0:	4401                	li	s0,0
   191a2:	b7ed                	j	1918c <__extenddftf2+0x64>
   191a4:	c021                	beqz	s0,191e4 <__extenddftf2+0xbc>
   191a6:	4685                	li	a3,1
   191a8:	03369713          	slli	a4,a3,0x33
   191ac:	00e43733          	sltu	a4,s0,a4
   191b0:	00445793          	srli	a5,s0,0x4
   191b4:	16be                	slli	a3,a3,0x2f
   191b6:	6521                	lui	a0,0x8
   191b8:	0047171b          	slliw	a4,a4,0x4
   191bc:	8fd5                	or	a5,a5,a3
   191be:	1472                	slli	s0,s0,0x3c
   191c0:	157d                	addi	a0,a0,-1 # 7fff <exit-0x8121>
   191c2:	01079593          	slli	a1,a5,0x10
   191c6:	00f4979b          	slliw	a5,s1,0xf
   191ca:	8fc9                	or	a5,a5,a0
   191cc:	17c2                	slli	a5,a5,0x30
   191ce:	81c1                	srli	a1,a1,0x10
   191d0:	8ddd                	or	a1,a1,a5
   191d2:	c319                	beqz	a4,191d8 <__extenddftf2+0xb0>
   191d4:	00186073          	csrsi	fflags,16
   191d8:	60e2                	ld	ra,24(sp)
   191da:	8522                	mv	a0,s0
   191dc:	6442                	ld	s0,16(sp)
   191de:	64a2                	ld	s1,8(sp)
   191e0:	6105                	addi	sp,sp,32
   191e2:	8082                	ret
   191e4:	6521                	lui	a0,0x8
   191e6:	4781                	li	a5,0
   191e8:	157d                	addi	a0,a0,-1 # 7fff <exit-0x8121>
   191ea:	bfa5                	j	19162 <__extenddftf2+0x3a>

00000000000191ec <__clzdi2>:
   191ec:	03800793          	li	a5,56
   191f0:	00f55733          	srl	a4,a0,a5
   191f4:	0ff77693          	zext.b	a3,a4
   191f8:	ee99                	bnez	a3,19216 <__clzdi2+0x2a>
   191fa:	17e1                	addi	a5,a5,-8
   191fc:	fbf5                	bnez	a5,191f0 <__clzdi2+0x4>
   191fe:	04000713          	li	a4,64
   19202:	8f1d                	sub	a4,a4,a5
   19204:	67e9                	lui	a5,0x1a
   19206:	96078793          	addi	a5,a5,-1696 # 19960 <__clz_tab>
   1920a:	97aa                	add	a5,a5,a0
   1920c:	0007c503          	lbu	a0,0(a5)
   19210:	40a7053b          	subw	a0,a4,a0
   19214:	8082                	ret
   19216:	853a                	mv	a0,a4
   19218:	b7dd                	j	191fe <__clzdi2+0x12>
