
horner.riscv:     file format elf64-littleriscv


Disassembly of section .text:

0000000000010120 <exit>:
   10120:	1141                	addi	sp,sp,-16
   10122:	4581                	li	a1,0
   10124:	e022                	sd	s0,0(sp)
   10126:	e406                	sd	ra,8(sp)
   10128:	842a                	mv	s0,a0
   1012a:	7e4000ef          	jal	1090e <__call_exitprocs>
   1012e:	8901b783          	ld	a5,-1904(gp) # 1b628 <__stdio_exit_handler>
   10132:	c391                	beqz	a5,10136 <exit+0x16>
   10134:	9782                	jalr	a5
   10136:	8522                	mv	a0,s0
   10138:	48f070ef          	jal	17dc6 <_exit>

000000000001013c <main>:
   1013c:	67ed                	lui	a5,0x1b
   1013e:	2c859537          	lui	a0,0x2c859
   10142:	1101                	addi	sp,sp,-32
   10144:	6a078613          	addi	a2,a5,1696 # 1b6a0 <a>
   10148:	050a                	slli	a0,a0,0x2
   1014a:	6811                	lui	a6,0x4
   1014c:	ec06                	sd	ra,24(sp)
   1014e:	85b2                	mv	a1,a2
   10150:	2c950513          	addi	a0,a0,713 # 2c8592c9 <__BSS_END__+0x2c83b6b1>
   10154:	80380813          	addi	a6,a6,-2045 # 3803 <exit-0xc91d>
   10158:	468d                	li	a3,3
   1015a:	02069713          	slli	a4,a3,0x20
   1015e:	9301                	srli	a4,a4,0x20
   10160:	02a70733          	mul	a4,a4,a0
   10164:	0591                	addi	a1,a1,4
   10166:	9311                	srli	a4,a4,0x24
   10168:	0017179b          	slliw	a5,a4,0x1
   1016c:	9fb9                	addw	a5,a5,a4
   1016e:	0037979b          	slliw	a5,a5,0x3
   10172:	9f99                	subw	a5,a5,a4
   10174:	40f687bb          	subw	a5,a3,a5
   10178:	fef5ae23          	sw	a5,-4(a1)
   1017c:	269d                	addiw	a3,a3,7
   1017e:	fd069ee3          	bne	a3,a6,1015a <main+0x1e>
   10182:	6789                	lui	a5,0x2
   10184:	17f1                	addi	a5,a5,-4 # 1ffc <exit-0xe124>
   10186:	97b2                	add	a5,a5,a2
   10188:	471d                	li	a4,7
   1018a:	666d                	lui	a2,0x1b
   1018c:	c63a                	sw	a4,12(sp)
   1018e:	69c60613          	addi	a2,a2,1692 # 1b69c <object.0+0x2c>
   10192:	4581                	li	a1,0
   10194:	46b2                	lw	a3,12(sp)
   10196:	4398                	lw	a4,0(a5)
   10198:	17f1                	addi	a5,a5,-4
   1019a:	02b685bb          	mulw	a1,a3,a1
   1019e:	9db9                	addw	a1,a1,a4
   101a0:	fef61ae3          	bne	a2,a5,10194 <main+0x58>
   101a4:	6565                	lui	a0,0x19
   101a6:	1f050513          	addi	a0,a0,496 # 191f0 <__clzdi2+0x30>
   101aa:	3e6000ef          	jal	10590 <printf>
   101ae:	60e2                	ld	ra,24(sp)
   101b0:	4501                	li	a0,0
   101b2:	6105                	addi	sp,sp,32
   101b4:	8082                	ret

00000000000101b6 <register_fini>:
   101b6:	00000793          	li	a5,0
   101ba:	c791                	beqz	a5,101c6 <register_fini+0x10>
   101bc:	6551                	lui	a0,0x14
   101be:	ca650513          	addi	a0,a0,-858 # 13ca6 <__libc_fini_array>
   101c2:	0350006f          	j	109f6 <atexit>
   101c6:	8082                	ret

00000000000101c8 <_start>:
   101c8:	0000c197          	auipc	gp,0xc
   101cc:	bd018193          	addi	gp,gp,-1072 # 1bd98 <__global_pointer$>
   101d0:	00000513          	li	a0,0
   101d4:	c119                	beqz	a0,101da <_start+0x12>
   101d6:	01751073          	csrw	jvt,a0
   101da:	0000b517          	auipc	a0,0xb
   101de:	44e50513          	addi	a0,a0,1102 # 1b628 <__stdio_exit_handler>
   101e2:	0000e617          	auipc	a2,0xe
   101e6:	a3660613          	addi	a2,a2,-1482 # 1dc18 <__BSS_END__>
   101ea:	8e09                	sub	a2,a2,a0
   101ec:	4581                	li	a1,0
   101ee:	676000ef          	jal	10864 <memset>
   101f2:	00001517          	auipc	a0,0x1
   101f6:	80450513          	addi	a0,a0,-2044 # 109f6 <atexit>
   101fa:	c519                	beqz	a0,10208 <_start+0x40>
   101fc:	00004517          	auipc	a0,0x4
   10200:	aaa50513          	addi	a0,a0,-1366 # 13ca6 <__libc_fini_array>
   10204:	7f2000ef          	jal	109f6 <atexit>
   10208:	5fa000ef          	jal	10802 <__libc_init_array>
   1020c:	4502                	lw	a0,0(sp)
   1020e:	002c                	addi	a1,sp,8
   10210:	00351613          	slli	a2,a0,0x3
   10214:	0621                	addi	a2,a2,8
   10216:	962e                	add	a2,a2,a1
   10218:	f25ff0ef          	jal	1013c <main>
   1021c:	b711                	j	10120 <exit>

000000000001021e <__do_global_dtors_aux>:
   1021e:	1141                	addi	sp,sp,-16
   10220:	e022                	sd	s0,0(sp)
   10222:	8d01c783          	lbu	a5,-1840(gp) # 1b668 <completed.1>
   10226:	e406                	sd	ra,8(sp)
   10228:	ef91                	bnez	a5,10244 <__do_global_dtors_aux+0x26>
   1022a:	00000793          	li	a5,0
   1022e:	cb81                	beqz	a5,1023e <__do_global_dtors_aux+0x20>
   10230:	6569                	lui	a0,0x1a
   10232:	a3050513          	addi	a0,a0,-1488 # 19a30 <__EH_FRAME_BEGIN__>
   10236:	00000097          	auipc	ra,0x0
   1023a:	000000e7          	jalr	zero # 0 <exit-0x10120>
   1023e:	4785                	li	a5,1
   10240:	8cf18823          	sb	a5,-1840(gp) # 1b668 <completed.1>
   10244:	60a2                	ld	ra,8(sp)
   10246:	6402                	ld	s0,0(sp)
   10248:	0141                	addi	sp,sp,16
   1024a:	8082                	ret

000000000001024c <frame_dummy>:
   1024c:	00000793          	li	a5,0
   10250:	cb91                	beqz	a5,10264 <frame_dummy+0x18>
   10252:	6569                	lui	a0,0x1a
   10254:	8d818593          	addi	a1,gp,-1832 # 1b670 <object.0>
   10258:	a3050513          	addi	a0,a0,-1488 # 19a30 <__EH_FRAME_BEGIN__>
   1025c:	00000317          	auipc	t1,0x0
   10260:	00000067          	jr	zero # 0 <exit-0x10120>
   10264:	8082                	ret

0000000000010266 <__fp_lock>:
   10266:	4501                	li	a0,0
   10268:	8082                	ret

000000000001026a <stdio_exit_handler>:
   1026a:	666d                	lui	a2,0x1b
   1026c:	65cd                	lui	a1,0x13
   1026e:	656d                	lui	a0,0x1b
   10270:	a5060613          	addi	a2,a2,-1456 # 1aa50 <__sglue>
   10274:	42058593          	addi	a1,a1,1056 # 13420 <_fclose_r>
   10278:	a6850513          	addi	a0,a0,-1432 # 1aa68 <_impure_data>
   1027c:	a4ad                	j	104e6 <_fwalk_sglue>

000000000001027e <cleanup_stdio>:
   1027e:	650c                	ld	a1,8(a0)
   10280:	1141                	addi	sp,sp,-16
   10282:	67f5                	lui	a5,0x1d
   10284:	e022                	sd	s0,0(sp)
   10286:	e406                	sd	ra,8(sp)
   10288:	6a078793          	addi	a5,a5,1696 # 1d6a0 <__sf>
   1028c:	842a                	mv	s0,a0
   1028e:	00f58463          	beq	a1,a5,10296 <cleanup_stdio+0x18>
   10292:	18e030ef          	jal	13420 <_fclose_r>
   10296:	680c                	ld	a1,16(s0)
   10298:	67f5                	lui	a5,0x1d
   1029a:	75078793          	addi	a5,a5,1872 # 1d750 <__sf+0xb0>
   1029e:	00f58563          	beq	a1,a5,102a8 <cleanup_stdio+0x2a>
   102a2:	8522                	mv	a0,s0
   102a4:	17c030ef          	jal	13420 <_fclose_r>
   102a8:	6c0c                	ld	a1,24(s0)
   102aa:	67f9                	lui	a5,0x1e
   102ac:	80078793          	addi	a5,a5,-2048 # 1d800 <__sf+0x160>
   102b0:	00f58863          	beq	a1,a5,102c0 <cleanup_stdio+0x42>
   102b4:	8522                	mv	a0,s0
   102b6:	6402                	ld	s0,0(sp)
   102b8:	60a2                	ld	ra,8(sp)
   102ba:	0141                	addi	sp,sp,16
   102bc:	1640306f          	j	13420 <_fclose_r>
   102c0:	60a2                	ld	ra,8(sp)
   102c2:	6402                	ld	s0,0(sp)
   102c4:	0141                	addi	sp,sp,16
   102c6:	8082                	ret

00000000000102c8 <__fp_unlock>:
   102c8:	4501                	li	a0,0
   102ca:	8082                	ret

00000000000102cc <global_stdio_init.part.0>:
   102cc:	7179                	addi	sp,sp,-48
   102ce:	67c1                	lui	a5,0x10
   102d0:	f022                	sd	s0,32(sp)
   102d2:	26a78793          	addi	a5,a5,618 # 1026a <stdio_exit_handler>
   102d6:	6475                	lui	s0,0x1d
   102d8:	6575                	lui	a0,0x1d
   102da:	6a040413          	addi	s0,s0,1696 # 1d6a0 <__sf>
   102de:	f406                	sd	ra,40(sp)
   102e0:	ec26                	sd	s1,24(sp)
   102e2:	e84a                	sd	s2,16(sp)
   102e4:	e44e                	sd	s3,8(sp)
   102e6:	e052                	sd	s4,0(sp)
   102e8:	88f1b823          	sd	a5,-1904(gp) # 1b628 <__stdio_exit_handler>
   102ec:	4621                	li	a2,8
   102ee:	4791                	li	a5,4
   102f0:	4581                	li	a1,0
   102f2:	74450513          	addi	a0,a0,1860 # 1d744 <__sf+0xa4>
   102f6:	c81c                	sw	a5,16(s0)
   102f8:	00043023          	sd	zero,0(s0)
   102fc:	00043423          	sd	zero,8(s0)
   10300:	0a042623          	sw	zero,172(s0)
   10304:	00043c23          	sd	zero,24(s0)
   10308:	02042023          	sw	zero,32(s0)
   1030c:	02042423          	sw	zero,40(s0)
   10310:	554000ef          	jal	10864 <memset>
   10314:	6a41                	lui	s4,0x10
   10316:	69c1                	lui	s3,0x10
   10318:	6941                	lui	s2,0x10
   1031a:	64c1                	lui	s1,0x10
   1031c:	6575                	lui	a0,0x1d
   1031e:	67c1                	lui	a5,0x10
   10320:	5bca0a13          	addi	s4,s4,1468 # 105bc <__sread>
   10324:	5f898993          	addi	s3,s3,1528 # 105f8 <__swrite>
   10328:	64a90913          	addi	s2,s2,1610 # 1064a <__sseek>
   1032c:	68c48493          	addi	s1,s1,1676 # 1068c <__sclose>
   10330:	07a5                	addi	a5,a5,9 # 10009 <exit-0x117>
   10332:	4621                	li	a2,8
   10334:	4581                	li	a1,0
   10336:	7f450513          	addi	a0,a0,2036 # 1d7f4 <__sf+0x154>
   1033a:	0cf42023          	sw	a5,192(s0)
   1033e:	03443c23          	sd	s4,56(s0)
   10342:	05343023          	sd	s3,64(s0)
   10346:	05243423          	sd	s2,72(s0)
   1034a:	e824                	sd	s1,80(s0)
   1034c:	f800                	sd	s0,48(s0)
   1034e:	0a043823          	sd	zero,176(s0)
   10352:	0a043c23          	sd	zero,184(s0)
   10356:	14042e23          	sw	zero,348(s0)
   1035a:	0c043423          	sd	zero,200(s0)
   1035e:	0c042823          	sw	zero,208(s0)
   10362:	0c042c23          	sw	zero,216(s0)
   10366:	4fe000ef          	jal	10864 <memset>
   1036a:	6775                	lui	a4,0x1d
   1036c:	6579                	lui	a0,0x1e
   1036e:	000207b7          	lui	a5,0x20
   10372:	07c9                	addi	a5,a5,18 # 20012 <__BSS_END__+0x23fa>
   10374:	75070713          	addi	a4,a4,1872 # 1d750 <__sf+0xb0>
   10378:	8a450513          	addi	a0,a0,-1884 # 1d8a4 <__sf+0x204>
   1037c:	4621                	li	a2,8
   1037e:	4581                	li	a1,0
   10380:	0f443423          	sd	s4,232(s0)
   10384:	0f343823          	sd	s3,240(s0)
   10388:	0f243c23          	sd	s2,248(s0)
   1038c:	10943023          	sd	s1,256(s0)
   10390:	16f42823          	sw	a5,368(s0)
   10394:	16043023          	sd	zero,352(s0)
   10398:	16043423          	sd	zero,360(s0)
   1039c:	20042623          	sw	zero,524(s0)
   103a0:	16043c23          	sd	zero,376(s0)
   103a4:	18042023          	sw	zero,384(s0)
   103a8:	18042423          	sw	zero,392(s0)
   103ac:	f078                	sd	a4,224(s0)
   103ae:	4b6000ef          	jal	10864 <memset>
   103b2:	67f9                	lui	a5,0x1e
   103b4:	80078793          	addi	a5,a5,-2048 # 1d800 <__sf+0x160>
   103b8:	19443c23          	sd	s4,408(s0)
   103bc:	1b343023          	sd	s3,416(s0)
   103c0:	1b243423          	sd	s2,424(s0)
   103c4:	1a943823          	sd	s1,432(s0)
   103c8:	70a2                	ld	ra,40(sp)
   103ca:	18f43823          	sd	a5,400(s0)
   103ce:	7402                	ld	s0,32(sp)
   103d0:	64e2                	ld	s1,24(sp)
   103d2:	6942                	ld	s2,16(sp)
   103d4:	69a2                	ld	s3,8(sp)
   103d6:	6a02                	ld	s4,0(sp)
   103d8:	6145                	addi	sp,sp,48
   103da:	8082                	ret

00000000000103dc <__sfp>:
   103dc:	8901b783          	ld	a5,-1904(gp) # 1b628 <__stdio_exit_handler>
   103e0:	7179                	addi	sp,sp,-48
   103e2:	ec26                	sd	s1,24(sp)
   103e4:	f406                	sd	ra,40(sp)
   103e6:	f022                	sd	s0,32(sp)
   103e8:	84aa                	mv	s1,a0
   103ea:	cbcd                	beqz	a5,1049c <__sfp+0xc0>
   103ec:	66ed                	lui	a3,0x1b
   103ee:	a5068693          	addi	a3,a3,-1456 # 1aa50 <__sglue>
   103f2:	0b000813          	li	a6,176
   103f6:	4698                	lw	a4,8(a3)
   103f8:	06e05363          	blez	a4,1045e <__sfp+0x82>
   103fc:	1702                	slli	a4,a4,0x20
   103fe:	9301                	srli	a4,a4,0x20
   10400:	03070733          	mul	a4,a4,a6
   10404:	6a80                	ld	s0,16(a3)
   10406:	9722                	add	a4,a4,s0
   10408:	a029                	j	10412 <__sfp+0x36>
   1040a:	0b040413          	addi	s0,s0,176
   1040e:	04e40863          	beq	s0,a4,1045e <__sfp+0x82>
   10412:	01041783          	lh	a5,16(s0)
   10416:	fbf5                	bnez	a5,1040a <__sfp+0x2e>
   10418:	77c1                	lui	a5,0xffff0
   1041a:	0785                	addi	a5,a5,1 # ffffffffffff0001 <__BSS_END__+0xfffffffffffd23e9>
   1041c:	c81c                	sw	a5,16(s0)
   1041e:	0a042623          	sw	zero,172(s0)
   10422:	00043023          	sd	zero,0(s0)
   10426:	00043423          	sd	zero,8(s0)
   1042a:	00043c23          	sd	zero,24(s0)
   1042e:	02042023          	sw	zero,32(s0)
   10432:	02042423          	sw	zero,40(s0)
   10436:	4621                	li	a2,8
   10438:	4581                	li	a1,0
   1043a:	0a440513          	addi	a0,s0,164
   1043e:	426000ef          	jal	10864 <memset>
   10442:	04043c23          	sd	zero,88(s0)
   10446:	06042023          	sw	zero,96(s0)
   1044a:	06043c23          	sd	zero,120(s0)
   1044e:	08042023          	sw	zero,128(s0)
   10452:	70a2                	ld	ra,40(sp)
   10454:	8522                	mv	a0,s0
   10456:	7402                	ld	s0,32(sp)
   10458:	64e2                	ld	s1,24(sp)
   1045a:	6145                	addi	sp,sp,48
   1045c:	8082                	ret
   1045e:	6280                	ld	s0,0(a3)
   10460:	c019                	beqz	s0,10466 <__sfp+0x8a>
   10462:	86a2                	mv	a3,s0
   10464:	bf49                	j	103f6 <__sfp+0x1a>
   10466:	2d800593          	li	a1,728
   1046a:	8526                	mv	a0,s1
   1046c:	e436                	sd	a3,8(sp)
   1046e:	097000ef          	jal	10d04 <_malloc_r>
   10472:	66a2                	ld	a3,8(sp)
   10474:	842a                	mv	s0,a0
   10476:	c515                	beqz	a0,104a2 <__sfp+0xc6>
   10478:	4791                	li	a5,4
   1047a:	c51c                	sw	a5,8(a0)
   1047c:	0561                	addi	a0,a0,24
   1047e:	00043023          	sd	zero,0(s0)
   10482:	e808                	sd	a0,16(s0)
   10484:	2c000613          	li	a2,704
   10488:	4581                	li	a1,0
   1048a:	e436                	sd	a3,8(sp)
   1048c:	3d8000ef          	jal	10864 <memset>
   10490:	66a2                	ld	a3,8(sp)
   10492:	0b000813          	li	a6,176
   10496:	e280                	sd	s0,0(a3)
   10498:	86a2                	mv	a3,s0
   1049a:	bfb1                	j	103f6 <__sfp+0x1a>
   1049c:	e31ff0ef          	jal	102cc <global_stdio_init.part.0>
   104a0:	b7b1                	j	103ec <__sfp+0x10>
   104a2:	0006b023          	sd	zero,0(a3)
   104a6:	47b1                	li	a5,12
   104a8:	c09c                	sw	a5,0(s1)
   104aa:	b765                	j	10452 <__sfp+0x76>

00000000000104ac <__sinit>:
   104ac:	653c                	ld	a5,72(a0)
   104ae:	c391                	beqz	a5,104b2 <__sinit+0x6>
   104b0:	8082                	ret
   104b2:	67c1                	lui	a5,0x10
   104b4:	8901b703          	ld	a4,-1904(gp) # 1b628 <__stdio_exit_handler>
   104b8:	27e78793          	addi	a5,a5,638 # 1027e <cleanup_stdio>
   104bc:	e53c                	sd	a5,72(a0)
   104be:	fb6d                	bnez	a4,104b0 <__sinit+0x4>
   104c0:	b531                	j	102cc <global_stdio_init.part.0>

00000000000104c2 <__sfp_lock_acquire>:
   104c2:	8082                	ret

00000000000104c4 <__sfp_lock_release>:
   104c4:	8082                	ret

00000000000104c6 <__fp_lock_all>:
   104c6:	666d                	lui	a2,0x1b
   104c8:	65c1                	lui	a1,0x10
   104ca:	a5060613          	addi	a2,a2,-1456 # 1aa50 <__sglue>
   104ce:	26658593          	addi	a1,a1,614 # 10266 <__fp_lock>
   104d2:	4501                	li	a0,0
   104d4:	a809                	j	104e6 <_fwalk_sglue>

00000000000104d6 <__fp_unlock_all>:
   104d6:	666d                	lui	a2,0x1b
   104d8:	65c1                	lui	a1,0x10
   104da:	a5060613          	addi	a2,a2,-1456 # 1aa50 <__sglue>
   104de:	2c858593          	addi	a1,a1,712 # 102c8 <__fp_unlock>
   104e2:	4501                	li	a0,0
   104e4:	a009                	j	104e6 <_fwalk_sglue>

00000000000104e6 <_fwalk_sglue>:
   104e6:	715d                	addi	sp,sp,-80
   104e8:	f84a                	sd	s2,48(sp)
   104ea:	f44e                	sd	s3,40(sp)
   104ec:	f052                	sd	s4,32(sp)
   104ee:	ec56                	sd	s5,24(sp)
   104f0:	e85a                	sd	s6,16(sp)
   104f2:	e45e                	sd	s7,8(sp)
   104f4:	e062                	sd	s8,0(sp)
   104f6:	e486                	sd	ra,72(sp)
   104f8:	e0a2                	sd	s0,64(sp)
   104fa:	fc26                	sd	s1,56(sp)
   104fc:	89b2                	mv	s3,a2
   104fe:	8aaa                	mv	s5,a0
   10500:	8b2e                	mv	s6,a1
   10502:	4901                	li	s2,0
   10504:	0b000b93          	li	s7,176
   10508:	4c05                	li	s8,1
   1050a:	5a7d                	li	s4,-1
   1050c:	0089a483          	lw	s1,8(s3)
   10510:	02905b63          	blez	s1,10546 <_fwalk_sglue+0x60>
   10514:	1482                	slli	s1,s1,0x20
   10516:	9081                	srli	s1,s1,0x20
   10518:	037484b3          	mul	s1,s1,s7
   1051c:	0109b403          	ld	s0,16(s3)
   10520:	94a2                	add	s1,s1,s0
   10522:	01045783          	lhu	a5,16(s0)
   10526:	00fc7c63          	bgeu	s8,a5,1053e <_fwalk_sglue+0x58>
   1052a:	01241783          	lh	a5,18(s0)
   1052e:	85a2                	mv	a1,s0
   10530:	8556                	mv	a0,s5
   10532:	01478663          	beq	a5,s4,1053e <_fwalk_sglue+0x58>
   10536:	9b02                	jalr	s6
   10538:	01256933          	or	s2,a0,s2
   1053c:	2901                	sext.w	s2,s2
   1053e:	0b040413          	addi	s0,s0,176
   10542:	fe9410e3          	bne	s0,s1,10522 <_fwalk_sglue+0x3c>
   10546:	0009b983          	ld	s3,0(s3)
   1054a:	fc0991e3          	bnez	s3,1050c <_fwalk_sglue+0x26>
   1054e:	60a6                	ld	ra,72(sp)
   10550:	6406                	ld	s0,64(sp)
   10552:	74e2                	ld	s1,56(sp)
   10554:	79a2                	ld	s3,40(sp)
   10556:	7a02                	ld	s4,32(sp)
   10558:	6ae2                	ld	s5,24(sp)
   1055a:	6b42                	ld	s6,16(sp)
   1055c:	6ba2                	ld	s7,8(sp)
   1055e:	6c02                	ld	s8,0(sp)
   10560:	854a                	mv	a0,s2
   10562:	7942                	ld	s2,48(sp)
   10564:	6161                	addi	sp,sp,80
   10566:	8082                	ret

0000000000010568 <_printf_r>:
   10568:	715d                	addi	sp,sp,-80
   1056a:	8e2e                	mv	t3,a1
   1056c:	690c                	ld	a1,16(a0)
   1056e:	02010313          	addi	t1,sp,32
   10572:	f032                	sd	a2,32(sp)
   10574:	f436                	sd	a3,40(sp)
   10576:	8672                	mv	a2,t3
   10578:	869a                	mv	a3,t1
   1057a:	ec06                	sd	ra,24(sp)
   1057c:	f83a                	sd	a4,48(sp)
   1057e:	fc3e                	sd	a5,56(sp)
   10580:	e0c2                	sd	a6,64(sp)
   10582:	e4c6                	sd	a7,72(sp)
   10584:	e41a                	sd	t1,8(sp)
   10586:	5e9000ef          	jal	1136e <_vfprintf_r>
   1058a:	60e2                	ld	ra,24(sp)
   1058c:	6161                	addi	sp,sp,80
   1058e:	8082                	ret

0000000000010590 <printf>:
   10590:	8781b303          	ld	t1,-1928(gp) # 1b610 <_impure_ptr>
   10594:	711d                	addi	sp,sp,-96
   10596:	f832                	sd	a2,48(sp)
   10598:	fc36                	sd	a3,56(sp)
   1059a:	f42e                	sd	a1,40(sp)
   1059c:	e0ba                	sd	a4,64(sp)
   1059e:	e4be                	sd	a5,72(sp)
   105a0:	e8c2                	sd	a6,80(sp)
   105a2:	ecc6                	sd	a7,88(sp)
   105a4:	01033583          	ld	a1,16(t1) # 1026c <stdio_exit_handler+0x2>
   105a8:	1034                	addi	a3,sp,40
   105aa:	862a                	mv	a2,a0
   105ac:	851a                	mv	a0,t1
   105ae:	ec06                	sd	ra,24(sp)
   105b0:	e436                	sd	a3,8(sp)
   105b2:	5bd000ef          	jal	1136e <_vfprintf_r>
   105b6:	60e2                	ld	ra,24(sp)
   105b8:	6125                	addi	sp,sp,96
   105ba:	8082                	ret

00000000000105bc <__sread>:
   105bc:	1141                	addi	sp,sp,-16
   105be:	e022                	sd	s0,0(sp)
   105c0:	842e                	mv	s0,a1
   105c2:	01259583          	lh	a1,18(a1)
   105c6:	e406                	sd	ra,8(sp)
   105c8:	1c2000ef          	jal	1078a <_read_r>
   105cc:	00054963          	bltz	a0,105de <__sread+0x22>
   105d0:	685c                	ld	a5,144(s0)
   105d2:	60a2                	ld	ra,8(sp)
   105d4:	97aa                	add	a5,a5,a0
   105d6:	e85c                	sd	a5,144(s0)
   105d8:	6402                	ld	s0,0(sp)
   105da:	0141                	addi	sp,sp,16
   105dc:	8082                	ret
   105de:	01045783          	lhu	a5,16(s0)
   105e2:	777d                	lui	a4,0xfffff
   105e4:	177d                	addi	a4,a4,-1 # ffffffffffffefff <__BSS_END__+0xfffffffffffe13e7>
   105e6:	8ff9                	and	a5,a5,a4
   105e8:	60a2                	ld	ra,8(sp)
   105ea:	00f41823          	sh	a5,16(s0)
   105ee:	6402                	ld	s0,0(sp)
   105f0:	0141                	addi	sp,sp,16
   105f2:	8082                	ret

00000000000105f4 <__seofread>:
   105f4:	4501                	li	a0,0
   105f6:	8082                	ret

00000000000105f8 <__swrite>:
   105f8:	01059783          	lh	a5,16(a1)
   105fc:	7179                	addi	sp,sp,-48
   105fe:	8336                	mv	t1,a3
   10600:	f406                	sd	ra,40(sp)
   10602:	1007f693          	andi	a3,a5,256
   10606:	872e                	mv	a4,a1
   10608:	88b2                	mv	a7,a2
   1060a:	882a                	mv	a6,a0
   1060c:	ee91                	bnez	a3,10628 <__swrite+0x30>
   1060e:	76fd                	lui	a3,0xfffff
   10610:	16fd                	addi	a3,a3,-1 # ffffffffffffefff <__BSS_END__+0xfffffffffffe13e7>
   10612:	70a2                	ld	ra,40(sp)
   10614:	8ff5                	and	a5,a5,a3
   10616:	01271583          	lh	a1,18(a4)
   1061a:	00f71823          	sh	a5,16(a4)
   1061e:	869a                	mv	a3,t1
   10620:	8646                	mv	a2,a7
   10622:	8542                	mv	a0,a6
   10624:	6145                	addi	sp,sp,48
   10626:	a245                	j	107c6 <_write_r>
   10628:	01259583          	lh	a1,18(a1)
   1062c:	e832                	sd	a2,16(sp)
   1062e:	4689                	li	a3,2
   10630:	4601                	li	a2,0
   10632:	ec1a                	sd	t1,24(sp)
   10634:	e03a                	sd	a4,0(sp)
   10636:	e42a                	sd	a0,8(sp)
   10638:	116000ef          	jal	1074e <_lseek_r>
   1063c:	6702                	ld	a4,0(sp)
   1063e:	6362                	ld	t1,24(sp)
   10640:	68c2                	ld	a7,16(sp)
   10642:	01071783          	lh	a5,16(a4)
   10646:	6822                	ld	a6,8(sp)
   10648:	b7d9                	j	1060e <__swrite+0x16>

000000000001064a <__sseek>:
   1064a:	1141                	addi	sp,sp,-16
   1064c:	e022                	sd	s0,0(sp)
   1064e:	842e                	mv	s0,a1
   10650:	01259583          	lh	a1,18(a1)
   10654:	e406                	sd	ra,8(sp)
   10656:	0f8000ef          	jal	1074e <_lseek_r>
   1065a:	577d                	li	a4,-1
   1065c:	01041783          	lh	a5,16(s0)
   10660:	00e50b63          	beq	a0,a4,10676 <__sseek+0x2c>
   10664:	6705                	lui	a4,0x1
   10666:	8fd9                	or	a5,a5,a4
   10668:	60a2                	ld	ra,8(sp)
   1066a:	e848                	sd	a0,144(s0)
   1066c:	00f41823          	sh	a5,16(s0)
   10670:	6402                	ld	s0,0(sp)
   10672:	0141                	addi	sp,sp,16
   10674:	8082                	ret
   10676:	80050713          	addi	a4,a0,-2048
   1067a:	80070713          	addi	a4,a4,-2048 # 800 <exit-0xf920>
   1067e:	8ff9                	and	a5,a5,a4
   10680:	60a2                	ld	ra,8(sp)
   10682:	00f41823          	sh	a5,16(s0)
   10686:	6402                	ld	s0,0(sp)
   10688:	0141                	addi	sp,sp,16
   1068a:	8082                	ret

000000000001068c <__sclose>:
   1068c:	01259583          	lh	a1,18(a1)
   10690:	a009                	j	10692 <_close_r>

0000000000010692 <_close_r>:
   10692:	1101                	addi	sp,sp,-32
   10694:	e822                	sd	s0,16(sp)
   10696:	e426                	sd	s1,8(sp)
   10698:	84aa                	mv	s1,a0
   1069a:	852e                	mv	a0,a1
   1069c:	ec06                	sd	ra,24(sp)
   1069e:	8801ac23          	sw	zero,-1896(gp) # 1b630 <errno>
   106a2:	6fa070ef          	jal	17d9c <_close>
   106a6:	57fd                	li	a5,-1
   106a8:	00f50763          	beq	a0,a5,106b6 <_close_r+0x24>
   106ac:	60e2                	ld	ra,24(sp)
   106ae:	6442                	ld	s0,16(sp)
   106b0:	64a2                	ld	s1,8(sp)
   106b2:	6105                	addi	sp,sp,32
   106b4:	8082                	ret
   106b6:	8981a783          	lw	a5,-1896(gp) # 1b630 <errno>
   106ba:	dbed                	beqz	a5,106ac <_close_r+0x1a>
   106bc:	60e2                	ld	ra,24(sp)
   106be:	6442                	ld	s0,16(sp)
   106c0:	c09c                	sw	a5,0(s1)
   106c2:	64a2                	ld	s1,8(sp)
   106c4:	6105                	addi	sp,sp,32
   106c6:	8082                	ret

00000000000106c8 <_reclaim_reent>:
   106c8:	8781b783          	ld	a5,-1928(gp) # 1b610 <_impure_ptr>
   106cc:	08a78063          	beq	a5,a0,1074c <_reclaim_reent+0x84>
   106d0:	752c                	ld	a1,104(a0)
   106d2:	7179                	addi	sp,sp,-48
   106d4:	ec26                	sd	s1,24(sp)
   106d6:	f406                	sd	ra,40(sp)
   106d8:	f022                	sd	s0,32(sp)
   106da:	84aa                	mv	s1,a0
   106dc:	c98d                	beqz	a1,1070e <_reclaim_reent+0x46>
   106de:	e84a                	sd	s2,16(sp)
   106e0:	e44e                	sd	s3,8(sp)
   106e2:	4901                	li	s2,0
   106e4:	20000993          	li	s3,512
   106e8:	012587b3          	add	a5,a1,s2
   106ec:	6380                	ld	s0,0(a5)
   106ee:	c801                	beqz	s0,106fe <_reclaim_reent+0x36>
   106f0:	85a2                	mv	a1,s0
   106f2:	6000                	ld	s0,0(s0)
   106f4:	8526                	mv	a0,s1
   106f6:	3d6000ef          	jal	10acc <_free_r>
   106fa:	f87d                	bnez	s0,106f0 <_reclaim_reent+0x28>
   106fc:	74ac                	ld	a1,104(s1)
   106fe:	0921                	addi	s2,s2,8
   10700:	ff3914e3          	bne	s2,s3,106e8 <_reclaim_reent+0x20>
   10704:	8526                	mv	a0,s1
   10706:	3c6000ef          	jal	10acc <_free_r>
   1070a:	6942                	ld	s2,16(sp)
   1070c:	69a2                	ld	s3,8(sp)
   1070e:	68ac                	ld	a1,80(s1)
   10710:	c581                	beqz	a1,10718 <_reclaim_reent+0x50>
   10712:	8526                	mv	a0,s1
   10714:	3b8000ef          	jal	10acc <_free_r>
   10718:	70a0                	ld	s0,96(s1)
   1071a:	c419                	beqz	s0,10728 <_reclaim_reent+0x60>
   1071c:	85a2                	mv	a1,s0
   1071e:	6000                	ld	s0,0(s0)
   10720:	8526                	mv	a0,s1
   10722:	3aa000ef          	jal	10acc <_free_r>
   10726:	f87d                	bnez	s0,1071c <_reclaim_reent+0x54>
   10728:	7cac                	ld	a1,120(s1)
   1072a:	c581                	beqz	a1,10732 <_reclaim_reent+0x6a>
   1072c:	8526                	mv	a0,s1
   1072e:	39e000ef          	jal	10acc <_free_r>
   10732:	64bc                	ld	a5,72(s1)
   10734:	c799                	beqz	a5,10742 <_reclaim_reent+0x7a>
   10736:	7402                	ld	s0,32(sp)
   10738:	70a2                	ld	ra,40(sp)
   1073a:	8526                	mv	a0,s1
   1073c:	64e2                	ld	s1,24(sp)
   1073e:	6145                	addi	sp,sp,48
   10740:	8782                	jr	a5
   10742:	70a2                	ld	ra,40(sp)
   10744:	7402                	ld	s0,32(sp)
   10746:	64e2                	ld	s1,24(sp)
   10748:	6145                	addi	sp,sp,48
   1074a:	8082                	ret
   1074c:	8082                	ret

000000000001074e <_lseek_r>:
   1074e:	1101                	addi	sp,sp,-32
   10750:	87ae                	mv	a5,a1
   10752:	e822                	sd	s0,16(sp)
   10754:	e426                	sd	s1,8(sp)
   10756:	85b2                	mv	a1,a2
   10758:	84aa                	mv	s1,a0
   1075a:	8636                	mv	a2,a3
   1075c:	853e                	mv	a0,a5
   1075e:	ec06                	sd	ra,24(sp)
   10760:	8801ac23          	sw	zero,-1896(gp) # 1b630 <errno>
   10764:	704070ef          	jal	17e68 <_lseek>
   10768:	57fd                	li	a5,-1
   1076a:	00f50763          	beq	a0,a5,10778 <_lseek_r+0x2a>
   1076e:	60e2                	ld	ra,24(sp)
   10770:	6442                	ld	s0,16(sp)
   10772:	64a2                	ld	s1,8(sp)
   10774:	6105                	addi	sp,sp,32
   10776:	8082                	ret
   10778:	8981a783          	lw	a5,-1896(gp) # 1b630 <errno>
   1077c:	dbed                	beqz	a5,1076e <_lseek_r+0x20>
   1077e:	60e2                	ld	ra,24(sp)
   10780:	6442                	ld	s0,16(sp)
   10782:	c09c                	sw	a5,0(s1)
   10784:	64a2                	ld	s1,8(sp)
   10786:	6105                	addi	sp,sp,32
   10788:	8082                	ret

000000000001078a <_read_r>:
   1078a:	1101                	addi	sp,sp,-32
   1078c:	87ae                	mv	a5,a1
   1078e:	e822                	sd	s0,16(sp)
   10790:	e426                	sd	s1,8(sp)
   10792:	85b2                	mv	a1,a2
   10794:	84aa                	mv	s1,a0
   10796:	8636                	mv	a2,a3
   10798:	853e                	mv	a0,a5
   1079a:	ec06                	sd	ra,24(sp)
   1079c:	8801ac23          	sw	zero,-1896(gp) # 1b630 <errno>
   107a0:	6f2070ef          	jal	17e92 <_read>
   107a4:	57fd                	li	a5,-1
   107a6:	00f50763          	beq	a0,a5,107b4 <_read_r+0x2a>
   107aa:	60e2                	ld	ra,24(sp)
   107ac:	6442                	ld	s0,16(sp)
   107ae:	64a2                	ld	s1,8(sp)
   107b0:	6105                	addi	sp,sp,32
   107b2:	8082                	ret
   107b4:	8981a783          	lw	a5,-1896(gp) # 1b630 <errno>
   107b8:	dbed                	beqz	a5,107aa <_read_r+0x20>
   107ba:	60e2                	ld	ra,24(sp)
   107bc:	6442                	ld	s0,16(sp)
   107be:	c09c                	sw	a5,0(s1)
   107c0:	64a2                	ld	s1,8(sp)
   107c2:	6105                	addi	sp,sp,32
   107c4:	8082                	ret

00000000000107c6 <_write_r>:
   107c6:	1101                	addi	sp,sp,-32
   107c8:	87ae                	mv	a5,a1
   107ca:	e822                	sd	s0,16(sp)
   107cc:	e426                	sd	s1,8(sp)
   107ce:	85b2                	mv	a1,a2
   107d0:	84aa                	mv	s1,a0
   107d2:	8636                	mv	a2,a3
   107d4:	853e                	mv	a0,a5
   107d6:	ec06                	sd	ra,24(sp)
   107d8:	8801ac23          	sw	zero,-1896(gp) # 1b630 <errno>
   107dc:	734070ef          	jal	17f10 <_write>
   107e0:	57fd                	li	a5,-1
   107e2:	00f50763          	beq	a0,a5,107f0 <_write_r+0x2a>
   107e6:	60e2                	ld	ra,24(sp)
   107e8:	6442                	ld	s0,16(sp)
   107ea:	64a2                	ld	s1,8(sp)
   107ec:	6105                	addi	sp,sp,32
   107ee:	8082                	ret
   107f0:	8981a783          	lw	a5,-1896(gp) # 1b630 <errno>
   107f4:	dbed                	beqz	a5,107e6 <_write_r+0x20>
   107f6:	60e2                	ld	ra,24(sp)
   107f8:	6442                	ld	s0,16(sp)
   107fa:	c09c                	sw	a5,0(s1)
   107fc:	64a2                	ld	s1,8(sp)
   107fe:	6105                	addi	sp,sp,32
   10800:	8082                	ret

0000000000010802 <__libc_init_array>:
   10802:	1101                	addi	sp,sp,-32
   10804:	e822                	sd	s0,16(sp)
   10806:	e04a                	sd	s2,0(sp)
   10808:	646d                	lui	s0,0x1b
   1080a:	696d                	lui	s2,0x1b
   1080c:	ec06                	sd	ra,24(sp)
   1080e:	e426                	sd	s1,8(sp)
   10810:	a3490913          	addi	s2,s2,-1484 # 1aa34 <__preinit_array_end>
   10814:	a3440413          	addi	s0,s0,-1484 # 1aa34 <__preinit_array_end>
   10818:	00890d63          	beq	s2,s0,10832 <__libc_init_array+0x30>
   1081c:	40890933          	sub	s2,s2,s0
   10820:	40395913          	srai	s2,s2,0x3
   10824:	4481                	li	s1,0
   10826:	601c                	ld	a5,0(s0)
   10828:	0485                	addi	s1,s1,1
   1082a:	0421                	addi	s0,s0,8
   1082c:	9782                	jalr	a5
   1082e:	ff24ece3          	bltu	s1,s2,10826 <__libc_init_array+0x24>
   10832:	696d                	lui	s2,0x1b
   10834:	646d                	lui	s0,0x1b
   10836:	a4890913          	addi	s2,s2,-1464 # 1aa48 <__do_global_dtors_aux_fini_array_entry>
   1083a:	a3840413          	addi	s0,s0,-1480 # 1aa38 <__init_array_start>
   1083e:	00890d63          	beq	s2,s0,10858 <__libc_init_array+0x56>
   10842:	40890933          	sub	s2,s2,s0
   10846:	40395913          	srai	s2,s2,0x3
   1084a:	4481                	li	s1,0
   1084c:	601c                	ld	a5,0(s0)
   1084e:	0485                	addi	s1,s1,1
   10850:	0421                	addi	s0,s0,8
   10852:	9782                	jalr	a5
   10854:	ff24ece3          	bltu	s1,s2,1084c <__libc_init_array+0x4a>
   10858:	60e2                	ld	ra,24(sp)
   1085a:	6442                	ld	s0,16(sp)
   1085c:	64a2                	ld	s1,8(sp)
   1085e:	6902                	ld	s2,0(sp)
   10860:	6105                	addi	sp,sp,32
   10862:	8082                	ret

0000000000010864 <memset>:
   10864:	433d                	li	t1,15
   10866:	872a                	mv	a4,a0
   10868:	02c37163          	bgeu	t1,a2,1088a <memset+0x26>
   1086c:	00f77793          	andi	a5,a4,15
   10870:	e3c1                	bnez	a5,108f0 <memset+0x8c>
   10872:	e1bd                	bnez	a1,108d8 <memset+0x74>
   10874:	ff067693          	andi	a3,a2,-16
   10878:	8a3d                	andi	a2,a2,15
   1087a:	96ba                	add	a3,a3,a4
   1087c:	e30c                	sd	a1,0(a4)
   1087e:	e70c                	sd	a1,8(a4)
   10880:	0741                	addi	a4,a4,16
   10882:	fed76de3          	bltu	a4,a3,1087c <memset+0x18>
   10886:	e211                	bnez	a2,1088a <memset+0x26>
   10888:	8082                	ret
   1088a:	40c306b3          	sub	a3,t1,a2
   1088e:	068a                	slli	a3,a3,0x2
   10890:	00000297          	auipc	t0,0x0
   10894:	9696                	add	a3,a3,t0
   10896:	00a68067          	jr	10(a3)
   1089a:	00b70723          	sb	a1,14(a4)
   1089e:	00b706a3          	sb	a1,13(a4)
   108a2:	00b70623          	sb	a1,12(a4)
   108a6:	00b705a3          	sb	a1,11(a4)
   108aa:	00b70523          	sb	a1,10(a4)
   108ae:	00b704a3          	sb	a1,9(a4)
   108b2:	00b70423          	sb	a1,8(a4)
   108b6:	00b703a3          	sb	a1,7(a4)
   108ba:	00b70323          	sb	a1,6(a4)
   108be:	00b702a3          	sb	a1,5(a4)
   108c2:	00b70223          	sb	a1,4(a4)
   108c6:	00b701a3          	sb	a1,3(a4)
   108ca:	00b70123          	sb	a1,2(a4)
   108ce:	00b700a3          	sb	a1,1(a4)
   108d2:	00b70023          	sb	a1,0(a4)
   108d6:	8082                	ret
   108d8:	0ff5f593          	zext.b	a1,a1
   108dc:	00859693          	slli	a3,a1,0x8
   108e0:	8dd5                	or	a1,a1,a3
   108e2:	01059693          	slli	a3,a1,0x10
   108e6:	8dd5                	or	a1,a1,a3
   108e8:	02059693          	slli	a3,a1,0x20
   108ec:	8dd5                	or	a1,a1,a3
   108ee:	b759                	j	10874 <memset+0x10>
   108f0:	00279693          	slli	a3,a5,0x2
   108f4:	00000297          	auipc	t0,0x0
   108f8:	9696                	add	a3,a3,t0
   108fa:	8286                	mv	t0,ra
   108fc:	fa2680e7          	jalr	-94(a3)
   10900:	8096                	mv	ra,t0
   10902:	17c1                	addi	a5,a5,-16
   10904:	8f1d                	sub	a4,a4,a5
   10906:	963e                	add	a2,a2,a5
   10908:	f8c371e3          	bgeu	t1,a2,1088a <memset+0x26>
   1090c:	b79d                	j	10872 <memset+0xe>

000000000001090e <__call_exitprocs>:
   1090e:	715d                	addi	sp,sp,-80
   10910:	f052                	sd	s4,32(sp)
   10912:	f84a                	sd	s2,48(sp)
   10914:	8a01b903          	ld	s2,-1888(gp) # 1b638 <__atexit>
   10918:	e486                	sd	ra,72(sp)
   1091a:	06090e63          	beqz	s2,10996 <__call_exitprocs+0x88>
   1091e:	f44e                	sd	s3,40(sp)
   10920:	ec56                	sd	s5,24(sp)
   10922:	e85a                	sd	s6,16(sp)
   10924:	e45e                	sd	s7,8(sp)
   10926:	e0a2                	sd	s0,64(sp)
   10928:	fc26                	sd	s1,56(sp)
   1092a:	e062                	sd	s8,0(sp)
   1092c:	8b2a                	mv	s6,a0
   1092e:	8bae                	mv	s7,a1
   10930:	59fd                	li	s3,-1
   10932:	4a85                	li	s5,1
   10934:	00892403          	lw	s0,8(s2)
   10938:	347d                	addiw	s0,s0,-1
   1093a:	04044763          	bltz	s0,10988 <__call_exitprocs+0x7a>
   1093e:	01090493          	addi	s1,s2,16
   10942:	00341793          	slli	a5,s0,0x3
   10946:	94be                	add	s1,s1,a5
   10948:	040b9c63          	bnez	s7,109a0 <__call_exitprocs+0x92>
   1094c:	00892783          	lw	a5,8(s2)
   10950:	6094                	ld	a3,0(s1)
   10952:	37fd                	addiw	a5,a5,-1
   10954:	08878863          	beq	a5,s0,109e4 <__call_exitprocs+0xd6>
   10958:	0004b023          	sd	zero,0(s1)
   1095c:	c295                	beqz	a3,10980 <__call_exitprocs+0x72>
   1095e:	31092783          	lw	a5,784(s2)
   10962:	008a973b          	sllw	a4,s5,s0
   10966:	00892c03          	lw	s8,8(s2)
   1096a:	8ff9                	and	a5,a5,a4
   1096c:	ebb9                	bnez	a5,109c2 <__call_exitprocs+0xb4>
   1096e:	9682                	jalr	a3
   10970:	00892703          	lw	a4,8(s2)
   10974:	8a01b783          	ld	a5,-1888(gp) # 1b638 <__atexit>
   10978:	07871363          	bne	a4,s8,109de <__call_exitprocs+0xd0>
   1097c:	07279163          	bne	a5,s2,109de <__call_exitprocs+0xd0>
   10980:	347d                	addiw	s0,s0,-1
   10982:	14e1                	addi	s1,s1,-8
   10984:	fd3412e3          	bne	s0,s3,10948 <__call_exitprocs+0x3a>
   10988:	6406                	ld	s0,64(sp)
   1098a:	74e2                	ld	s1,56(sp)
   1098c:	79a2                	ld	s3,40(sp)
   1098e:	6ae2                	ld	s5,24(sp)
   10990:	6b42                	ld	s6,16(sp)
   10992:	6ba2                	ld	s7,8(sp)
   10994:	6c02                	ld	s8,0(sp)
   10996:	60a6                	ld	ra,72(sp)
   10998:	7942                	ld	s2,48(sp)
   1099a:	7a02                	ld	s4,32(sp)
   1099c:	6161                	addi	sp,sp,80
   1099e:	8082                	ret
   109a0:	2004b783          	ld	a5,512(s1)
   109a4:	fff4071b          	addiw	a4,s0,-1
   109a8:	fafb82e3          	beq	s7,a5,1094c <__call_exitprocs+0x3e>
   109ac:	3479                	addiw	s0,s0,-2
   109ae:	fd370de3          	beq	a4,s3,10988 <__call_exitprocs+0x7a>
   109b2:	1f84b783          	ld	a5,504(s1)
   109b6:	03778a63          	beq	a5,s7,109ea <__call_exitprocs+0xdc>
   109ba:	14c1                	addi	s1,s1,-16
   109bc:	ff3412e3          	bne	s0,s3,109a0 <__call_exitprocs+0x92>
   109c0:	b7e1                	j	10988 <__call_exitprocs+0x7a>
   109c2:	31492783          	lw	a5,788(s2)
   109c6:	1004b583          	ld	a1,256(s1)
   109ca:	8f7d                	and	a4,a4,a5
   109cc:	e315                	bnez	a4,109f0 <__call_exitprocs+0xe2>
   109ce:	855a                	mv	a0,s6
   109d0:	9682                	jalr	a3
   109d2:	00892703          	lw	a4,8(s2)
   109d6:	8a01b783          	ld	a5,-1888(gp) # 1b638 <__atexit>
   109da:	fb8701e3          	beq	a4,s8,1097c <__call_exitprocs+0x6e>
   109de:	d7cd                	beqz	a5,10988 <__call_exitprocs+0x7a>
   109e0:	893e                	mv	s2,a5
   109e2:	bf89                	j	10934 <__call_exitprocs+0x26>
   109e4:	00892423          	sw	s0,8(s2)
   109e8:	bf95                	j	1095c <__call_exitprocs+0x4e>
   109ea:	843a                	mv	s0,a4
   109ec:	14e1                	addi	s1,s1,-8
   109ee:	bfb9                	j	1094c <__call_exitprocs+0x3e>
   109f0:	852e                	mv	a0,a1
   109f2:	9682                	jalr	a3
   109f4:	bfb5                	j	10970 <__call_exitprocs+0x62>

00000000000109f6 <atexit>:
   109f6:	85aa                	mv	a1,a0
   109f8:	4681                	li	a3,0
   109fa:	4601                	li	a2,0
   109fc:	4501                	li	a0,0
   109fe:	5d80306f          	j	13fd6 <__register_exitproc>

0000000000010a02 <_malloc_trim_r>:
   10a02:	7179                	addi	sp,sp,-48
   10a04:	e84a                	sd	s2,16(sp)
   10a06:	696d                	lui	s2,0x1b
   10a08:	f022                	sd	s0,32(sp)
   10a0a:	ec26                	sd	s1,24(sp)
   10a0c:	e44e                	sd	s3,8(sp)
   10a0e:	842e                	mv	s0,a1
   10a10:	f406                	sd	ra,40(sp)
   10a12:	89aa                	mv	s3,a0
   10a14:	be090913          	addi	s2,s2,-1056 # 1abe0 <__malloc_av_>
   10a18:	153000ef          	jal	1136a <__malloc_lock>
   10a1c:	01093783          	ld	a5,16(s2)
   10a20:	6705                	lui	a4,0x1
   10a22:	6784                	ld	s1,8(a5)
   10a24:	98f1                	andi	s1,s1,-4
   10a26:	7ff48793          	addi	a5,s1,2047
   10a2a:	7e078793          	addi	a5,a5,2016
   10a2e:	40878433          	sub	s0,a5,s0
   10a32:	8031                	srli	s0,s0,0xc
   10a34:	147d                	addi	s0,s0,-1
   10a36:	0432                	slli	s0,s0,0xc
   10a38:	00e44b63          	blt	s0,a4,10a4e <_malloc_trim_r+0x4c>
   10a3c:	4581                	li	a1,0
   10a3e:	854e                	mv	a0,s3
   10a40:	230030ef          	jal	13c70 <_sbrk_r>
   10a44:	01093783          	ld	a5,16(s2)
   10a48:	97a6                	add	a5,a5,s1
   10a4a:	00f50d63          	beq	a0,a5,10a64 <_malloc_trim_r+0x62>
   10a4e:	854e                	mv	a0,s3
   10a50:	11d000ef          	jal	1136c <__malloc_unlock>
   10a54:	70a2                	ld	ra,40(sp)
   10a56:	7402                	ld	s0,32(sp)
   10a58:	64e2                	ld	s1,24(sp)
   10a5a:	6942                	ld	s2,16(sp)
   10a5c:	69a2                	ld	s3,8(sp)
   10a5e:	4501                	li	a0,0
   10a60:	6145                	addi	sp,sp,48
   10a62:	8082                	ret
   10a64:	408005b3          	neg	a1,s0
   10a68:	854e                	mv	a0,s3
   10a6a:	206030ef          	jal	13c70 <_sbrk_r>
   10a6e:	57fd                	li	a5,-1
   10a70:	02f50963          	beq	a0,a5,10aa2 <_malloc_trim_r+0xa0>
   10a74:	6779                	lui	a4,0x1e
   10a76:	01093683          	ld	a3,16(s2)
   10a7a:	8b073783          	ld	a5,-1872(a4) # 1d8b0 <__malloc_current_mallinfo>
   10a7e:	8c81                	sub	s1,s1,s0
   10a80:	0014e493          	ori	s1,s1,1
   10a84:	854e                	mv	a0,s3
   10a86:	8f81                	sub	a5,a5,s0
   10a88:	e684                	sd	s1,8(a3)
   10a8a:	8af73823          	sd	a5,-1872(a4)
   10a8e:	0df000ef          	jal	1136c <__malloc_unlock>
   10a92:	70a2                	ld	ra,40(sp)
   10a94:	7402                	ld	s0,32(sp)
   10a96:	64e2                	ld	s1,24(sp)
   10a98:	6942                	ld	s2,16(sp)
   10a9a:	69a2                	ld	s3,8(sp)
   10a9c:	4505                	li	a0,1
   10a9e:	6145                	addi	sp,sp,48
   10aa0:	8082                	ret
   10aa2:	4581                	li	a1,0
   10aa4:	854e                	mv	a0,s3
   10aa6:	1ca030ef          	jal	13c70 <_sbrk_r>
   10aaa:	01093703          	ld	a4,16(s2)
   10aae:	46fd                	li	a3,31
   10ab0:	40e507b3          	sub	a5,a0,a4
   10ab4:	f8f6dde3          	bge	a3,a5,10a4e <_malloc_trim_r+0x4c>
   10ab8:	8801b603          	ld	a2,-1920(gp) # 1b618 <__malloc_sbrk_base>
   10abc:	0017e793          	ori	a5,a5,1
   10ac0:	66f9                	lui	a3,0x1e
   10ac2:	8d11                	sub	a0,a0,a2
   10ac4:	e71c                	sd	a5,8(a4)
   10ac6:	8aa6b823          	sd	a0,-1872(a3) # 1d8b0 <__malloc_current_mallinfo>
   10aca:	b751                	j	10a4e <_malloc_trim_r+0x4c>

0000000000010acc <_free_r>:
   10acc:	c1e5                	beqz	a1,10bac <_free_r+0xe0>
   10ace:	1101                	addi	sp,sp,-32
   10ad0:	e822                	sd	s0,16(sp)
   10ad2:	e42e                	sd	a1,8(sp)
   10ad4:	842a                	mv	s0,a0
   10ad6:	ec06                	sd	ra,24(sp)
   10ad8:	093000ef          	jal	1136a <__malloc_lock>
   10adc:	65a2                	ld	a1,8(sp)
   10ade:	686d                	lui	a6,0x1b
   10ae0:	be080813          	addi	a6,a6,-1056 # 1abe0 <__malloc_av_>
   10ae4:	ff85b503          	ld	a0,-8(a1)
   10ae8:	ff058713          	addi	a4,a1,-16
   10aec:	01083883          	ld	a7,16(a6)
   10af0:	ffe57793          	andi	a5,a0,-2
   10af4:	00f70633          	add	a2,a4,a5
   10af8:	6614                	ld	a3,8(a2)
   10afa:	00157313          	andi	t1,a0,1
   10afe:	9af1                	andi	a3,a3,-4
   10b00:	12c88263          	beq	a7,a2,10c24 <_free_r+0x158>
   10b04:	e614                	sd	a3,8(a2)
   10b06:	00d608b3          	add	a7,a2,a3
   10b0a:	0088b883          	ld	a7,8(a7)
   10b0e:	0018f893          	andi	a7,a7,1
   10b12:	06031963          	bnez	t1,10b84 <_free_r+0xb8>
   10b16:	ff05b303          	ld	t1,-16(a1)
   10b1a:	65ed                	lui	a1,0x1b
   10b1c:	bf058593          	addi	a1,a1,-1040 # 1abf0 <__malloc_av_+0x10>
   10b20:	40670733          	sub	a4,a4,t1
   10b24:	6b08                	ld	a0,16(a4)
   10b26:	979a                	add	a5,a5,t1
   10b28:	0eb50163          	beq	a0,a1,10c0a <_free_r+0x13e>
   10b2c:	01873303          	ld	t1,24(a4)
   10b30:	00653c23          	sd	t1,24(a0)
   10b34:	00a33823          	sd	a0,16(t1)
   10b38:	12088063          	beqz	a7,10c58 <_free_r+0x18c>
   10b3c:	0017e693          	ori	a3,a5,1
   10b40:	e714                	sd	a3,8(a4)
   10b42:	e21c                	sd	a5,0(a2)
   10b44:	1ff00693          	li	a3,511
   10b48:	06f6ec63          	bltu	a3,a5,10bc0 <_free_r+0xf4>
   10b4c:	838d                	srli	a5,a5,0x3
   10b4e:	00179693          	slli	a3,a5,0x1
   10b52:	2689                	addiw	a3,a3,2
   10b54:	068e                	slli	a3,a3,0x3
   10b56:	00883503          	ld	a0,8(a6)
   10b5a:	96c2                	add	a3,a3,a6
   10b5c:	628c                	ld	a1,0(a3)
   10b5e:	4027d61b          	sraiw	a2,a5,0x2
   10b62:	4785                	li	a5,1
   10b64:	00c797b3          	sll	a5,a5,a2
   10b68:	8fc9                	or	a5,a5,a0
   10b6a:	ff068613          	addi	a2,a3,-16
   10b6e:	eb0c                	sd	a1,16(a4)
   10b70:	ef10                	sd	a2,24(a4)
   10b72:	00f83423          	sd	a5,8(a6)
   10b76:	e298                	sd	a4,0(a3)
   10b78:	ed98                	sd	a4,24(a1)
   10b7a:	8522                	mv	a0,s0
   10b7c:	6442                	ld	s0,16(sp)
   10b7e:	60e2                	ld	ra,24(sp)
   10b80:	6105                	addi	sp,sp,32
   10b82:	a7ed                	j	1136c <__malloc_unlock>
   10b84:	02089563          	bnez	a7,10bae <_free_r+0xe2>
   10b88:	65ed                	lui	a1,0x1b
   10b8a:	97b6                	add	a5,a5,a3
   10b8c:	bf058593          	addi	a1,a1,-1040 # 1abf0 <__malloc_av_+0x10>
   10b90:	6a14                	ld	a3,16(a2)
   10b92:	0017e893          	ori	a7,a5,1
   10b96:	00f70533          	add	a0,a4,a5
   10b9a:	0eb68f63          	beq	a3,a1,10c98 <_free_r+0x1cc>
   10b9e:	6e10                	ld	a2,24(a2)
   10ba0:	ee90                	sd	a2,24(a3)
   10ba2:	ea14                	sd	a3,16(a2)
   10ba4:	01173423          	sd	a7,8(a4)
   10ba8:	e11c                	sd	a5,0(a0)
   10baa:	bf69                	j	10b44 <_free_r+0x78>
   10bac:	8082                	ret
   10bae:	00156513          	ori	a0,a0,1
   10bb2:	fea5bc23          	sd	a0,-8(a1)
   10bb6:	e21c                	sd	a5,0(a2)
   10bb8:	1ff00693          	li	a3,511
   10bbc:	f8f6f8e3          	bgeu	a3,a5,10b4c <_free_r+0x80>
   10bc0:	0097d693          	srli	a3,a5,0x9
   10bc4:	4611                	li	a2,4
   10bc6:	08d66b63          	bltu	a2,a3,10c5c <_free_r+0x190>
   10bca:	0067d693          	srli	a3,a5,0x6
   10bce:	00169593          	slli	a1,a3,0x1
   10bd2:	0725859b          	addiw	a1,a1,114
   10bd6:	058e                	slli	a1,a1,0x3
   10bd8:	0386861b          	addiw	a2,a3,56
   10bdc:	95c2                	add	a1,a1,a6
   10bde:	6194                	ld	a3,0(a1)
   10be0:	15c1                	addi	a1,a1,-16
   10be2:	00d59663          	bne	a1,a3,10bee <_free_r+0x122>
   10be6:	a0d9                	j	10cac <_free_r+0x1e0>
   10be8:	6a94                	ld	a3,16(a3)
   10bea:	00d58663          	beq	a1,a3,10bf6 <_free_r+0x12a>
   10bee:	6690                	ld	a2,8(a3)
   10bf0:	9a71                	andi	a2,a2,-4
   10bf2:	fec7ebe3          	bltu	a5,a2,10be8 <_free_r+0x11c>
   10bf6:	6e8c                	ld	a1,24(a3)
   10bf8:	ef0c                	sd	a1,24(a4)
   10bfa:	eb14                	sd	a3,16(a4)
   10bfc:	8522                	mv	a0,s0
   10bfe:	6442                	ld	s0,16(sp)
   10c00:	60e2                	ld	ra,24(sp)
   10c02:	e998                	sd	a4,16(a1)
   10c04:	ee98                	sd	a4,24(a3)
   10c06:	6105                	addi	sp,sp,32
   10c08:	a795                	j	1136c <__malloc_unlock>
   10c0a:	06089a63          	bnez	a7,10c7e <_free_r+0x1b2>
   10c0e:	6e0c                	ld	a1,24(a2)
   10c10:	6a10                	ld	a2,16(a2)
   10c12:	96be                	add	a3,a3,a5
   10c14:	0016e793          	ori	a5,a3,1
   10c18:	ee0c                	sd	a1,24(a2)
   10c1a:	e990                	sd	a2,16(a1)
   10c1c:	e71c                	sd	a5,8(a4)
   10c1e:	9736                	add	a4,a4,a3
   10c20:	e314                	sd	a3,0(a4)
   10c22:	bfa1                	j	10b7a <_free_r+0xae>
   10c24:	96be                	add	a3,a3,a5
   10c26:	00031a63          	bnez	t1,10c3a <_free_r+0x16e>
   10c2a:	ff05b783          	ld	a5,-16(a1)
   10c2e:	8f1d                	sub	a4,a4,a5
   10c30:	6b10                	ld	a2,16(a4)
   10c32:	96be                	add	a3,a3,a5
   10c34:	6f1c                	ld	a5,24(a4)
   10c36:	ee1c                	sd	a5,24(a2)
   10c38:	eb90                	sd	a2,16(a5)
   10c3a:	0016e613          	ori	a2,a3,1
   10c3e:	8881b783          	ld	a5,-1912(gp) # 1b620 <__malloc_trim_threshold>
   10c42:	e710                	sd	a2,8(a4)
   10c44:	00e83823          	sd	a4,16(a6)
   10c48:	f2f6e9e3          	bltu	a3,a5,10b7a <_free_r+0xae>
   10c4c:	8b81b583          	ld	a1,-1864(gp) # 1b650 <__malloc_top_pad>
   10c50:	8522                	mv	a0,s0
   10c52:	db1ff0ef          	jal	10a02 <_malloc_trim_r>
   10c56:	b715                	j	10b7a <_free_r+0xae>
   10c58:	97b6                	add	a5,a5,a3
   10c5a:	bf1d                	j	10b90 <_free_r+0xc4>
   10c5c:	4651                	li	a2,20
   10c5e:	02d67563          	bgeu	a2,a3,10c88 <_free_r+0x1bc>
   10c62:	05400613          	li	a2,84
   10c66:	04d66e63          	bltu	a2,a3,10cc2 <_free_r+0x1f6>
   10c6a:	00c7d693          	srli	a3,a5,0xc
   10c6e:	00169593          	slli	a1,a3,0x1
   10c72:	0de5859b          	addiw	a1,a1,222
   10c76:	058e                	slli	a1,a1,0x3
   10c78:	06e6861b          	addiw	a2,a3,110
   10c7c:	b785                	j	10bdc <_free_r+0x110>
   10c7e:	0017e693          	ori	a3,a5,1
   10c82:	e714                	sd	a3,8(a4)
   10c84:	e21c                	sd	a5,0(a2)
   10c86:	bdd5                	j	10b7a <_free_r+0xae>
   10c88:	00169593          	slli	a1,a3,0x1
   10c8c:	0b85859b          	addiw	a1,a1,184
   10c90:	058e                	slli	a1,a1,0x3
   10c92:	05b6861b          	addiw	a2,a3,91
   10c96:	b799                	j	10bdc <_free_r+0x110>
   10c98:	02e83423          	sd	a4,40(a6)
   10c9c:	02e83023          	sd	a4,32(a6)
   10ca0:	ef0c                	sd	a1,24(a4)
   10ca2:	eb0c                	sd	a1,16(a4)
   10ca4:	01173423          	sd	a7,8(a4)
   10ca8:	e11c                	sd	a5,0(a0)
   10caa:	bdc1                	j	10b7a <_free_r+0xae>
   10cac:	00883503          	ld	a0,8(a6)
   10cb0:	4026561b          	sraiw	a2,a2,0x2
   10cb4:	4785                	li	a5,1
   10cb6:	00c797b3          	sll	a5,a5,a2
   10cba:	8fc9                	or	a5,a5,a0
   10cbc:	00f83423          	sd	a5,8(a6)
   10cc0:	bf25                	j	10bf8 <_free_r+0x12c>
   10cc2:	15400613          	li	a2,340
   10cc6:	00d66c63          	bltu	a2,a3,10cde <_free_r+0x212>
   10cca:	00f7d693          	srli	a3,a5,0xf
   10cce:	00169593          	slli	a1,a3,0x1
   10cd2:	0f05859b          	addiw	a1,a1,240
   10cd6:	058e                	slli	a1,a1,0x3
   10cd8:	0776861b          	addiw	a2,a3,119
   10cdc:	b701                	j	10bdc <_free_r+0x110>
   10cde:	55400613          	li	a2,1364
   10ce2:	00d66c63          	bltu	a2,a3,10cfa <_free_r+0x22e>
   10ce6:	0127d693          	srli	a3,a5,0x12
   10cea:	00169593          	slli	a1,a3,0x1
   10cee:	0fa5859b          	addiw	a1,a1,250
   10cf2:	058e                	slli	a1,a1,0x3
   10cf4:	07c6861b          	addiw	a2,a3,124
   10cf8:	b5d5                	j	10bdc <_free_r+0x110>
   10cfa:	7f000593          	li	a1,2032
   10cfe:	07e00613          	li	a2,126
   10d02:	bde9                	j	10bdc <_free_r+0x110>

0000000000010d04 <_malloc_r>:
   10d04:	711d                	addi	sp,sp,-96
   10d06:	e8a2                	sd	s0,80(sp)
   10d08:	ec86                	sd	ra,88(sp)
   10d0a:	01758713          	addi	a4,a1,23
   10d0e:	02e00793          	li	a5,46
   10d12:	842a                	mv	s0,a0
   10d14:	06e7e363          	bltu	a5,a4,10d7a <_malloc_r+0x76>
   10d18:	02000713          	li	a4,32
   10d1c:	04b76863          	bltu	a4,a1,10d6c <_malloc_r+0x68>
   10d20:	64a000ef          	jal	1136a <__malloc_lock>
   10d24:	02000713          	li	a4,32
   10d28:	05000693          	li	a3,80
   10d2c:	4891                	li	a7,4
   10d2e:	686d                	lui	a6,0x1b
   10d30:	be080813          	addi	a6,a6,-1056 # 1abe0 <__malloc_av_>
   10d34:	96c2                	add	a3,a3,a6
   10d36:	669c                	ld	a5,8(a3)
   10d38:	ff068613          	addi	a2,a3,-16
   10d3c:	32c78463          	beq	a5,a2,11064 <_malloc_r+0x360>
   10d40:	6798                	ld	a4,8(a5)
   10d42:	6f90                	ld	a2,24(a5)
   10d44:	6b8c                	ld	a1,16(a5)
   10d46:	9b71                	andi	a4,a4,-4
   10d48:	973e                	add	a4,a4,a5
   10d4a:	6714                	ld	a3,8(a4)
   10d4c:	ed90                	sd	a2,24(a1)
   10d4e:	ea0c                	sd	a1,16(a2)
   10d50:	0016e693          	ori	a3,a3,1
   10d54:	8522                	mv	a0,s0
   10d56:	e714                	sd	a3,8(a4)
   10d58:	e43e                	sd	a5,8(sp)
   10d5a:	612000ef          	jal	1136c <__malloc_unlock>
   10d5e:	67a2                	ld	a5,8(sp)
   10d60:	60e6                	ld	ra,88(sp)
   10d62:	6446                	ld	s0,80(sp)
   10d64:	01078513          	addi	a0,a5,16
   10d68:	6125                	addi	sp,sp,96
   10d6a:	8082                	ret
   10d6c:	47b1                	li	a5,12
   10d6e:	c01c                	sw	a5,0(s0)
   10d70:	4501                	li	a0,0
   10d72:	60e6                	ld	ra,88(sp)
   10d74:	6446                	ld	s0,80(sp)
   10d76:	6125                	addi	sp,sp,96
   10d78:	8082                	ret
   10d7a:	4785                	li	a5,1
   10d7c:	9b41                	andi	a4,a4,-16
   10d7e:	07fe                	slli	a5,a5,0x1f
   10d80:	fef776e3          	bgeu	a4,a5,10d6c <_malloc_r+0x68>
   10d84:	feb764e3          	bltu	a4,a1,10d6c <_malloc_r+0x68>
   10d88:	e43a                	sd	a4,8(sp)
   10d8a:	5e0000ef          	jal	1136a <__malloc_lock>
   10d8e:	6722                	ld	a4,8(sp)
   10d90:	1f700793          	li	a5,503
   10d94:	38e7f663          	bgeu	a5,a4,11120 <_malloc_r+0x41c>
   10d98:	00975793          	srli	a5,a4,0x9
   10d9c:	12078463          	beqz	a5,10ec4 <_malloc_r+0x1c0>
   10da0:	4691                	li	a3,4
   10da2:	30f6e863          	bltu	a3,a5,110b2 <_malloc_r+0x3ae>
   10da6:	00675793          	srli	a5,a4,0x6
   10daa:	0397889b          	addiw	a7,a5,57
   10dae:	0018951b          	slliw	a0,a7,0x1
   10db2:	03878e1b          	addiw	t3,a5,56
   10db6:	050e                	slli	a0,a0,0x3
   10db8:	686d                	lui	a6,0x1b
   10dba:	be080813          	addi	a6,a6,-1056 # 1abe0 <__malloc_av_>
   10dbe:	9542                	add	a0,a0,a6
   10dc0:	651c                	ld	a5,8(a0)
   10dc2:	1541                	addi	a0,a0,-16
   10dc4:	02f50163          	beq	a0,a5,10de6 <_malloc_r+0xe2>
   10dc8:	437d                	li	t1,31
   10dca:	a039                	j	10dd8 <_malloc_r+0xd4>
   10dcc:	6f8c                	ld	a1,24(a5)
   10dce:	26065863          	bgez	a2,1103e <_malloc_r+0x33a>
   10dd2:	00b50a63          	beq	a0,a1,10de6 <_malloc_r+0xe2>
   10dd6:	87ae                	mv	a5,a1
   10dd8:	6794                	ld	a3,8(a5)
   10dda:	9af1                	andi	a3,a3,-4
   10ddc:	40e68633          	sub	a2,a3,a4
   10de0:	fec356e3          	bge	t1,a2,10dcc <_malloc_r+0xc8>
   10de4:	88f2                	mv	a7,t3
   10de6:	02083783          	ld	a5,32(a6)
   10dea:	6e6d                	lui	t3,0x1b
   10dec:	bf0e0e13          	addi	t3,t3,-1040 # 1abf0 <__malloc_av_+0x10>
   10df0:	23c78063          	beq	a5,t3,11010 <_malloc_r+0x30c>
   10df4:	0087b303          	ld	t1,8(a5)
   10df8:	467d                	li	a2,31
   10dfa:	ffc37313          	andi	t1,t1,-4
   10dfe:	40e306b3          	sub	a3,t1,a4
   10e02:	34d64563          	blt	a2,a3,1114c <_malloc_r+0x448>
   10e06:	03c83423          	sd	t3,40(a6)
   10e0a:	03c83023          	sd	t3,32(a6)
   10e0e:	3206d063          	bgez	a3,1112e <_malloc_r+0x42a>
   10e12:	1ff00693          	li	a3,511
   10e16:	00883583          	ld	a1,8(a6)
   10e1a:	2466ea63          	bltu	a3,t1,1106e <_malloc_r+0x36a>
   10e1e:	00335313          	srli	t1,t1,0x3
   10e22:	00131693          	slli	a3,t1,0x1
   10e26:	2689                	addiw	a3,a3,2
   10e28:	068e                	slli	a3,a3,0x3
   10e2a:	96c2                	add	a3,a3,a6
   10e2c:	6288                	ld	a0,0(a3)
   10e2e:	4023531b          	sraiw	t1,t1,0x2
   10e32:	4605                	li	a2,1
   10e34:	00661633          	sll	a2,a2,t1
   10e38:	8dd1                	or	a1,a1,a2
   10e3a:	ff068613          	addi	a2,a3,-16
   10e3e:	eb88                	sd	a0,16(a5)
   10e40:	ef90                	sd	a2,24(a5)
   10e42:	00b83423          	sd	a1,8(a6)
   10e46:	e29c                	sd	a5,0(a3)
   10e48:	ed1c                	sd	a5,24(a0)
   10e4a:	4028d79b          	sraiw	a5,a7,0x2
   10e4e:	4505                	li	a0,1
   10e50:	00f51533          	sll	a0,a0,a5
   10e54:	06a5ef63          	bltu	a1,a0,10ed2 <_malloc_r+0x1ce>
   10e58:	00b577b3          	and	a5,a0,a1
   10e5c:	ef89                	bnez	a5,10e76 <_malloc_r+0x172>
   10e5e:	0506                	slli	a0,a0,0x1
   10e60:	ffc8f893          	andi	a7,a7,-4
   10e64:	00b577b3          	and	a5,a0,a1
   10e68:	2891                	addiw	a7,a7,4
   10e6a:	e791                	bnez	a5,10e76 <_malloc_r+0x172>
   10e6c:	0506                	slli	a0,a0,0x1
   10e6e:	00b577b3          	and	a5,a0,a1
   10e72:	2891                	addiw	a7,a7,4
   10e74:	dfe5                	beqz	a5,10e6c <_malloc_r+0x168>
   10e76:	4efd                	li	t4,31
   10e78:	00189f13          	slli	t5,a7,0x1
   10e7c:	2f09                	addiw	t5,t5,2
   10e7e:	0f0e                	slli	t5,t5,0x3
   10e80:	1f41                	addi	t5,t5,-16
   10e82:	9f42                	add	t5,t5,a6
   10e84:	837a                	mv	t1,t5
   10e86:	01833683          	ld	a3,24(t1)
   10e8a:	8fc6                	mv	t6,a7
   10e8c:	24d30463          	beq	t1,a3,110d4 <_malloc_r+0x3d0>
   10e90:	6690                	ld	a2,8(a3)
   10e92:	87b6                	mv	a5,a3
   10e94:	6e94                	ld	a3,24(a3)
   10e96:	9a71                	andi	a2,a2,-4
   10e98:	40e605b3          	sub	a1,a2,a4
   10e9c:	24bec563          	blt	t4,a1,110e6 <_malloc_r+0x3e2>
   10ea0:	fe05c6e3          	bltz	a1,10e8c <_malloc_r+0x188>
   10ea4:	963e                	add	a2,a2,a5
   10ea6:	6618                	ld	a4,8(a2)
   10ea8:	6b8c                	ld	a1,16(a5)
   10eaa:	8522                	mv	a0,s0
   10eac:	00176713          	ori	a4,a4,1
   10eb0:	e618                	sd	a4,8(a2)
   10eb2:	ed94                	sd	a3,24(a1)
   10eb4:	ea8c                	sd	a1,16(a3)
   10eb6:	e43e                	sd	a5,8(sp)
   10eb8:	4b4000ef          	jal	1136c <__malloc_unlock>
   10ebc:	67a2                	ld	a5,8(sp)
   10ebe:	01078513          	addi	a0,a5,16
   10ec2:	bd45                	j	10d72 <_malloc_r+0x6e>
   10ec4:	40000513          	li	a0,1024
   10ec8:	04000893          	li	a7,64
   10ecc:	03f00e13          	li	t3,63
   10ed0:	b5e5                	j	10db8 <_malloc_r+0xb4>
   10ed2:	01083783          	ld	a5,16(a6)
   10ed6:	6794                	ld	a3,8(a5)
   10ed8:	ffc6f313          	andi	t1,a3,-4
   10edc:	40e30633          	sub	a2,t1,a4
   10ee0:	00e36663          	bltu	t1,a4,10eec <_malloc_r+0x1e8>
   10ee4:	02062693          	slti	a3,a2,32
   10ee8:	12068763          	beqz	a3,11016 <_malloc_r+0x312>
   10eec:	8b81b583          	ld	a1,-1864(gp) # 1b650 <__malloc_top_pad>
   10ef0:	8801b603          	ld	a2,-1920(gp) # 1b618 <__malloc_sbrk_base>
   10ef4:	56fd                	li	a3,-1
   10ef6:	95ba                	add	a1,a1,a4
   10ef8:	30d60763          	beq	a2,a3,11206 <_malloc_r+0x502>
   10efc:	6685                	lui	a3,0x1
   10efe:	06fd                	addi	a3,a3,31 # 101f <exit-0xf101>
   10f00:	95b6                	add	a1,a1,a3
   10f02:	76fd                	lui	a3,0xfffff
   10f04:	8df5                	and	a1,a1,a3
   10f06:	8522                	mv	a0,s0
   10f08:	f442                	sd	a6,40(sp)
   10f0a:	f03e                	sd	a5,32(sp)
   10f0c:	ec3a                	sd	a4,24(sp)
   10f0e:	e81a                	sd	t1,16(sp)
   10f10:	e42e                	sd	a1,8(sp)
   10f12:	55f020ef          	jal	13c70 <_sbrk_r>
   10f16:	56fd                	li	a3,-1
   10f18:	65a2                	ld	a1,8(sp)
   10f1a:	6342                	ld	t1,16(sp)
   10f1c:	6762                	ld	a4,24(sp)
   10f1e:	7782                	ld	a5,32(sp)
   10f20:	7822                	ld	a6,40(sp)
   10f22:	8e2a                	mv	t3,a0
   10f24:	26d50a63          	beq	a0,a3,11198 <_malloc_r+0x494>
   10f28:	006786b3          	add	a3,a5,t1
   10f2c:	26d56463          	bltu	a0,a3,11194 <_malloc_r+0x490>
   10f30:	6ef9                	lui	t4,0x1e
   10f32:	8b0e8e93          	addi	t4,t4,-1872 # 1d8b0 <__malloc_current_mallinfo>
   10f36:	000eb603          	ld	a2,0(t4)
   10f3a:	962e                	add	a2,a2,a1
   10f3c:	00ceb023          	sd	a2,0(t4)
   10f40:	36a68363          	beq	a3,a0,112a6 <_malloc_r+0x5a2>
   10f44:	8801bf03          	ld	t5,-1920(gp) # 1b618 <__malloc_sbrk_base>
   10f48:	557d                	li	a0,-1
   10f4a:	36af0963          	beq	t5,a0,112bc <_malloc_r+0x5b8>
   10f4e:	40de06b3          	sub	a3,t3,a3
   10f52:	96b2                	add	a3,a3,a2
   10f54:	00deb023          	sd	a3,0(t4)
   10f58:	00fe7f13          	andi	t5,t3,15
   10f5c:	2c0f0163          	beqz	t5,1121e <_malloc_r+0x51a>
   10f60:	ff0e7e13          	andi	t3,t3,-16
   10f64:	6885                	lui	a7,0x1
   10f66:	0e41                	addi	t3,t3,16
   10f68:	08c1                	addi	a7,a7,16 # 1010 <exit-0xf110>
   10f6a:	00be0633          	add	a2,t3,a1
   10f6e:	41e885b3          	sub	a1,a7,t5
   10f72:	8d91                	sub	a1,a1,a2
   10f74:	15d2                	slli	a1,a1,0x34
   10f76:	91d1                	srli	a1,a1,0x34
   10f78:	8522                	mv	a0,s0
   10f7a:	e4c2                	sd	a6,72(sp)
   10f7c:	e0f6                	sd	t4,64(sp)
   10f7e:	fc3e                	sd	a5,56(sp)
   10f80:	f83a                	sd	a4,48(sp)
   10f82:	f41a                	sd	t1,40(sp)
   10f84:	f072                	sd	t3,32(sp)
   10f86:	ec7a                	sd	t5,24(sp)
   10f88:	e832                	sd	a2,16(sp)
   10f8a:	e42e                	sd	a1,8(sp)
   10f8c:	4e5020ef          	jal	13c70 <_sbrk_r>
   10f90:	86aa                	mv	a3,a0
   10f92:	557d                	li	a0,-1
   10f94:	65a2                	ld	a1,8(sp)
   10f96:	6642                	ld	a2,16(sp)
   10f98:	6f62                	ld	t5,24(sp)
   10f9a:	7e02                	ld	t3,32(sp)
   10f9c:	7322                	ld	t1,40(sp)
   10f9e:	7742                	ld	a4,48(sp)
   10fa0:	77e2                	ld	a5,56(sp)
   10fa2:	6e86                	ld	t4,64(sp)
   10fa4:	6826                	ld	a6,72(sp)
   10fa6:	34a68e63          	beq	a3,a0,11302 <_malloc_r+0x5fe>
   10faa:	000eb603          	ld	a2,0(t4)
   10fae:	41c686b3          	sub	a3,a3,t3
   10fb2:	96ae                	add	a3,a3,a1
   10fb4:	0016e693          	ori	a3,a3,1
   10fb8:	01c83823          	sd	t3,16(a6)
   10fbc:	962e                	add	a2,a2,a1
   10fbe:	00de3423          	sd	a3,8(t3)
   10fc2:	00ceb023          	sd	a2,0(t4)
   10fc6:	03078763          	beq	a5,a6,10ff4 <_malloc_r+0x2f0>
   10fca:	457d                	li	a0,31
   10fcc:	2e657b63          	bgeu	a0,t1,112c2 <_malloc_r+0x5be>
   10fd0:	678c                	ld	a1,8(a5)
   10fd2:	fe830693          	addi	a3,t1,-24
   10fd6:	9ac1                	andi	a3,a3,-16
   10fd8:	8985                	andi	a1,a1,1
   10fda:	8dd5                	or	a1,a1,a3
   10fdc:	e78c                	sd	a1,8(a5)
   10fde:	48a5                	li	a7,9
   10fe0:	00d785b3          	add	a1,a5,a3
   10fe4:	0115b423          	sd	a7,8(a1)
   10fe8:	0115b823          	sd	a7,16(a1)
   10fec:	32d56063          	bltu	a0,a3,1130c <_malloc_r+0x608>
   10ff0:	008e3683          	ld	a3,8(t3)
   10ff4:	8b01b583          	ld	a1,-1872(gp) # 1b648 <__malloc_max_sbrked_mem>
   10ff8:	00c5f463          	bgeu	a1,a2,11000 <_malloc_r+0x2fc>
   10ffc:	8ac1b823          	sd	a2,-1872(gp) # 1b648 <__malloc_max_sbrked_mem>
   11000:	8a81b583          	ld	a1,-1880(gp) # 1b640 <__malloc_max_total_mem>
   11004:	00c5f463          	bgeu	a1,a2,1100c <_malloc_r+0x308>
   11008:	8ac1b423          	sd	a2,-1880(gp) # 1b640 <__malloc_max_total_mem>
   1100c:	87f2                	mv	a5,t3
   1100e:	aa41                	j	1119e <_malloc_r+0x49a>
   11010:	00883583          	ld	a1,8(a6)
   11014:	bd1d                	j	10e4a <_malloc_r+0x146>
   11016:	00176693          	ori	a3,a4,1
   1101a:	e794                	sd	a3,8(a5)
   1101c:	973e                	add	a4,a4,a5
   1101e:	00166613          	ori	a2,a2,1
   11022:	00e83823          	sd	a4,16(a6)
   11026:	8522                	mv	a0,s0
   11028:	e710                	sd	a2,8(a4)
   1102a:	e43e                	sd	a5,8(sp)
   1102c:	340000ef          	jal	1136c <__malloc_unlock>
   11030:	67a2                	ld	a5,8(sp)
   11032:	60e6                	ld	ra,88(sp)
   11034:	6446                	ld	s0,80(sp)
   11036:	01078513          	addi	a0,a5,16
   1103a:	6125                	addi	sp,sp,96
   1103c:	8082                	ret
   1103e:	6b90                	ld	a2,16(a5)
   11040:	96be                	add	a3,a3,a5
   11042:	6698                	ld	a4,8(a3)
   11044:	ee0c                	sd	a1,24(a2)
   11046:	e990                	sd	a2,16(a1)
   11048:	00176713          	ori	a4,a4,1
   1104c:	8522                	mv	a0,s0
   1104e:	e698                	sd	a4,8(a3)
   11050:	e43e                	sd	a5,8(sp)
   11052:	31a000ef          	jal	1136c <__malloc_unlock>
   11056:	67a2                	ld	a5,8(sp)
   11058:	60e6                	ld	ra,88(sp)
   1105a:	6446                	ld	s0,80(sp)
   1105c:	01078513          	addi	a0,a5,16
   11060:	6125                	addi	sp,sp,96
   11062:	8082                	ret
   11064:	6e9c                	ld	a5,24(a3)
   11066:	2889                	addiw	a7,a7,2
   11068:	d6f68fe3          	beq	a3,a5,10de6 <_malloc_r+0xe2>
   1106c:	b9d1                	j	10d40 <_malloc_r+0x3c>
   1106e:	00935693          	srli	a3,t1,0x9
   11072:	4611                	li	a2,4
   11074:	10d67663          	bgeu	a2,a3,11180 <_malloc_r+0x47c>
   11078:	4651                	li	a2,20
   1107a:	1ed66163          	bltu	a2,a3,1125c <_malloc_r+0x558>
   1107e:	00169513          	slli	a0,a3,0x1
   11082:	0b85051b          	addiw	a0,a0,184
   11086:	050e                	slli	a0,a0,0x3
   11088:	05b6861b          	addiw	a2,a3,91 # fffffffffffff05b <__BSS_END__+0xfffffffffffe1443>
   1108c:	9542                	add	a0,a0,a6
   1108e:	6114                	ld	a3,0(a0)
   11090:	1541                	addi	a0,a0,-16
   11092:	00d51663          	bne	a0,a3,1109e <_malloc_r+0x39a>
   11096:	aa9d                	j	1120c <_malloc_r+0x508>
   11098:	6a94                	ld	a3,16(a3)
   1109a:	00d50663          	beq	a0,a3,110a6 <_malloc_r+0x3a2>
   1109e:	6690                	ld	a2,8(a3)
   110a0:	9a71                	andi	a2,a2,-4
   110a2:	fec36be3          	bltu	t1,a2,11098 <_malloc_r+0x394>
   110a6:	6e88                	ld	a0,24(a3)
   110a8:	ef88                	sd	a0,24(a5)
   110aa:	eb94                	sd	a3,16(a5)
   110ac:	e91c                	sd	a5,16(a0)
   110ae:	ee9c                	sd	a5,24(a3)
   110b0:	bb69                	j	10e4a <_malloc_r+0x146>
   110b2:	46d1                	li	a3,20
   110b4:	10f6f263          	bgeu	a3,a5,111b8 <_malloc_r+0x4b4>
   110b8:	05400693          	li	a3,84
   110bc:	1af6ee63          	bltu	a3,a5,11278 <_malloc_r+0x574>
   110c0:	00c75793          	srli	a5,a4,0xc
   110c4:	06f7889b          	addiw	a7,a5,111
   110c8:	0018951b          	slliw	a0,a7,0x1
   110cc:	06e78e1b          	addiw	t3,a5,110
   110d0:	050e                	slli	a0,a0,0x3
   110d2:	b1dd                	j	10db8 <_malloc_r+0xb4>
   110d4:	2f85                	addiw	t6,t6,1
   110d6:	003ff793          	andi	a5,t6,3
   110da:	0341                	addi	t1,t1,16
   110dc:	0e078b63          	beqz	a5,111d2 <_malloc_r+0x4ce>
   110e0:	01833683          	ld	a3,24(t1)
   110e4:	b365                	j	10e8c <_malloc_r+0x188>
   110e6:	6b88                	ld	a0,16(a5)
   110e8:	00176893          	ori	a7,a4,1
   110ec:	0117b423          	sd	a7,8(a5)
   110f0:	ed14                	sd	a3,24(a0)
   110f2:	ea88                	sd	a0,16(a3)
   110f4:	973e                	add	a4,a4,a5
   110f6:	02e83423          	sd	a4,40(a6)
   110fa:	02e83023          	sd	a4,32(a6)
   110fe:	0015e693          	ori	a3,a1,1
   11102:	963e                	add	a2,a2,a5
   11104:	01c73c23          	sd	t3,24(a4)
   11108:	01c73823          	sd	t3,16(a4)
   1110c:	e714                	sd	a3,8(a4)
   1110e:	8522                	mv	a0,s0
   11110:	e20c                	sd	a1,0(a2)
   11112:	e43e                	sd	a5,8(sp)
   11114:	258000ef          	jal	1136c <__malloc_unlock>
   11118:	67a2                	ld	a5,8(sp)
   1111a:	01078513          	addi	a0,a5,16
   1111e:	b991                	j	10d72 <_malloc_r+0x6e>
   11120:	00375893          	srli	a7,a4,0x3
   11124:	00189693          	slli	a3,a7,0x1
   11128:	2689                	addiw	a3,a3,2
   1112a:	068e                	slli	a3,a3,0x3
   1112c:	b109                	j	10d2e <_malloc_r+0x2a>
   1112e:	933e                	add	t1,t1,a5
   11130:	00833703          	ld	a4,8(t1)
   11134:	8522                	mv	a0,s0
   11136:	e43e                	sd	a5,8(sp)
   11138:	00176713          	ori	a4,a4,1
   1113c:	00e33423          	sd	a4,8(t1)
   11140:	22c000ef          	jal	1136c <__malloc_unlock>
   11144:	67a2                	ld	a5,8(sp)
   11146:	01078513          	addi	a0,a5,16
   1114a:	b125                	j	10d72 <_malloc_r+0x6e>
   1114c:	00176613          	ori	a2,a4,1
   11150:	e790                	sd	a2,8(a5)
   11152:	973e                	add	a4,a4,a5
   11154:	02e83423          	sd	a4,40(a6)
   11158:	02e83023          	sd	a4,32(a6)
   1115c:	0016e613          	ori	a2,a3,1
   11160:	933e                	add	t1,t1,a5
   11162:	01c73c23          	sd	t3,24(a4)
   11166:	01c73823          	sd	t3,16(a4)
   1116a:	e710                	sd	a2,8(a4)
   1116c:	8522                	mv	a0,s0
   1116e:	00d33023          	sd	a3,0(t1)
   11172:	e43e                	sd	a5,8(sp)
   11174:	1f8000ef          	jal	1136c <__malloc_unlock>
   11178:	67a2                	ld	a5,8(sp)
   1117a:	01078513          	addi	a0,a5,16
   1117e:	bed5                	j	10d72 <_malloc_r+0x6e>
   11180:	00635693          	srli	a3,t1,0x6
   11184:	00169513          	slli	a0,a3,0x1
   11188:	0725051b          	addiw	a0,a0,114
   1118c:	050e                	slli	a0,a0,0x3
   1118e:	0386861b          	addiw	a2,a3,56
   11192:	bded                	j	1108c <_malloc_r+0x388>
   11194:	11078063          	beq	a5,a6,11294 <_malloc_r+0x590>
   11198:	01083783          	ld	a5,16(a6)
   1119c:	6794                	ld	a3,8(a5)
   1119e:	9af1                	andi	a3,a3,-4
   111a0:	40e68633          	sub	a2,a3,a4
   111a4:	00e6e663          	bltu	a3,a4,111b0 <_malloc_r+0x4ac>
   111a8:	02062693          	slti	a3,a2,32
   111ac:	e60685e3          	beqz	a3,11016 <_malloc_r+0x312>
   111b0:	8522                	mv	a0,s0
   111b2:	1ba000ef          	jal	1136c <__malloc_unlock>
   111b6:	be6d                	j	10d70 <_malloc_r+0x6c>
   111b8:	05c7889b          	addiw	a7,a5,92
   111bc:	0018951b          	slliw	a0,a7,0x1
   111c0:	05b78e1b          	addiw	t3,a5,91
   111c4:	050e                	slli	a0,a0,0x3
   111c6:	becd                	j	10db8 <_malloc_r+0xb4>
   111c8:	010f3783          	ld	a5,16(t5)
   111cc:	38fd                	addiw	a7,a7,-1
   111ce:	19e79b63          	bne	a5,t5,11364 <_malloc_r+0x660>
   111d2:	0038f793          	andi	a5,a7,3
   111d6:	1f41                	addi	t5,t5,-16
   111d8:	fbe5                	bnez	a5,111c8 <_malloc_r+0x4c4>
   111da:	00883683          	ld	a3,8(a6)
   111de:	fff54793          	not	a5,a0
   111e2:	8ff5                	and	a5,a5,a3
   111e4:	00f83423          	sd	a5,8(a6)
   111e8:	0506                	slli	a0,a0,0x1
   111ea:	fff50693          	addi	a3,a0,-1
   111ee:	cef6f2e3          	bgeu	a3,a5,10ed2 <_malloc_r+0x1ce>
   111f2:	00f576b3          	and	a3,a0,a5
   111f6:	e691                	bnez	a3,11202 <_malloc_r+0x4fe>
   111f8:	0506                	slli	a0,a0,0x1
   111fa:	00f576b3          	and	a3,a0,a5
   111fe:	2f91                	addiw	t6,t6,4
   11200:	dee5                	beqz	a3,111f8 <_malloc_r+0x4f4>
   11202:	88fe                	mv	a7,t6
   11204:	b995                	j	10e78 <_malloc_r+0x174>
   11206:	02058593          	addi	a1,a1,32
   1120a:	b9f5                	j	10f06 <_malloc_r+0x202>
   1120c:	4026561b          	sraiw	a2,a2,0x2
   11210:	4305                	li	t1,1
   11212:	00c31633          	sll	a2,t1,a2
   11216:	8dd1                	or	a1,a1,a2
   11218:	00b83423          	sd	a1,8(a6)
   1121c:	b571                	j	110a8 <_malloc_r+0x3a4>
   1121e:	00be0633          	add	a2,t3,a1
   11222:	40c005b3          	neg	a1,a2
   11226:	15d2                	slli	a1,a1,0x34
   11228:	91d1                	srli	a1,a1,0x34
   1122a:	8522                	mv	a0,s0
   1122c:	e0c2                	sd	a6,64(sp)
   1122e:	fc76                	sd	t4,56(sp)
   11230:	f83e                	sd	a5,48(sp)
   11232:	f43a                	sd	a4,40(sp)
   11234:	f01a                	sd	t1,32(sp)
   11236:	ec72                	sd	t3,24(sp)
   11238:	e42e                	sd	a1,8(sp)
   1123a:	e832                	sd	a2,16(sp)
   1123c:	235020ef          	jal	13c70 <_sbrk_r>
   11240:	86aa                	mv	a3,a0
   11242:	557d                	li	a0,-1
   11244:	65a2                	ld	a1,8(sp)
   11246:	6e62                	ld	t3,24(sp)
   11248:	7302                	ld	t1,32(sp)
   1124a:	7722                	ld	a4,40(sp)
   1124c:	77c2                	ld	a5,48(sp)
   1124e:	7ee2                	ld	t4,56(sp)
   11250:	6806                	ld	a6,64(sp)
   11252:	d4a69ce3          	bne	a3,a0,10faa <_malloc_r+0x2a6>
   11256:	66c2                	ld	a3,16(sp)
   11258:	4581                	li	a1,0
   1125a:	bb81                	j	10faa <_malloc_r+0x2a6>
   1125c:	05400613          	li	a2,84
   11260:	06d66563          	bltu	a2,a3,112ca <_malloc_r+0x5c6>
   11264:	00c35693          	srli	a3,t1,0xc
   11268:	00169513          	slli	a0,a3,0x1
   1126c:	0de5051b          	addiw	a0,a0,222
   11270:	050e                	slli	a0,a0,0x3
   11272:	06e6861b          	addiw	a2,a3,110
   11276:	bd19                	j	1108c <_malloc_r+0x388>
   11278:	15400693          	li	a3,340
   1127c:	06f6e563          	bltu	a3,a5,112e6 <_malloc_r+0x5e2>
   11280:	00f75793          	srli	a5,a4,0xf
   11284:	0787889b          	addiw	a7,a5,120
   11288:	0018951b          	slliw	a0,a7,0x1
   1128c:	07778e1b          	addiw	t3,a5,119
   11290:	050e                	slli	a0,a0,0x3
   11292:	b61d                	j	10db8 <_malloc_r+0xb4>
   11294:	6ef9                	lui	t4,0x1e
   11296:	8b0e8e93          	addi	t4,t4,-1872 # 1d8b0 <__malloc_current_mallinfo>
   1129a:	000eb603          	ld	a2,0(t4)
   1129e:	962e                	add	a2,a2,a1
   112a0:	00ceb023          	sd	a2,0(t4)
   112a4:	b145                	j	10f44 <_malloc_r+0x240>
   112a6:	1552                	slli	a0,a0,0x34
   112a8:	c8051ee3          	bnez	a0,10f44 <_malloc_r+0x240>
   112ac:	01083e03          	ld	t3,16(a6)
   112b0:	959a                	add	a1,a1,t1
   112b2:	0015e693          	ori	a3,a1,1
   112b6:	00de3423          	sd	a3,8(t3)
   112ba:	bb2d                	j	10ff4 <_malloc_r+0x2f0>
   112bc:	89c1b023          	sd	t3,-1920(gp) # 1b618 <__malloc_sbrk_base>
   112c0:	b961                	j	10f58 <_malloc_r+0x254>
   112c2:	4785                	li	a5,1
   112c4:	00fe3423          	sd	a5,8(t3)
   112c8:	b5e5                	j	111b0 <_malloc_r+0x4ac>
   112ca:	15400613          	li	a2,340
   112ce:	06d66163          	bltu	a2,a3,11330 <_malloc_r+0x62c>
   112d2:	00f35693          	srli	a3,t1,0xf
   112d6:	00169513          	slli	a0,a3,0x1
   112da:	0f05051b          	addiw	a0,a0,240
   112de:	050e                	slli	a0,a0,0x3
   112e0:	0776861b          	addiw	a2,a3,119
   112e4:	b365                	j	1108c <_malloc_r+0x388>
   112e6:	55400693          	li	a3,1364
   112ea:	06f6e163          	bltu	a3,a5,1134c <_malloc_r+0x648>
   112ee:	01275793          	srli	a5,a4,0x12
   112f2:	07d7889b          	addiw	a7,a5,125
   112f6:	0018951b          	slliw	a0,a7,0x1
   112fa:	07c78e1b          	addiw	t3,a5,124
   112fe:	050e                	slli	a0,a0,0x3
   11300:	bc65                	j	10db8 <_malloc_r+0xb4>
   11302:	1f41                	addi	t5,t5,-16
   11304:	01e606b3          	add	a3,a2,t5
   11308:	4581                	li	a1,0
   1130a:	b145                	j	10faa <_malloc_r+0x2a6>
   1130c:	01078593          	addi	a1,a5,16
   11310:	8522                	mv	a0,s0
   11312:	ec42                	sd	a6,24(sp)
   11314:	e876                	sd	t4,16(sp)
   11316:	e43a                	sd	a4,8(sp)
   11318:	fb4ff0ef          	jal	10acc <_free_r>
   1131c:	6862                	ld	a6,24(sp)
   1131e:	6ec2                	ld	t4,16(sp)
   11320:	6722                	ld	a4,8(sp)
   11322:	01083e03          	ld	t3,16(a6)
   11326:	000eb603          	ld	a2,0(t4)
   1132a:	008e3683          	ld	a3,8(t3)
   1132e:	b1d9                	j	10ff4 <_malloc_r+0x2f0>
   11330:	55400613          	li	a2,1364
   11334:	02d66363          	bltu	a2,a3,1135a <_malloc_r+0x656>
   11338:	01235693          	srli	a3,t1,0x12
   1133c:	00169513          	slli	a0,a3,0x1
   11340:	0fa5051b          	addiw	a0,a0,250
   11344:	050e                	slli	a0,a0,0x3
   11346:	07c6861b          	addiw	a2,a3,124
   1134a:	b389                	j	1108c <_malloc_r+0x388>
   1134c:	7f000513          	li	a0,2032
   11350:	07f00893          	li	a7,127
   11354:	07e00e13          	li	t3,126
   11358:	b485                	j	10db8 <_malloc_r+0xb4>
   1135a:	7f000513          	li	a0,2032
   1135e:	07e00613          	li	a2,126
   11362:	b32d                	j	1108c <_malloc_r+0x388>
   11364:	00883783          	ld	a5,8(a6)
   11368:	b541                	j	111e8 <_malloc_r+0x4e4>

000000000001136a <__malloc_lock>:
   1136a:	8082                	ret

000000000001136c <__malloc_unlock>:
   1136c:	8082                	ret

000000000001136e <_vfprintf_r>:
   1136e:	db010113          	addi	sp,sp,-592
   11372:	24113423          	sd	ra,584(sp)
   11376:	24813023          	sd	s0,576(sp)
   1137a:	22913c23          	sd	s1,568(sp)
   1137e:	21613823          	sd	s6,528(sp)
   11382:	ec36                	sd	a3,24(sp)
   11384:	8b32                	mv	s6,a2
   11386:	84ae                	mv	s1,a1
   11388:	842a                	mv	s0,a0
   1138a:	e02a                	sd	a0,0(sp)
   1138c:	0d5020ef          	jal	13c60 <_localeconv_r>
   11390:	611c                	ld	a5,0(a0)
   11392:	853e                	mv	a0,a5
   11394:	e8be                	sd	a5,80(sp)
   11396:	30f020ef          	jal	13ea4 <strlen>
   1139a:	e4aa                	sd	a0,72(sp)
   1139c:	e982                	sd	zero,208(sp)
   1139e:	ed82                	sd	zero,216(sp)
   113a0:	c409                	beqz	s0,113aa <_vfprintf_r+0x3c>
   113a2:	643c                	ld	a5,72(s0)
   113a4:	e399                	bnez	a5,113aa <_vfprintf_r+0x3c>
   113a6:	3760106f          	j	1271c <_vfprintf_r+0x13ae>
   113aa:	01049703          	lh	a4,16(s1)
   113ae:	0ac4a783          	lw	a5,172(s1)
   113b2:	6609                	lui	a2,0x2
   113b4:	03271693          	slli	a3,a4,0x32
   113b8:	0006ca63          	bltz	a3,113cc <_vfprintf_r+0x5e>
   113bc:	76f9                	lui	a3,0xffffe
   113be:	16fd                	addi	a3,a3,-1 # ffffffffffffdfff <__BSS_END__+0xfffffffffffe03e7>
   113c0:	8f51                	or	a4,a4,a2
   113c2:	8ff5                	and	a5,a5,a3
   113c4:	00e49823          	sh	a4,16(s1)
   113c8:	0af4a623          	sw	a5,172(s1)
   113cc:	03279713          	slli	a4,a5,0x32
   113d0:	00075463          	bgez	a4,113d8 <_vfprintf_r+0x6a>
   113d4:	3d70106f          	j	12faa <_vfprintf_r+0x1c3c>
   113d8:	01049783          	lh	a5,16(s1)
   113dc:	0087f713          	andi	a4,a5,8
   113e0:	20070363          	beqz	a4,115e6 <_vfprintf_r+0x278>
   113e4:	6c98                	ld	a4,24(s1)
   113e6:	20070063          	beqz	a4,115e6 <_vfprintf_r+0x278>
   113ea:	8be9                	andi	a5,a5,26
   113ec:	4729                	li	a4,10
   113ee:	20e78963          	beq	a5,a4,11600 <_vfprintf_r+0x292>
   113f2:	67e5                	lui	a5,0x19
   113f4:	23313423          	sd	s3,552(sp)
   113f8:	23413023          	sd	s4,544(sp)
   113fc:	16010993          	addi	s3,sp,352
   11400:	6a65                	lui	s4,0x19
   11402:	3c078793          	addi	a5,a5,960 # 193c0 <__clzdi2+0x200>
   11406:	21713423          	sd	s7,520(sp)
   1140a:	ffe6                	sd	s9,504(sp)
   1140c:	23213823          	sd	s2,560(sp)
   11410:	21513c23          	sd	s5,536(sp)
   11414:	21813023          	sd	s8,512(sp)
   11418:	fbea                	sd	s10,496(sp)
   1141a:	f7ee                	sd	s11,488(sp)
   1141c:	f982                	sd	zero,240(sp)
   1141e:	d582                	sw	zero,232(sp)
   11420:	f1ce                	sd	s3,224(sp)
   11422:	8bce                	mv	s7,s3
   11424:	f43e                	sd	a5,40(sp)
   11426:	530a0a13          	addi	s4,s4,1328 # 19530 <zeroes.0>
   1142a:	f802                	sd	zero,48(sp)
   1142c:	f482                	sd	zero,104(sp)
   1142e:	fc82                	sd	zero,120(sp)
   11430:	e502                	sd	zero,136(sp)
   11432:	f882                	sd	zero,112(sp)
   11434:	e802                	sd	zero,16(sp)
   11436:	4441                	li	s0,16
   11438:	8cda                	mv	s9,s6
   1143a:	e426                	sd	s1,8(sp)
   1143c:	000cc703          	lbu	a4,0(s9)
   11440:	8966                	mv	s2,s9
   11442:	fdb70793          	addi	a5,a4,-37
   11446:	0007069b          	sext.w	a3,a4
   1144a:	c7a1                	beqz	a5,11492 <_vfprintf_r+0x124>
   1144c:	c2b9                	beqz	a3,11492 <_vfprintf_r+0x124>
   1144e:	8aca                	mv	s5,s2
   11450:	00194703          	lbu	a4,1(s2)
   11454:	0905                	addi	s2,s2,1
   11456:	0007079b          	sext.w	a5,a4
   1145a:	c701                	beqz	a4,11462 <_vfprintf_r+0xf4>
   1145c:	fdb78793          	addi	a5,a5,-37
   11460:	f7fd                	bnez	a5,1144e <_vfprintf_r+0xe0>
   11462:	41990b3b          	subw	s6,s2,s9
   11466:	020b0663          	beqz	s6,11492 <_vfprintf_r+0x124>
   1146a:	774e                	ld	a4,240(sp)
   1146c:	57ae                	lw	a5,232(sp)
   1146e:	019bb023          	sd	s9,0(s7)
   11472:	975a                	add	a4,a4,s6
   11474:	2785                	addiw	a5,a5,1
   11476:	016bb423          	sd	s6,8(s7)
   1147a:	f9ba                	sd	a4,240(sp)
   1147c:	d5be                	sw	a5,232(sp)
   1147e:	471d                	li	a4,7
   11480:	0bc1                	addi	s7,s7,16
   11482:	18f74c63          	blt	a4,a5,1161a <_vfprintf_r+0x2ac>
   11486:	67c2                	ld	a5,16(sp)
   11488:	001ac703          	lbu	a4,1(s5)
   1148c:	016787bb          	addw	a5,a5,s6
   11490:	e83e                	sd	a5,16(sp)
   11492:	e319                	bnez	a4,11498 <_vfprintf_r+0x12a>
   11494:	3240106f          	j	127b8 <_vfprintf_r+0x144a>
   11498:	00194303          	lbu	t1,1(s2)
   1149c:	00190c93          	addi	s9,s2,1
   114a0:	0a0103a3          	sb	zero,167(sp)
   114a4:	5afd                	li	s5,-1
   114a6:	4d01                	li	s10,0
   114a8:	05a00913          	li	s2,90
   114ac:	4481                	li	s1,0
   114ae:	0c85                	addi	s9,s9,1
   114b0:	00030d9b          	sext.w	s11,t1
   114b4:	fe0d879b          	addiw	a5,s11,-32
   114b8:	04f96363          	bltu	s2,a5,114fe <_vfprintf_r+0x190>
   114bc:	02079713          	slli	a4,a5,0x20
   114c0:	01e75793          	srli	a5,a4,0x1e
   114c4:	7722                	ld	a4,40(sp)
   114c6:	97ba                	add	a5,a5,a4
   114c8:	439c                	lw	a5,0(a5)
   114ca:	8782                	jr	a5
   114cc:	4d01                	li	s10,0
   114ce:	46a5                	li	a3,9
   114d0:	002d179b          	slliw	a5,s10,0x2
   114d4:	0c85                	addi	s9,s9,1
   114d6:	01a78d3b          	addw	s10,a5,s10
   114da:	fffcc783          	lbu	a5,-1(s9)
   114de:	fd0d8d9b          	addiw	s11,s11,-48
   114e2:	001d1d1b          	slliw	s10,s10,0x1
   114e6:	fd07871b          	addiw	a4,a5,-48
   114ea:	01ad8d3b          	addw	s10,s11,s10
   114ee:	00078d9b          	sext.w	s11,a5
   114f2:	fce6ffe3          	bgeu	a3,a4,114d0 <_vfprintf_r+0x162>
   114f6:	fe0d879b          	addiw	a5,s11,-32
   114fa:	fcf971e3          	bgeu	s2,a5,114bc <_vfprintf_r+0x14e>
   114fe:	8e26                	mv	t3,s1
   11500:	000d9463          	bnez	s11,11508 <_vfprintf_r+0x19a>
   11504:	2b40106f          	j	127b8 <_vfprintf_r+0x144a>
   11508:	4885                	li	a7,1
   1150a:	0fb10c23          	sb	s11,248(sp)
   1150e:	0a0103a3          	sb	zero,167(sp)
   11512:	8846                	mv	a6,a7
   11514:	f002                	sd	zero,32(sp)
   11516:	4a81                	li	s5,0
   11518:	e082                	sd	zero,64(sp)
   1151a:	fc02                	sd	zero,56(sp)
   1151c:	4481                	li	s1,0
   1151e:	19bc                	addi	a5,sp,248
   11520:	794e                	ld	s2,240(sp)
   11522:	084e7b13          	andi	s6,t3,132
   11526:	85ca                	mv	a1,s2
   11528:	700b0c63          	beqz	s6,11c40 <_vfprintf_r+0x8d2>
   1152c:	0a714703          	lbu	a4,167(sp)
   11530:	c339                	beqz	a4,11576 <_vfprintf_r+0x208>
   11532:	562e                	lw	a2,232(sp)
   11534:	4381                	li	t2,0
   11536:	0a710713          	addi	a4,sp,167
   1153a:	00ebb023          	sd	a4,0(s7)
   1153e:	0905                	addi	s2,s2,1
   11540:	4705                	li	a4,1
   11542:	2605                	addiw	a2,a2,1 # 2001 <exit-0xe11f>
   11544:	00ebb423          	sd	a4,8(s7)
   11548:	f9ca                	sd	s2,240(sp)
   1154a:	d5b2                	sw	a2,232(sp)
   1154c:	471d                	li	a4,7
   1154e:	0bc1                	addi	s7,s7,16
   11550:	2cc74963          	blt	a4,a2,11822 <_vfprintf_r+0x4b4>
   11554:	02038163          	beqz	t2,11576 <_vfprintf_r+0x208>
   11558:	562e                	lw	a2,232(sp)
   1155a:	1138                	addi	a4,sp,168
   1155c:	00ebb023          	sd	a4,0(s7)
   11560:	0909                	addi	s2,s2,2
   11562:	4709                	li	a4,2
   11564:	2605                	addiw	a2,a2,1
   11566:	00ebb423          	sd	a4,8(s7)
   1156a:	f9ca                	sd	s2,240(sp)
   1156c:	d5b2                	sw	a2,232(sp)
   1156e:	471d                	li	a4,7
   11570:	0bc1                	addi	s7,s7,16
   11572:	30c74ce3          	blt	a4,a2,1208a <_vfprintf_r+0xd1c>
   11576:	08000713          	li	a4,128
   1157a:	12eb05e3          	beq	s6,a4,11ea4 <_vfprintf_r+0xb36>
   1157e:	411a8abb          	subw	s5,s5,a7
   11582:	6d504b63          	bgtz	s5,11c58 <_vfprintf_r+0x8ea>
   11586:	100e7713          	andi	a4,t3,256
   1158a:	76071e63          	bnez	a4,11d06 <_vfprintf_r+0x998>
   1158e:	00fbb023          	sd	a5,0(s7)
   11592:	57ae                	lw	a5,232(sp)
   11594:	9946                	add	s2,s2,a7
   11596:	f9ca                	sd	s2,240(sp)
   11598:	2785                	addiw	a5,a5,1
   1159a:	011bb423          	sd	a7,8(s7)
   1159e:	471d                	li	a4,7
   115a0:	d5be                	sw	a5,232(sp)
   115a2:	30f74d63          	blt	a4,a5,118bc <_vfprintf_r+0x54e>
   115a6:	0bc1                	addi	s7,s7,16
   115a8:	004e7f13          	andi	t5,t3,4
   115ac:	000f0663          	beqz	t5,115b8 <_vfprintf_r+0x24a>
   115b0:	410d0abb          	subw	s5,s10,a6
   115b4:	2f504ee3          	bgtz	s5,120b0 <_vfprintf_r+0xd42>
   115b8:	87ea                	mv	a5,s10
   115ba:	010d5363          	bge	s10,a6,115c0 <_vfprintf_r+0x252>
   115be:	87c2                	mv	a5,a6
   115c0:	6742                	ld	a4,16(sp)
   115c2:	9fb9                	addw	a5,a5,a4
   115c4:	e83e                	sd	a5,16(sp)
   115c6:	180919e3          	bnez	s2,11f58 <_vfprintf_r+0xbea>
   115ca:	7782                	ld	a5,32(sp)
   115cc:	d582                	sw	zero,232(sp)
   115ce:	c789                	beqz	a5,115d8 <_vfprintf_r+0x26a>
   115d0:	7582                	ld	a1,32(sp)
   115d2:	6502                	ld	a0,0(sp)
   115d4:	cf8ff0ef          	jal	10acc <_free_r>
   115d8:	8bce                	mv	s7,s3
   115da:	b58d                	j	1143c <_vfprintf_r+0xce>
   115dc:	000cc303          	lbu	t1,0(s9)
   115e0:	0104e493          	ori	s1,s1,16
   115e4:	b5e9                	j	114ae <_vfprintf_r+0x140>
   115e6:	6502                	ld	a0,0(sp)
   115e8:	85a6                	mv	a1,s1
   115ea:	46a020ef          	jal	13a54 <__swsetup_r>
   115ee:	c119                	beqz	a0,115f4 <_vfprintf_r+0x286>
   115f0:	1bb0106f          	j	12faa <_vfprintf_r+0x1c3c>
   115f4:	01049783          	lh	a5,16(s1)
   115f8:	4729                	li	a4,10
   115fa:	8be9                	andi	a5,a5,26
   115fc:	dee79be3          	bne	a5,a4,113f2 <_vfprintf_r+0x84>
   11600:	01249783          	lh	a5,18(s1)
   11604:	de07c7e3          	bltz	a5,113f2 <_vfprintf_r+0x84>
   11608:	66e2                	ld	a3,24(sp)
   1160a:	6502                	ld	a0,0(sp)
   1160c:	865a                	mv	a2,s6
   1160e:	85a6                	mv	a1,s1
   11610:	559010ef          	jal	13368 <__sbprintf>
   11614:	e82a                	sd	a0,16(sp)
   11616:	1890006f          	j	11f9e <_vfprintf_r+0xc30>
   1161a:	65a2                	ld	a1,8(sp)
   1161c:	6502                	ld	a0,0(sp)
   1161e:	1190                	addi	a2,sp,224
   11620:	5db010ef          	jal	133fa <__sprint_r>
   11624:	c119                	beqz	a0,1162a <_vfprintf_r+0x2bc>
   11626:	3570106f          	j	1317c <_vfprintf_r+0x1e0e>
   1162a:	8bce                	mv	s7,s3
   1162c:	bda9                	j	11486 <_vfprintf_r+0x118>
   1162e:	0084f793          	andi	a5,s1,8
   11632:	8e26                	mv	t3,s1
   11634:	620796e3          	bnez	a5,12460 <_vfprintf_r+0x10f2>
   11638:	f026                	sd	s1,32(sp)
   1163a:	64e2                	ld	s1,24(sp)
   1163c:	2088                	fld	fa0,0(s1)
   1163e:	2bf070ef          	jal	190fc <__extenddftf2>
   11642:	7e02                	ld	t3,32(sp)
   11644:	00848793          	addi	a5,s1,8
   11648:	ec3e                	sd	a5,24(sp)
   1164a:	e9aa                	sd	a0,208(sp)
   1164c:	0988                	addi	a0,sp,208
   1164e:	f072                	sd	t3,32(sp)
   11650:	edae                	sd	a1,216(sp)
   11652:	359020ef          	jal	141aa <_ldcheck>
   11656:	d92a                	sw	a0,176(sp)
   11658:	4789                	li	a5,2
   1165a:	7e02                	ld	t3,32(sp)
   1165c:	00f51463          	bne	a0,a5,11664 <_vfprintf_r+0x2f6>
   11660:	1160106f          	j	12776 <_vfprintf_r+0x1408>
   11664:	4785                	li	a5,1
   11666:	00f51463          	bne	a0,a5,1166e <_vfprintf_r+0x300>
   1166a:	21c0106f          	j	12886 <_vfprintf_r+0x1518>
   1166e:	fdfdf913          	andi	s2,s11,-33
   11672:	04100793          	li	a5,65
   11676:	00f90463          	beq	s2,a5,1167e <_vfprintf_r+0x310>
   1167a:	1c80106f          	j	12842 <_vfprintf_r+0x14d4>
   1167e:	03000793          	li	a5,48
   11682:	0af10423          	sb	a5,168(sp)
   11686:	06100713          	li	a4,97
   1168a:	05800793          	li	a5,88
   1168e:	00ed9463          	bne	s11,a4,11696 <_vfprintf_r+0x328>
   11692:	5d20106f          	j	12c64 <_vfprintf_r+0x18f6>
   11696:	0af104a3          	sb	a5,169(sp)
   1169a:	06300793          	li	a5,99
   1169e:	0157d463          	bge	a5,s5,116a6 <_vfprintf_r+0x338>
   116a2:	5ca0106f          	j	12c6c <_vfprintf_r+0x18fe>
   116a6:	65ee                	ld	a1,216(sp)
   116a8:	654e                	ld	a0,208(sp)
   116aa:	0005d463          	bgez	a1,116b2 <_vfprintf_r+0x344>
   116ae:	2610106f          	j	1310e <_vfprintf_r+0x1da0>
   116b2:	ec82                	sd	zero,88(sp)
   116b4:	f002                	sd	zero,32(sp)
   116b6:	19bc                	addi	a5,sp,248
   116b8:	f83e                	sd	a5,48(sp)
   116ba:	1910                	addi	a2,sp,176
   116bc:	002e6793          	ori	a5,t3,2
   116c0:	fc3e                	sd	a5,56(sp)
   116c2:	07d020ef          	jal	13f3e <frexpl>
   116c6:	00fff6b7          	lui	a3,0xfff
   116ca:	169a                	slli	a3,a3,0x26
   116cc:	4601                	li	a2,0
   116ce:	2db060ef          	jal	181a8 <__multf3>
   116d2:	4601                	li	a2,0
   116d4:	4681                	li	a3,0
   116d6:	84aa                	mv	s1,a0
   116d8:	892e                	mv	s2,a1
   116da:	0bb060ef          	jal	17f94 <__eqtf2>
   116de:	77c2                	ld	a5,48(sp)
   116e0:	e119                	bnez	a0,116e6 <_vfprintf_r+0x378>
   116e2:	4705                	li	a4,1
   116e4:	d93a                	sw	a4,176(sp)
   116e6:	06100713          	li	a4,97
   116ea:	00ed9463          	bne	s11,a4,116f2 <_vfprintf_r+0x384>
   116ee:	3d90106f          	j	132c6 <_vfprintf_r+0x1f58>
   116f2:	6765                	lui	a4,0x19
   116f4:	23870713          	addi	a4,a4,568 # 19238 <__clzdi2+0x78>
   116f8:	f83a                	sd	a4,48(sp)
   116fa:	e0de                	sd	s7,64(sp)
   116fc:	f0e6                	sd	s9,96(sp)
   116fe:	7bc2                	ld	s7,48(sp)
   11700:	8b3e                	mv	s6,a5
   11702:	8cbe                	mv	s9,a5
   11704:	a809                	j	11716 <_vfprintf_r+0x3a8>
   11706:	4601                	li	a2,0
   11708:	4681                	li	a3,0
   1170a:	08b060ef          	jal	17f94 <__eqtf2>
   1170e:	e119                	bnez	a0,11714 <_vfprintf_r+0x3a6>
   11710:	2990106f          	j	131a8 <_vfprintf_r+0x1e3a>
   11714:	3afd                	addiw	s5,s5,-1
   11716:	040036b7          	lui	a3,0x4003
   1171a:	1692                	slli	a3,a3,0x24
   1171c:	4601                	li	a2,0
   1171e:	8526                	mv	a0,s1
   11720:	85ca                	mv	a1,s2
   11722:	287060ef          	jal	181a8 <__multf3>
   11726:	84ae                	mv	s1,a1
   11728:	892a                	mv	s2,a0
   1172a:	0f3070ef          	jal	1901c <__fixtfsi>
   1172e:	00050c1b          	sext.w	s8,a0
   11732:	8562                	mv	a0,s8
   11734:	177070ef          	jal	190aa <__floatsitf>
   11738:	862a                	mv	a2,a0
   1173a:	86ae                	mv	a3,a1
   1173c:	854a                	mv	a0,s2
   1173e:	85a6                	mv	a1,s1
   11740:	07c070ef          	jal	187bc <__subtf3>
   11744:	018b86b3          	add	a3,s7,s8
   11748:	0006c683          	lbu	a3,0(a3) # 4003000 <__BSS_END__+0x3fe53e8>
   1174c:	865a                	mv	a2,s6
   1174e:	84aa                	mv	s1,a0
   11750:	00db0023          	sb	a3,0(s6)
   11754:	0b05                	addi	s6,s6,1
   11756:	892e                	mv	s2,a1
   11758:	fa0a97e3          	bnez	s5,11706 <_vfprintf_r+0x398>
   1175c:	01fff6b7          	lui	a3,0x1fff
   11760:	875a                	mv	a4,s6
   11762:	84b2                	mv	s1,a2
   11764:	1696                	slli	a3,a3,0x25
   11766:	4601                	li	a2,0
   11768:	6b86                	ld	s7,64(sp)
   1176a:	8b62                	mv	s6,s8
   1176c:	e0e6                	sd	s9,64(sp)
   1176e:	8aaa                	mv	s5,a0
   11770:	8c3a                	mv	s8,a4
   11772:	0cb060ef          	jal	1803c <__getf2>
   11776:	7c86                	ld	s9,96(sp)
   11778:	6786                	ld	a5,64(sp)
   1177a:	00a04f63          	bgtz	a0,11798 <_vfprintf_r+0x42a>
   1177e:	01fff6b7          	lui	a3,0x1fff
   11782:	8556                	mv	a0,s5
   11784:	85ca                	mv	a1,s2
   11786:	1696                	slli	a3,a3,0x25
   11788:	4601                	li	a2,0
   1178a:	00b060ef          	jal	17f94 <__eqtf2>
   1178e:	6786                	ld	a5,64(sp)
   11790:	e521                	bnez	a0,117d8 <_vfprintf_r+0x46a>
   11792:	001b7713          	andi	a4,s6,1
   11796:	c329                	beqz	a4,117d8 <_vfprintf_r+0x46a>
   11798:	7742                	ld	a4,48(sp)
   1179a:	e5a6                	sd	s1,200(sp)
   1179c:	fffc4683          	lbu	a3,-1(s8)
   117a0:	00f74603          	lbu	a2,15(a4)
   117a4:	8762                	mv	a4,s8
   117a6:	00d61e63          	bne	a2,a3,117c2 <_vfprintf_r+0x454>
   117aa:	03000593          	li	a1,48
   117ae:	feb70fa3          	sb	a1,-1(a4)
   117b2:	672e                	ld	a4,200(sp)
   117b4:	fff70693          	addi	a3,a4,-1
   117b8:	e5b6                	sd	a3,200(sp)
   117ba:	fff74683          	lbu	a3,-1(a4)
   117be:	fec688e3          	beq	a3,a2,117ae <_vfprintf_r+0x440>
   117c2:	03900613          	li	a2,57
   117c6:	00c69463          	bne	a3,a2,117ce <_vfprintf_r+0x460>
   117ca:	3250106f          	j	132ee <_vfprintf_r+0x1f80>
   117ce:	2685                	addiw	a3,a3,1 # 1fff001 <__BSS_END__+0x1fe13e9>
   117d0:	0ff6f693          	zext.b	a3,a3
   117d4:	fed70fa3          	sb	a3,-1(a4)
   117d8:	56ca                	lw	a3,176(sp)
   117da:	00fd871b          	addiw	a4,s11,15
   117de:	0ae10c23          	sb	a4,184(sp)
   117e2:	40fc063b          	subw	a2,s8,a5
   117e6:	fff6871b          	addiw	a4,a3,-1
   117ea:	d93a                	sw	a4,176(sp)
   117ec:	f832                	sd	a2,48(sp)
   117ee:	00075463          	bgez	a4,117f6 <_vfprintf_r+0x488>
   117f2:	2af0106f          	j	132a0 <_vfprintf_r+0x1f32>
   117f6:	02b00693          	li	a3,43
   117fa:	0ad10ca3          	sb	a3,185(sp)
   117fe:	46a5                	li	a3,9
   11800:	00e6d463          	bge	a3,a4,11808 <_vfprintf_r+0x49a>
   11804:	52e0106f          	j	12d32 <_vfprintf_r+0x19c4>
   11808:	0ba10693          	addi	a3,sp,186
   1180c:	0307071b          	addiw	a4,a4,48
   11810:	00e68023          	sb	a4,0(a3)
   11814:	1398                	addi	a4,sp,480
   11816:	8e99                	sub	a3,a3,a4
   11818:	1296871b          	addiw	a4,a3,297
   1181c:	f4ba                	sd	a4,104(sp)
   1181e:	5840106f          	j	12da2 <_vfprintf_r+0x1a34>
   11822:	65a2                	ld	a1,8(sp)
   11824:	6502                	ld	a0,0(sp)
   11826:	1190                	addi	a2,sp,224
   11828:	ed46                	sd	a7,152(sp)
   1182a:	e942                	sd	a6,144(sp)
   1182c:	e172                	sd	t3,128(sp)
   1182e:	f0be                	sd	a5,96(sp)
   11830:	ec9e                	sd	t2,88(sp)
   11832:	3c9010ef          	jal	133fa <__sprint_r>
   11836:	72051863          	bnez	a0,11f66 <_vfprintf_r+0xbf8>
   1183a:	794e                	ld	s2,240(sp)
   1183c:	68ea                	ld	a7,152(sp)
   1183e:	684a                	ld	a6,144(sp)
   11840:	6e0a                	ld	t3,128(sp)
   11842:	7786                	ld	a5,96(sp)
   11844:	63e6                	ld	t2,88(sp)
   11846:	8bce                	mv	s7,s3
   11848:	b331                	j	11554 <_vfprintf_r+0x1e6>
   1184a:	572e                	lw	a4,232(sp)
   1184c:	66e5                	lui	a3,0x19
   1184e:	25868693          	addi	a3,a3,600 # 19258 <__clzdi2+0x98>
   11852:	00dbb023          	sd	a3,0(s7)
   11856:	0905                	addi	s2,s2,1
   11858:	4685                	li	a3,1
   1185a:	2705                	addiw	a4,a4,1
   1185c:	00dbb423          	sd	a3,8(s7)
   11860:	f9ca                	sd	s2,240(sp)
   11862:	d5ba                	sw	a4,232(sp)
   11864:	469d                	li	a3,7
   11866:	0bc1                	addi	s7,s7,16
   11868:	00e6d463          	bge	a3,a4,11870 <_vfprintf_r+0x502>
   1186c:	5d20106f          	j	12e3e <_vfprintf_r+0x1ad0>
   11870:	7742                	ld	a4,48(sp)
   11872:	8f51                	or	a4,a4,a2
   11874:	e319                	bnez	a4,1187a <_vfprintf_r+0x50c>
   11876:	22a0106f          	j	12aa0 <_vfprintf_r+0x1732>
   1187a:	66a6                	ld	a3,72(sp)
   1187c:	572e                	lw	a4,232(sp)
   1187e:	65c6                	ld	a1,80(sp)
   11880:	9936                	add	s2,s2,a3
   11882:	2705                	addiw	a4,a4,1
   11884:	00dbb423          	sd	a3,8(s7)
   11888:	00bbb023          	sd	a1,0(s7)
   1188c:	f9ca                	sd	s2,240(sp)
   1188e:	d5ba                	sw	a4,232(sp)
   11890:	469d                	li	a3,7
   11892:	0bc1                	addi	s7,s7,16
   11894:	00e6d463          	bge	a3,a4,1189c <_vfprintf_r+0x52e>
   11898:	22e0106f          	j	12ac6 <_vfprintf_r+0x1758>
   1189c:	00065463          	bgez	a2,118a4 <_vfprintf_r+0x536>
   118a0:	7540106f          	j	12ff4 <_vfprintf_r+0x1c86>
   118a4:	76c2                	ld	a3,48(sp)
   118a6:	2705                	addiw	a4,a4,1
   118a8:	00fbb023          	sd	a5,0(s7)
   118ac:	9936                	add	s2,s2,a3
   118ae:	f9ca                	sd	s2,240(sp)
   118b0:	d5ba                	sw	a4,232(sp)
   118b2:	00dbb423          	sd	a3,8(s7)
   118b6:	479d                	li	a5,7
   118b8:	cee7d7e3          	bge	a5,a4,115a6 <_vfprintf_r+0x238>
   118bc:	65a2                	ld	a1,8(sp)
   118be:	6502                	ld	a0,0(sp)
   118c0:	1190                	addi	a2,sp,224
   118c2:	e0c2                	sd	a6,64(sp)
   118c4:	fc72                	sd	t3,56(sp)
   118c6:	335010ef          	jal	133fa <__sprint_r>
   118ca:	68051e63          	bnez	a0,11f66 <_vfprintf_r+0xbf8>
   118ce:	794e                	ld	s2,240(sp)
   118d0:	7e62                	ld	t3,56(sp)
   118d2:	6806                	ld	a6,64(sp)
   118d4:	8bce                	mv	s7,s3
   118d6:	b9c9                	j	115a8 <_vfprintf_r+0x23a>
   118d8:	6762                	ld	a4,24(sp)
   118da:	8e26                	mv	t3,s1
   118dc:	4885                	li	a7,1
   118de:	431c                	lw	a5,0(a4)
   118e0:	0a0103a3          	sb	zero,167(sp)
   118e4:	0ef10c23          	sb	a5,248(sp)
   118e8:	00870793          	addi	a5,a4,8
   118ec:	ec3e                	sd	a5,24(sp)
   118ee:	b115                	j	11512 <_vfprintf_r+0x1a4>
   118f0:	6762                	ld	a4,24(sp)
   118f2:	0a0103a3          	sb	zero,167(sp)
   118f6:	8e26                	mv	t3,s1
   118f8:	631c                	ld	a5,0(a4)
   118fa:	00870493          	addi	s1,a4,8
   118fe:	4c0780e3          	beqz	a5,125be <_vfprintf_r+0x1250>
   11902:	6c0ac6e3          	bltz	s5,127ce <_vfprintf_r+0x1460>
   11906:	853e                	mv	a0,a5
   11908:	8656                	mv	a2,s5
   1190a:	4581                	li	a1,0
   1190c:	fc72                	sd	t3,56(sp)
   1190e:	ec3e                	sd	a5,24(sp)
   11910:	234020ef          	jal	13b44 <memchr>
   11914:	f02a                	sd	a0,32(sp)
   11916:	0a714703          	lbu	a4,167(sp)
   1191a:	67e2                	ld	a5,24(sp)
   1191c:	7e62                	ld	t3,56(sp)
   1191e:	e119                	bnez	a0,11924 <_vfprintf_r+0x5b6>
   11920:	6720106f          	j	12f92 <_vfprintf_r+0x1c24>
   11924:	40f508bb          	subw	a7,a0,a5
   11928:	86c6                	mv	a3,a7
   1192a:	0008d463          	bgez	a7,11932 <_vfprintf_r+0x5c4>
   1192e:	24a0106f          	j	12b78 <_vfprintf_r+0x180a>
   11932:	0006881b          	sext.w	a6,a3
   11936:	c319                	beqz	a4,1193c <_vfprintf_r+0x5ce>
   11938:	0016881b          	addiw	a6,a3,1
   1193c:	ec26                	sd	s1,24(sp)
   1193e:	4950006f          	j	125d2 <_vfprintf_r+0x1264>
   11942:	6762                	ld	a4,24(sp)
   11944:	0204f793          	andi	a5,s1,32
   11948:	8e26                	mv	t3,s1
   1194a:	0721                	addi	a4,a4,8
   1194c:	e7c9                	bnez	a5,119d6 <_vfprintf_r+0x668>
   1194e:	0104f793          	andi	a5,s1,16
   11952:	c399                	beqz	a5,11958 <_vfprintf_r+0x5ea>
   11954:	6f20106f          	j	13046 <_vfprintf_r+0x1cd8>
   11958:	66e2                	ld	a3,24(sp)
   1195a:	0404f793          	andi	a5,s1,64
   1195e:	0006a903          	lw	s2,0(a3)
   11962:	6a078ae3          	beqz	a5,12816 <_vfprintf_r+0x14a8>
   11966:	0109191b          	slliw	s2,s2,0x10
   1196a:	4109591b          	sraiw	s2,s2,0x10
   1196e:	ec3a                	sd	a4,24(sp)
   11970:	87ca                	mv	a5,s2
   11972:	0607c863          	bltz	a5,119e2 <_vfprintf_r+0x674>
   11976:	080ac063          	bltz	s5,119f6 <_vfprintf_r+0x688>
   1197a:	f7fe7e13          	andi	t3,t3,-129
   1197e:	06091c63          	bnez	s2,119f6 <_vfprintf_r+0x688>
   11982:	060a9a63          	bnez	s5,119f6 <_vfprintf_r+0x688>
   11986:	0a714503          	lbu	a0,167(sp)
   1198a:	6e0505e3          	beqz	a0,12874 <_vfprintf_r+0x1506>
   1198e:	4801                	li	a6,0
   11990:	4481                	li	s1,0
   11992:	f002                	sd	zero,32(sp)
   11994:	4881                	li	a7,0
   11996:	4a81                	li	s5,0
   11998:	0afc                	addi	a5,sp,348
   1199a:	2805                	addiw	a6,a6,1
   1199c:	e099                	bnez	s1,119a2 <_vfprintf_r+0x634>
   1199e:	1970106f          	j	13334 <_vfprintf_r+0x1fc6>
   119a2:	794e                	ld	s2,240(sp)
   119a4:	562e                	lw	a2,232(sp)
   119a6:	084e7b13          	andi	s6,t3,132
   119aa:	2809                	addiw	a6,a6,2
   119ac:	85ca                	mv	a1,s2
   119ae:	86b2                	mv	a3,a2
   119b0:	600b0363          	beqz	s6,11fb6 <_vfprintf_r+0xc48>
   119b4:	e082                	sd	zero,64(sp)
   119b6:	fc02                	sd	zero,56(sp)
   119b8:	4481                	li	s1,0
   119ba:	ba0500e3          	beqz	a0,1155a <_vfprintf_r+0x1ec>
   119be:	4389                	li	t2,2
   119c0:	be9d                	j	11536 <_vfprintf_r+0x1c8>
   119c2:	0204f793          	andi	a5,s1,32
   119c6:	0104ef13          	ori	t5,s1,16
   119ca:	2a0785e3          	beqz	a5,12474 <_vfprintf_r+0x1106>
   119ce:	67e2                	ld	a5,24(sp)
   119d0:	8e7a                	mv	t3,t5
   119d2:	00878713          	addi	a4,a5,8
   119d6:	67e2                	ld	a5,24(sp)
   119d8:	ec3a                	sd	a4,24(sp)
   119da:	639c                	ld	a5,0(a5)
   119dc:	893e                	mv	s2,a5
   119de:	f807dce3          	bgez	a5,11976 <_vfprintf_r+0x608>
   119e2:	02d00793          	li	a5,45
   119e6:	0af103a3          	sb	a5,167(sp)
   119ea:	41200933          	neg	s2,s2
   119ee:	000ac463          	bltz	s5,119f6 <_vfprintf_r+0x688>
   119f2:	f7fe7e13          	andi	t3,t3,-129
   119f6:	4c25                	li	s8,9
   119f8:	112c6463          	bltu	s8,s2,11b00 <_vfprintf_r+0x792>
   119fc:	0309091b          	addiw	s2,s2,48
   11a00:	15210da3          	sb	s2,347(sp)
   11a04:	000a881b          	sext.w	a6,s5
   11a08:	295050e3          	blez	s5,12488 <_vfprintf_r+0x111a>
   11a0c:	0a714503          	lbu	a0,167(sp)
   11a10:	4481                	li	s1,0
   11a12:	4885                	li	a7,1
   11a14:	15b10793          	addi	a5,sp,347
   11a18:	f002                	sd	zero,32(sp)
   11a1a:	d149                	beqz	a0,1199c <_vfprintf_r+0x62e>
   11a1c:	2805                	addiw	a6,a6,1
   11a1e:	bfbd                	j	1199c <_vfprintf_r+0x62e>
   11a20:	67e2                	ld	a5,24(sp)
   11a22:	0007ad03          	lw	s10,0(a5)
   11a26:	1a0d55e3          	bgez	s10,123d0 <_vfprintf_r+0x1062>
   11a2a:	67e2                	ld	a5,24(sp)
   11a2c:	41a00d3b          	negw	s10,s10
   11a30:	07a1                	addi	a5,a5,8
   11a32:	ec3e                	sd	a5,24(sp)
   11a34:	000cc303          	lbu	t1,0(s9)
   11a38:	0044e493          	ori	s1,s1,4
   11a3c:	bc8d                	j	114ae <_vfprintf_r+0x140>
   11a3e:	02b00793          	li	a5,43
   11a42:	000cc303          	lbu	t1,0(s9)
   11a46:	0af103a3          	sb	a5,167(sp)
   11a4a:	b495                	j	114ae <_vfprintf_r+0x140>
   11a4c:	000cc303          	lbu	t1,0(s9)
   11a50:	0804e493          	ori	s1,s1,128
   11a54:	bca9                	j	114ae <_vfprintf_r+0x140>
   11a56:	000ccd83          	lbu	s11,0(s9)
   11a5a:	02a00793          	li	a5,42
   11a5e:	001c8613          	addi	a2,s9,1
   11a62:	00fd9463          	bne	s11,a5,11a6a <_vfprintf_r+0x6fc>
   11a66:	7f80106f          	j	1325e <_vfprintf_r+0x1ef0>
   11a6a:	fd0d871b          	addiw	a4,s11,-48
   11a6e:	45a5                	li	a1,9
   11a70:	4681                	li	a3,0
   11a72:	8cb2                	mv	s9,a2
   11a74:	4a81                	li	s5,0
   11a76:	a2e5efe3          	bltu	a1,a4,114b4 <_vfprintf_r+0x146>
   11a7a:	0026979b          	slliw	a5,a3,0x2
   11a7e:	00064d83          	lbu	s11,0(a2)
   11a82:	9fb5                	addw	a5,a5,a3
   11a84:	0017979b          	slliw	a5,a5,0x1
   11a88:	00e786bb          	addw	a3,a5,a4
   11a8c:	fd0d871b          	addiw	a4,s11,-48
   11a90:	0605                	addi	a2,a2,1
   11a92:	fee5f4e3          	bgeu	a1,a4,11a7a <_vfprintf_r+0x70c>
   11a96:	00068a9b          	sext.w	s5,a3
   11a9a:	2806cbe3          	bltz	a3,12530 <_vfprintf_r+0x11c2>
   11a9e:	8cb2                	mv	s9,a2
   11aa0:	bc11                	j	114b4 <_vfprintf_r+0x146>
   11aa2:	0204f793          	andi	a5,s1,32
   11aa6:	0104ef13          	ori	t5,s1,16
   11aaa:	eb8d                	bnez	a5,11adc <_vfprintf_r+0x76e>
   11aac:	6762                	ld	a4,24(sp)
   11aae:	0a0103a3          	sb	zero,167(sp)
   11ab2:	00073903          	ld	s2,0(a4)
   11ab6:	00870793          	addi	a5,a4,8
   11aba:	1e0ac0e3          	bltz	s5,1249a <_vfprintf_r+0x112c>
   11abe:	ec3e                	sd	a5,24(sp)
   11ac0:	f7ff7e13          	andi	t3,t5,-129
   11ac4:	f20919e3          	bnez	s2,119f6 <_vfprintf_r+0x688>
   11ac8:	f20a97e3          	bnez	s5,119f6 <_vfprintf_r+0x688>
   11acc:	4481                	li	s1,0
   11ace:	ae81                	j	11e1e <_vfprintf_r+0xab0>
   11ad0:	0204f793          	andi	a5,s1,32
   11ad4:	8e26                	mv	t3,s1
   11ad6:	140787e3          	beqz	a5,12424 <_vfprintf_r+0x10b6>
   11ada:	8f26                	mv	t5,s1
   11adc:	6762                	ld	a4,24(sp)
   11ade:	0a0103a3          	sb	zero,167(sp)
   11ae2:	00073903          	ld	s2,0(a4)
   11ae6:	00870793          	addi	a5,a4,8
   11aea:	1a0ac8e3          	bltz	s5,1249a <_vfprintf_r+0x112c>
   11aee:	ec3e                	sd	a5,24(sp)
   11af0:	f7ff7e13          	andi	t3,t5,-129
   11af4:	f00a91e3          	bnez	s5,119f6 <_vfprintf_r+0x688>
   11af8:	ee091fe3          	bnez	s2,119f6 <_vfprintf_r+0x688>
   11afc:	4481                	li	s1,0
   11afe:	a605                	j	11e1e <_vfprintf_r+0xab0>
   11b00:	ccccd7b7          	lui	a5,0xccccd
   11b04:	ccd78793          	addi	a5,a5,-819 # ffffffffcccccccd <__BSS_END__+0xffffffffcccaf0b5>
   11b08:	02079b13          	slli	s6,a5,0x20
   11b0c:	15c10893          	addi	a7,sp,348
   11b10:	74e6                	ld	s1,120(sp)
   11b12:	9b3e                	add	s6,s6,a5
   11b14:	8646                	mv	a2,a7
   11b16:	4581                	li	a1,0
   11b18:	400e7813          	andi	a6,t3,1024
   11b1c:	a809                	j	11b2e <_vfprintf_r+0x7c0>
   11b1e:	874a                	mv	a4,s2
   11b20:	03693933          	mulhu	s2,s2,s6
   11b24:	863e                	mv	a2,a5
   11b26:	00395913          	srli	s2,s2,0x3
   11b2a:	02ec7f63          	bgeu	s8,a4,11b68 <_vfprintf_r+0x7fa>
   11b2e:	036936b3          	mulhu	a3,s2,s6
   11b32:	2585                	addiw	a1,a1,1
   11b34:	fff60793          	addi	a5,a2,-1
   11b38:	828d                	srli	a3,a3,0x3
   11b3a:	00269713          	slli	a4,a3,0x2
   11b3e:	9736                	add	a4,a4,a3
   11b40:	0706                	slli	a4,a4,0x1
   11b42:	40e90733          	sub	a4,s2,a4
   11b46:	0307071b          	addiw	a4,a4,48
   11b4a:	fee60fa3          	sb	a4,-1(a2)
   11b4e:	fc0808e3          	beqz	a6,11b1e <_vfprintf_r+0x7b0>
   11b52:	0004c703          	lbu	a4,0(s1)
   11b56:	f0170693          	addi	a3,a4,-255
   11b5a:	d2f1                	beqz	a3,11b1e <_vfprintf_r+0x7b0>
   11b5c:	fcb711e3          	bne	a4,a1,11b1e <_vfprintf_r+0x7b0>
   11b60:	012c7463          	bgeu	s8,s2,11b68 <_vfprintf_r+0x7fa>
   11b64:	3ca0106f          	j	12f2e <_vfprintf_r+0x1bc0>
   11b68:	fca6                	sd	s1,120(sp)
   11b6a:	f82e                	sd	a1,48(sp)
   11b6c:	40f888bb          	subw	a7,a7,a5
   11b70:	000a881b          	sext.w	a6,s5
   11b74:	011ad463          	bge	s5,a7,11b7c <_vfprintf_r+0x80e>
   11b78:	0008881b          	sext.w	a6,a7
   11b7c:	0a714503          	lbu	a0,167(sp)
   11b80:	4481                	li	s1,0
   11b82:	f002                	sd	zero,32(sp)
   11b84:	bd59                	j	11a1a <_vfprintf_r+0x6ac>
   11b86:	6b02                	ld	s6,0(sp)
   11b88:	855a                	mv	a0,s6
   11b8a:	0d6020ef          	jal	13c60 <_localeconv_r>
   11b8e:	651c                	ld	a5,8(a0)
   11b90:	853e                	mv	a0,a5
   11b92:	f8be                	sd	a5,112(sp)
   11b94:	310020ef          	jal	13ea4 <strlen>
   11b98:	87aa                	mv	a5,a0
   11b9a:	855a                	mv	a0,s6
   11b9c:	e53e                	sd	a5,136(sp)
   11b9e:	8b3e                	mv	s6,a5
   11ba0:	0c0020ef          	jal	13c60 <_localeconv_r>
   11ba4:	6918                	ld	a4,16(a0)
   11ba6:	000cc303          	lbu	t1,0(s9)
   11baa:	fcba                	sd	a4,120(sp)
   11bac:	900b01e3          	beqz	s6,114ae <_vfprintf_r+0x140>
   11bb0:	8e070fe3          	beqz	a4,114ae <_vfprintf_r+0x140>
   11bb4:	00074783          	lbu	a5,0(a4)
   11bb8:	8e078be3          	beqz	a5,114ae <_vfprintf_r+0x140>
   11bbc:	4004e493          	ori	s1,s1,1024
   11bc0:	b0fd                	j	114ae <_vfprintf_r+0x140>
   11bc2:	000cc303          	lbu	t1,0(s9)
   11bc6:	0014e493          	ori	s1,s1,1
   11bca:	b0d5                	j	114ae <_vfprintf_r+0x140>
   11bcc:	0a714783          	lbu	a5,167(sp)
   11bd0:	000cc303          	lbu	t1,0(s9)
   11bd4:	8c079de3          	bnez	a5,114ae <_vfprintf_r+0x140>
   11bd8:	02000793          	li	a5,32
   11bdc:	0af103a3          	sb	a5,167(sp)
   11be0:	b0f9                	j	114ae <_vfprintf_r+0x140>
   11be2:	000cc303          	lbu	t1,0(s9)
   11be6:	0084e493          	ori	s1,s1,8
   11bea:	b0d1                	j	114ae <_vfprintf_r+0x140>
   11bec:	67e2                	ld	a5,24(sp)
   11bee:	0104e813          	ori	a6,s1,16
   11bf2:	00878713          	addi	a4,a5,8
   11bf6:	67e2                	ld	a5,24(sp)
   11bf8:	6394                	ld	a3,0(a5)
   11bfa:	ec3a                	sd	a4,24(sp)
   11bfc:	0a0103a3          	sb	zero,167(sp)
   11c00:	bff87e13          	andi	t3,a6,-1025
   11c04:	520ac963          	bltz	s5,12136 <_vfprintf_r+0xdc8>
   11c08:	b7f87e13          	andi	t3,a6,-1153
   11c0c:	520a9563          	bnez	s5,12136 <_vfprintf_r+0xdc8>
   11c10:	52069363          	bnez	a3,12136 <_vfprintf_r+0xdc8>
   11c14:	00187813          	andi	a6,a6,1
   11c18:	70080763          	beqz	a6,12326 <_vfprintf_r+0xfb8>
   11c1c:	794e                	ld	s2,240(sp)
   11c1e:	03000793          	li	a5,48
   11c22:	14f10da3          	sb	a5,347(sp)
   11c26:	f002                	sd	zero,32(sp)
   11c28:	e082                	sd	zero,64(sp)
   11c2a:	fc02                	sd	zero,56(sp)
   11c2c:	084e7b13          	andi	s6,t3,132
   11c30:	88c2                	mv	a7,a6
   11c32:	4a81                	li	s5,0
   11c34:	4481                	li	s1,0
   11c36:	15b10793          	addi	a5,sp,347
   11c3a:	85ca                	mv	a1,s2
   11c3c:	8e0b18e3          	bnez	s6,1152c <_vfprintf_r+0x1be>
   11c40:	410d073b          	subw	a4,s10,a6
   11c44:	6ce04d63          	bgtz	a4,1231e <_vfprintf_r+0xfb0>
   11c48:	0a714703          	lbu	a4,167(sp)
   11c4c:	8e0713e3          	bnez	a4,11532 <_vfprintf_r+0x1c4>
   11c50:	411a8abb          	subw	s5,s5,a7
   11c54:	935059e3          	blez	s5,11586 <_vfprintf_r+0x218>
   11c58:	66e5                	lui	a3,0x19
   11c5a:	562e                	lw	a2,232(sp)
   11c5c:	53068693          	addi	a3,a3,1328 # 19530 <zeroes.0>
   11c60:	07545263          	bge	s0,s5,11cc4 <_vfprintf_r+0x956>
   11c64:	85a6                	mv	a1,s1
   11c66:	ecbe                	sd	a5,88(sp)
   11c68:	84d6                	mv	s1,s5
   11c6a:	87de                	mv	a5,s7
   11c6c:	874a                	mv	a4,s2
   11c6e:	4b1d                	li	s6,7
   11c70:	8c72                	mv	s8,t3
   11c72:	f0c2                	sd	a6,96(sp)
   11c74:	8946                	mv	s2,a7
   11c76:	8bd2                	mv	s7,s4
   11c78:	8aae                	mv	s5,a1
   11c7a:	a021                	j	11c82 <_vfprintf_r+0x914>
   11c7c:	34c1                	addiw	s1,s1,-16
   11c7e:	02945963          	bge	s0,s1,11cb0 <_vfprintf_r+0x942>
   11c82:	0741                	addi	a4,a4,16
   11c84:	2605                	addiw	a2,a2,1
   11c86:	0147b023          	sd	s4,0(a5)
   11c8a:	e780                	sd	s0,8(a5)
   11c8c:	f9ba                	sd	a4,240(sp)
   11c8e:	d5b2                	sw	a2,232(sp)
   11c90:	07c1                	addi	a5,a5,16
   11c92:	fecb55e3          	bge	s6,a2,11c7c <_vfprintf_r+0x90e>
   11c96:	65a2                	ld	a1,8(sp)
   11c98:	6502                	ld	a0,0(sp)
   11c9a:	1190                	addi	a2,sp,224
   11c9c:	75e010ef          	jal	133fa <__sprint_r>
   11ca0:	2c051363          	bnez	a0,11f66 <_vfprintf_r+0xbf8>
   11ca4:	34c1                	addiw	s1,s1,-16
   11ca6:	774e                	ld	a4,240(sp)
   11ca8:	562e                	lw	a2,232(sp)
   11caa:	87ce                	mv	a5,s3
   11cac:	fc944be3          	blt	s0,s1,11c82 <_vfprintf_r+0x914>
   11cb0:	86de                	mv	a3,s7
   11cb2:	7806                	ld	a6,96(sp)
   11cb4:	8bbe                	mv	s7,a5
   11cb6:	67e6                	ld	a5,88(sp)
   11cb8:	85d6                	mv	a1,s5
   11cba:	88ca                	mv	a7,s2
   11cbc:	8aa6                	mv	s5,s1
   11cbe:	8e62                	mv	t3,s8
   11cc0:	893a                	mv	s2,a4
   11cc2:	84ae                	mv	s1,a1
   11cc4:	9956                	add	s2,s2,s5
   11cc6:	2605                	addiw	a2,a2,1
   11cc8:	00dbb023          	sd	a3,0(s7)
   11ccc:	015bb423          	sd	s5,8(s7)
   11cd0:	f9ca                	sd	s2,240(sp)
   11cd2:	d5b2                	sw	a2,232(sp)
   11cd4:	471d                	li	a4,7
   11cd6:	0bc1                	addi	s7,s7,16
   11cd8:	8ac757e3          	bge	a4,a2,11586 <_vfprintf_r+0x218>
   11cdc:	65a2                	ld	a1,8(sp)
   11cde:	6502                	ld	a0,0(sp)
   11ce0:	1190                	addi	a2,sp,224
   11ce2:	e946                	sd	a7,144(sp)
   11ce4:	e142                	sd	a6,128(sp)
   11ce6:	f0f2                	sd	t3,96(sp)
   11ce8:	ecbe                	sd	a5,88(sp)
   11cea:	710010ef          	jal	133fa <__sprint_r>
   11cee:	26051c63          	bnez	a0,11f66 <_vfprintf_r+0xbf8>
   11cf2:	7e06                	ld	t3,96(sp)
   11cf4:	794e                	ld	s2,240(sp)
   11cf6:	68ca                	ld	a7,144(sp)
   11cf8:	100e7713          	andi	a4,t3,256
   11cfc:	680a                	ld	a6,128(sp)
   11cfe:	67e6                	ld	a5,88(sp)
   11d00:	8bce                	mv	s7,s3
   11d02:	880706e3          	beqz	a4,1158e <_vfprintf_r+0x220>
   11d06:	06500713          	li	a4,101
   11d0a:	2db75263          	bge	a4,s11,11fce <_vfprintf_r+0xc60>
   11d0e:	654e                	ld	a0,208(sp)
   11d10:	65ee                	ld	a1,216(sp)
   11d12:	4601                	li	a2,0
   11d14:	4681                	li	a3,0
   11d16:	e142                	sd	a6,128(sp)
   11d18:	f0f2                	sd	t3,96(sp)
   11d1a:	ecbe                	sd	a5,88(sp)
   11d1c:	278060ef          	jal	17f94 <__eqtf2>
   11d20:	67e6                	ld	a5,88(sp)
   11d22:	7e06                	ld	t3,96(sp)
   11d24:	680a                	ld	a6,128(sp)
   11d26:	44051a63          	bnez	a0,1217a <_vfprintf_r+0xe0c>
   11d2a:	57ae                	lw	a5,232(sp)
   11d2c:	6765                	lui	a4,0x19
   11d2e:	25870713          	addi	a4,a4,600 # 19258 <__clzdi2+0x98>
   11d32:	00ebb023          	sd	a4,0(s7)
   11d36:	0905                	addi	s2,s2,1
   11d38:	4705                	li	a4,1
   11d3a:	2785                	addiw	a5,a5,1
   11d3c:	00ebb423          	sd	a4,8(s7)
   11d40:	f9ca                	sd	s2,240(sp)
   11d42:	d5be                	sw	a5,232(sp)
   11d44:	471d                	li	a4,7
   11d46:	0bc1                	addi	s7,s7,16
   11d48:	1ef741e3          	blt	a4,a5,1272a <_vfprintf_r+0x13bc>
   11d4c:	57ca                	lw	a5,176(sp)
   11d4e:	7742                	ld	a4,48(sp)
   11d50:	66e7db63          	bge	a5,a4,123c6 <_vfprintf_r+0x1058>
   11d54:	6726                	ld	a4,72(sp)
   11d56:	57ae                	lw	a5,232(sp)
   11d58:	66c6                	ld	a3,80(sp)
   11d5a:	993a                	add	s2,s2,a4
   11d5c:	2785                	addiw	a5,a5,1
   11d5e:	00ebb423          	sd	a4,8(s7)
   11d62:	00dbb023          	sd	a3,0(s7)
   11d66:	f9ca                	sd	s2,240(sp)
   11d68:	d5be                	sw	a5,232(sp)
   11d6a:	471d                	li	a4,7
   11d6c:	0bc1                	addi	s7,s7,16
   11d6e:	7cf74563          	blt	a4,a5,12538 <_vfprintf_r+0x11ca>
   11d72:	77c2                	ld	a5,48(sp)
   11d74:	fff78a9b          	addiw	s5,a5,-1
   11d78:	835058e3          	blez	s5,115a8 <_vfprintf_r+0x23a>
   11d7c:	4b41                	li	s6,16
   11d7e:	57ae                	lw	a5,232(sp)
   11d80:	66e5                	lui	a3,0x19
   11d82:	015b4463          	blt	s6,s5,11d8a <_vfprintf_r+0xa1c>
   11d86:	0b20106f          	j	12e38 <_vfprintf_r+0x1aca>
   11d8a:	84d6                	mv	s1,s5
   11d8c:	874a                	mv	a4,s2
   11d8e:	4d9d                	li	s11,7
   11d90:	8ac2                	mv	s5,a6
   11d92:	8972                	mv	s2,t3
   11d94:	53068c13          	addi	s8,a3,1328 # 19530 <zeroes.0>
   11d98:	a021                	j	11da0 <_vfprintf_r+0xa32>
   11d9a:	34c1                	addiw	s1,s1,-16
   11d9c:	1a9b59e3          	bge	s6,s1,1274e <_vfprintf_r+0x13e0>
   11da0:	0741                	addi	a4,a4,16
   11da2:	2785                	addiw	a5,a5,1
   11da4:	018bb023          	sd	s8,0(s7)
   11da8:	016bb423          	sd	s6,8(s7)
   11dac:	f9ba                	sd	a4,240(sp)
   11dae:	d5be                	sw	a5,232(sp)
   11db0:	0bc1                	addi	s7,s7,16
   11db2:	fefdd4e3          	bge	s11,a5,11d9a <_vfprintf_r+0xa2c>
   11db6:	65a2                	ld	a1,8(sp)
   11db8:	6502                	ld	a0,0(sp)
   11dba:	1190                	addi	a2,sp,224
   11dbc:	63e010ef          	jal	133fa <__sprint_r>
   11dc0:	1a051363          	bnez	a0,11f66 <_vfprintf_r+0xbf8>
   11dc4:	774e                	ld	a4,240(sp)
   11dc6:	57ae                	lw	a5,232(sp)
   11dc8:	8bce                	mv	s7,s3
   11dca:	bfc1                	j	11d9a <_vfprintf_r+0xa2c>
   11dcc:	000cc303          	lbu	t1,0(s9)
   11dd0:	06800793          	li	a5,104
   11dd4:	78f30863          	beq	t1,a5,12564 <_vfprintf_r+0x11f6>
   11dd8:	0404e493          	ori	s1,s1,64
   11ddc:	ed2ff06f          	j	114ae <_vfprintf_r+0x140>
   11de0:	000cc303          	lbu	t1,0(s9)
   11de4:	0204e493          	ori	s1,s1,32
   11de8:	ec6ff06f          	j	114ae <_vfprintf_r+0x140>
   11dec:	67a1                	lui	a5,0x8
   11dee:	83078793          	addi	a5,a5,-2000 # 7830 <exit-0x88f0>
   11df2:	0af11423          	sh	a5,168(sp)
   11df6:	67e2                	ld	a5,24(sp)
   11df8:	0a0103a3          	sb	zero,167(sp)
   11dfc:	6398                	ld	a4,0(a5)
   11dfe:	00878593          	addi	a1,a5,8
   11e02:	6a0ac063          	bltz	s5,124a2 <_vfprintf_r+0x1134>
   11e06:	f7f4ff13          	andi	t5,s1,-129
   11e0a:	002f6e13          	ori	t3,t5,2
   11e0e:	18071ee3          	bnez	a4,127aa <_vfprintf_r+0x143c>
   11e12:	180a9ce3          	bnez	s5,127aa <_vfprintf_r+0x143c>
   11e16:	ec2e                	sd	a1,24(sp)
   11e18:	4489                	li	s1,2
   11e1a:	07800d93          	li	s11,120
   11e1e:	0a714503          	lbu	a0,167(sp)
   11e22:	4a81                	li	s5,0
   11e24:	4801                	li	a6,0
   11e26:	4881                	li	a7,0
   11e28:	0afc                	addi	a5,sp,348
   11e2a:	f002                	sd	zero,32(sp)
   11e2c:	b6fd                	j	11a1a <_vfprintf_r+0x6ac>
   11e2e:	6762                	ld	a4,24(sp)
   11e30:	0204f793          	andi	a5,s1,32
   11e34:	8e26                	mv	t3,s1
   11e36:	0721                	addi	a4,a4,8
   11e38:	5c079163          	bnez	a5,123fa <_vfprintf_r+0x108c>
   11e3c:	0104f793          	andi	a5,s1,16
   11e40:	5a079d63          	bnez	a5,123fa <_vfprintf_r+0x108c>
   11e44:	66e2                	ld	a3,24(sp)
   11e46:	0404f793          	andi	a5,s1,64
   11e4a:	4294                	lw	a3,0(a3)
   11e4c:	1e0781e3          	beqz	a5,1282e <_vfprintf_r+0x14c0>
   11e50:	16c2                	slli	a3,a3,0x30
   11e52:	92c1                	srli	a3,a3,0x30
   11e54:	ec3a                	sd	a4,24(sp)
   11e56:	8826                	mv	a6,s1
   11e58:	b355                	j	11bfc <_vfprintf_r+0x88e>
   11e5a:	66e2                	ld	a3,24(sp)
   11e5c:	0204f793          	andi	a5,s1,32
   11e60:	6298                	ld	a4,0(a3)
   11e62:	06a1                	addi	a3,a3,8
   11e64:	ec36                	sd	a3,24(sp)
   11e66:	58079663          	bnez	a5,123f2 <_vfprintf_r+0x1084>
   11e6a:	0104f793          	andi	a5,s1,16
   11e6e:	58079263          	bnez	a5,123f2 <_vfprintf_r+0x1084>
   11e72:	0404f793          	andi	a5,s1,64
   11e76:	4a079ce3          	bnez	a5,12b2e <_vfprintf_r+0x17c0>
   11e7a:	2004ff13          	andi	t5,s1,512
   11e7e:	67c2                	ld	a5,16(sp)
   11e80:	000f1463          	bnez	t5,11e88 <_vfprintf_r+0xb1a>
   11e84:	21a0106f          	j	1309e <_vfprintf_r+0x1d30>
   11e88:	00f70023          	sb	a5,0(a4)
   11e8c:	db0ff06f          	j	1143c <_vfprintf_r+0xce>
   11e90:	000cc303          	lbu	t1,0(s9)
   11e94:	06c00793          	li	a5,108
   11e98:	6af30f63          	beq	t1,a5,12556 <_vfprintf_r+0x11e8>
   11e9c:	0104e493          	ori	s1,s1,16
   11ea0:	e0eff06f          	j	114ae <_vfprintf_r+0x140>
   11ea4:	410d0b3b          	subw	s6,s10,a6
   11ea8:	ed605b63          	blez	s6,1157e <_vfprintf_r+0x210>
   11eac:	42c1                	li	t0,16
   11eae:	562e                	lw	a2,232(sp)
   11eb0:	66e5                	lui	a3,0x19
   11eb2:	0162c463          	blt	t0,s6,11eba <_vfprintf_r+0xb4c>
   11eb6:	1d00106f          	j	13086 <_vfprintf_r+0x1d18>
   11eba:	8c3e                	mv	s8,a5
   11ebc:	874a                	mv	a4,s2
   11ebe:	87de                	mv	a5,s7
   11ec0:	439d                	li	t2,7
   11ec2:	8ba6                	mv	s7,s1
   11ec4:	ecf2                	sd	t3,88(sp)
   11ec6:	84da                	mv	s1,s6
   11ec8:	f0c2                	sd	a6,96(sp)
   11eca:	8b46                	mv	s6,a7
   11ecc:	53068913          	addi	s2,a3,1328 # 19530 <zeroes.0>
   11ed0:	a021                	j	11ed8 <_vfprintf_r+0xb6a>
   11ed2:	34c1                	addiw	s1,s1,-16
   11ed4:	0292db63          	bge	t0,s1,11f0a <_vfprintf_r+0xb9c>
   11ed8:	0741                	addi	a4,a4,16
   11eda:	2605                	addiw	a2,a2,1
   11edc:	0127b023          	sd	s2,0(a5)
   11ee0:	0057b423          	sd	t0,8(a5)
   11ee4:	f9ba                	sd	a4,240(sp)
   11ee6:	d5b2                	sw	a2,232(sp)
   11ee8:	07c1                	addi	a5,a5,16
   11eea:	fec3d4e3          	bge	t2,a2,11ed2 <_vfprintf_r+0xb64>
   11eee:	65a2                	ld	a1,8(sp)
   11ef0:	6502                	ld	a0,0(sp)
   11ef2:	1190                	addi	a2,sp,224
   11ef4:	506010ef          	jal	133fa <__sprint_r>
   11ef8:	e53d                	bnez	a0,11f66 <_vfprintf_r+0xbf8>
   11efa:	42c1                	li	t0,16
   11efc:	34c1                	addiw	s1,s1,-16
   11efe:	774e                	ld	a4,240(sp)
   11f00:	562e                	lw	a2,232(sp)
   11f02:	87ce                	mv	a5,s3
   11f04:	439d                	li	t2,7
   11f06:	fc92c9e3          	blt	t0,s1,11ed8 <_vfprintf_r+0xb6a>
   11f0a:	6e66                	ld	t3,88(sp)
   11f0c:	7806                	ld	a6,96(sp)
   11f0e:	88da                	mv	a7,s6
   11f10:	86ca                	mv	a3,s2
   11f12:	8b26                	mv	s6,s1
   11f14:	893a                	mv	s2,a4
   11f16:	84de                	mv	s1,s7
   11f18:	8bbe                	mv	s7,a5
   11f1a:	87e2                	mv	a5,s8
   11f1c:	995a                	add	s2,s2,s6
   11f1e:	2605                	addiw	a2,a2,1
   11f20:	00dbb023          	sd	a3,0(s7)
   11f24:	016bb423          	sd	s6,8(s7)
   11f28:	f9ca                	sd	s2,240(sp)
   11f2a:	d5b2                	sw	a2,232(sp)
   11f2c:	471d                	li	a4,7
   11f2e:	0bc1                	addi	s7,s7,16
   11f30:	e4c75763          	bge	a4,a2,1157e <_vfprintf_r+0x210>
   11f34:	65a2                	ld	a1,8(sp)
   11f36:	6502                	ld	a0,0(sp)
   11f38:	1190                	addi	a2,sp,224
   11f3a:	e946                	sd	a7,144(sp)
   11f3c:	e142                	sd	a6,128(sp)
   11f3e:	f0f2                	sd	t3,96(sp)
   11f40:	ecbe                	sd	a5,88(sp)
   11f42:	4b8010ef          	jal	133fa <__sprint_r>
   11f46:	e105                	bnez	a0,11f66 <_vfprintf_r+0xbf8>
   11f48:	794e                	ld	s2,240(sp)
   11f4a:	67e6                	ld	a5,88(sp)
   11f4c:	7e06                	ld	t3,96(sp)
   11f4e:	680a                	ld	a6,128(sp)
   11f50:	68ca                	ld	a7,144(sp)
   11f52:	8bce                	mv	s7,s3
   11f54:	e2aff06f          	j	1157e <_vfprintf_r+0x210>
   11f58:	65a2                	ld	a1,8(sp)
   11f5a:	6502                	ld	a0,0(sp)
   11f5c:	1190                	addi	a2,sp,224
   11f5e:	49c010ef          	jal	133fa <__sprint_r>
   11f62:	e6050463          	beqz	a0,115ca <_vfprintf_r+0x25c>
   11f66:	64a2                	ld	s1,8(sp)
   11f68:	7582                	ld	a1,32(sp)
   11f6a:	c581                	beqz	a1,11f72 <_vfprintf_r+0xc04>
   11f6c:	6502                	ld	a0,0(sp)
   11f6e:	b5ffe0ef          	jal	10acc <_free_r>
   11f72:	0104d783          	lhu	a5,16(s1)
   11f76:	23013903          	ld	s2,560(sp)
   11f7a:	22813983          	ld	s3,552(sp)
   11f7e:	0407f793          	andi	a5,a5,64
   11f82:	22013a03          	ld	s4,544(sp)
   11f86:	21813a83          	ld	s5,536(sp)
   11f8a:	20813b83          	ld	s7,520(sp)
   11f8e:	20013c03          	ld	s8,512(sp)
   11f92:	7cfe                	ld	s9,504(sp)
   11f94:	7d5e                	ld	s10,496(sp)
   11f96:	7dbe                	ld	s11,488(sp)
   11f98:	c399                	beqz	a5,11f9e <_vfprintf_r+0xc30>
   11f9a:	0100106f          	j	12faa <_vfprintf_r+0x1c3c>
   11f9e:	24813083          	ld	ra,584(sp)
   11fa2:	24013403          	ld	s0,576(sp)
   11fa6:	6542                	ld	a0,16(sp)
   11fa8:	23813483          	ld	s1,568(sp)
   11fac:	21013b03          	ld	s6,528(sp)
   11fb0:	25010113          	addi	sp,sp,592
   11fb4:	8082                	ret
   11fb6:	410d073b          	subw	a4,s10,a6
   11fba:	e082                	sd	zero,64(sp)
   11fbc:	fc02                	sd	zero,56(sp)
   11fbe:	2ce04363          	bgtz	a4,12284 <_vfprintf_r+0xf16>
   11fc2:	4481                	li	s1,0
   11fc4:	d8050b63          	beqz	a0,1155a <_vfprintf_r+0x1ec>
   11fc8:	4389                	li	t2,2
   11fca:	d6cff06f          	j	11536 <_vfprintf_r+0x1c8>
   11fce:	5aae                	lw	s5,232(sp)
   11fd0:	7642                	ld	a2,48(sp)
   11fd2:	4685                	li	a3,1
   11fd4:	2a85                	addiw	s5,s5,1
   11fd6:	9936                	add	s2,s2,a3
   11fd8:	8756                	mv	a4,s5
   11fda:	010b8b13          	addi	s6,s7,16
   11fde:	34c6dd63          	bge	a3,a2,12338 <_vfprintf_r+0xfca>
   11fe2:	4685                	li	a3,1
   11fe4:	00dbb423          	sd	a3,8(s7)
   11fe8:	00fbb023          	sd	a5,0(s7)
   11fec:	f9ca                	sd	s2,240(sp)
   11fee:	d5ba                	sw	a4,232(sp)
   11ff0:	469d                	li	a3,7
   11ff2:	68e6c663          	blt	a3,a4,1267e <_vfprintf_r+0x1310>
   11ff6:	6726                	ld	a4,72(sp)
   11ff8:	66c6                	ld	a3,80(sp)
   11ffa:	2a85                	addiw	s5,s5,1
   11ffc:	993a                	add	s2,s2,a4
   11ffe:	00eb3423          	sd	a4,8(s6)
   12002:	00db3023          	sd	a3,0(s6)
   12006:	f9ca                	sd	s2,240(sp)
   12008:	d5d6                	sw	s5,232(sp)
   1200a:	471d                	li	a4,7
   1200c:	0b41                	addi	s6,s6,16
   1200e:	65574763          	blt	a4,s5,1265c <_vfprintf_r+0x12ee>
   12012:	ecbe                	sd	a5,88(sp)
   12014:	654e                	ld	a0,208(sp)
   12016:	77c2                	ld	a5,48(sp)
   12018:	65ee                	ld	a1,216(sp)
   1201a:	4601                	li	a2,0
   1201c:	4681                	li	a3,0
   1201e:	e0c2                	sd	a6,64(sp)
   12020:	fc72                	sd	t3,56(sp)
   12022:	fff78b9b          	addiw	s7,a5,-1
   12026:	76f050ef          	jal	17f94 <__eqtf2>
   1202a:	7e62                	ld	t3,56(sp)
   1202c:	6806                	ld	a6,64(sp)
   1202e:	34050163          	beqz	a0,12370 <_vfprintf_r+0x1002>
   12032:	67e6                	ld	a5,88(sp)
   12034:	2a85                	addiw	s5,s5,1
   12036:	995e                	add	s2,s2,s7
   12038:	0785                	addi	a5,a5,1
   1203a:	d5d6                	sw	s5,232(sp)
   1203c:	f9ca                	sd	s2,240(sp)
   1203e:	00fb3023          	sd	a5,0(s6)
   12042:	017b3423          	sd	s7,8(s6)
   12046:	479d                	li	a5,7
   12048:	4d57c563          	blt	a5,s5,12512 <_vfprintf_r+0x11a4>
   1204c:	0b41                	addi	s6,s6,16
   1204e:	7726                	ld	a4,104(sp)
   12050:	193c                	addi	a5,sp,184
   12052:	2a85                	addiw	s5,s5,1
   12054:	993a                	add	s2,s2,a4
   12056:	00fb3023          	sd	a5,0(s6)
   1205a:	f9ca                	sd	s2,240(sp)
   1205c:	d5d6                	sw	s5,232(sp)
   1205e:	00eb3423          	sd	a4,8(s6)
   12062:	479d                	li	a5,7
   12064:	010b0b93          	addi	s7,s6,16
   12068:	d557d063          	bge	a5,s5,115a8 <_vfprintf_r+0x23a>
   1206c:	65a2                	ld	a1,8(sp)
   1206e:	6502                	ld	a0,0(sp)
   12070:	1190                	addi	a2,sp,224
   12072:	e0c2                	sd	a6,64(sp)
   12074:	fc72                	sd	t3,56(sp)
   12076:	384010ef          	jal	133fa <__sprint_r>
   1207a:	ee0516e3          	bnez	a0,11f66 <_vfprintf_r+0xbf8>
   1207e:	794e                	ld	s2,240(sp)
   12080:	6806                	ld	a6,64(sp)
   12082:	7e62                	ld	t3,56(sp)
   12084:	8bce                	mv	s7,s3
   12086:	d22ff06f          	j	115a8 <_vfprintf_r+0x23a>
   1208a:	65a2                	ld	a1,8(sp)
   1208c:	6502                	ld	a0,0(sp)
   1208e:	1190                	addi	a2,sp,224
   12090:	e946                	sd	a7,144(sp)
   12092:	e142                	sd	a6,128(sp)
   12094:	f0f2                	sd	t3,96(sp)
   12096:	ecbe                	sd	a5,88(sp)
   12098:	362010ef          	jal	133fa <__sprint_r>
   1209c:	ec0515e3          	bnez	a0,11f66 <_vfprintf_r+0xbf8>
   120a0:	794e                	ld	s2,240(sp)
   120a2:	68ca                	ld	a7,144(sp)
   120a4:	680a                	ld	a6,128(sp)
   120a6:	7e06                	ld	t3,96(sp)
   120a8:	67e6                	ld	a5,88(sp)
   120aa:	8bce                	mv	s7,s3
   120ac:	ccaff06f          	j	11576 <_vfprintf_r+0x208>
   120b0:	4b41                	li	s6,16
   120b2:	57ae                	lw	a5,232(sp)
   120b4:	66e5                	lui	a3,0x19
   120b6:	015b4463          	blt	s6,s5,120be <_vfprintf_r+0xd50>
   120ba:	7930006f          	j	1304c <_vfprintf_r+0x1cde>
   120be:	874a                	mv	a4,s2
   120c0:	6c22                	ld	s8,8(sp)
   120c2:	4d9d                	li	s11,7
   120c4:	8942                	mv	s2,a6
   120c6:	54068493          	addi	s1,a3,1344 # 19540 <blanks.1>
   120ca:	a021                	j	120d2 <_vfprintf_r+0xd64>
   120cc:	3ac1                	addiw	s5,s5,-16
   120ce:	035b5a63          	bge	s6,s5,12102 <_vfprintf_r+0xd94>
   120d2:	0741                	addi	a4,a4,16
   120d4:	2785                	addiw	a5,a5,1
   120d6:	009bb023          	sd	s1,0(s7)
   120da:	016bb423          	sd	s6,8(s7)
   120de:	f9ba                	sd	a4,240(sp)
   120e0:	d5be                	sw	a5,232(sp)
   120e2:	0bc1                	addi	s7,s7,16
   120e4:	fefdd4e3          	bge	s11,a5,120cc <_vfprintf_r+0xd5e>
   120e8:	6502                	ld	a0,0(sp)
   120ea:	1190                	addi	a2,sp,224
   120ec:	85e2                	mv	a1,s8
   120ee:	30c010ef          	jal	133fa <__sprint_r>
   120f2:	64051b63          	bnez	a0,12748 <_vfprintf_r+0x13da>
   120f6:	3ac1                	addiw	s5,s5,-16
   120f8:	774e                	ld	a4,240(sp)
   120fa:	57ae                	lw	a5,232(sp)
   120fc:	8bce                	mv	s7,s3
   120fe:	fd5b4ae3          	blt	s6,s5,120d2 <_vfprintf_r+0xd64>
   12102:	884a                	mv	a6,s2
   12104:	86a6                	mv	a3,s1
   12106:	893a                	mv	s2,a4
   12108:	9956                	add	s2,s2,s5
   1210a:	2785                	addiw	a5,a5,1
   1210c:	f9ca                	sd	s2,240(sp)
   1210e:	d5be                	sw	a5,232(sp)
   12110:	00dbb023          	sd	a3,0(s7)
   12114:	015bb423          	sd	s5,8(s7)
   12118:	471d                	li	a4,7
   1211a:	c8f75f63          	bge	a4,a5,115b8 <_vfprintf_r+0x24a>
   1211e:	65a2                	ld	a1,8(sp)
   12120:	6502                	ld	a0,0(sp)
   12122:	1190                	addi	a2,sp,224
   12124:	fc42                	sd	a6,56(sp)
   12126:	2d4010ef          	jal	133fa <__sprint_r>
   1212a:	e2051ee3          	bnez	a0,11f66 <_vfprintf_r+0xbf8>
   1212e:	794e                	ld	s2,240(sp)
   12130:	7862                	ld	a6,56(sp)
   12132:	c86ff06f          	j	115b8 <_vfprintf_r+0x24a>
   12136:	15c10893          	addi	a7,sp,348
   1213a:	87c6                	mv	a5,a7
   1213c:	0076f713          	andi	a4,a3,7
   12140:	863e                	mv	a2,a5
   12142:	03070713          	addi	a4,a4,48
   12146:	828d                	srli	a3,a3,0x3
   12148:	fee78fa3          	sb	a4,-1(a5)
   1214c:	17fd                	addi	a5,a5,-1
   1214e:	f6fd                	bnez	a3,1213c <_vfprintf_r+0xdce>
   12150:	fd070713          	addi	a4,a4,-48
   12154:	03000693          	li	a3,48
   12158:	c709                	beqz	a4,12162 <_vfprintf_r+0xdf4>
   1215a:	001e7713          	andi	a4,t3,1
   1215e:	2a071163          	bnez	a4,12400 <_vfprintf_r+0x1092>
   12162:	40f888bb          	subw	a7,a7,a5
   12166:	000a881b          	sext.w	a6,s5
   1216a:	271acc63          	blt	s5,a7,123e2 <_vfprintf_r+0x1074>
   1216e:	f002                	sd	zero,32(sp)
   12170:	e082                	sd	zero,64(sp)
   12172:	fc02                	sd	zero,56(sp)
   12174:	4481                	li	s1,0
   12176:	baaff06f          	j	11520 <_vfprintf_r+0x1b2>
   1217a:	564a                	lw	a2,176(sp)
   1217c:	ecc05763          	blez	a2,1184a <_vfprintf_r+0x4dc>
   12180:	76c2                	ld	a3,48(sp)
   12182:	8726                	mv	a4,s1
   12184:	3696c163          	blt	a3,s1,124e6 <_vfprintf_r+0x1178>
   12188:	00070d9b          	sext.w	s11,a4
   1218c:	01b05f63          	blez	s11,121aa <_vfprintf_r+0xe3c>
   12190:	572e                	lw	a4,232(sp)
   12192:	996e                	add	s2,s2,s11
   12194:	00fbb023          	sd	a5,0(s7)
   12198:	2705                	addiw	a4,a4,1
   1219a:	01bbb423          	sd	s11,8(s7)
   1219e:	f9ca                	sd	s2,240(sp)
   121a0:	d5ba                	sw	a4,232(sp)
   121a2:	469d                	li	a3,7
   121a4:	0bc1                	addi	s7,s7,16
   121a6:	0ce6cce3          	blt	a3,a4,12a7e <_vfprintf_r+0x1710>
   121aa:	8aee                	mv	s5,s11
   121ac:	400dc263          	bltz	s11,125b0 <_vfprintf_r+0x1242>
   121b0:	41548abb          	subw	s5,s1,s5
   121b4:	43504663          	bgtz	s5,125e0 <_vfprintf_r+0x1272>
   121b8:	400e7713          	andi	a4,t3,1024
   121bc:	00978db3          	add	s11,a5,s1
   121c0:	70071663          	bnez	a4,128cc <_vfprintf_r+0x155e>
   121c4:	5aca                	lw	s5,176(sp)
   121c6:	76c2                	ld	a3,48(sp)
   121c8:	00dac663          	blt	s5,a3,121d4 <_vfprintf_r+0xe66>
   121cc:	001e7713          	andi	a4,t3,1
   121d0:	10070ee3          	beqz	a4,12aec <_vfprintf_r+0x177e>
   121d4:	66a6                	ld	a3,72(sp)
   121d6:	572e                	lw	a4,232(sp)
   121d8:	6646                	ld	a2,80(sp)
   121da:	9936                	add	s2,s2,a3
   121dc:	2705                	addiw	a4,a4,1
   121de:	00dbb423          	sd	a3,8(s7)
   121e2:	00cbb023          	sd	a2,0(s7)
   121e6:	f9ca                	sd	s2,240(sp)
   121e8:	d5ba                	sw	a4,232(sp)
   121ea:	469d                	li	a3,7
   121ec:	0bc1                	addi	s7,s7,16
   121ee:	48e6cce3          	blt	a3,a4,12e86 <_vfprintf_r+0x1b18>
   121f2:	7742                	ld	a4,48(sp)
   121f4:	97ba                	add	a5,a5,a4
   121f6:	41b78b33          	sub	s6,a5,s11
   121fa:	41570abb          	subw	s5,a4,s5
   121fe:	000b079b          	sext.w	a5,s6
   12202:	00fad363          	bge	s5,a5,12208 <_vfprintf_r+0xe9a>
   12206:	8b56                	mv	s6,s5
   12208:	2b01                	sext.w	s6,s6
   1220a:	01605f63          	blez	s6,12228 <_vfprintf_r+0xeba>
   1220e:	57ae                	lw	a5,232(sp)
   12210:	995a                	add	s2,s2,s6
   12212:	01bbb023          	sd	s11,0(s7)
   12216:	2785                	addiw	a5,a5,1
   12218:	016bb423          	sd	s6,8(s7)
   1221c:	f9ca                	sd	s2,240(sp)
   1221e:	d5be                	sw	a5,232(sp)
   12220:	471d                	li	a4,7
   12222:	0bc1                	addi	s7,s7,16
   12224:	58f74be3          	blt	a4,a5,12fba <_vfprintf_r+0x1c4c>
   12228:	87da                	mv	a5,s6
   1222a:	000b5363          	bgez	s6,12230 <_vfprintf_r+0xec2>
   1222e:	4781                	li	a5,0
   12230:	40fa8abb          	subw	s5,s5,a5
   12234:	b7505a63          	blez	s5,115a8 <_vfprintf_r+0x23a>
   12238:	4b41                	li	s6,16
   1223a:	57ae                	lw	a5,232(sp)
   1223c:	66e5                	lui	a3,0x19
   1223e:	3f5b5de3          	bge	s6,s5,12e38 <_vfprintf_r+0x1aca>
   12242:	84d6                	mv	s1,s5
   12244:	874a                	mv	a4,s2
   12246:	4d9d                	li	s11,7
   12248:	8ac2                	mv	s5,a6
   1224a:	8972                	mv	s2,t3
   1224c:	53068c13          	addi	s8,a3,1328 # 19530 <zeroes.0>
   12250:	a021                	j	12258 <_vfprintf_r+0xeea>
   12252:	34c1                	addiw	s1,s1,-16
   12254:	4e9b5d63          	bge	s6,s1,1274e <_vfprintf_r+0x13e0>
   12258:	0741                	addi	a4,a4,16
   1225a:	2785                	addiw	a5,a5,1
   1225c:	018bb023          	sd	s8,0(s7)
   12260:	016bb423          	sd	s6,8(s7)
   12264:	f9ba                	sd	a4,240(sp)
   12266:	d5be                	sw	a5,232(sp)
   12268:	0bc1                	addi	s7,s7,16
   1226a:	fefdd4e3          	bge	s11,a5,12252 <_vfprintf_r+0xee4>
   1226e:	65a2                	ld	a1,8(sp)
   12270:	6502                	ld	a0,0(sp)
   12272:	1190                	addi	a2,sp,224
   12274:	186010ef          	jal	133fa <__sprint_r>
   12278:	ce0517e3          	bnez	a0,11f66 <_vfprintf_r+0xbf8>
   1227c:	774e                	ld	a4,240(sp)
   1227e:	57ae                	lw	a5,232(sp)
   12280:	8bce                	mv	s7,s3
   12282:	bfc1                	j	12252 <_vfprintf_r+0xee4>
   12284:	4389                	li	t2,2
   12286:	4941                	li	s2,16
   12288:	8636                	mv	a2,a3
   1228a:	66e5                	lui	a3,0x19
   1228c:	52e953e3          	bge	s2,a4,12fb2 <_vfprintf_r+0x1c44>
   12290:	f0be                	sd	a5,96(sp)
   12292:	e956                	sd	s5,144(sp)
   12294:	87de                	mv	a5,s7
   12296:	4f9d                	li	t6,7
   12298:	84ba                	mv	s1,a4
   1229a:	ec9e                	sd	t2,88(sp)
   1229c:	e172                	sd	t3,128(sp)
   1229e:	8c42                	mv	s8,a6
   122a0:	8bc6                	mv	s7,a7
   122a2:	54068a93          	addi	s5,a3,1344 # 19540 <blanks.1>
   122a6:	a021                	j	122ae <_vfprintf_r+0xf40>
   122a8:	34c1                	addiw	s1,s1,-16
   122aa:	02995b63          	bge	s2,s1,122e0 <_vfprintf_r+0xf72>
   122ae:	05c1                	addi	a1,a1,16
   122b0:	2605                	addiw	a2,a2,1
   122b2:	0157b023          	sd	s5,0(a5)
   122b6:	0127b423          	sd	s2,8(a5)
   122ba:	f9ae                	sd	a1,240(sp)
   122bc:	d5b2                	sw	a2,232(sp)
   122be:	07c1                	addi	a5,a5,16
   122c0:	fecfd4e3          	bge	t6,a2,122a8 <_vfprintf_r+0xf3a>
   122c4:	65a2                	ld	a1,8(sp)
   122c6:	6502                	ld	a0,0(sp)
   122c8:	1190                	addi	a2,sp,224
   122ca:	130010ef          	jal	133fa <__sprint_r>
   122ce:	c8051ce3          	bnez	a0,11f66 <_vfprintf_r+0xbf8>
   122d2:	34c1                	addiw	s1,s1,-16
   122d4:	75ce                	ld	a1,240(sp)
   122d6:	562e                	lw	a2,232(sp)
   122d8:	87ce                	mv	a5,s3
   122da:	4f9d                	li	t6,7
   122dc:	fc9949e3          	blt	s2,s1,122ae <_vfprintf_r+0xf40>
   122e0:	88de                	mv	a7,s7
   122e2:	86d6                	mv	a3,s5
   122e4:	8bbe                	mv	s7,a5
   122e6:	63e6                	ld	t2,88(sp)
   122e8:	6e0a                	ld	t3,128(sp)
   122ea:	7786                	ld	a5,96(sp)
   122ec:	6aca                	ld	s5,144(sp)
   122ee:	8726                	mv	a4,s1
   122f0:	8862                	mv	a6,s8
   122f2:	00b70933          	add	s2,a4,a1
   122f6:	2605                	addiw	a2,a2,1
   122f8:	00ebb423          	sd	a4,8(s7)
   122fc:	f9ca                	sd	s2,240(sp)
   122fe:	d5b2                	sw	a2,232(sp)
   12300:	00dbb023          	sd	a3,0(s7)
   12304:	471d                	li	a4,7
   12306:	3ac74363          	blt	a4,a2,126ac <_vfprintf_r+0x133e>
   1230a:	0a714703          	lbu	a4,167(sp)
   1230e:	0bc1                	addi	s7,s7,16
   12310:	84da                	mv	s1,s6
   12312:	e769                	bnez	a4,123dc <_vfprintf_r+0x106e>
   12314:	a6038563          	beqz	t2,1157e <_vfprintf_r+0x210>
   12318:	4b01                	li	s6,0
   1231a:	a40ff06f          	j	1155a <_vfprintf_r+0x1ec>
   1231e:	56ae                	lw	a3,232(sp)
   12320:	8b26                	mv	s6,s1
   12322:	4381                	li	t2,0
   12324:	b78d                	j	12286 <_vfprintf_r+0xf18>
   12326:	4881                	li	a7,0
   12328:	4a81                	li	s5,0
   1232a:	e082                	sd	zero,64(sp)
   1232c:	fc02                	sd	zero,56(sp)
   1232e:	4481                	li	s1,0
   12330:	f002                	sd	zero,32(sp)
   12332:	0afc                	addi	a5,sp,348
   12334:	9ecff06f          	j	11520 <_vfprintf_r+0x1b2>
   12338:	00de7633          	and	a2,t3,a3
   1233c:	ca0613e3          	bnez	a2,11fe2 <_vfprintf_r+0xc74>
   12340:	00fbb023          	sd	a5,0(s7)
   12344:	00dbb423          	sd	a3,8(s7)
   12348:	f9ca                	sd	s2,240(sp)
   1234a:	d5d6                	sw	s5,232(sp)
   1234c:	479d                	li	a5,7
   1234e:	d157d0e3          	bge	a5,s5,1204e <_vfprintf_r+0xce0>
   12352:	65a2                	ld	a1,8(sp)
   12354:	6502                	ld	a0,0(sp)
   12356:	1190                	addi	a2,sp,224
   12358:	e0c2                	sd	a6,64(sp)
   1235a:	fc72                	sd	t3,56(sp)
   1235c:	09e010ef          	jal	133fa <__sprint_r>
   12360:	c00513e3          	bnez	a0,11f66 <_vfprintf_r+0xbf8>
   12364:	794e                	ld	s2,240(sp)
   12366:	5aae                	lw	s5,232(sp)
   12368:	6806                	ld	a6,64(sp)
   1236a:	7e62                	ld	t3,56(sp)
   1236c:	8b4e                	mv	s6,s3
   1236e:	b1c5                	j	1204e <_vfprintf_r+0xce0>
   12370:	7742                	ld	a4,48(sp)
   12372:	4785                	li	a5,1
   12374:	cce7dde3          	bge	a5,a4,1204e <_vfprintf_r+0xce0>
   12378:	47c5                	li	a5,17
   1237a:	66e5                	lui	a3,0x19
   1237c:	6ce7d8e3          	bge	a5,a4,1324c <_vfprintf_r+0x1ede>
   12380:	874a                	mv	a4,s2
   12382:	84de                	mv	s1,s7
   12384:	4dc1                	li	s11,16
   12386:	479d                	li	a5,7
   12388:	8972                	mv	s2,t3
   1238a:	8bc2                	mv	s7,a6
   1238c:	53068c13          	addi	s8,a3,1328 # 19530 <zeroes.0>
   12390:	a021                	j	12398 <_vfprintf_r+0x102a>
   12392:	34c1                	addiw	s1,s1,-16
   12394:	149ddf63          	bge	s11,s1,124f2 <_vfprintf_r+0x1184>
   12398:	0741                	addi	a4,a4,16
   1239a:	2a85                	addiw	s5,s5,1
   1239c:	018b3023          	sd	s8,0(s6)
   123a0:	01bb3423          	sd	s11,8(s6)
   123a4:	f9ba                	sd	a4,240(sp)
   123a6:	d5d6                	sw	s5,232(sp)
   123a8:	0b41                	addi	s6,s6,16
   123aa:	ff57d4e3          	bge	a5,s5,12392 <_vfprintf_r+0x1024>
   123ae:	65a2                	ld	a1,8(sp)
   123b0:	6502                	ld	a0,0(sp)
   123b2:	1190                	addi	a2,sp,224
   123b4:	046010ef          	jal	133fa <__sprint_r>
   123b8:	ba0517e3          	bnez	a0,11f66 <_vfprintf_r+0xbf8>
   123bc:	774e                	ld	a4,240(sp)
   123be:	5aae                	lw	s5,232(sp)
   123c0:	8b4e                	mv	s6,s3
   123c2:	479d                	li	a5,7
   123c4:	b7f9                	j	12392 <_vfprintf_r+0x1024>
   123c6:	001e7793          	andi	a5,t3,1
   123ca:	9c078f63          	beqz	a5,115a8 <_vfprintf_r+0x23a>
   123ce:	b259                	j	11d54 <_vfprintf_r+0x9e6>
   123d0:	07a1                	addi	a5,a5,8
   123d2:	000cc303          	lbu	t1,0(s9)
   123d6:	ec3e                	sd	a5,24(sp)
   123d8:	8d6ff06f          	j	114ae <_vfprintf_r+0x140>
   123dc:	4b01                	li	s6,0
   123de:	958ff06f          	j	11536 <_vfprintf_r+0x1c8>
   123e2:	0008881b          	sext.w	a6,a7
   123e6:	f002                	sd	zero,32(sp)
   123e8:	e082                	sd	zero,64(sp)
   123ea:	fc02                	sd	zero,56(sp)
   123ec:	4481                	li	s1,0
   123ee:	932ff06f          	j	11520 <_vfprintf_r+0x1b2>
   123f2:	67c2                	ld	a5,16(sp)
   123f4:	e31c                	sd	a5,0(a4)
   123f6:	846ff06f          	j	1143c <_vfprintf_r+0xce>
   123fa:	8872                	mv	a6,t3
   123fc:	ffaff06f          	j	11bf6 <_vfprintf_r+0x888>
   12400:	1679                	addi	a2,a2,-2
   12402:	40c888bb          	subw	a7,a7,a2
   12406:	fed78fa3          	sb	a3,-1(a5)
   1240a:	000a881b          	sext.w	a6,s5
   1240e:	011ad463          	bge	s5,a7,12416 <_vfprintf_r+0x10a8>
   12412:	0008881b          	sext.w	a6,a7
   12416:	87b2                	mv	a5,a2
   12418:	f002                	sd	zero,32(sp)
   1241a:	e082                	sd	zero,64(sp)
   1241c:	fc02                	sd	zero,56(sp)
   1241e:	4481                	li	s1,0
   12420:	900ff06f          	j	11520 <_vfprintf_r+0x1b2>
   12424:	0104f793          	andi	a5,s1,16
   12428:	3c0793e3          	bnez	a5,12fee <_vfprintf_r+0x1c80>
   1242c:	66e2                	ld	a3,24(sp)
   1242e:	0404f793          	andi	a5,s1,64
   12432:	0006a903          	lw	s2,0(a3)
   12436:	00868713          	addi	a4,a3,8
   1243a:	1e078e63          	beqz	a5,12636 <_vfprintf_r+0x12c8>
   1243e:	1942                	slli	s2,s2,0x30
   12440:	0a0103a3          	sb	zero,167(sp)
   12444:	03095913          	srli	s2,s2,0x30
   12448:	200ac163          	bltz	s5,1264a <_vfprintf_r+0x12dc>
   1244c:	012aefb3          	or	t6,s5,s2
   12450:	000f849b          	sext.w	s1,t6
   12454:	ec3a                	sd	a4,24(sp)
   12456:	f7fe7e13          	andi	t3,t3,-129
   1245a:	d8049e63          	bnez	s1,119f6 <_vfprintf_r+0x688>
   1245e:	b2c1                	j	11e1e <_vfprintf_r+0xab0>
   12460:	67e2                	ld	a5,24(sp)
   12462:	07bd                	addi	a5,a5,15
   12464:	9bc1                	andi	a5,a5,-16
   12466:	01078713          	addi	a4,a5,16
   1246a:	6388                	ld	a0,0(a5)
   1246c:	678c                	ld	a1,8(a5)
   1246e:	ec3a                	sd	a4,24(sp)
   12470:	9daff06f          	j	1164a <_vfprintf_r+0x2dc>
   12474:	67e2                	ld	a5,24(sp)
   12476:	00878713          	addi	a4,a5,8
   1247a:	67e2                	ld	a5,24(sp)
   1247c:	8e7a                	mv	t3,t5
   1247e:	ec3a                	sd	a4,24(sp)
   12480:	639c                	ld	a5,0(a5)
   12482:	893e                	mv	s2,a5
   12484:	ceeff06f          	j	11972 <_vfprintf_r+0x604>
   12488:	0a714503          	lbu	a0,167(sp)
   1248c:	4805                	li	a6,1
   1248e:	4481                	li	s1,0
   12490:	4885                	li	a7,1
   12492:	15b10793          	addi	a5,sp,347
   12496:	d82ff06f          	j	11a18 <_vfprintf_r+0x6aa>
   1249a:	ec3e                	sd	a5,24(sp)
   1249c:	8e7a                	mv	t3,t5
   1249e:	d58ff06f          	j	119f6 <_vfprintf_r+0x688>
   124a2:	6665                	lui	a2,0x19
   124a4:	0024ee13          	ori	t3,s1,2
   124a8:	ec2e                	sd	a1,24(sp)
   124aa:	22060613          	addi	a2,a2,544 # 19220 <__clzdi2+0x60>
   124ae:	4489                	li	s1,2
   124b0:	4501                	li	a0,0
   124b2:	07800d93          	li	s11,120
   124b6:	15c10893          	addi	a7,sp,348
   124ba:	87c6                	mv	a5,a7
   124bc:	00f77693          	andi	a3,a4,15
   124c0:	96b2                	add	a3,a3,a2
   124c2:	0006c683          	lbu	a3,0(a3)
   124c6:	8311                	srli	a4,a4,0x4
   124c8:	17fd                	addi	a5,a5,-1
   124ca:	00d78023          	sb	a3,0(a5)
   124ce:	f77d                	bnez	a4,124bc <_vfprintf_r+0x114e>
   124d0:	40f888bb          	subw	a7,a7,a5
   124d4:	000a881b          	sext.w	a6,s5
   124d8:	d51ad063          	bge	s5,a7,11a18 <_vfprintf_r+0x6aa>
   124dc:	0008881b          	sext.w	a6,a7
   124e0:	f002                	sd	zero,32(sp)
   124e2:	d38ff06f          	j	11a1a <_vfprintf_r+0x6ac>
   124e6:	8736                	mv	a4,a3
   124e8:	00070d9b          	sext.w	s11,a4
   124ec:	cbb042e3          	bgtz	s11,12190 <_vfprintf_r+0xe22>
   124f0:	b96d                	j	121aa <_vfprintf_r+0xe3c>
   124f2:	8e4a                	mv	t3,s2
   124f4:	885e                	mv	a6,s7
   124f6:	893a                	mv	s2,a4
   124f8:	8ba6                	mv	s7,s1
   124fa:	86e2                	mv	a3,s8
   124fc:	995e                	add	s2,s2,s7
   124fe:	2a85                	addiw	s5,s5,1
   12500:	f9ca                	sd	s2,240(sp)
   12502:	d5d6                	sw	s5,232(sp)
   12504:	00db3023          	sd	a3,0(s6)
   12508:	017b3423          	sd	s7,8(s6)
   1250c:	479d                	li	a5,7
   1250e:	b357dfe3          	bge	a5,s5,1204c <_vfprintf_r+0xcde>
   12512:	65a2                	ld	a1,8(sp)
   12514:	6502                	ld	a0,0(sp)
   12516:	1190                	addi	a2,sp,224
   12518:	e0c2                	sd	a6,64(sp)
   1251a:	fc72                	sd	t3,56(sp)
   1251c:	6df000ef          	jal	133fa <__sprint_r>
   12520:	a40513e3          	bnez	a0,11f66 <_vfprintf_r+0xbf8>
   12524:	794e                	ld	s2,240(sp)
   12526:	5aae                	lw	s5,232(sp)
   12528:	7e62                	ld	t3,56(sp)
   1252a:	6806                	ld	a6,64(sp)
   1252c:	8b4e                	mv	s6,s3
   1252e:	b605                	j	1204e <_vfprintf_r+0xce0>
   12530:	5afd                	li	s5,-1
   12532:	8cb2                	mv	s9,a2
   12534:	f81fe06f          	j	114b4 <_vfprintf_r+0x146>
   12538:	65a2                	ld	a1,8(sp)
   1253a:	6502                	ld	a0,0(sp)
   1253c:	1190                	addi	a2,sp,224
   1253e:	e0c2                	sd	a6,64(sp)
   12540:	fc72                	sd	t3,56(sp)
   12542:	6b9000ef          	jal	133fa <__sprint_r>
   12546:	a20510e3          	bnez	a0,11f66 <_vfprintf_r+0xbf8>
   1254a:	794e                	ld	s2,240(sp)
   1254c:	6806                	ld	a6,64(sp)
   1254e:	7e62                	ld	t3,56(sp)
   12550:	8bce                	mv	s7,s3
   12552:	821ff06f          	j	11d72 <_vfprintf_r+0xa04>
   12556:	001cc303          	lbu	t1,1(s9)
   1255a:	0204e493          	ori	s1,s1,32
   1255e:	0c85                	addi	s9,s9,1
   12560:	f4ffe06f          	j	114ae <_vfprintf_r+0x140>
   12564:	001cc303          	lbu	t1,1(s9)
   12568:	2004e493          	ori	s1,s1,512
   1256c:	0c85                	addi	s9,s9,1
   1256e:	f41fe06f          	j	114ae <_vfprintf_r+0x140>
   12572:	6665                	lui	a2,0x19
   12574:	8e26                	mv	t3,s1
   12576:	23860613          	addi	a2,a2,568 # 19238 <__clzdi2+0x78>
   1257a:	6762                	ld	a4,24(sp)
   1257c:	020e7793          	andi	a5,t3,32
   12580:	00870593          	addi	a1,a4,8
   12584:	c7f1                	beqz	a5,12650 <_vfprintf_r+0x12e2>
   12586:	6318                	ld	a4,0(a4)
   12588:	001e7793          	andi	a5,t3,1
   1258c:	00e036b3          	snez	a3,a4
   12590:	c399                	beqz	a5,12596 <_vfprintf_r+0x1228>
   12592:	16069263          	bnez	a3,126f6 <_vfprintf_r+0x1388>
   12596:	0a0103a3          	sb	zero,167(sp)
   1259a:	100ac363          	bltz	s5,126a0 <_vfprintf_r+0x1332>
   1259e:	b7fe7e13          	andi	t3,t3,-1153
   125a2:	180a9263          	bnez	s5,12726 <_vfprintf_r+0x13b8>
   125a6:	18069063          	bnez	a3,12726 <_vfprintf_r+0x13b8>
   125aa:	ec2e                	sd	a1,24(sp)
   125ac:	4481                	li	s1,0
   125ae:	b885                	j	11e1e <_vfprintf_r+0xab0>
   125b0:	4a81                	li	s5,0
   125b2:	befd                	j	121b0 <_vfprintf_r+0xe42>
   125b4:	6665                	lui	a2,0x19
   125b6:	8e26                	mv	t3,s1
   125b8:	22060613          	addi	a2,a2,544 # 19220 <__clzdi2+0x60>
   125bc:	bf7d                	j	1257a <_vfprintf_r+0x120c>
   125be:	4799                	li	a5,6
   125c0:	000a881b          	sext.w	a6,s5
   125c4:	4b57ea63          	bltu	a5,s5,12a78 <_vfprintf_r+0x170a>
   125c8:	67e5                	lui	a5,0x19
   125ca:	ec26                	sd	s1,24(sp)
   125cc:	88c2                	mv	a7,a6
   125ce:	25078793          	addi	a5,a5,592 # 19250 <__clzdi2+0x90>
   125d2:	f002                	sd	zero,32(sp)
   125d4:	4a81                	li	s5,0
   125d6:	e082                	sd	zero,64(sp)
   125d8:	fc02                	sd	zero,56(sp)
   125da:	4481                	li	s1,0
   125dc:	f45fe06f          	j	11520 <_vfprintf_r+0x1b2>
   125e0:	48c1                	li	a7,16
   125e2:	572e                	lw	a4,232(sp)
   125e4:	66e5                	lui	a3,0x19
   125e6:	5158d0e3          	bge	a7,s5,132e6 <_vfprintf_r+0x1f78>
   125ea:	85a6                	mv	a1,s1
   125ec:	8b56                	mv	s6,s5
   125ee:	84be                	mv	s1,a5
   125f0:	864a                	mv	a2,s2
   125f2:	87de                	mv	a5,s7
   125f4:	4d9d                	li	s11,7
   125f6:	8ac2                	mv	s5,a6
   125f8:	8972                	mv	s2,t3
   125fa:	53068c13          	addi	s8,a3,1328 # 19530 <zeroes.0>
   125fe:	8bae                	mv	s7,a1
   12600:	a021                	j	12608 <_vfprintf_r+0x129a>
   12602:	3b41                	addiw	s6,s6,-16
   12604:	4368d463          	bge	a7,s6,12a2c <_vfprintf_r+0x16be>
   12608:	0641                	addi	a2,a2,16
   1260a:	2705                	addiw	a4,a4,1
   1260c:	0187b023          	sd	s8,0(a5)
   12610:	0117b423          	sd	a7,8(a5)
   12614:	f9b2                	sd	a2,240(sp)
   12616:	d5ba                	sw	a4,232(sp)
   12618:	07c1                	addi	a5,a5,16
   1261a:	feedd4e3          	bge	s11,a4,12602 <_vfprintf_r+0x1294>
   1261e:	65a2                	ld	a1,8(sp)
   12620:	6502                	ld	a0,0(sp)
   12622:	1190                	addi	a2,sp,224
   12624:	5d7000ef          	jal	133fa <__sprint_r>
   12628:	92051fe3          	bnez	a0,11f66 <_vfprintf_r+0xbf8>
   1262c:	764e                	ld	a2,240(sp)
   1262e:	572e                	lw	a4,232(sp)
   12630:	87ce                	mv	a5,s3
   12632:	48c1                	li	a7,16
   12634:	b7f9                	j	12602 <_vfprintf_r+0x1294>
   12636:	2004f493          	andi	s1,s1,512
   1263a:	0a0103a3          	sb	zero,167(sp)
   1263e:	4c048863          	beqz	s1,12b0e <_vfprintf_r+0x17a0>
   12642:	0ff97913          	zext.b	s2,s2
   12646:	e00ad3e3          	bgez	s5,1244c <_vfprintf_r+0x10de>
   1264a:	ec3a                	sd	a4,24(sp)
   1264c:	baaff06f          	j	119f6 <_vfprintf_r+0x688>
   12650:	010e7793          	andi	a5,t3,16
   12654:	cbc1                	beqz	a5,126e4 <_vfprintf_r+0x1376>
   12656:	67e2                	ld	a5,24(sp)
   12658:	6398                	ld	a4,0(a5)
   1265a:	b73d                	j	12588 <_vfprintf_r+0x121a>
   1265c:	65a2                	ld	a1,8(sp)
   1265e:	6502                	ld	a0,0(sp)
   12660:	1190                	addi	a2,sp,224
   12662:	ecc2                	sd	a6,88(sp)
   12664:	e0f2                	sd	t3,64(sp)
   12666:	fc3e                	sd	a5,56(sp)
   12668:	593000ef          	jal	133fa <__sprint_r>
   1266c:	8e051de3          	bnez	a0,11f66 <_vfprintf_r+0xbf8>
   12670:	794e                	ld	s2,240(sp)
   12672:	5aae                	lw	s5,232(sp)
   12674:	6866                	ld	a6,88(sp)
   12676:	6e06                	ld	t3,64(sp)
   12678:	77e2                	ld	a5,56(sp)
   1267a:	8b4e                	mv	s6,s3
   1267c:	ba59                	j	12012 <_vfprintf_r+0xca4>
   1267e:	65a2                	ld	a1,8(sp)
   12680:	6502                	ld	a0,0(sp)
   12682:	1190                	addi	a2,sp,224
   12684:	ecc2                	sd	a6,88(sp)
   12686:	e0f2                	sd	t3,64(sp)
   12688:	fc3e                	sd	a5,56(sp)
   1268a:	571000ef          	jal	133fa <__sprint_r>
   1268e:	8c051ce3          	bnez	a0,11f66 <_vfprintf_r+0xbf8>
   12692:	794e                	ld	s2,240(sp)
   12694:	5aae                	lw	s5,232(sp)
   12696:	6866                	ld	a6,88(sp)
   12698:	6e06                	ld	t3,64(sp)
   1269a:	77e2                	ld	a5,56(sp)
   1269c:	8b4e                	mv	s6,s3
   1269e:	baa1                	j	11ff6 <_vfprintf_r+0xc88>
   126a0:	bffe7e13          	andi	t3,t3,-1025
   126a4:	ec2e                	sd	a1,24(sp)
   126a6:	4481                	li	s1,0
   126a8:	4501                	li	a0,0
   126aa:	b531                	j	124b6 <_vfprintf_r+0x1148>
   126ac:	65a2                	ld	a1,8(sp)
   126ae:	6502                	ld	a0,0(sp)
   126b0:	1190                	addi	a2,sp,224
   126b2:	ed46                	sd	a7,152(sp)
   126b4:	e942                	sd	a6,144(sp)
   126b6:	e172                	sd	t3,128(sp)
   126b8:	f0be                	sd	a5,96(sp)
   126ba:	ec9e                	sd	t2,88(sp)
   126bc:	53f000ef          	jal	133fa <__sprint_r>
   126c0:	8a0513e3          	bnez	a0,11f66 <_vfprintf_r+0xbf8>
   126c4:	0a714703          	lbu	a4,167(sp)
   126c8:	794e                	ld	s2,240(sp)
   126ca:	63e6                	ld	t2,88(sp)
   126cc:	7786                	ld	a5,96(sp)
   126ce:	6e0a                	ld	t3,128(sp)
   126d0:	684a                	ld	a6,144(sp)
   126d2:	68ea                	ld	a7,152(sp)
   126d4:	84da                	mv	s1,s6
   126d6:	12070263          	beqz	a4,127fa <_vfprintf_r+0x148c>
   126da:	562e                	lw	a2,232(sp)
   126dc:	4b01                	li	s6,0
   126de:	8bce                	mv	s7,s3
   126e0:	e57fe06f          	j	11536 <_vfprintf_r+0x1c8>
   126e4:	6762                	ld	a4,24(sp)
   126e6:	040e7793          	andi	a5,t3,64
   126ea:	4318                	lw	a4,0(a4)
   126ec:	10078e63          	beqz	a5,12808 <_vfprintf_r+0x149a>
   126f0:	1742                	slli	a4,a4,0x30
   126f2:	9341                	srli	a4,a4,0x30
   126f4:	bd51                	j	12588 <_vfprintf_r+0x121a>
   126f6:	03000793          	li	a5,48
   126fa:	0bb104a3          	sb	s11,169(sp)
   126fe:	0a0103a3          	sb	zero,167(sp)
   12702:	0af10423          	sb	a5,168(sp)
   12706:	1a0acb63          	bltz	s5,128bc <_vfprintf_r+0x154e>
   1270a:	b7fe7f13          	andi	t5,t3,-1153
   1270e:	002f6e13          	ori	t3,t5,2
   12712:	4489                	li	s1,2
   12714:	0a714503          	lbu	a0,167(sp)
   12718:	ec2e                	sd	a1,24(sp)
   1271a:	bb71                	j	124b6 <_vfprintf_r+0x1148>
   1271c:	6502                	ld	a0,0(sp)
   1271e:	d8ffd0ef          	jal	104ac <__sinit>
   12722:	c89fe06f          	j	113aa <_vfprintf_r+0x3c>
   12726:	4481                	li	s1,0
   12728:	b7f5                	j	12714 <_vfprintf_r+0x13a6>
   1272a:	65a2                	ld	a1,8(sp)
   1272c:	6502                	ld	a0,0(sp)
   1272e:	1190                	addi	a2,sp,224
   12730:	e0c2                	sd	a6,64(sp)
   12732:	fc72                	sd	t3,56(sp)
   12734:	4c7000ef          	jal	133fa <__sprint_r>
   12738:	820517e3          	bnez	a0,11f66 <_vfprintf_r+0xbf8>
   1273c:	794e                	ld	s2,240(sp)
   1273e:	6806                	ld	a6,64(sp)
   12740:	7e62                	ld	t3,56(sp)
   12742:	8bce                	mv	s7,s3
   12744:	e08ff06f          	j	11d4c <_vfprintf_r+0x9de>
   12748:	84e2                	mv	s1,s8
   1274a:	81fff06f          	j	11f68 <_vfprintf_r+0xbfa>
   1274e:	8e4a                	mv	t3,s2
   12750:	8856                	mv	a6,s5
   12752:	893a                	mv	s2,a4
   12754:	8aa6                	mv	s5,s1
   12756:	86e2                	mv	a3,s8
   12758:	9956                	add	s2,s2,s5
   1275a:	2785                	addiw	a5,a5,1
   1275c:	f9ca                	sd	s2,240(sp)
   1275e:	d5be                	sw	a5,232(sp)
   12760:	00dbb023          	sd	a3,0(s7)
   12764:	015bb423          	sd	s5,8(s7)
   12768:	471d                	li	a4,7
   1276a:	00f74463          	blt	a4,a5,12772 <_vfprintf_r+0x1404>
   1276e:	e39fe06f          	j	115a6 <_vfprintf_r+0x238>
   12772:	94aff06f          	j	118bc <_vfprintf_r+0x54e>
   12776:	654e                	ld	a0,208(sp)
   12778:	65ee                	ld	a1,216(sp)
   1277a:	f7fe7e13          	andi	t3,t3,-129
   1277e:	4601                	li	a2,0
   12780:	4681                	li	a3,0
   12782:	f072                	sd	t3,32(sp)
   12784:	16f050ef          	jal	180f2 <__letf2>
   12788:	7e02                	ld	t3,32(sp)
   1278a:	6e054263          	bltz	a0,12e6e <_vfprintf_r+0x1b00>
   1278e:	04700793          	li	a5,71
   12792:	0a714703          	lbu	a4,167(sp)
   12796:	3fb7c663          	blt	a5,s11,12b82 <_vfprintf_r+0x1814>
   1279a:	67e5                	lui	a5,0x19
   1279c:	20078793          	addi	a5,a5,512 # 19200 <__clzdi2+0x40>
   127a0:	10071563          	bnez	a4,128aa <_vfprintf_r+0x153c>
   127a4:	488d                	li	a7,3
   127a6:	8846                	mv	a6,a7
   127a8:	b52d                	j	125d2 <_vfprintf_r+0x1264>
   127aa:	6665                	lui	a2,0x19
   127ac:	22060613          	addi	a2,a2,544 # 19220 <__clzdi2+0x60>
   127b0:	4489                	li	s1,2
   127b2:	07800d93          	li	s11,120
   127b6:	bfb9                	j	12714 <_vfprintf_r+0x13a6>
   127b8:	77ce                	ld	a5,240(sp)
   127ba:	64a2                	ld	s1,8(sp)
   127bc:	fa078b63          	beqz	a5,11f72 <_vfprintf_r+0xc04>
   127c0:	6502                	ld	a0,0(sp)
   127c2:	1190                	addi	a2,sp,224
   127c4:	85a6                	mv	a1,s1
   127c6:	435000ef          	jal	133fa <__sprint_r>
   127ca:	fa8ff06f          	j	11f72 <_vfprintf_r+0xc04>
   127ce:	853e                	mv	a0,a5
   127d0:	f072                	sd	t3,32(sp)
   127d2:	ec3e                	sd	a5,24(sp)
   127d4:	6d0010ef          	jal	13ea4 <strlen>
   127d8:	0005089b          	sext.w	a7,a0
   127dc:	67e2                	ld	a5,24(sp)
   127de:	7e02                	ld	t3,32(sp)
   127e0:	8746                	mv	a4,a7
   127e2:	3808ce63          	bltz	a7,12b7e <_vfprintf_r+0x1810>
   127e6:	0a714683          	lbu	a3,167(sp)
   127ea:	0007081b          	sext.w	a6,a4
   127ee:	94068763          	beqz	a3,1193c <_vfprintf_r+0x5ce>
   127f2:	0017081b          	addiw	a6,a4,1
   127f6:	ec26                	sd	s1,24(sp)
   127f8:	bbe9                	j	125d2 <_vfprintf_r+0x1264>
   127fa:	30038763          	beqz	t2,12b08 <_vfprintf_r+0x179a>
   127fe:	562e                	lw	a2,232(sp)
   12800:	4b01                	li	s6,0
   12802:	8bce                	mv	s7,s3
   12804:	d57fe06f          	j	1155a <_vfprintf_r+0x1ec>
   12808:	200e7793          	andi	a5,t3,512
   1280c:	32078a63          	beqz	a5,12b40 <_vfprintf_r+0x17d2>
   12810:	0ff77713          	zext.b	a4,a4
   12814:	bb95                	j	12588 <_vfprintf_r+0x121a>
   12816:	2004f793          	andi	a5,s1,512
   1281a:	30078f63          	beqz	a5,12b38 <_vfprintf_r+0x17ca>
   1281e:	0189191b          	slliw	s2,s2,0x18
   12822:	4189591b          	sraiw	s2,s2,0x18
   12826:	ec3a                	sd	a4,24(sp)
   12828:	87ca                	mv	a5,s2
   1282a:	948ff06f          	j	11972 <_vfprintf_r+0x604>
   1282e:	2004f793          	andi	a5,s1,512
   12832:	30078a63          	beqz	a5,12b46 <_vfprintf_r+0x17d8>
   12836:	0ff6f693          	zext.b	a3,a3
   1283a:	ec3a                	sd	a4,24(sp)
   1283c:	8826                	mv	a6,s1
   1283e:	bbeff06f          	j	11bfc <_vfprintf_r+0x88e>
   12842:	100e6713          	ori	a4,t3,256
   12846:	57fd                	li	a5,-1
   12848:	f03a                	sd	a4,32(sp)
   1284a:	64ce                	ld	s1,208(sp)
   1284c:	6b6e                	ld	s6,216(sp)
   1284e:	32fa8e63          	beq	s5,a5,12b8a <_vfprintf_r+0x181c>
   12852:	ec82                	sd	zero,88(sp)
   12854:	000a9663          	bnez	s5,12860 <_vfprintf_r+0x14f2>
   12858:	fb990713          	addi	a4,s2,-71
   1285c:	46070163          	beqz	a4,12cbe <_vfprintf_r+0x1950>
   12860:	320b5963          	bgez	s6,12b92 <_vfprintf_r+0x1824>
   12864:	57fd                	li	a5,-1
   12866:	17fe                	slli	a5,a5,0x3f
   12868:	00fb4b33          	xor	s6,s6,a5
   1286c:	02d00793          	li	a5,45
   12870:	ecbe                	sd	a5,88(sp)
   12872:	a605                	j	12b92 <_vfprintf_r+0x1824>
   12874:	f002                	sd	zero,32(sp)
   12876:	4881                	li	a7,0
   12878:	e082                	sd	zero,64(sp)
   1287a:	fc02                	sd	zero,56(sp)
   1287c:	4481                	li	s1,0
   1287e:	0afc                	addi	a5,sp,348
   12880:	4801                	li	a6,0
   12882:	c9ffe06f          	j	11520 <_vfprintf_r+0x1b2>
   12886:	67ee                	ld	a5,216(sp)
   12888:	f7fe7e13          	andi	t3,t3,-129
   1288c:	03f7d493          	srli	s1,a5,0x3f
   12890:	2c07d163          	bgez	a5,12b52 <_vfprintf_r+0x17e4>
   12894:	02d00793          	li	a5,45
   12898:	0af103a3          	sb	a5,167(sp)
   1289c:	04700793          	li	a5,71
   128a0:	0db7d4e3          	bge	a5,s11,13168 <_vfprintf_r+0x1dfa>
   128a4:	67e5                	lui	a5,0x19
   128a6:	21878793          	addi	a5,a5,536 # 19218 <__clzdi2+0x58>
   128aa:	f002                	sd	zero,32(sp)
   128ac:	488d                	li	a7,3
   128ae:	4a81                	li	s5,0
   128b0:	e082                	sd	zero,64(sp)
   128b2:	fc02                	sd	zero,56(sp)
   128b4:	4481                	li	s1,0
   128b6:	4811                	li	a6,4
   128b8:	c69fe06f          	j	11520 <_vfprintf_r+0x1b2>
   128bc:	bffe7f13          	andi	t5,t3,-1025
   128c0:	002f6e13          	ori	t3,t5,2
   128c4:	ec2e                	sd	a1,24(sp)
   128c6:	4489                	li	s1,2
   128c8:	4501                	li	a0,0
   128ca:	b6f5                	j	124b6 <_vfprintf_r+0x1148>
   128cc:	7662                	ld	a2,56(sp)
   128ce:	6586                	ld	a1,64(sp)
   128d0:	00b66733          	or	a4,a2,a1
   128d4:	26070ce3          	beqz	a4,1334c <_vfprintf_r+0x1fde>
   128d8:	7742                	ld	a4,48(sp)
   128da:	ecea                	sd	s10,88(sp)
   128dc:	ed66                	sd	s9,152(sp)
   128de:	7d66                	ld	s10,120(sp)
   128e0:	6caa                	ld	s9,136(sp)
   128e2:	6aa2                	ld	s5,8(sp)
   128e4:	00e78333          	add	t1,a5,a4
   128e8:	68e5                	lui	a7,0x19
   128ea:	8c6e                	mv	s8,s11
   128ec:	f0be                	sd	a5,96(sp)
   128ee:	874a                	mv	a4,s2
   128f0:	87de                	mv	a5,s7
   128f2:	53088893          	addi	a7,a7,1328 # 19530 <zeroes.0>
   128f6:	469d                	li	a3,7
   128f8:	4b41                	li	s6,16
   128fa:	e172                	sd	t3,128(sp)
   128fc:	8dae                	mv	s11,a1
   128fe:	e942                	sd	a6,144(sp)
   12900:	8932                	mv	s2,a2
   12902:	8b9a                	mv	s7,t1
   12904:	07b04b63          	bgtz	s11,1297a <_vfprintf_r+0x160c>
   12908:	1d7d                	addi	s10,s10,-1
   1290a:	397d                	addiw	s2,s2,-1
   1290c:	562e                	lw	a2,232(sp)
   1290e:	75c6                	ld	a1,112(sp)
   12910:	9766                	add	a4,a4,s9
   12912:	2605                	addiw	a2,a2,1
   12914:	e38c                	sd	a1,0(a5)
   12916:	0197b423          	sd	s9,8(a5)
   1291a:	f9ba                	sd	a4,240(sp)
   1291c:	d5b2                	sw	a2,232(sp)
   1291e:	07c1                	addi	a5,a5,16
   12920:	0cc6c563          	blt	a3,a2,129ea <_vfprintf_r+0x167c>
   12924:	000d4603          	lbu	a2,0(s10)
   12928:	418b83b3          	sub	t2,s7,s8
   1292c:	0003859b          	sext.w	a1,t2
   12930:	0006081b          	sext.w	a6,a2
   12934:	82de                	mv	t0,s7
   12936:	00b65363          	bge	a2,a1,1293c <_vfprintf_r+0x15ce>
   1293a:	83c2                	mv	t2,a6
   1293c:	0003849b          	sext.w	s1,t2
   12940:	02905063          	blez	s1,12960 <_vfprintf_r+0x15f2>
   12944:	562e                	lw	a2,232(sp)
   12946:	9726                	add	a4,a4,s1
   12948:	f9ba                	sd	a4,240(sp)
   1294a:	2605                	addiw	a2,a2,1
   1294c:	0187b023          	sd	s8,0(a5)
   12950:	e784                	sd	s1,8(a5)
   12952:	d5b2                	sw	a2,232(sp)
   12954:	0ac6c963          	blt	a3,a2,12a06 <_vfprintf_r+0x1698>
   12958:	000d4603          	lbu	a2,0(s10)
   1295c:	07c1                	addi	a5,a5,16
   1295e:	8832                	mv	a6,a2
   12960:	85a6                	mv	a1,s1
   12962:	0004d363          	bgez	s1,12968 <_vfprintf_r+0x15fa>
   12966:	4581                	li	a1,0
   12968:	40b804bb          	subw	s1,a6,a1
   1296c:	00904963          	bgtz	s1,1297e <_vfprintf_r+0x1610>
   12970:	9c32                	add	s8,s8,a2
   12972:	f92049e3          	bgtz	s2,12904 <_vfprintf_r+0x1596>
   12976:	33b05563          	blez	s11,12ca0 <_vfprintf_r+0x1932>
   1297a:	3dfd                	addiw	s11,s11,-1
   1297c:	bf41                	j	1290c <_vfprintf_r+0x159e>
   1297e:	65e5                	lui	a1,0x19
   12980:	562e                	lw	a2,232(sp)
   12982:	53058593          	addi	a1,a1,1328 # 19530 <zeroes.0>
   12986:	049b5663          	bge	s6,s1,129d2 <_vfprintf_r+0x1664>
   1298a:	fc16                	sd	t0,56(sp)
   1298c:	e0c6                	sd	a7,64(sp)
   1298e:	a021                	j	12996 <_vfprintf_r+0x1628>
   12990:	34c1                	addiw	s1,s1,-16
   12992:	029b5e63          	bge	s6,s1,129ce <_vfprintf_r+0x1660>
   12996:	0741                	addi	a4,a4,16
   12998:	2605                	addiw	a2,a2,1
   1299a:	0117b023          	sd	a7,0(a5)
   1299e:	0167b423          	sd	s6,8(a5)
   129a2:	f9ba                	sd	a4,240(sp)
   129a4:	d5b2                	sw	a2,232(sp)
   129a6:	07c1                	addi	a5,a5,16
   129a8:	fec6d4e3          	bge	a3,a2,12990 <_vfprintf_r+0x1622>
   129ac:	6502                	ld	a0,0(sp)
   129ae:	1190                	addi	a2,sp,224
   129b0:	85d6                	mv	a1,s5
   129b2:	249000ef          	jal	133fa <__sprint_r>
   129b6:	4a051663          	bnez	a0,12e62 <_vfprintf_r+0x1af4>
   129ba:	66e5                	lui	a3,0x19
   129bc:	34c1                	addiw	s1,s1,-16
   129be:	53068893          	addi	a7,a3,1328 # 19530 <zeroes.0>
   129c2:	774e                	ld	a4,240(sp)
   129c4:	562e                	lw	a2,232(sp)
   129c6:	87ce                	mv	a5,s3
   129c8:	469d                	li	a3,7
   129ca:	fc9b46e3          	blt	s6,s1,12996 <_vfprintf_r+0x1628>
   129ce:	72e2                	ld	t0,56(sp)
   129d0:	6586                	ld	a1,64(sp)
   129d2:	9726                	add	a4,a4,s1
   129d4:	2605                	addiw	a2,a2,1
   129d6:	f9ba                	sd	a4,240(sp)
   129d8:	d5b2                	sw	a2,232(sp)
   129da:	e38c                	sd	a1,0(a5)
   129dc:	e784                	sd	s1,8(a5)
   129de:	52c6c763          	blt	a3,a2,12f0c <_vfprintf_r+0x1b9e>
   129e2:	000d4603          	lbu	a2,0(s10)
   129e6:	07c1                	addi	a5,a5,16
   129e8:	b761                	j	12970 <_vfprintf_r+0x1602>
   129ea:	6502                	ld	a0,0(sp)
   129ec:	1190                	addi	a2,sp,224
   129ee:	85d6                	mv	a1,s5
   129f0:	20b000ef          	jal	133fa <__sprint_r>
   129f4:	46051763          	bnez	a0,12e62 <_vfprintf_r+0x1af4>
   129f8:	66e5                	lui	a3,0x19
   129fa:	53068893          	addi	a7,a3,1328 # 19530 <zeroes.0>
   129fe:	774e                	ld	a4,240(sp)
   12a00:	87ce                	mv	a5,s3
   12a02:	469d                	li	a3,7
   12a04:	b705                	j	12924 <_vfprintf_r+0x15b6>
   12a06:	6502                	ld	a0,0(sp)
   12a08:	1190                	addi	a2,sp,224
   12a0a:	85d6                	mv	a1,s5
   12a0c:	fc16                	sd	t0,56(sp)
   12a0e:	1ed000ef          	jal	133fa <__sprint_r>
   12a12:	44051863          	bnez	a0,12e62 <_vfprintf_r+0x1af4>
   12a16:	000d4603          	lbu	a2,0(s10)
   12a1a:	66e5                	lui	a3,0x19
   12a1c:	53068893          	addi	a7,a3,1328 # 19530 <zeroes.0>
   12a20:	774e                	ld	a4,240(sp)
   12a22:	72e2                	ld	t0,56(sp)
   12a24:	87ce                	mv	a5,s3
   12a26:	8832                	mv	a6,a2
   12a28:	469d                	li	a3,7
   12a2a:	bf1d                	j	12960 <_vfprintf_r+0x15f2>
   12a2c:	85de                	mv	a1,s7
   12a2e:	8e4a                	mv	t3,s2
   12a30:	8856                	mv	a6,s5
   12a32:	8bbe                	mv	s7,a5
   12a34:	8ada                	mv	s5,s6
   12a36:	87a6                	mv	a5,s1
   12a38:	8932                	mv	s2,a2
   12a3a:	86e2                	mv	a3,s8
   12a3c:	84ae                	mv	s1,a1
   12a3e:	9956                	add	s2,s2,s5
   12a40:	2705                	addiw	a4,a4,1
   12a42:	00dbb023          	sd	a3,0(s7)
   12a46:	015bb423          	sd	s5,8(s7)
   12a4a:	f9ca                	sd	s2,240(sp)
   12a4c:	d5ba                	sw	a4,232(sp)
   12a4e:	469d                	li	a3,7
   12a50:	0bc1                	addi	s7,s7,16
   12a52:	f6e6d363          	bge	a3,a4,121b8 <_vfprintf_r+0xe4a>
   12a56:	65a2                	ld	a1,8(sp)
   12a58:	6502                	ld	a0,0(sp)
   12a5a:	1190                	addi	a2,sp,224
   12a5c:	e142                	sd	a6,128(sp)
   12a5e:	f0f2                	sd	t3,96(sp)
   12a60:	ecbe                	sd	a5,88(sp)
   12a62:	199000ef          	jal	133fa <__sprint_r>
   12a66:	d0051063          	bnez	a0,11f66 <_vfprintf_r+0xbf8>
   12a6a:	794e                	ld	s2,240(sp)
   12a6c:	680a                	ld	a6,128(sp)
   12a6e:	7e06                	ld	t3,96(sp)
   12a70:	67e6                	ld	a5,88(sp)
   12a72:	8bce                	mv	s7,s3
   12a74:	f44ff06f          	j	121b8 <_vfprintf_r+0xe4a>
   12a78:	0007881b          	sext.w	a6,a5
   12a7c:	b6b1                	j	125c8 <_vfprintf_r+0x125a>
   12a7e:	65a2                	ld	a1,8(sp)
   12a80:	6502                	ld	a0,0(sp)
   12a82:	1190                	addi	a2,sp,224
   12a84:	e142                	sd	a6,128(sp)
   12a86:	f0f2                	sd	t3,96(sp)
   12a88:	ecbe                	sd	a5,88(sp)
   12a8a:	171000ef          	jal	133fa <__sprint_r>
   12a8e:	cc051c63          	bnez	a0,11f66 <_vfprintf_r+0xbf8>
   12a92:	794e                	ld	s2,240(sp)
   12a94:	680a                	ld	a6,128(sp)
   12a96:	7e06                	ld	t3,96(sp)
   12a98:	67e6                	ld	a5,88(sp)
   12a9a:	8bce                	mv	s7,s3
   12a9c:	f0eff06f          	j	121aa <_vfprintf_r+0xe3c>
   12aa0:	001e7713          	andi	a4,t3,1
   12aa4:	e319                	bnez	a4,12aaa <_vfprintf_r+0x173c>
   12aa6:	b03fe06f          	j	115a8 <_vfprintf_r+0x23a>
   12aaa:	66a6                	ld	a3,72(sp)
   12aac:	572e                	lw	a4,232(sp)
   12aae:	6646                	ld	a2,80(sp)
   12ab0:	9936                	add	s2,s2,a3
   12ab2:	2705                	addiw	a4,a4,1
   12ab4:	00dbb423          	sd	a3,8(s7)
   12ab8:	f9ca                	sd	s2,240(sp)
   12aba:	00cbb023          	sd	a2,0(s7)
   12abe:	d5ba                	sw	a4,232(sp)
   12ac0:	469d                	li	a3,7
   12ac2:	3ae6d363          	bge	a3,a4,12e68 <_vfprintf_r+0x1afa>
   12ac6:	65a2                	ld	a1,8(sp)
   12ac8:	6502                	ld	a0,0(sp)
   12aca:	1190                	addi	a2,sp,224
   12acc:	ecc2                	sd	a6,88(sp)
   12ace:	e0f2                	sd	t3,64(sp)
   12ad0:	fc3e                	sd	a5,56(sp)
   12ad2:	129000ef          	jal	133fa <__sprint_r>
   12ad6:	c8051863          	bnez	a0,11f66 <_vfprintf_r+0xbf8>
   12ada:	564a                	lw	a2,176(sp)
   12adc:	794e                	ld	s2,240(sp)
   12ade:	572e                	lw	a4,232(sp)
   12ae0:	6866                	ld	a6,88(sp)
   12ae2:	6e06                	ld	t3,64(sp)
   12ae4:	77e2                	ld	a5,56(sp)
   12ae6:	8bce                	mv	s7,s3
   12ae8:	db5fe06f          	j	1189c <_vfprintf_r+0x52e>
   12aec:	00d78b33          	add	s6,a5,a3
   12af0:	41bb0b33          	sub	s6,s6,s11
   12af4:	41568abb          	subw	s5,a3,s5
   12af8:	000b079b          	sext.w	a5,s6
   12afc:	00fad363          	bge	s5,a5,12b02 <_vfprintf_r+0x1794>
   12b00:	8b56                	mv	s6,s5
   12b02:	2b01                	sext.w	s6,s6
   12b04:	f24ff06f          	j	12228 <_vfprintf_r+0xeba>
   12b08:	8bce                	mv	s7,s3
   12b0a:	a75fe06f          	j	1157e <_vfprintf_r+0x210>
   12b0e:	1902                	slli	s2,s2,0x20
   12b10:	02095913          	srli	s2,s2,0x20
   12b14:	b20acbe3          	bltz	s5,1264a <_vfprintf_r+0x12dc>
   12b18:	ec3a                	sd	a4,24(sp)
   12b1a:	f7fe7e13          	andi	t3,t3,-129
   12b1e:	000a8463          	beqz	s5,12b26 <_vfprintf_r+0x17b8>
   12b22:	ed5fe06f          	j	119f6 <_vfprintf_r+0x688>
   12b26:	ae090c63          	beqz	s2,11e1e <_vfprintf_r+0xab0>
   12b2a:	ecdfe06f          	j	119f6 <_vfprintf_r+0x688>
   12b2e:	67c2                	ld	a5,16(sp)
   12b30:	00f71023          	sh	a5,0(a4)
   12b34:	909fe06f          	j	1143c <_vfprintf_r+0xce>
   12b38:	ec3a                	sd	a4,24(sp)
   12b3a:	87ca                	mv	a5,s2
   12b3c:	e37fe06f          	j	11972 <_vfprintf_r+0x604>
   12b40:	1702                	slli	a4,a4,0x20
   12b42:	9301                	srli	a4,a4,0x20
   12b44:	b491                	j	12588 <_vfprintf_r+0x121a>
   12b46:	1682                	slli	a3,a3,0x20
   12b48:	9281                	srli	a3,a3,0x20
   12b4a:	ec3a                	sd	a4,24(sp)
   12b4c:	8826                	mv	a6,s1
   12b4e:	8aeff06f          	j	11bfc <_vfprintf_r+0x88e>
   12b52:	04700793          	li	a5,71
   12b56:	0a714703          	lbu	a4,167(sp)
   12b5a:	5db7d463          	bge	a5,s11,13122 <_vfprintf_r+0x1db4>
   12b5e:	67e5                	lui	a5,0x19
   12b60:	21878793          	addi	a5,a5,536 # 19218 <__clzdi2+0x58>
   12b64:	7c071063          	bnez	a4,13324 <_vfprintf_r+0x1fb6>
   12b68:	488d                	li	a7,3
   12b6a:	8846                	mv	a6,a7
   12b6c:	4a81                	li	s5,0
   12b6e:	e082                	sd	zero,64(sp)
   12b70:	fc02                	sd	zero,56(sp)
   12b72:	f002                	sd	zero,32(sp)
   12b74:	9adfe06f          	j	11520 <_vfprintf_r+0x1b2>
   12b78:	4681                	li	a3,0
   12b7a:	db9fe06f          	j	11932 <_vfprintf_r+0x5c4>
   12b7e:	4701                	li	a4,0
   12b80:	b19d                	j	127e6 <_vfprintf_r+0x1478>
   12b82:	67e5                	lui	a5,0x19
   12b84:	20878793          	addi	a5,a5,520 # 19208 <__clzdi2+0x48>
   12b88:	b921                	j	127a0 <_vfprintf_r+0x1432>
   12b8a:	720b4663          	bltz	s6,132b6 <_vfprintf_r+0x1f48>
   12b8e:	ec82                	sd	zero,88(sp)
   12b90:	4a99                	li	s5,6
   12b92:	04600793          	li	a5,70
   12b96:	30f91a63          	bne	s2,a5,12eaa <_vfprintf_r+0x1b3c>
   12b9a:	6502                	ld	a0,0(sp)
   12b9c:	191c                	addi	a5,sp,176
   12b9e:	8756                	mv	a4,s5
   12ba0:	468d                	li	a3,3
   12ba2:	865a                	mv	a2,s6
   12ba4:	0c810893          	addi	a7,sp,200
   12ba8:	0b410813          	addi	a6,sp,180
   12bac:	85a6                	mv	a1,s1
   12bae:	f872                	sd	t3,48(sp)
   12bb0:	496010ef          	jal	14046 <_ldtoa_r>
   12bb4:	00054603          	lbu	a2,0(a0)
   12bb8:	03000693          	li	a3,48
   12bbc:	7e42                	ld	t3,48(sp)
   12bbe:	87aa                	mv	a5,a0
   12bc0:	01550733          	add	a4,a0,s5
   12bc4:	60d60b63          	beq	a2,a3,131da <_vfprintf_r+0x1e6c>
   12bc8:	56ca                	lw	a3,176(sp)
   12bca:	00d70c33          	add	s8,a4,a3
   12bce:	8526                	mv	a0,s1
   12bd0:	85da                	mv	a1,s6
   12bd2:	4601                	li	a2,0
   12bd4:	4681                	li	a3,0
   12bd6:	fc72                	sd	t3,56(sp)
   12bd8:	f83e                	sd	a5,48(sp)
   12bda:	3ba050ef          	jal	17f94 <__eqtf2>
   12bde:	77c2                	ld	a5,48(sp)
   12be0:	7e62                	ld	t3,56(sp)
   12be2:	58050863          	beqz	a0,13172 <_vfprintf_r+0x1e04>
   12be6:	68ae                	ld	a7,200(sp)
   12be8:	7388f063          	bgeu	a7,s8,13308 <_vfprintf_r+0x1f9a>
   12bec:	03000693          	li	a3,48
   12bf0:	00188713          	addi	a4,a7,1
   12bf4:	e5ba                	sd	a4,200(sp)
   12bf6:	00d88023          	sb	a3,0(a7)
   12bfa:	68ae                	ld	a7,200(sp)
   12bfc:	ff88eae3          	bltu	a7,s8,12bf0 <_vfprintf_r+0x1882>
   12c00:	40f888b3          	sub	a7,a7,a5
   12c04:	0008869b          	sext.w	a3,a7
   12c08:	04700713          	li	a4,71
   12c0c:	f836                	sd	a3,48(sp)
   12c0e:	54ca                	lw	s1,176(sp)
   12c10:	0ee90b63          	beq	s2,a4,12d06 <_vfprintf_r+0x1998>
   12c14:	04600713          	li	a4,70
   12c18:	0ee91d63          	bne	s2,a4,12d12 <_vfprintf_r+0x19a4>
   12c1c:	001e7713          	andi	a4,t3,1
   12c20:	00eae733          	or	a4,s5,a4
   12c24:	2701                	sext.w	a4,a4
   12c26:	64905a63          	blez	s1,1327a <_vfprintf_r+0x1f0c>
   12c2a:	60071963          	bnez	a4,1323c <_vfprintf_r+0x1ece>
   12c2e:	88a6                	mv	a7,s1
   12c30:	06600d93          	li	s11,102
   12c34:	400e7f13          	andi	t5,t3,1024
   12c38:	4e0f1b63          	bnez	t5,1312e <_vfprintf_r+0x1dc0>
   12c3c:	0008881b          	sext.w	a6,a7
   12c40:	0008d363          	bgez	a7,12c46 <_vfprintf_r+0x18d8>
   12c44:	4801                	li	a6,0
   12c46:	6766                	ld	a4,88(sp)
   12c48:	38070d63          	beqz	a4,12fe2 <_vfprintf_r+0x1c74>
   12c4c:	02d00713          	li	a4,45
   12c50:	0ae103a3          	sb	a4,167(sp)
   12c54:	2805                	addiw	a6,a6,1
   12c56:	7e02                	ld	t3,32(sp)
   12c58:	4a81                	li	s5,0
   12c5a:	f002                	sd	zero,32(sp)
   12c5c:	e082                	sd	zero,64(sp)
   12c5e:	fc02                	sd	zero,56(sp)
   12c60:	8c1fe06f          	j	11520 <_vfprintf_r+0x1b2>
   12c64:	07800793          	li	a5,120
   12c68:	a2ffe06f          	j	11696 <_vfprintf_r+0x328>
   12c6c:	6502                	ld	a0,0(sp)
   12c6e:	001a859b          	addiw	a1,s5,1
   12c72:	f072                	sd	t3,32(sp)
   12c74:	890fe0ef          	jal	10d04 <_malloc_r>
   12c78:	7e02                	ld	t3,32(sp)
   12c7a:	87aa                	mv	a5,a0
   12c7c:	68050b63          	beqz	a0,13312 <_vfprintf_r+0x1fa4>
   12c80:	65ee                	ld	a1,216(sp)
   12c82:	f03e                	sd	a5,32(sp)
   12c84:	ec82                	sd	zero,88(sp)
   12c86:	654e                	ld	a0,208(sp)
   12c88:	0005c463          	bltz	a1,12c90 <_vfprintf_r+0x1922>
   12c8c:	a2dfe06f          	j	116b8 <_vfprintf_r+0x34a>
   12c90:	577d                	li	a4,-1
   12c92:	177e                	slli	a4,a4,0x3f
   12c94:	8db9                	xor	a1,a1,a4
   12c96:	02d00713          	li	a4,45
   12c9a:	ecba                	sd	a4,88(sp)
   12c9c:	a1dfe06f          	j	116b8 <_vfprintf_r+0x34a>
   12ca0:	8bbe                	mv	s7,a5
   12ca2:	fcea                	sd	s10,120(sp)
   12ca4:	7786                	ld	a5,96(sp)
   12ca6:	6e0a                	ld	t3,128(sp)
   12ca8:	6d66                	ld	s10,88(sp)
   12caa:	684a                	ld	a6,144(sp)
   12cac:	6cea                	ld	s9,152(sp)
   12cae:	8de2                	mv	s11,s8
   12cb0:	893a                	mv	s2,a4
   12cb2:	8c16                	mv	s8,t0
   12cb4:	d1bc7863          	bgeu	s8,s11,121c4 <_vfprintf_r+0xe56>
   12cb8:	8de2                	mv	s11,s8
   12cba:	d0aff06f          	j	121c4 <_vfprintf_r+0xe56>
   12cbe:	000b5863          	bgez	s6,12cce <_vfprintf_r+0x1960>
   12cc2:	17fe                	slli	a5,a5,0x3f
   12cc4:	00fb4b33          	xor	s6,s6,a5
   12cc8:	02d00793          	li	a5,45
   12ccc:	ecbe                	sd	a5,88(sp)
   12cce:	6502                	ld	a0,0(sp)
   12cd0:	191c                	addi	a5,sp,176
   12cd2:	0c810893          	addi	a7,sp,200
   12cd6:	0b410813          	addi	a6,sp,180
   12cda:	4705                	li	a4,1
   12cdc:	4689                	li	a3,2
   12cde:	85a6                	mv	a1,s1
   12ce0:	865a                	mv	a2,s6
   12ce2:	fc72                	sd	t3,56(sp)
   12ce4:	362010ef          	jal	14046 <_ldtoa_r>
   12ce8:	7e62                	ld	t3,56(sp)
   12cea:	4a85                	li	s5,1
   12cec:	87aa                	mv	a5,a0
   12cee:	f856                	sd	s5,48(sp)
   12cf0:	001e7713          	andi	a4,t3,1
   12cf4:	36071063          	bnez	a4,13054 <_vfprintf_r+0x1ce6>
   12cf8:	68ae                	ld	a7,200(sp)
   12cfa:	54ca                	lw	s1,176(sp)
   12cfc:	40f888b3          	sub	a7,a7,a5
   12d00:	0008871b          	sext.w	a4,a7
   12d04:	f83a                	sd	a4,48(sp)
   12d06:	ffd4a713          	slti	a4,s1,-3
   12d0a:	e319                	bnez	a4,12d10 <_vfprintf_r+0x19a2>
   12d0c:	0c9add63          	bge	s5,s1,12de6 <_vfprintf_r+0x1a78>
   12d10:	3df9                	addiw	s11,s11,-2
   12d12:	fff4871b          	addiw	a4,s1,-1
   12d16:	0bb10c23          	sb	s11,184(sp)
   12d1a:	d93a                	sw	a4,176(sp)
   12d1c:	46074363          	bltz	a4,13182 <_vfprintf_r+0x1e14>
   12d20:	02b00693          	li	a3,43
   12d24:	0ad10ca3          	sb	a3,185(sp)
   12d28:	46a5                	li	a3,9
   12d2a:	46e6d563          	bge	a3,a4,13194 <_vfprintf_r+0x1e26>
   12d2e:	fc72                	sd	t3,56(sp)
   12d30:	f002                	sd	zero,32(sp)
   12d32:	0c710f13          	addi	t5,sp,199
   12d36:	666668b7          	lui	a7,0x66666
   12d3a:	857a                	mv	a0,t5
   12d3c:	66788893          	addi	a7,a7,1639 # 66666667 <__BSS_END__+0x66648a4f>
   12d40:	06300f93          	li	t6,99
   12d44:	031706b3          	mul	a3,a4,a7
   12d48:	41f7561b          	sraiw	a2,a4,0x1f
   12d4c:	883a                	mv	a6,a4
   12d4e:	85aa                	mv	a1,a0
   12d50:	157d                	addi	a0,a0,-1
   12d52:	9689                	srai	a3,a3,0x22
   12d54:	9e91                	subw	a3,a3,a2
   12d56:	0026961b          	slliw	a2,a3,0x2
   12d5a:	9e35                	addw	a2,a2,a3
   12d5c:	0016161b          	slliw	a2,a2,0x1
   12d60:	9f11                	subw	a4,a4,a2
   12d62:	0307071b          	addiw	a4,a4,48
   12d66:	fee58fa3          	sb	a4,-1(a1)
   12d6a:	8736                	mv	a4,a3
   12d6c:	fd0fcce3          	blt	t6,a6,12d44 <_vfprintf_r+0x19d6>
   12d70:	0306871b          	addiw	a4,a3,48
   12d74:	fee50fa3          	sb	a4,-1(a0)
   12d78:	ffe58713          	addi	a4,a1,-2
   12d7c:	57e77e63          	bgeu	a4,t5,132f8 <_vfprintf_r+0x1f8a>
   12d80:	0ba10513          	addi	a0,sp,186
   12d84:	86aa                	mv	a3,a0
   12d86:	00074603          	lbu	a2,0(a4)
   12d8a:	0705                	addi	a4,a4,1
   12d8c:	0685                	addi	a3,a3,1
   12d8e:	fec68fa3          	sb	a2,-1(a3)
   12d92:	ffe71ae3          	bne	a4,t5,12d86 <_vfprintf_r+0x1a18>
   12d96:	972a                	add	a4,a4,a0
   12d98:	0709                	addi	a4,a4,2
   12d9a:	8f0d                	sub	a4,a4,a1
   12d9c:	1934                	addi	a3,sp,184
   12d9e:	9f15                	subw	a4,a4,a3
   12da0:	f4ba                	sd	a4,104(sp)
   12da2:	7642                	ld	a2,48(sp)
   12da4:	7726                	ld	a4,104(sp)
   12da6:	4685                	li	a3,1
   12da8:	9f31                	addw	a4,a4,a2
   12daa:	88ba                	mv	a7,a4
   12dac:	30c6d963          	bge	a3,a2,130be <_vfprintf_r+0x1d50>
   12db0:	66a6                	ld	a3,72(sp)
   12db2:	00e688bb          	addw	a7,a3,a4
   12db6:	7762                	ld	a4,56(sp)
   12db8:	0008881b          	sext.w	a6,a7
   12dbc:	bff77f13          	andi	t5,a4,-1025
   12dc0:	100f6e13          	ori	t3,t5,256
   12dc4:	0008d363          	bgez	a7,12dca <_vfprintf_r+0x1a5c>
   12dc8:	4801                	li	a6,0
   12dca:	7762                	ld	a4,56(sp)
   12dcc:	00277493          	andi	s1,a4,2
   12dd0:	6766                	ld	a4,88(sp)
   12dd2:	2a070e63          	beqz	a4,1308e <_vfprintf_r+0x1d20>
   12dd6:	02d00513          	li	a0,45
   12dda:	0aa103a3          	sb	a0,167(sp)
   12dde:	4a81                	li	s5,0
   12de0:	2805                	addiw	a6,a6,1
   12de2:	bbbfe06f          	j	1199c <_vfprintf_r+0x62e>
   12de6:	7742                	ld	a4,48(sp)
   12de8:	02e4c663          	blt	s1,a4,12e14 <_vfprintf_r+0x1aa6>
   12dec:	001e7713          	andi	a4,t3,1
   12df0:	88a6                	mv	a7,s1
   12df2:	c701                	beqz	a4,12dfa <_vfprintf_r+0x1a8c>
   12df4:	6726                	ld	a4,72(sp)
   12df6:	009708bb          	addw	a7,a4,s1
   12dfa:	400e7f13          	andi	t5,t3,1024
   12dfe:	000f0463          	beqz	t5,12e06 <_vfprintf_r+0x1a98>
   12e02:	32904463          	bgtz	s1,1312a <_vfprintf_r+0x1dbc>
   12e06:	0008881b          	sext.w	a6,a7
   12e0a:	0208c363          	bltz	a7,12e30 <_vfprintf_r+0x1ac2>
   12e0e:	06700d93          	li	s11,103
   12e12:	bd15                	j	12c46 <_vfprintf_r+0x18d8>
   12e14:	6726                	ld	a4,72(sp)
   12e16:	06700d93          	li	s11,103
   12e1a:	011708bb          	addw	a7,a4,a7
   12e1e:	e0904be3          	bgtz	s1,12c34 <_vfprintf_r+0x18c6>
   12e22:	409888bb          	subw	a7,a7,s1
   12e26:	2885                	addiw	a7,a7,1
   12e28:	0008881b          	sext.w	a6,a7
   12e2c:	fe08d1e3          	bgez	a7,12e0e <_vfprintf_r+0x1aa0>
   12e30:	4801                	li	a6,0
   12e32:	06700d93          	li	s11,103
   12e36:	bd01                	j	12c46 <_vfprintf_r+0x18d8>
   12e38:	53068693          	addi	a3,a3,1328
   12e3c:	ba31                	j	12758 <_vfprintf_r+0x13ea>
   12e3e:	65a2                	ld	a1,8(sp)
   12e40:	6502                	ld	a0,0(sp)
   12e42:	1190                	addi	a2,sp,224
   12e44:	ecc2                	sd	a6,88(sp)
   12e46:	e0f2                	sd	t3,64(sp)
   12e48:	fc3e                	sd	a5,56(sp)
   12e4a:	5b0000ef          	jal	133fa <__sprint_r>
   12e4e:	90051c63          	bnez	a0,11f66 <_vfprintf_r+0xbf8>
   12e52:	564a                	lw	a2,176(sp)
   12e54:	794e                	ld	s2,240(sp)
   12e56:	6866                	ld	a6,88(sp)
   12e58:	6e06                	ld	t3,64(sp)
   12e5a:	77e2                	ld	a5,56(sp)
   12e5c:	8bce                	mv	s7,s3
   12e5e:	a13fe06f          	j	11870 <_vfprintf_r+0x502>
   12e62:	84d6                	mv	s1,s5
   12e64:	904ff06f          	j	11f68 <_vfprintf_r+0xbfa>
   12e68:	0bc1                	addi	s7,s7,16
   12e6a:	a3bfe06f          	j	118a4 <_vfprintf_r+0x536>
   12e6e:	02d00793          	li	a5,45
   12e72:	0af103a3          	sb	a5,167(sp)
   12e76:	04700793          	li	a5,71
   12e7a:	23b7dd63          	bge	a5,s11,130b4 <_vfprintf_r+0x1d46>
   12e7e:	67e5                	lui	a5,0x19
   12e80:	20878793          	addi	a5,a5,520 # 19208 <__clzdi2+0x48>
   12e84:	b41d                	j	128aa <_vfprintf_r+0x153c>
   12e86:	65a2                	ld	a1,8(sp)
   12e88:	6502                	ld	a0,0(sp)
   12e8a:	1190                	addi	a2,sp,224
   12e8c:	ecc2                	sd	a6,88(sp)
   12e8e:	e0f2                	sd	t3,64(sp)
   12e90:	fc3e                	sd	a5,56(sp)
   12e92:	568000ef          	jal	133fa <__sprint_r>
   12e96:	8c051863          	bnez	a0,11f66 <_vfprintf_r+0xbf8>
   12e9a:	5aca                	lw	s5,176(sp)
   12e9c:	794e                	ld	s2,240(sp)
   12e9e:	6866                	ld	a6,88(sp)
   12ea0:	6e06                	ld	t3,64(sp)
   12ea2:	77e2                	ld	a5,56(sp)
   12ea4:	8bce                	mv	s7,s3
   12ea6:	b4cff06f          	j	121f2 <_vfprintf_r+0xe84>
   12eaa:	fbb90793          	addi	a5,s2,-69
   12eae:	6502                	ld	a0,0(sp)
   12eb0:	0017b793          	seqz	a5,a5
   12eb4:	015787bb          	addw	a5,a5,s5
   12eb8:	873e                	mv	a4,a5
   12eba:	f83e                	sd	a5,48(sp)
   12ebc:	0c810893          	addi	a7,sp,200
   12ec0:	191c                	addi	a5,sp,176
   12ec2:	0b410813          	addi	a6,sp,180
   12ec6:	4689                	li	a3,2
   12ec8:	85a6                	mv	a1,s1
   12eca:	865a                	mv	a2,s6
   12ecc:	fc72                	sd	t3,56(sp)
   12ece:	178010ef          	jal	14046 <_ldtoa_r>
   12ed2:	04700713          	li	a4,71
   12ed6:	7e62                	ld	t3,56(sp)
   12ed8:	87aa                	mv	a5,a0
   12eda:	e0e90be3          	beq	s2,a4,12cf0 <_vfprintf_r+0x1982>
   12ede:	fc2a                	sd	a0,56(sp)
   12ee0:	85da                	mv	a1,s6
   12ee2:	8526                	mv	a0,s1
   12ee4:	4601                	li	a2,0
   12ee6:	4681                	li	a3,0
   12ee8:	e0f2                	sd	t3,64(sp)
   12eea:	0aa050ef          	jal	17f94 <__eqtf2>
   12eee:	77e2                	ld	a5,56(sp)
   12ef0:	6e06                	ld	t3,64(sp)
   12ef2:	46050163          	beqz	a0,13354 <_vfprintf_r+0x1fe6>
   12ef6:	7742                	ld	a4,48(sp)
   12ef8:	68ae                	ld	a7,200(sp)
   12efa:	00e78c33          	add	s8,a5,a4
   12efe:	cf88e7e3          	bltu	a7,s8,12bec <_vfprintf_r+0x187e>
   12f02:	40f8873b          	subw	a4,a7,a5
   12f06:	54ca                	lw	s1,176(sp)
   12f08:	f83a                	sd	a4,48(sp)
   12f0a:	b521                	j	12d12 <_vfprintf_r+0x19a4>
   12f0c:	6502                	ld	a0,0(sp)
   12f0e:	1190                	addi	a2,sp,224
   12f10:	85d6                	mv	a1,s5
   12f12:	fc16                	sd	t0,56(sp)
   12f14:	4e6000ef          	jal	133fa <__sprint_r>
   12f18:	f529                	bnez	a0,12e62 <_vfprintf_r+0x1af4>
   12f1a:	66e5                	lui	a3,0x19
   12f1c:	53068893          	addi	a7,a3,1328 # 19530 <zeroes.0>
   12f20:	000d4603          	lbu	a2,0(s10)
   12f24:	774e                	ld	a4,240(sp)
   12f26:	72e2                	ld	t0,56(sp)
   12f28:	87ce                	mv	a5,s3
   12f2a:	469d                	li	a3,7
   12f2c:	b491                	j	12970 <_vfprintf_r+0x1602>
   12f2e:	662a                	ld	a2,136(sp)
   12f30:	75c6                	ld	a1,112(sp)
   12f32:	e0c6                	sd	a7,64(sp)
   12f34:	40c78333          	sub	t1,a5,a2
   12f38:	851a                	mv	a0,t1
   12f3a:	fc42                	sd	a6,56(sp)
   12f3c:	f872                	sd	t3,48(sp)
   12f3e:	f01a                	sd	t1,32(sp)
   12f40:	493000ef          	jal	13bd2 <strncpy>
   12f44:	ccccd7b7          	lui	a5,0xccccd
   12f48:	ccd78793          	addi	a5,a5,-819 # ffffffffcccccccd <__BSS_END__+0xffffffffcccaf0b5>
   12f4c:	02079713          	slli	a4,a5,0x20
   12f50:	973e                	add	a4,a4,a5
   12f52:	02e93933          	mulhu	s2,s2,a4
   12f56:	0014c683          	lbu	a3,1(s1)
   12f5a:	7302                	ld	t1,32(sp)
   12f5c:	7e42                	ld	t3,48(sp)
   12f5e:	00d036b3          	snez	a3,a3
   12f62:	94b6                	add	s1,s1,a3
   12f64:	7862                	ld	a6,56(sp)
   12f66:	6886                	ld	a7,64(sp)
   12f68:	fff30793          	addi	a5,t1,-1
   12f6c:	4585                	li	a1,1
   12f6e:	00395913          	srli	s2,s2,0x3
   12f72:	02e93733          	mulhu	a4,s2,a4
   12f76:	00375693          	srli	a3,a4,0x3
   12f7a:	00269713          	slli	a4,a3,0x2
   12f7e:	9736                	add	a4,a4,a3
   12f80:	0706                	slli	a4,a4,0x1
   12f82:	40e90733          	sub	a4,s2,a4
   12f86:	0307071b          	addiw	a4,a4,48
   12f8a:	fee30fa3          	sb	a4,-1(t1)
   12f8e:	bc5fe06f          	j	11b52 <_vfprintf_r+0x7e4>
   12f92:	ec26                	sd	s1,24(sp)
   12f94:	10070863          	beqz	a4,130a4 <_vfprintf_r+0x1d36>
   12f98:	001a881b          	addiw	a6,s5,1
   12f9c:	88d6                	mv	a7,s5
   12f9e:	e082                	sd	zero,64(sp)
   12fa0:	4a81                	li	s5,0
   12fa2:	fc02                	sd	zero,56(sp)
   12fa4:	4481                	li	s1,0
   12fa6:	d7afe06f          	j	11520 <_vfprintf_r+0x1b2>
   12faa:	57fd                	li	a5,-1
   12fac:	e83e                	sd	a5,16(sp)
   12fae:	ff1fe06f          	j	11f9e <_vfprintf_r+0xc30>
   12fb2:	54068693          	addi	a3,a3,1344
   12fb6:	b3cff06f          	j	122f2 <_vfprintf_r+0xf84>
   12fba:	65a2                	ld	a1,8(sp)
   12fbc:	6502                	ld	a0,0(sp)
   12fbe:	1190                	addi	a2,sp,224
   12fc0:	e0c2                	sd	a6,64(sp)
   12fc2:	fc72                	sd	t3,56(sp)
   12fc4:	436000ef          	jal	133fa <__sprint_r>
   12fc8:	c119                	beqz	a0,12fce <_vfprintf_r+0x1c60>
   12fca:	f9dfe06f          	j	11f66 <_vfprintf_r+0xbf8>
   12fce:	5aca                	lw	s5,176(sp)
   12fd0:	77c2                	ld	a5,48(sp)
   12fd2:	794e                	ld	s2,240(sp)
   12fd4:	6806                	ld	a6,64(sp)
   12fd6:	7e62                	ld	t3,56(sp)
   12fd8:	8bce                	mv	s7,s3
   12fda:	41578abb          	subw	s5,a5,s5
   12fde:	a4aff06f          	j	12228 <_vfprintf_r+0xeba>
   12fe2:	0a714703          	lbu	a4,167(sp)
   12fe6:	c60708e3          	beqz	a4,12c56 <_vfprintf_r+0x18e8>
   12fea:	2805                	addiw	a6,a6,1
   12fec:	b1ad                	j	12c56 <_vfprintf_r+0x18e8>
   12fee:	8f26                	mv	t5,s1
   12ff0:	abdfe06f          	j	11aac <_vfprintf_r+0x73e>
   12ff4:	56c1                	li	a3,-16
   12ff6:	40c00abb          	negw	s5,a2
   12ffa:	34d65163          	bge	a2,a3,1333c <_vfprintf_r+0x1fce>
   12ffe:	66e5                	lui	a3,0x19
   13000:	fc3e                	sd	a5,56(sp)
   13002:	4b41                	li	s6,16
   13004:	87ca                	mv	a5,s2
   13006:	4d9d                	li	s11,7
   13008:	8c72                	mv	s8,t3
   1300a:	8942                	mv	s2,a6
   1300c:	53068493          	addi	s1,a3,1328 # 19530 <zeroes.0>
   13010:	a021                	j	13018 <_vfprintf_r+0x1caa>
   13012:	3ac1                	addiw	s5,s5,-16
   13014:	0b5b5a63          	bge	s6,s5,130c8 <_vfprintf_r+0x1d5a>
   13018:	07c1                	addi	a5,a5,16
   1301a:	2705                	addiw	a4,a4,1
   1301c:	009bb023          	sd	s1,0(s7)
   13020:	016bb423          	sd	s6,8(s7)
   13024:	f9be                	sd	a5,240(sp)
   13026:	d5ba                	sw	a4,232(sp)
   13028:	0bc1                	addi	s7,s7,16
   1302a:	feedd4e3          	bge	s11,a4,13012 <_vfprintf_r+0x1ca4>
   1302e:	65a2                	ld	a1,8(sp)
   13030:	6502                	ld	a0,0(sp)
   13032:	1190                	addi	a2,sp,224
   13034:	3c6000ef          	jal	133fa <__sprint_r>
   13038:	c119                	beqz	a0,1303e <_vfprintf_r+0x1cd0>
   1303a:	f2dfe06f          	j	11f66 <_vfprintf_r+0xbf8>
   1303e:	77ce                	ld	a5,240(sp)
   13040:	572e                	lw	a4,232(sp)
   13042:	8bce                	mv	s7,s3
   13044:	b7f9                	j	13012 <_vfprintf_r+0x1ca4>
   13046:	8f26                	mv	t5,s1
   13048:	c32ff06f          	j	1247a <_vfprintf_r+0x110c>
   1304c:	54068693          	addi	a3,a3,1344
   13050:	8b8ff06f          	j	12108 <_vfprintf_r+0xd9a>
   13054:	8526                	mv	a0,s1
   13056:	85da                	mv	a1,s6
   13058:	4601                	li	a2,0
   1305a:	4681                	li	a3,0
   1305c:	e0f2                	sd	t3,64(sp)
   1305e:	fc3e                	sd	a5,56(sp)
   13060:	735040ef          	jal	17f94 <__eqtf2>
   13064:	77e2                	ld	a5,56(sp)
   13066:	6e06                	ld	t3,64(sp)
   13068:	18050b63          	beqz	a0,131fe <_vfprintf_r+0x1e90>
   1306c:	7742                	ld	a4,48(sp)
   1306e:	68ae                	ld	a7,200(sp)
   13070:	00e78c33          	add	s8,a5,a4
   13074:	b788ece3          	bltu	a7,s8,12bec <_vfprintf_r+0x187e>
   13078:	40f888b3          	sub	a7,a7,a5
   1307c:	0008871b          	sext.w	a4,a7
   13080:	54ca                	lw	s1,176(sp)
   13082:	f83a                	sd	a4,48(sp)
   13084:	b149                	j	12d06 <_vfprintf_r+0x1998>
   13086:	53068693          	addi	a3,a3,1328
   1308a:	e93fe06f          	j	11f1c <_vfprintf_r+0xbae>
   1308e:	0a714503          	lbu	a0,167(sp)
   13092:	4a81                	li	s5,0
   13094:	c119                	beqz	a0,1309a <_vfprintf_r+0x1d2c>
   13096:	987fe06f          	j	11a1c <_vfprintf_r+0x6ae>
   1309a:	903fe06f          	j	1199c <_vfprintf_r+0x62e>
   1309e:	c31c                	sw	a5,0(a4)
   130a0:	b9cfe06f          	j	1143c <_vfprintf_r+0xce>
   130a4:	88d6                	mv	a7,s5
   130a6:	8856                	mv	a6,s5
   130a8:	e082                	sd	zero,64(sp)
   130aa:	4a81                	li	s5,0
   130ac:	fc02                	sd	zero,56(sp)
   130ae:	4481                	li	s1,0
   130b0:	c70fe06f          	j	11520 <_vfprintf_r+0x1b2>
   130b4:	67e5                	lui	a5,0x19
   130b6:	20078793          	addi	a5,a5,512 # 19200 <__clzdi2+0x40>
   130ba:	ff0ff06f          	j	128aa <_vfprintf_r+0x153c>
   130be:	76e2                	ld	a3,56(sp)
   130c0:	8a85                	andi	a3,a3,1
   130c2:	ce068ae3          	beqz	a3,12db6 <_vfprintf_r+0x1a48>
   130c6:	b1ed                	j	12db0 <_vfprintf_r+0x1a42>
   130c8:	884a                	mv	a6,s2
   130ca:	893e                	mv	s2,a5
   130cc:	77e2                	ld	a5,56(sp)
   130ce:	8e62                	mv	t3,s8
   130d0:	86a6                	mv	a3,s1
   130d2:	9956                	add	s2,s2,s5
   130d4:	2705                	addiw	a4,a4,1
   130d6:	00dbb023          	sd	a3,0(s7)
   130da:	f9ca                	sd	s2,240(sp)
   130dc:	d5ba                	sw	a4,232(sp)
   130de:	015bb423          	sd	s5,8(s7)
   130e2:	469d                	li	a3,7
   130e4:	d8e6d2e3          	bge	a3,a4,12e68 <_vfprintf_r+0x1afa>
   130e8:	65a2                	ld	a1,8(sp)
   130ea:	6502                	ld	a0,0(sp)
   130ec:	1190                	addi	a2,sp,224
   130ee:	ecc2                	sd	a6,88(sp)
   130f0:	e0f2                	sd	t3,64(sp)
   130f2:	fc3e                	sd	a5,56(sp)
   130f4:	306000ef          	jal	133fa <__sprint_r>
   130f8:	c119                	beqz	a0,130fe <_vfprintf_r+0x1d90>
   130fa:	e6dfe06f          	j	11f66 <_vfprintf_r+0xbf8>
   130fe:	794e                	ld	s2,240(sp)
   13100:	572e                	lw	a4,232(sp)
   13102:	6866                	ld	a6,88(sp)
   13104:	6e06                	ld	t3,64(sp)
   13106:	77e2                	ld	a5,56(sp)
   13108:	8bce                	mv	s7,s3
   1310a:	f9afe06f          	j	118a4 <_vfprintf_r+0x536>
   1310e:	57fd                	li	a5,-1
   13110:	17fe                	slli	a5,a5,0x3f
   13112:	8dbd                	xor	a1,a1,a5
   13114:	02d00793          	li	a5,45
   13118:	ecbe                	sd	a5,88(sp)
   1311a:	f002                	sd	zero,32(sp)
   1311c:	19bc                	addi	a5,sp,248
   1311e:	d9afe06f          	j	116b8 <_vfprintf_r+0x34a>
   13122:	67e5                	lui	a5,0x19
   13124:	21078793          	addi	a5,a5,528 # 19210 <__clzdi2+0x50>
   13128:	bc35                	j	12b64 <_vfprintf_r+0x17f6>
   1312a:	06700d93          	li	s11,103
   1312e:	7666                	ld	a2,120(sp)
   13130:	00064703          	lbu	a4,0(a2)
   13134:	f0170693          	addi	a3,a4,-255
   13138:	20068663          	beqz	a3,13344 <_vfprintf_r+0x1fd6>
   1313c:	20975463          	bge	a4,s1,13344 <_vfprintf_r+0x1fd6>
   13140:	66aa                	ld	a3,136(sp)
   13142:	4801                	li	a6,0
   13144:	4501                	li	a0,0
   13146:	a809                	j	13158 <_vfprintf_r+0x1dea>
   13148:	2505                	addiw	a0,a0,1
   1314a:	0605                	addi	a2,a2,1
   1314c:	f0170593          	addi	a1,a4,-255
   13150:	2701                	sext.w	a4,a4
   13152:	c9cd                	beqz	a1,13204 <_vfprintf_r+0x1e96>
   13154:	0a975863          	bge	a4,s1,13204 <_vfprintf_r+0x1e96>
   13158:	9c99                	subw	s1,s1,a4
   1315a:	00164703          	lbu	a4,1(a2)
   1315e:	f76d                	bnez	a4,13148 <_vfprintf_r+0x1dda>
   13160:	00064703          	lbu	a4,0(a2)
   13164:	2805                	addiw	a6,a6,1
   13166:	b7dd                	j	1314c <_vfprintf_r+0x1dde>
   13168:	67e5                	lui	a5,0x19
   1316a:	21078793          	addi	a5,a5,528 # 19210 <__clzdi2+0x50>
   1316e:	f3cff06f          	j	128aa <_vfprintf_r+0x153c>
   13172:	40fc073b          	subw	a4,s8,a5
   13176:	54ca                	lw	s1,176(sp)
   13178:	f83a                	sd	a4,48(sp)
   1317a:	b44d                	j	12c1c <_vfprintf_r+0x18ae>
   1317c:	64a2                	ld	s1,8(sp)
   1317e:	df5fe06f          	j	11f72 <_vfprintf_r+0xc04>
   13182:	02d00713          	li	a4,45
   13186:	0ae10ca3          	sb	a4,185(sp)
   1318a:	56e1                	li	a3,-8
   1318c:	4705                	li	a4,1
   1318e:	9f05                	subw	a4,a4,s1
   13190:	b8d4cfe3          	blt	s1,a3,12d2e <_vfprintf_r+0x19c0>
   13194:	03000693          	li	a3,48
   13198:	0ad10d23          	sb	a3,186(sp)
   1319c:	fc72                	sd	t3,56(sp)
   1319e:	f002                	sd	zero,32(sp)
   131a0:	0bb10693          	addi	a3,sp,187
   131a4:	e68fe06f          	j	1180c <_vfprintf_r+0x49e>
   131a8:	8c5a                	mv	s8,s6
   131aa:	fffa8b1b          	addiw	s6,s5,-1
   131ae:	87e6                	mv	a5,s9
   131b0:	6b86                	ld	s7,64(sp)
   131b2:	7c86                	ld	s9,96(sp)
   131b4:	9ae2                	add	s5,s5,s8
   131b6:	8762                	mv	a4,s8
   131b8:	03000693          	li	a3,48
   131bc:	000b5463          	bgez	s6,131c4 <_vfprintf_r+0x1e56>
   131c0:	e18fe06f          	j	117d8 <_vfprintf_r+0x46a>
   131c4:	0705                	addi	a4,a4,1
   131c6:	fed70fa3          	sb	a3,-1(a4)
   131ca:	feea9de3          	bne	s5,a4,131c4 <_vfprintf_r+0x1e56>
   131ce:	001c0813          	addi	a6,s8,1
   131d2:	01680c33          	add	s8,a6,s6
   131d6:	e02fe06f          	j	117d8 <_vfprintf_r+0x46a>
   131da:	4601                	li	a2,0
   131dc:	4681                	li	a3,0
   131de:	8526                	mv	a0,s1
   131e0:	85da                	mv	a1,s6
   131e2:	e0f2                	sd	t3,64(sp)
   131e4:	fc3e                	sd	a5,56(sp)
   131e6:	f83a                	sd	a4,48(sp)
   131e8:	5ad040ef          	jal	17f94 <__eqtf2>
   131ec:	7742                	ld	a4,48(sp)
   131ee:	77e2                	ld	a5,56(sp)
   131f0:	6e06                	ld	t3,64(sp)
   131f2:	e12d                	bnez	a0,13254 <_vfprintf_r+0x1ee6>
   131f4:	54ca                	lw	s1,176(sp)
   131f6:	9726                	add	a4,a4,s1
   131f8:	9f1d                	subw	a4,a4,a5
   131fa:	f83a                	sd	a4,48(sp)
   131fc:	bc21                	j	12c14 <_vfprintf_r+0x18a6>
   131fe:	54ca                	lw	s1,176(sp)
   13200:	78c2                	ld	a7,48(sp)
   13202:	b611                	j	12d06 <_vfprintf_r+0x1998>
   13204:	00a8073b          	addw	a4,a6,a0
   13208:	02d7073b          	mulw	a4,a4,a3
   1320c:	fcb2                	sd	a2,120(sp)
   1320e:	fc2a                	sd	a0,56(sp)
   13210:	e0c2                	sd	a6,64(sp)
   13212:	00e888bb          	addw	a7,a7,a4
   13216:	8746                	mv	a4,a7
   13218:	0008d363          	bgez	a7,1321e <_vfprintf_r+0x1eb0>
   1321c:	4701                	li	a4,0
   1321e:	66e6                	ld	a3,88(sp)
   13220:	0007081b          	sext.w	a6,a4
   13224:	c6dd                	beqz	a3,132d2 <_vfprintf_r+0x1f64>
   13226:	02d00693          	li	a3,45
   1322a:	7e02                	ld	t3,32(sp)
   1322c:	0ad103a3          	sb	a3,167(sp)
   13230:	0017081b          	addiw	a6,a4,1
   13234:	f002                	sd	zero,32(sp)
   13236:	4a81                	li	s5,0
   13238:	ae8fe06f          	j	11520 <_vfprintf_r+0x1b2>
   1323c:	6726                	ld	a4,72(sp)
   1323e:	009a88bb          	addw	a7,s5,s1
   13242:	06600d93          	li	s11,102
   13246:	00e888bb          	addw	a7,a7,a4
   1324a:	b2ed                	j	12c34 <_vfprintf_r+0x18c6>
   1324c:	53068693          	addi	a3,a3,1328
   13250:	aacff06f          	j	124fc <_vfprintf_r+0x118e>
   13254:	4685                	li	a3,1
   13256:	415686bb          	subw	a3,a3,s5
   1325a:	d936                	sw	a3,176(sp)
   1325c:	b2bd                	j	12bca <_vfprintf_r+0x185c>
   1325e:	6762                	ld	a4,24(sp)
   13260:	431c                	lw	a5,0(a4)
   13262:	0721                	addi	a4,a4,8
   13264:	00078a9b          	sext.w	s5,a5
   13268:	0007d363          	bgez	a5,1326e <_vfprintf_r+0x1f00>
   1326c:	5afd                	li	s5,-1
   1326e:	001cc303          	lbu	t1,1(s9)
   13272:	ec3a                	sd	a4,24(sp)
   13274:	8cb2                	mv	s9,a2
   13276:	a38fe06f          	j	114ae <_vfprintf_r+0x140>
   1327a:	e711                	bnez	a4,13286 <_vfprintf_r+0x1f18>
   1327c:	4805                	li	a6,1
   1327e:	88c2                	mv	a7,a6
   13280:	06600d93          	li	s11,102
   13284:	b2c9                	j	12c46 <_vfprintf_r+0x18d8>
   13286:	6726                	ld	a4,72(sp)
   13288:	0017089b          	addiw	a7,a4,1
   1328c:	015888bb          	addw	a7,a7,s5
   13290:	0008881b          	sext.w	a6,a7
   13294:	fe08d6e3          	bgez	a7,13280 <_vfprintf_r+0x1f12>
   13298:	4801                	li	a6,0
   1329a:	06600d93          	li	s11,102
   1329e:	b265                	j	12c46 <_vfprintf_r+0x18d8>
   132a0:	02d00713          	li	a4,45
   132a4:	0ae10ca3          	sb	a4,185(sp)
   132a8:	5661                	li	a2,-8
   132aa:	4705                	li	a4,1
   132ac:	9f15                	subw	a4,a4,a3
   132ae:	a8c6c2e3          	blt	a3,a2,12d32 <_vfprintf_r+0x19c4>
   132b2:	d56fe06f          	j	11808 <_vfprintf_r+0x49a>
   132b6:	1afe                	slli	s5,s5,0x3f
   132b8:	02d00793          	li	a5,45
   132bc:	015b4b33          	xor	s6,s6,s5
   132c0:	ecbe                	sd	a5,88(sp)
   132c2:	4a99                	li	s5,6
   132c4:	b0f9                	j	12b92 <_vfprintf_r+0x1824>
   132c6:	6765                	lui	a4,0x19
   132c8:	22070713          	addi	a4,a4,544 # 19220 <__clzdi2+0x60>
   132cc:	f83a                	sd	a4,48(sp)
   132ce:	c2cfe06f          	j	116fa <_vfprintf_r+0x38c>
   132d2:	0a714683          	lbu	a3,167(sp)
   132d6:	c685                	beqz	a3,132fe <_vfprintf_r+0x1f90>
   132d8:	7e02                	ld	t3,32(sp)
   132da:	0017081b          	addiw	a6,a4,1
   132de:	f002                	sd	zero,32(sp)
   132e0:	4a81                	li	s5,0
   132e2:	a3efe06f          	j	11520 <_vfprintf_r+0x1b2>
   132e6:	53068693          	addi	a3,a3,1328
   132ea:	f54ff06f          	j	12a3e <_vfprintf_r+0x16d0>
   132ee:	76c2                	ld	a3,48(sp)
   132f0:	00a6c683          	lbu	a3,10(a3)
   132f4:	ce0fe06f          	j	117d4 <_vfprintf_r+0x466>
   132f8:	4709                	li	a4,2
   132fa:	f4ba                	sd	a4,104(sp)
   132fc:	b45d                	j	12da2 <_vfprintf_r+0x1a34>
   132fe:	7e02                	ld	t3,32(sp)
   13300:	4a81                	li	s5,0
   13302:	f002                	sd	zero,32(sp)
   13304:	a1cfe06f          	j	11520 <_vfprintf_r+0x1b2>
   13308:	40f8873b          	subw	a4,a7,a5
   1330c:	54ca                	lw	s1,176(sp)
   1330e:	f83a                	sd	a4,48(sp)
   13310:	b211                	j	12c14 <_vfprintf_r+0x18a6>
   13312:	64a2                	ld	s1,8(sp)
   13314:	0104d783          	lhu	a5,16(s1)
   13318:	0407e793          	ori	a5,a5,64
   1331c:	00f49823          	sh	a5,16(s1)
   13320:	c53fe06f          	j	11f72 <_vfprintf_r+0xc04>
   13324:	4a81                	li	s5,0
   13326:	e082                	sd	zero,64(sp)
   13328:	fc02                	sd	zero,56(sp)
   1332a:	f002                	sd	zero,32(sp)
   1332c:	488d                	li	a7,3
   1332e:	4811                	li	a6,4
   13330:	9f0fe06f          	j	11520 <_vfprintf_r+0x1b2>
   13334:	e082                	sd	zero,64(sp)
   13336:	fc02                	sd	zero,56(sp)
   13338:	9e8fe06f          	j	11520 <_vfprintf_r+0x1b2>
   1333c:	66e5                	lui	a3,0x19
   1333e:	53068693          	addi	a3,a3,1328 # 19530 <zeroes.0>
   13342:	bb41                	j	130d2 <_vfprintf_r+0x1d64>
   13344:	4701                	li	a4,0
   13346:	e082                	sd	zero,64(sp)
   13348:	fc02                	sd	zero,56(sp)
   1334a:	b5e1                	j	13212 <_vfprintf_r+0x1ea4>
   1334c:	7742                	ld	a4,48(sp)
   1334e:	00e78c33          	add	s8,a5,a4
   13352:	b28d                	j	12cb4 <_vfprintf_r+0x1946>
   13354:	54ca                	lw	s1,176(sp)
   13356:	ba75                	j	12d12 <_vfprintf_r+0x19a4>

0000000000013358 <vfprintf>:
   13358:	872a                	mv	a4,a0
   1335a:	8781b503          	ld	a0,-1928(gp) # 1b610 <_impure_ptr>
   1335e:	86b2                	mv	a3,a2
   13360:	862e                	mv	a2,a1
   13362:	85ba                	mv	a1,a4
   13364:	80afe06f          	j	1136e <_vfprintf_r>

0000000000013368 <__sbprintf>:
   13368:	0105d783          	lhu	a5,16(a1)
   1336c:	0ac5ae83          	lw	t4,172(a1)
   13370:	0125de03          	lhu	t3,18(a1)
   13374:	0305b303          	ld	t1,48(a1)
   13378:	0405b883          	ld	a7,64(a1)
   1337c:	b2010113          	addi	sp,sp,-1248
   13380:	9bf5                	andi	a5,a5,-3
   13382:	0c010813          	addi	a6,sp,192
   13386:	40000713          	li	a4,1024
   1338a:	4c813823          	sd	s0,1232(sp)
   1338e:	842e                	mv	s0,a1
   13390:	080c                	addi	a1,sp,16
   13392:	4c913423          	sd	s1,1224(sp)
   13396:	02f11023          	sh	a5,32(sp)
   1339a:	4c113c23          	sd	ra,1240(sp)
   1339e:	dc02                	sw	zero,56(sp)
   133a0:	df76                	sw	t4,188(sp)
   133a2:	03c11123          	sh	t3,34(sp)
   133a6:	e09a                	sd	t1,64(sp)
   133a8:	e8c6                	sd	a7,80(sp)
   133aa:	e842                	sd	a6,16(sp)
   133ac:	f442                	sd	a6,40(sp)
   133ae:	ce3a                	sw	a4,28(sp)
   133b0:	d83a                	sw	a4,48(sp)
   133b2:	84aa                	mv	s1,a0
   133b4:	fbbfd0ef          	jal	1136e <_vfprintf_r>
   133b8:	87aa                	mv	a5,a0
   133ba:	02055763          	bgez	a0,133e8 <__sbprintf+0x80>
   133be:	02015703          	lhu	a4,32(sp)
   133c2:	04077713          	andi	a4,a4,64
   133c6:	c719                	beqz	a4,133d4 <__sbprintf+0x6c>
   133c8:	01045703          	lhu	a4,16(s0)
   133cc:	04076713          	ori	a4,a4,64
   133d0:	00e41823          	sh	a4,16(s0)
   133d4:	4d813083          	ld	ra,1240(sp)
   133d8:	4d013403          	ld	s0,1232(sp)
   133dc:	4c813483          	ld	s1,1224(sp)
   133e0:	853e                	mv	a0,a5
   133e2:	4e010113          	addi	sp,sp,1248
   133e6:	8082                	ret
   133e8:	e42a                	sd	a0,8(sp)
   133ea:	080c                	addi	a1,sp,16
   133ec:	8526                	mv	a0,s1
   133ee:	27c000ef          	jal	1366a <_fflush_r>
   133f2:	67a2                	ld	a5,8(sp)
   133f4:	d569                	beqz	a0,133be <__sbprintf+0x56>
   133f6:	57fd                	li	a5,-1
   133f8:	b7d9                	j	133be <__sbprintf+0x56>

00000000000133fa <__sprint_r>:
   133fa:	6a18                	ld	a4,16(a2)
   133fc:	e709                	bnez	a4,13406 <__sprint_r+0xc>
   133fe:	4501                	li	a0,0
   13400:	00062423          	sw	zero,8(a2)
   13404:	8082                	ret
   13406:	1101                	addi	sp,sp,-32
   13408:	ec06                	sd	ra,24(sp)
   1340a:	e432                	sd	a2,8(sp)
   1340c:	2ee000ef          	jal	136fa <__sfvwrite_r>
   13410:	67a2                	ld	a5,8(sp)
   13412:	60e2                	ld	ra,24(sp)
   13414:	0007b823          	sd	zero,16(a5)
   13418:	0007a423          	sw	zero,8(a5)
   1341c:	6105                	addi	sp,sp,32
   1341e:	8082                	ret

0000000000013420 <_fclose_r>:
   13420:	1101                	addi	sp,sp,-32
   13422:	ec06                	sd	ra,24(sp)
   13424:	e04a                	sd	s2,0(sp)
   13426:	cd89                	beqz	a1,13440 <_fclose_r+0x20>
   13428:	e822                	sd	s0,16(sp)
   1342a:	e426                	sd	s1,8(sp)
   1342c:	842e                	mv	s0,a1
   1342e:	84aa                	mv	s1,a0
   13430:	c119                	beqz	a0,13436 <_fclose_r+0x16>
   13432:	653c                	ld	a5,72(a0)
   13434:	c7d9                	beqz	a5,134c2 <_fclose_r+0xa2>
   13436:	01041783          	lh	a5,16(s0)
   1343a:	eb89                	bnez	a5,1344c <_fclose_r+0x2c>
   1343c:	6442                	ld	s0,16(sp)
   1343e:	64a2                	ld	s1,8(sp)
   13440:	60e2                	ld	ra,24(sp)
   13442:	4901                	li	s2,0
   13444:	854a                	mv	a0,s2
   13446:	6902                	ld	s2,0(sp)
   13448:	6105                	addi	sp,sp,32
   1344a:	8082                	ret
   1344c:	85a2                	mv	a1,s0
   1344e:	8526                	mv	a0,s1
   13450:	080000ef          	jal	134d0 <__sflush_r>
   13454:	683c                	ld	a5,80(s0)
   13456:	892a                	mv	s2,a0
   13458:	c791                	beqz	a5,13464 <_fclose_r+0x44>
   1345a:	780c                	ld	a1,48(s0)
   1345c:	8526                	mv	a0,s1
   1345e:	9782                	jalr	a5
   13460:	04054663          	bltz	a0,134ac <_fclose_r+0x8c>
   13464:	01045783          	lhu	a5,16(s0)
   13468:	0807f793          	andi	a5,a5,128
   1346c:	e7b1                	bnez	a5,134b8 <_fclose_r+0x98>
   1346e:	6c2c                	ld	a1,88(s0)
   13470:	c991                	beqz	a1,13484 <_fclose_r+0x64>
   13472:	07440793          	addi	a5,s0,116
   13476:	00f58563          	beq	a1,a5,13480 <_fclose_r+0x60>
   1347a:	8526                	mv	a0,s1
   1347c:	e50fd0ef          	jal	10acc <_free_r>
   13480:	04043c23          	sd	zero,88(s0)
   13484:	7c2c                	ld	a1,120(s0)
   13486:	c591                	beqz	a1,13492 <_fclose_r+0x72>
   13488:	8526                	mv	a0,s1
   1348a:	e42fd0ef          	jal	10acc <_free_r>
   1348e:	06043c23          	sd	zero,120(s0)
   13492:	830fd0ef          	jal	104c2 <__sfp_lock_acquire>
   13496:	00041823          	sh	zero,16(s0)
   1349a:	82afd0ef          	jal	104c4 <__sfp_lock_release>
   1349e:	60e2                	ld	ra,24(sp)
   134a0:	6442                	ld	s0,16(sp)
   134a2:	64a2                	ld	s1,8(sp)
   134a4:	854a                	mv	a0,s2
   134a6:	6902                	ld	s2,0(sp)
   134a8:	6105                	addi	sp,sp,32
   134aa:	8082                	ret
   134ac:	01045783          	lhu	a5,16(s0)
   134b0:	597d                	li	s2,-1
   134b2:	0807f793          	andi	a5,a5,128
   134b6:	dfc5                	beqz	a5,1346e <_fclose_r+0x4e>
   134b8:	6c0c                	ld	a1,24(s0)
   134ba:	8526                	mv	a0,s1
   134bc:	e10fd0ef          	jal	10acc <_free_r>
   134c0:	b77d                	j	1346e <_fclose_r+0x4e>
   134c2:	febfc0ef          	jal	104ac <__sinit>
   134c6:	bf85                	j	13436 <_fclose_r+0x16>

00000000000134c8 <fclose>:
   134c8:	85aa                	mv	a1,a0
   134ca:	8781b503          	ld	a0,-1928(gp) # 1b610 <_impure_ptr>
   134ce:	bf89                	j	13420 <_fclose_r>

00000000000134d0 <__sflush_r>:
   134d0:	01059703          	lh	a4,16(a1)
   134d4:	7179                	addi	sp,sp,-48
   134d6:	f022                	sd	s0,32(sp)
   134d8:	e44e                	sd	s3,8(sp)
   134da:	f406                	sd	ra,40(sp)
   134dc:	00877793          	andi	a5,a4,8
   134e0:	842e                	mv	s0,a1
   134e2:	89aa                	mv	s3,a0
   134e4:	e7f1                	bnez	a5,135b0 <__sflush_r+0xe0>
   134e6:	6785                	lui	a5,0x1
   134e8:	80078793          	addi	a5,a5,-2048 # 800 <exit-0xf920>
   134ec:	4594                	lw	a3,8(a1)
   134ee:	8fd9                	or	a5,a5,a4
   134f0:	00f59823          	sh	a5,16(a1)
   134f4:	10d05b63          	blez	a3,1360a <__sflush_r+0x13a>
   134f8:	04843803          	ld	a6,72(s0)
   134fc:	0a080463          	beqz	a6,135a4 <__sflush_r+0xd4>
   13500:	ec26                	sd	s1,24(sp)
   13502:	03371693          	slli	a3,a4,0x33
   13506:	0009a483          	lw	s1,0(s3)
   1350a:	0009a023          	sw	zero,0(s3)
   1350e:	1006c563          	bltz	a3,13618 <__sflush_r+0x148>
   13512:	780c                	ld	a1,48(s0)
   13514:	4601                	li	a2,0
   13516:	4685                	li	a3,1
   13518:	854e                	mv	a0,s3
   1351a:	9802                	jalr	a6
   1351c:	57fd                	li	a5,-1
   1351e:	862a                	mv	a2,a0
   13520:	12f50363          	beq	a0,a5,13646 <__sflush_r+0x176>
   13524:	01041783          	lh	a5,16(s0)
   13528:	04843803          	ld	a6,72(s0)
   1352c:	8b91                	andi	a5,a5,4
   1352e:	c799                	beqz	a5,1353c <__sflush_r+0x6c>
   13530:	4418                	lw	a4,8(s0)
   13532:	6c3c                	ld	a5,88(s0)
   13534:	8e19                	sub	a2,a2,a4
   13536:	c399                	beqz	a5,1353c <__sflush_r+0x6c>
   13538:	583c                	lw	a5,112(s0)
   1353a:	8e1d                	sub	a2,a2,a5
   1353c:	780c                	ld	a1,48(s0)
   1353e:	4681                	li	a3,0
   13540:	854e                	mv	a0,s3
   13542:	9802                	jalr	a6
   13544:	577d                	li	a4,-1
   13546:	01041783          	lh	a5,16(s0)
   1354a:	0ce51963          	bne	a0,a4,1361c <__sflush_r+0x14c>
   1354e:	0009a683          	lw	a3,0(s3)
   13552:	4775                	li	a4,29
   13554:	10d76463          	bltu	a4,a3,1365c <__sflush_r+0x18c>
   13558:	20400737          	lui	a4,0x20400
   1355c:	0705                	addi	a4,a4,1 # 20400001 <__BSS_END__+0x203e23e9>
   1355e:	00d75733          	srl	a4,a4,a3
   13562:	8b05                	andi	a4,a4,1
   13564:	cf65                	beqz	a4,1365c <__sflush_r+0x18c>
   13566:	6c14                	ld	a3,24(s0)
   13568:	777d                	lui	a4,0xfffff
   1356a:	7ff70713          	addi	a4,a4,2047 # fffffffffffff7ff <__BSS_END__+0xfffffffffffe1be7>
   1356e:	8f7d                	and	a4,a4,a5
   13570:	00e41823          	sh	a4,16(s0)
   13574:	00042423          	sw	zero,8(s0)
   13578:	e014                	sd	a3,0(s0)
   1357a:	03379713          	slli	a4,a5,0x33
   1357e:	00075563          	bgez	a4,13588 <__sflush_r+0xb8>
   13582:	0009a783          	lw	a5,0(s3)
   13586:	cbcd                	beqz	a5,13638 <__sflush_r+0x168>
   13588:	6c2c                	ld	a1,88(s0)
   1358a:	0099a023          	sw	s1,0(s3)
   1358e:	c9d5                	beqz	a1,13642 <__sflush_r+0x172>
   13590:	07440793          	addi	a5,s0,116
   13594:	00f58563          	beq	a1,a5,1359e <__sflush_r+0xce>
   13598:	854e                	mv	a0,s3
   1359a:	d32fd0ef          	jal	10acc <_free_r>
   1359e:	64e2                	ld	s1,24(sp)
   135a0:	04043c23          	sd	zero,88(s0)
   135a4:	70a2                	ld	ra,40(sp)
   135a6:	7402                	ld	s0,32(sp)
   135a8:	69a2                	ld	s3,8(sp)
   135aa:	4501                	li	a0,0
   135ac:	6145                	addi	sp,sp,48
   135ae:	8082                	ret
   135b0:	e84a                	sd	s2,16(sp)
   135b2:	0185b903          	ld	s2,24(a1)
   135b6:	04090f63          	beqz	s2,13614 <__sflush_r+0x144>
   135ba:	ec26                	sd	s1,24(sp)
   135bc:	6184                	ld	s1,0(a1)
   135be:	8b0d                	andi	a4,a4,3
   135c0:	0125b023          	sd	s2,0(a1)
   135c4:	412484bb          	subw	s1,s1,s2
   135c8:	4781                	li	a5,0
   135ca:	e311                	bnez	a4,135ce <__sflush_r+0xfe>
   135cc:	519c                	lw	a5,32(a1)
   135ce:	c45c                	sw	a5,12(s0)
   135d0:	00904663          	bgtz	s1,135dc <__sflush_r+0x10c>
   135d4:	a83d                	j	13612 <__sflush_r+0x142>
   135d6:	992a                	add	s2,s2,a0
   135d8:	02905d63          	blez	s1,13612 <__sflush_r+0x142>
   135dc:	603c                	ld	a5,64(s0)
   135de:	780c                	ld	a1,48(s0)
   135e0:	86a6                	mv	a3,s1
   135e2:	864a                	mv	a2,s2
   135e4:	854e                	mv	a0,s3
   135e6:	9782                	jalr	a5
   135e8:	9c89                	subw	s1,s1,a0
   135ea:	fea046e3          	bgtz	a0,135d6 <__sflush_r+0x106>
   135ee:	01045783          	lhu	a5,16(s0)
   135f2:	6942                	ld	s2,16(sp)
   135f4:	0407e793          	ori	a5,a5,64
   135f8:	70a2                	ld	ra,40(sp)
   135fa:	00f41823          	sh	a5,16(s0)
   135fe:	7402                	ld	s0,32(sp)
   13600:	64e2                	ld	s1,24(sp)
   13602:	69a2                	ld	s3,8(sp)
   13604:	557d                	li	a0,-1
   13606:	6145                	addi	sp,sp,48
   13608:	8082                	ret
   1360a:	59b4                	lw	a3,112(a1)
   1360c:	eed046e3          	bgtz	a3,134f8 <__sflush_r+0x28>
   13610:	bf51                	j	135a4 <__sflush_r+0xd4>
   13612:	64e2                	ld	s1,24(sp)
   13614:	6942                	ld	s2,16(sp)
   13616:	b779                	j	135a4 <__sflush_r+0xd4>
   13618:	6850                	ld	a2,144(s0)
   1361a:	bf09                	j	1352c <__sflush_r+0x5c>
   1361c:	6c14                	ld	a3,24(s0)
   1361e:	777d                	lui	a4,0xfffff
   13620:	7ff70713          	addi	a4,a4,2047 # fffffffffffff7ff <__BSS_END__+0xfffffffffffe1be7>
   13624:	8f7d                	and	a4,a4,a5
   13626:	00e41823          	sh	a4,16(s0)
   1362a:	00042423          	sw	zero,8(s0)
   1362e:	e014                	sd	a3,0(s0)
   13630:	03379713          	slli	a4,a5,0x33
   13634:	f4075ae3          	bgez	a4,13588 <__sflush_r+0xb8>
   13638:	6c2c                	ld	a1,88(s0)
   1363a:	e848                	sd	a0,144(s0)
   1363c:	0099a023          	sw	s1,0(s3)
   13640:	f9a1                	bnez	a1,13590 <__sflush_r+0xc0>
   13642:	64e2                	ld	s1,24(sp)
   13644:	b785                	j	135a4 <__sflush_r+0xd4>
   13646:	0009a783          	lw	a5,0(s3)
   1364a:	ec078de3          	beqz	a5,13524 <__sflush_r+0x54>
   1364e:	fe378713          	addi	a4,a5,-29
   13652:	cb01                	beqz	a4,13662 <__sflush_r+0x192>
   13654:	17a9                	addi	a5,a5,-22
   13656:	c791                	beqz	a5,13662 <__sflush_r+0x192>
   13658:	01045783          	lhu	a5,16(s0)
   1365c:	0407e793          	ori	a5,a5,64
   13660:	bf61                	j	135f8 <__sflush_r+0x128>
   13662:	0099a023          	sw	s1,0(s3)
   13666:	64e2                	ld	s1,24(sp)
   13668:	bf35                	j	135a4 <__sflush_r+0xd4>

000000000001366a <_fflush_r>:
   1366a:	87aa                	mv	a5,a0
   1366c:	c119                	beqz	a0,13672 <_fflush_r+0x8>
   1366e:	6538                	ld	a4,72(a0)
   13670:	cb01                	beqz	a4,13680 <_fflush_r+0x16>
   13672:	01059703          	lh	a4,16(a1)
   13676:	e319                	bnez	a4,1367c <_fflush_r+0x12>
   13678:	4501                	li	a0,0
   1367a:	8082                	ret
   1367c:	853e                	mv	a0,a5
   1367e:	bd89                	j	134d0 <__sflush_r>
   13680:	1101                	addi	sp,sp,-32
   13682:	e42e                	sd	a1,8(sp)
   13684:	ec06                	sd	ra,24(sp)
   13686:	e02a                	sd	a0,0(sp)
   13688:	e25fc0ef          	jal	104ac <__sinit>
   1368c:	65a2                	ld	a1,8(sp)
   1368e:	6782                	ld	a5,0(sp)
   13690:	01059703          	lh	a4,16(a1)
   13694:	c709                	beqz	a4,1369e <_fflush_r+0x34>
   13696:	60e2                	ld	ra,24(sp)
   13698:	853e                	mv	a0,a5
   1369a:	6105                	addi	sp,sp,32
   1369c:	bd15                	j	134d0 <__sflush_r>
   1369e:	60e2                	ld	ra,24(sp)
   136a0:	4501                	li	a0,0
   136a2:	6105                	addi	sp,sp,32
   136a4:	8082                	ret

00000000000136a6 <fflush>:
   136a6:	cd05                	beqz	a0,136de <fflush+0x38>
   136a8:	85aa                	mv	a1,a0
   136aa:	8781b503          	ld	a0,-1928(gp) # 1b610 <_impure_ptr>
   136ae:	c119                	beqz	a0,136b4 <fflush+0xe>
   136b0:	653c                	ld	a5,72(a0)
   136b2:	c799                	beqz	a5,136c0 <fflush+0x1a>
   136b4:	01059783          	lh	a5,16(a1)
   136b8:	e399                	bnez	a5,136be <fflush+0x18>
   136ba:	4501                	li	a0,0
   136bc:	8082                	ret
   136be:	bd09                	j	134d0 <__sflush_r>
   136c0:	1101                	addi	sp,sp,-32
   136c2:	e42e                	sd	a1,8(sp)
   136c4:	e02a                	sd	a0,0(sp)
   136c6:	ec06                	sd	ra,24(sp)
   136c8:	de5fc0ef          	jal	104ac <__sinit>
   136cc:	65a2                	ld	a1,8(sp)
   136ce:	6502                	ld	a0,0(sp)
   136d0:	01059783          	lh	a5,16(a1)
   136d4:	e385                	bnez	a5,136f4 <fflush+0x4e>
   136d6:	60e2                	ld	ra,24(sp)
   136d8:	4501                	li	a0,0
   136da:	6105                	addi	sp,sp,32
   136dc:	8082                	ret
   136de:	666d                	lui	a2,0x1b
   136e0:	65cd                	lui	a1,0x13
   136e2:	656d                	lui	a0,0x1b
   136e4:	a5060613          	addi	a2,a2,-1456 # 1aa50 <__sglue>
   136e8:	66a58593          	addi	a1,a1,1642 # 1366a <_fflush_r>
   136ec:	a6850513          	addi	a0,a0,-1432 # 1aa68 <_impure_data>
   136f0:	df7fc06f          	j	104e6 <_fwalk_sglue>
   136f4:	60e2                	ld	ra,24(sp)
   136f6:	6105                	addi	sp,sp,32
   136f8:	bbe1                	j	134d0 <__sflush_r>

00000000000136fa <__sfvwrite_r>:
   136fa:	6a1c                	ld	a5,16(a2)
   136fc:	18078d63          	beqz	a5,13896 <__sfvwrite_r+0x19c>
   13700:	01059683          	lh	a3,16(a1)
   13704:	711d                	addi	sp,sp,-96
   13706:	e8a2                	sd	s0,80(sp)
   13708:	f852                	sd	s4,48(sp)
   1370a:	f456                	sd	s5,40(sp)
   1370c:	ec86                	sd	ra,88(sp)
   1370e:	0086f793          	andi	a5,a3,8
   13712:	842e                	mv	s0,a1
   13714:	8aaa                	mv	s5,a0
   13716:	8a32                	mv	s4,a2
   13718:	c7bd                	beqz	a5,13786 <__sfvwrite_r+0x8c>
   1371a:	6d9c                	ld	a5,24(a1)
   1371c:	c7ad                	beqz	a5,13786 <__sfvwrite_r+0x8c>
   1371e:	e4a6                	sd	s1,72(sp)
   13720:	e0ca                	sd	s2,64(sp)
   13722:	fc4e                	sd	s3,56(sp)
   13724:	f05a                	sd	s6,32(sp)
   13726:	0026f793          	andi	a5,a3,2
   1372a:	000a3483          	ld	s1,0(s4)
   1372e:	cfad                	beqz	a5,137a8 <__sfvwrite_r+0xae>
   13730:	80000b37          	lui	s6,0x80000
   13734:	c00b4b13          	xori	s6,s6,-1024
   13738:	4981                	li	s3,0
   1373a:	4901                	li	s2,0
   1373c:	864e                	mv	a2,s3
   1373e:	8556                	mv	a0,s5
   13740:	14090563          	beqz	s2,1388a <__sfvwrite_r+0x190>
   13744:	86ca                	mv	a3,s2
   13746:	012b7663          	bgeu	s6,s2,13752 <__sfvwrite_r+0x58>
   1374a:	800006b7          	lui	a3,0x80000
   1374e:	c006c693          	xori	a3,a3,-1024
   13752:	603c                	ld	a5,64(s0)
   13754:	780c                	ld	a1,48(s0)
   13756:	2681                	sext.w	a3,a3
   13758:	9782                	jalr	a5
   1375a:	2ea05163          	blez	a0,13a3c <__sfvwrite_r+0x342>
   1375e:	010a3783          	ld	a5,16(s4)
   13762:	99aa                	add	s3,s3,a0
   13764:	40a90933          	sub	s2,s2,a0
   13768:	8f89                	sub	a5,a5,a0
   1376a:	00fa3823          	sd	a5,16(s4)
   1376e:	f7f9                	bnez	a5,1373c <__sfvwrite_r+0x42>
   13770:	64a6                	ld	s1,72(sp)
   13772:	6906                	ld	s2,64(sp)
   13774:	79e2                	ld	s3,56(sp)
   13776:	7b02                	ld	s6,32(sp)
   13778:	4501                	li	a0,0
   1377a:	60e6                	ld	ra,88(sp)
   1377c:	6446                	ld	s0,80(sp)
   1377e:	7a42                	ld	s4,48(sp)
   13780:	7aa2                	ld	s5,40(sp)
   13782:	6125                	addi	sp,sp,96
   13784:	8082                	ret
   13786:	85a2                	mv	a1,s0
   13788:	8556                	mv	a0,s5
   1378a:	2ca000ef          	jal	13a54 <__swsetup_r>
   1378e:	1e051263          	bnez	a0,13972 <__sfvwrite_r+0x278>
   13792:	01041683          	lh	a3,16(s0)
   13796:	e4a6                	sd	s1,72(sp)
   13798:	e0ca                	sd	s2,64(sp)
   1379a:	fc4e                	sd	s3,56(sp)
   1379c:	f05a                	sd	s6,32(sp)
   1379e:	0026f793          	andi	a5,a3,2
   137a2:	000a3483          	ld	s1,0(s4)
   137a6:	f7c9                	bnez	a5,13730 <__sfvwrite_r+0x36>
   137a8:	ec5e                	sd	s7,24(sp)
   137aa:	e862                	sd	s8,16(sp)
   137ac:	e466                	sd	s9,8(sp)
   137ae:	0016f793          	andi	a5,a3,1
   137b2:	e7e5                	bnez	a5,1389a <__sfvwrite_r+0x1a0>
   137b4:	601c                	ld	a5,0(s0)
   137b6:	80000737          	lui	a4,0x80000
   137ba:	fff74c13          	not	s8,a4
   137be:	4b01                	li	s6,0
   137c0:	4981                	li	s3,0
   137c2:	0a098e63          	beqz	s3,1387e <__sfvwrite_r+0x184>
   137c6:	2006f713          	andi	a4,a3,512
   137ca:	00c42903          	lw	s2,12(s0)
   137ce:	853e                	mv	a0,a5
   137d0:	1a070363          	beqz	a4,13976 <__sfvwrite_r+0x27c>
   137d4:	0729ee63          	bltu	s3,s2,13850 <__sfvwrite_r+0x156>
   137d8:	4806f713          	andi	a4,a3,1152
   137dc:	8bca                	mv	s7,s2
   137de:	cb3d                	beqz	a4,13854 <__sfvwrite_r+0x15a>
   137e0:	5010                	lw	a2,32(s0)
   137e2:	6c0c                	ld	a1,24(s0)
   137e4:	0016171b          	slliw	a4,a2,0x1
   137e8:	9f31                	addw	a4,a4,a2
   137ea:	8f8d                	sub	a5,a5,a1
   137ec:	01f7591b          	srliw	s2,a4,0x1f
   137f0:	00078b9b          	sext.w	s7,a5
   137f4:	00e9093b          	addw	s2,s2,a4
   137f8:	001b8713          	addi	a4,s7,1
   137fc:	4019591b          	sraiw	s2,s2,0x1
   13800:	974e                	add	a4,a4,s3
   13802:	00e97563          	bgeu	s2,a4,1380c <__sfvwrite_r+0x112>
   13806:	2785                	addiw	a5,a5,1
   13808:	0137893b          	addw	s2,a5,s3
   1380c:	4006f693          	andi	a3,a3,1024
   13810:	1e068963          	beqz	a3,13a02 <__sfvwrite_r+0x308>
   13814:	85ca                	mv	a1,s2
   13816:	8556                	mv	a0,s5
   13818:	cecfd0ef          	jal	10d04 <_malloc_r>
   1381c:	8caa                	mv	s9,a0
   1381e:	22050263          	beqz	a0,13a42 <__sfvwrite_r+0x348>
   13822:	6c0c                	ld	a1,24(s0)
   13824:	865e                	mv	a2,s7
   13826:	596000ef          	jal	13dbc <memcpy>
   1382a:	01045703          	lhu	a4,16(s0)
   1382e:	b7f77713          	andi	a4,a4,-1153
   13832:	08076713          	ori	a4,a4,128
   13836:	00e41823          	sh	a4,16(s0)
   1383a:	017c8533          	add	a0,s9,s7
   1383e:	41790bbb          	subw	s7,s2,s7
   13842:	01943c23          	sd	s9,24(s0)
   13846:	e008                	sd	a0,0(s0)
   13848:	01742623          	sw	s7,12(s0)
   1384c:	03242023          	sw	s2,32(s0)
   13850:	8bce                	mv	s7,s3
   13852:	894e                	mv	s2,s3
   13854:	85da                	mv	a1,s6
   13856:	864a                	mv	a2,s2
   13858:	482000ef          	jal	13cda <memmove>
   1385c:	4454                	lw	a3,12(s0)
   1385e:	601c                	ld	a5,0(s0)
   13860:	010a3703          	ld	a4,16(s4)
   13864:	417686bb          	subw	a3,a3,s7
   13868:	97ca                	add	a5,a5,s2
   1386a:	c454                	sw	a3,12(s0)
   1386c:	e01c                	sd	a5,0(s0)
   1386e:	41370733          	sub	a4,a4,s3
   13872:	00ea3823          	sd	a4,16(s4)
   13876:	1a070f63          	beqz	a4,13a34 <__sfvwrite_r+0x33a>
   1387a:	01041683          	lh	a3,16(s0)
   1387e:	0004bb03          	ld	s6,0(s1)
   13882:	0084b983          	ld	s3,8(s1)
   13886:	04c1                	addi	s1,s1,16
   13888:	bf2d                	j	137c2 <__sfvwrite_r+0xc8>
   1388a:	0004b983          	ld	s3,0(s1)
   1388e:	0084b903          	ld	s2,8(s1)
   13892:	04c1                	addi	s1,s1,16
   13894:	b565                	j	1373c <__sfvwrite_r+0x42>
   13896:	4501                	li	a0,0
   13898:	8082                	ret
   1389a:	4b81                	li	s7,0
   1389c:	4c01                	li	s8,0
   1389e:	4501                	li	a0,0
   138a0:	4c81                	li	s9,0
   138a2:	060b8063          	beqz	s7,13902 <__sfvwrite_r+0x208>
   138a6:	c535                	beqz	a0,13912 <__sfvwrite_r+0x218>
   138a8:	89e2                	mv	s3,s8
   138aa:	018bf363          	bgeu	s7,s8,138b0 <__sfvwrite_r+0x1b6>
   138ae:	89de                	mv	s3,s7
   138b0:	5014                	lw	a3,32(s0)
   138b2:	00c42b03          	lw	s6,12(s0)
   138b6:	6008                	ld	a0,0(s0)
   138b8:	6c1c                	ld	a5,24(s0)
   138ba:	00db0b3b          	addw	s6,s6,a3
   138be:	894e                	mv	s2,s3
   138c0:	00a7f463          	bgeu	a5,a0,138c8 <__sfvwrite_r+0x1ce>
   138c4:	073b4263          	blt	s6,s3,13928 <__sfvwrite_r+0x22e>
   138c8:	12d9c163          	blt	s3,a3,139ea <__sfvwrite_r+0x2f0>
   138cc:	603c                	ld	a5,64(s0)
   138ce:	780c                	ld	a1,48(s0)
   138d0:	8666                	mv	a2,s9
   138d2:	8556                	mv	a0,s5
   138d4:	9782                	jalr	a5
   138d6:	892a                	mv	s2,a0
   138d8:	08a05063          	blez	a0,13958 <__sfvwrite_r+0x25e>
   138dc:	89aa                	mv	s3,a0
   138de:	413c0c3b          	subw	s8,s8,s3
   138e2:	4505                	li	a0,1
   138e4:	060c0563          	beqz	s8,1394e <__sfvwrite_r+0x254>
   138e8:	010a3783          	ld	a5,16(s4)
   138ec:	412787b3          	sub	a5,a5,s2
   138f0:	00fa3823          	sd	a5,16(s4)
   138f4:	14078063          	beqz	a5,13a34 <__sfvwrite_r+0x33a>
   138f8:	412b8bb3          	sub	s7,s7,s2
   138fc:	9cca                	add	s9,s9,s2
   138fe:	fa0b94e3          	bnez	s7,138a6 <__sfvwrite_r+0x1ac>
   13902:	0084bb83          	ld	s7,8(s1)
   13906:	87a6                	mv	a5,s1
   13908:	04c1                	addi	s1,s1,16
   1390a:	fe0b8ce3          	beqz	s7,13902 <__sfvwrite_r+0x208>
   1390e:	0007bc83          	ld	s9,0(a5)
   13912:	865e                	mv	a2,s7
   13914:	45a9                	li	a1,10
   13916:	8566                	mv	a0,s9
   13918:	22c000ef          	jal	13b44 <memchr>
   1391c:	10050963          	beqz	a0,13a2e <__sfvwrite_r+0x334>
   13920:	0505                	addi	a0,a0,1
   13922:	41950c3b          	subw	s8,a0,s9
   13926:	b749                	j	138a8 <__sfvwrite_r+0x1ae>
   13928:	85e6                	mv	a1,s9
   1392a:	865a                	mv	a2,s6
   1392c:	3ae000ef          	jal	13cda <memmove>
   13930:	601c                	ld	a5,0(s0)
   13932:	85a2                	mv	a1,s0
   13934:	8556                	mv	a0,s5
   13936:	97da                	add	a5,a5,s6
   13938:	e01c                	sd	a5,0(s0)
   1393a:	d31ff0ef          	jal	1366a <_fflush_r>
   1393e:	ed09                	bnez	a0,13958 <__sfvwrite_r+0x25e>
   13940:	89da                	mv	s3,s6
   13942:	413c0c3b          	subw	s8,s8,s3
   13946:	895a                	mv	s2,s6
   13948:	4505                	li	a0,1
   1394a:	f80c1fe3          	bnez	s8,138e8 <__sfvwrite_r+0x1ee>
   1394e:	85a2                	mv	a1,s0
   13950:	8556                	mv	a0,s5
   13952:	d19ff0ef          	jal	1366a <_fflush_r>
   13956:	d949                	beqz	a0,138e8 <__sfvwrite_r+0x1ee>
   13958:	01041783          	lh	a5,16(s0)
   1395c:	6be2                	ld	s7,24(sp)
   1395e:	6c42                	ld	s8,16(sp)
   13960:	6ca2                	ld	s9,8(sp)
   13962:	64a6                	ld	s1,72(sp)
   13964:	6906                	ld	s2,64(sp)
   13966:	79e2                	ld	s3,56(sp)
   13968:	7b02                	ld	s6,32(sp)
   1396a:	0407e793          	ori	a5,a5,64
   1396e:	00f41823          	sh	a5,16(s0)
   13972:	557d                	li	a0,-1
   13974:	b519                	j	1377a <__sfvwrite_r+0x80>
   13976:	6c18                	ld	a4,24(s0)
   13978:	04f76363          	bltu	a4,a5,139be <__sfvwrite_r+0x2c4>
   1397c:	5018                	lw	a4,32(s0)
   1397e:	04e9e063          	bltu	s3,a4,139be <__sfvwrite_r+0x2c4>
   13982:	86ce                	mv	a3,s3
   13984:	013c7363          	bgeu	s8,s3,1398a <__sfvwrite_r+0x290>
   13988:	86e2                	mv	a3,s8
   1398a:	02e6c6bb          	divw	a3,a3,a4
   1398e:	603c                	ld	a5,64(s0)
   13990:	780c                	ld	a1,48(s0)
   13992:	865a                	mv	a2,s6
   13994:	8556                	mv	a0,s5
   13996:	02e686bb          	mulw	a3,a3,a4
   1399a:	9782                	jalr	a5
   1399c:	faa05ee3          	blez	a0,13958 <__sfvwrite_r+0x25e>
   139a0:	892a                	mv	s2,a0
   139a2:	010a3783          	ld	a5,16(s4)
   139a6:	412989b3          	sub	s3,s3,s2
   139aa:	412787b3          	sub	a5,a5,s2
   139ae:	00fa3823          	sd	a5,16(s4)
   139b2:	c3c9                	beqz	a5,13a34 <__sfvwrite_r+0x33a>
   139b4:	01041683          	lh	a3,16(s0)
   139b8:	601c                	ld	a5,0(s0)
   139ba:	9b4a                	add	s6,s6,s2
   139bc:	b519                	j	137c2 <__sfvwrite_r+0xc8>
   139be:	0129f363          	bgeu	s3,s2,139c4 <__sfvwrite_r+0x2ca>
   139c2:	894e                	mv	s2,s3
   139c4:	853e                	mv	a0,a5
   139c6:	864a                	mv	a2,s2
   139c8:	85da                	mv	a1,s6
   139ca:	310000ef          	jal	13cda <memmove>
   139ce:	601c                	ld	a5,0(s0)
   139d0:	4458                	lw	a4,12(s0)
   139d2:	97ca                	add	a5,a5,s2
   139d4:	4127073b          	subw	a4,a4,s2
   139d8:	e01c                	sd	a5,0(s0)
   139da:	c458                	sw	a4,12(s0)
   139dc:	f379                	bnez	a4,139a2 <__sfvwrite_r+0x2a8>
   139de:	85a2                	mv	a1,s0
   139e0:	8556                	mv	a0,s5
   139e2:	c89ff0ef          	jal	1366a <_fflush_r>
   139e6:	dd55                	beqz	a0,139a2 <__sfvwrite_r+0x2a8>
   139e8:	bf85                	j	13958 <__sfvwrite_r+0x25e>
   139ea:	864e                	mv	a2,s3
   139ec:	85e6                	mv	a1,s9
   139ee:	2ec000ef          	jal	13cda <memmove>
   139f2:	4458                	lw	a4,12(s0)
   139f4:	601c                	ld	a5,0(s0)
   139f6:	4137073b          	subw	a4,a4,s3
   139fa:	97ce                	add	a5,a5,s3
   139fc:	c458                	sw	a4,12(s0)
   139fe:	e01c                	sd	a5,0(s0)
   13a00:	bdf9                	j	138de <__sfvwrite_r+0x1e4>
   13a02:	864a                	mv	a2,s2
   13a04:	8556                	mv	a0,s5
   13a06:	135020ef          	jal	1633a <_realloc_r>
   13a0a:	8caa                	mv	s9,a0
   13a0c:	e20517e3          	bnez	a0,1383a <__sfvwrite_r+0x140>
   13a10:	6c0c                	ld	a1,24(s0)
   13a12:	8556                	mv	a0,s5
   13a14:	8b8fd0ef          	jal	10acc <_free_r>
   13a18:	01045783          	lhu	a5,16(s0)
   13a1c:	4731                	li	a4,12
   13a1e:	6be2                	ld	s7,24(sp)
   13a20:	6c42                	ld	s8,16(sp)
   13a22:	6ca2                	ld	s9,8(sp)
   13a24:	00eaa023          	sw	a4,0(s5)
   13a28:	f7f7f793          	andi	a5,a5,-129
   13a2c:	bf1d                	j	13962 <__sfvwrite_r+0x268>
   13a2e:	001b8c1b          	addiw	s8,s7,1
   13a32:	bd9d                	j	138a8 <__sfvwrite_r+0x1ae>
   13a34:	6be2                	ld	s7,24(sp)
   13a36:	6c42                	ld	s8,16(sp)
   13a38:	6ca2                	ld	s9,8(sp)
   13a3a:	bb1d                	j	13770 <__sfvwrite_r+0x76>
   13a3c:	01041783          	lh	a5,16(s0)
   13a40:	b70d                	j	13962 <__sfvwrite_r+0x268>
   13a42:	47b1                	li	a5,12
   13a44:	00faa023          	sw	a5,0(s5)
   13a48:	6be2                	ld	s7,24(sp)
   13a4a:	01041783          	lh	a5,16(s0)
   13a4e:	6c42                	ld	s8,16(sp)
   13a50:	6ca2                	ld	s9,8(sp)
   13a52:	bf01                	j	13962 <__sfvwrite_r+0x268>

0000000000013a54 <__swsetup_r>:
   13a54:	8781b703          	ld	a4,-1928(gp) # 1b610 <_impure_ptr>
   13a58:	1101                	addi	sp,sp,-32
   13a5a:	ec06                	sd	ra,24(sp)
   13a5c:	862a                	mv	a2,a0
   13a5e:	87ae                	mv	a5,a1
   13a60:	c319                	beqz	a4,13a66 <__swsetup_r+0x12>
   13a62:	6734                	ld	a3,72(a4)
   13a64:	c2e1                	beqz	a3,13b24 <__swsetup_r+0xd0>
   13a66:	01079703          	lh	a4,16(a5)
   13a6a:	00877693          	andi	a3,a4,8
   13a6e:	c29d                	beqz	a3,13a94 <__swsetup_r+0x40>
   13a70:	6f94                	ld	a3,24(a5)
   13a72:	ce8d                	beqz	a3,13aac <__swsetup_r+0x58>
   13a74:	01079703          	lh	a4,16(a5)
   13a78:	00177613          	andi	a2,a4,1
   13a7c:	ca39                	beqz	a2,13ad2 <__swsetup_r+0x7e>
   13a7e:	5390                	lw	a2,32(a5)
   13a80:	0007a623          	sw	zero,12(a5)
   13a84:	4501                	li	a0,0
   13a86:	40c0063b          	negw	a2,a2
   13a8a:	d790                	sw	a2,40(a5)
   13a8c:	cab9                	beqz	a3,13ae2 <__swsetup_r+0x8e>
   13a8e:	60e2                	ld	ra,24(sp)
   13a90:	6105                	addi	sp,sp,32
   13a92:	8082                	ret
   13a94:	01077693          	andi	a3,a4,16
   13a98:	ced1                	beqz	a3,13b34 <__swsetup_r+0xe0>
   13a9a:	00477693          	andi	a3,a4,4
   13a9e:	eab9                	bnez	a3,13af4 <__swsetup_r+0xa0>
   13aa0:	6f94                	ld	a3,24(a5)
   13aa2:	00876713          	ori	a4,a4,8
   13aa6:	00e79823          	sh	a4,16(a5)
   13aaa:	f6e9                	bnez	a3,13a74 <__swsetup_r+0x20>
   13aac:	6b98                	ld	a4,16(a5)
   13aae:	20000593          	li	a1,512
   13ab2:	28077713          	andi	a4,a4,640
   13ab6:	fab70fe3          	beq	a4,a1,13a74 <__swsetup_r+0x20>
   13aba:	8532                	mv	a0,a2
   13abc:	85be                	mv	a1,a5
   13abe:	e03e                	sd	a5,0(sp)
   13ac0:	4f5020ef          	jal	167b4 <__smakebuf_r>
   13ac4:	6782                	ld	a5,0(sp)
   13ac6:	01079703          	lh	a4,16(a5)
   13aca:	6f94                	ld	a3,24(a5)
   13acc:	00177613          	andi	a2,a4,1
   13ad0:	f65d                	bnez	a2,13a7e <__swsetup_r+0x2a>
   13ad2:	00277613          	andi	a2,a4,2
   13ad6:	4581                	li	a1,0
   13ad8:	e211                	bnez	a2,13adc <__swsetup_r+0x88>
   13ada:	538c                	lw	a1,32(a5)
   13adc:	c7cc                	sw	a1,12(a5)
   13ade:	4501                	li	a0,0
   13ae0:	f6dd                	bnez	a3,13a8e <__swsetup_r+0x3a>
   13ae2:	08077693          	andi	a3,a4,128
   13ae6:	d6c5                	beqz	a3,13a8e <__swsetup_r+0x3a>
   13ae8:	04076713          	ori	a4,a4,64
   13aec:	00e79823          	sh	a4,16(a5)
   13af0:	557d                	li	a0,-1
   13af2:	bf71                	j	13a8e <__swsetup_r+0x3a>
   13af4:	6fac                	ld	a1,88(a5)
   13af6:	c185                	beqz	a1,13b16 <__swsetup_r+0xc2>
   13af8:	07478693          	addi	a3,a5,116
   13afc:	00d58b63          	beq	a1,a3,13b12 <__swsetup_r+0xbe>
   13b00:	8532                	mv	a0,a2
   13b02:	e43e                	sd	a5,8(sp)
   13b04:	e032                	sd	a2,0(sp)
   13b06:	fc7fc0ef          	jal	10acc <_free_r>
   13b0a:	67a2                	ld	a5,8(sp)
   13b0c:	6602                	ld	a2,0(sp)
   13b0e:	01079703          	lh	a4,16(a5)
   13b12:	0407bc23          	sd	zero,88(a5)
   13b16:	6f94                	ld	a3,24(a5)
   13b18:	fdb77713          	andi	a4,a4,-37
   13b1c:	0007a423          	sw	zero,8(a5)
   13b20:	e394                	sd	a3,0(a5)
   13b22:	b741                	j	13aa2 <__swsetup_r+0x4e>
   13b24:	e02a                	sd	a0,0(sp)
   13b26:	853a                	mv	a0,a4
   13b28:	e42e                	sd	a1,8(sp)
   13b2a:	983fc0ef          	jal	104ac <__sinit>
   13b2e:	67a2                	ld	a5,8(sp)
   13b30:	6602                	ld	a2,0(sp)
   13b32:	bf15                	j	13a66 <__swsetup_r+0x12>
   13b34:	46a5                	li	a3,9
   13b36:	04076713          	ori	a4,a4,64
   13b3a:	c214                	sw	a3,0(a2)
   13b3c:	00e79823          	sh	a4,16(a5)
   13b40:	557d                	li	a0,-1
   13b42:	b7b1                	j	13a8e <__swsetup_r+0x3a>

0000000000013b44 <memchr>:
   13b44:	00757793          	andi	a5,a0,7
   13b48:	0ff5f313          	zext.b	t1,a1
   13b4c:	cb99                	beqz	a5,13b62 <memchr+0x1e>
   13b4e:	c241                	beqz	a2,13bce <memchr+0x8a>
   13b50:	00054783          	lbu	a5,0(a0)
   13b54:	167d                	addi	a2,a2,-1
   13b56:	06678b63          	beq	a5,t1,13bcc <memchr+0x88>
   13b5a:	0505                	addi	a0,a0,1
   13b5c:	00757793          	andi	a5,a0,7
   13b60:	f7fd                	bnez	a5,13b4e <memchr+0xa>
   13b62:	481d                	li	a6,7
   13b64:	04c87a63          	bgeu	a6,a2,13bb8 <memchr+0x74>
   13b68:	0ff5f593          	zext.b	a1,a1
   13b6c:	0085979b          	slliw	a5,a1,0x8
   13b70:	97ae                	add	a5,a5,a1
   13b72:	01079693          	slli	a3,a5,0x10
   13b76:	7f7f8737          	lui	a4,0x7f7f8
   13b7a:	96be                	add	a3,a3,a5
   13b7c:	f7f70713          	addi	a4,a4,-129 # 7f7f7f7f <__BSS_END__+0x7f7da367>
   13b80:	feff07b7          	lui	a5,0xfeff0
   13b84:	eff78793          	addi	a5,a5,-257 # fffffffffefefeff <__BSS_END__+0xfffffffffefd22e7>
   13b88:	02071593          	slli	a1,a4,0x20
   13b8c:	02069e13          	slli	t3,a3,0x20
   13b90:	95ba                	add	a1,a1,a4
   13b92:	02079893          	slli	a7,a5,0x20
   13b96:	96f2                	add	a3,a3,t3
   13b98:	fff5c593          	not	a1,a1
   13b9c:	98be                	add	a7,a7,a5
   13b9e:	611c                	ld	a5,0(a0)
   13ba0:	8fb5                	xor	a5,a5,a3
   13ba2:	01178733          	add	a4,a5,a7
   13ba6:	fff7c793          	not	a5,a5
   13baa:	8ff9                	and	a5,a5,a4
   13bac:	8fed                	and	a5,a5,a1
   13bae:	e791                	bnez	a5,13bba <memchr+0x76>
   13bb0:	1661                	addi	a2,a2,-8
   13bb2:	0521                	addi	a0,a0,8
   13bb4:	fec865e3          	bltu	a6,a2,13b9e <memchr+0x5a>
   13bb8:	ca19                	beqz	a2,13bce <memchr+0x8a>
   13bba:	962a                	add	a2,a2,a0
   13bbc:	a021                	j	13bc4 <memchr+0x80>
   13bbe:	0505                	addi	a0,a0,1
   13bc0:	00c50763          	beq	a0,a2,13bce <memchr+0x8a>
   13bc4:	00054783          	lbu	a5,0(a0)
   13bc8:	fe679be3          	bne	a5,t1,13bbe <memchr+0x7a>
   13bcc:	8082                	ret
   13bce:	4501                	li	a0,0
   13bd0:	8082                	ret

0000000000013bd2 <strncpy>:
   13bd2:	00a5e7b3          	or	a5,a1,a0
   13bd6:	8b9d                	andi	a5,a5,7
   13bd8:	e781                	bnez	a5,13be0 <strncpy+0xe>
   13bda:	00863793          	sltiu	a5,a2,8
   13bde:	cb95                	beqz	a5,13c12 <strncpy+0x40>
   13be0:	872a                	mv	a4,a0
   13be2:	a811                	j	13bf6 <strncpy+0x24>
   13be4:	fff5c683          	lbu	a3,-1(a1)
   13be8:	fff60813          	addi	a6,a2,-1
   13bec:	fed78fa3          	sb	a3,-1(a5)
   13bf0:	ca81                	beqz	a3,13c00 <strncpy+0x2e>
   13bf2:	873e                	mv	a4,a5
   13bf4:	8642                	mv	a2,a6
   13bf6:	0585                	addi	a1,a1,1
   13bf8:	00170793          	addi	a5,a4,1
   13bfc:	f665                	bnez	a2,13be4 <strncpy+0x12>
   13bfe:	8082                	ret
   13c00:	9732                	add	a4,a4,a2
   13c02:	04080b63          	beqz	a6,13c58 <strncpy+0x86>
   13c06:	0785                	addi	a5,a5,1
   13c08:	fe078fa3          	sb	zero,-1(a5)
   13c0c:	fee79de3          	bne	a5,a4,13c06 <strncpy+0x34>
   13c10:	8082                	ret
   13c12:	7f7f8737          	lui	a4,0x7f7f8
   13c16:	f7f70713          	addi	a4,a4,-129 # 7f7f7f7f <__BSS_END__+0x7f7da367>
   13c1a:	feff07b7          	lui	a5,0xfeff0
   13c1e:	02071893          	slli	a7,a4,0x20
   13c22:	eff78793          	addi	a5,a5,-257 # fffffffffefefeff <__BSS_END__+0xfffffffffefd22e7>
   13c26:	98ba                	add	a7,a7,a4
   13c28:	02079313          	slli	t1,a5,0x20
   13c2c:	933e                	add	t1,t1,a5
   13c2e:	fff8c893          	not	a7,a7
   13c32:	872a                	mv	a4,a0
   13c34:	4e1d                	li	t3,7
   13c36:	6194                	ld	a3,0(a1)
   13c38:	006687b3          	add	a5,a3,t1
   13c3c:	fff6c813          	not	a6,a3
   13c40:	0107f7b3          	and	a5,a5,a6
   13c44:	0117f7b3          	and	a5,a5,a7
   13c48:	f7dd                	bnez	a5,13bf6 <strncpy+0x24>
   13c4a:	1661                	addi	a2,a2,-8
   13c4c:	e314                	sd	a3,0(a4)
   13c4e:	0721                	addi	a4,a4,8
   13c50:	05a1                	addi	a1,a1,8
   13c52:	fece62e3          	bltu	t3,a2,13c36 <strncpy+0x64>
   13c56:	b745                	j	13bf6 <strncpy+0x24>
   13c58:	8082                	ret

0000000000013c5a <__localeconv_l>:
   13c5a:	10050513          	addi	a0,a0,256
   13c5e:	8082                	ret

0000000000013c60 <_localeconv_r>:
   13c60:	656d                	lui	a0,0x1b
   13c62:	4f050513          	addi	a0,a0,1264 # 1b4f0 <__global_locale+0x100>
   13c66:	8082                	ret

0000000000013c68 <localeconv>:
   13c68:	656d                	lui	a0,0x1b
   13c6a:	4f050513          	addi	a0,a0,1264 # 1b4f0 <__global_locale+0x100>
   13c6e:	8082                	ret

0000000000013c70 <_sbrk_r>:
   13c70:	1101                	addi	sp,sp,-32
   13c72:	e822                	sd	s0,16(sp)
   13c74:	e426                	sd	s1,8(sp)
   13c76:	84aa                	mv	s1,a0
   13c78:	852e                	mv	a0,a1
   13c7a:	ec06                	sd	ra,24(sp)
   13c7c:	8801ac23          	sw	zero,-1896(gp) # 1b630 <errno>
   13c80:	23c040ef          	jal	17ebc <_sbrk>
   13c84:	57fd                	li	a5,-1
   13c86:	00f50763          	beq	a0,a5,13c94 <_sbrk_r+0x24>
   13c8a:	60e2                	ld	ra,24(sp)
   13c8c:	6442                	ld	s0,16(sp)
   13c8e:	64a2                	ld	s1,8(sp)
   13c90:	6105                	addi	sp,sp,32
   13c92:	8082                	ret
   13c94:	8981a783          	lw	a5,-1896(gp) # 1b630 <errno>
   13c98:	dbed                	beqz	a5,13c8a <_sbrk_r+0x1a>
   13c9a:	60e2                	ld	ra,24(sp)
   13c9c:	6442                	ld	s0,16(sp)
   13c9e:	c09c                	sw	a5,0(s1)
   13ca0:	64a2                	ld	s1,8(sp)
   13ca2:	6105                	addi	sp,sp,32
   13ca4:	8082                	ret

0000000000013ca6 <__libc_fini_array>:
   13ca6:	1101                	addi	sp,sp,-32
   13ca8:	e822                	sd	s0,16(sp)
   13caa:	67ed                	lui	a5,0x1b
   13cac:	646d                	lui	s0,0x1b
   13cae:	a5078793          	addi	a5,a5,-1456 # 1aa50 <__sglue>
   13cb2:	a4840413          	addi	s0,s0,-1464 # 1aa48 <__do_global_dtors_aux_fini_array_entry>
   13cb6:	8f81                	sub	a5,a5,s0
   13cb8:	e426                	sd	s1,8(sp)
   13cba:	ec06                	sd	ra,24(sp)
   13cbc:	4037d493          	srai	s1,a5,0x3
   13cc0:	c881                	beqz	s1,13cd0 <__libc_fini_array+0x2a>
   13cc2:	1461                	addi	s0,s0,-8
   13cc4:	943e                	add	s0,s0,a5
   13cc6:	601c                	ld	a5,0(s0)
   13cc8:	14fd                	addi	s1,s1,-1
   13cca:	1461                	addi	s0,s0,-8
   13ccc:	9782                	jalr	a5
   13cce:	fce5                	bnez	s1,13cc6 <__libc_fini_array+0x20>
   13cd0:	60e2                	ld	ra,24(sp)
   13cd2:	6442                	ld	s0,16(sp)
   13cd4:	64a2                	ld	s1,8(sp)
   13cd6:	6105                	addi	sp,sp,32
   13cd8:	8082                	ret

0000000000013cda <memmove>:
   13cda:	02a5f163          	bgeu	a1,a0,13cfc <memmove+0x22>
   13cde:	00c587b3          	add	a5,a1,a2
   13ce2:	00f57d63          	bgeu	a0,a5,13cfc <memmove+0x22>
   13ce6:	ce05                	beqz	a2,13d1e <memmove+0x44>
   13ce8:	962a                	add	a2,a2,a0
   13cea:	fff7c703          	lbu	a4,-1(a5)
   13cee:	167d                	addi	a2,a2,-1
   13cf0:	17fd                	addi	a5,a5,-1
   13cf2:	00e60023          	sb	a4,0(a2)
   13cf6:	fec51ae3          	bne	a0,a2,13cea <memmove+0x10>
   13cfa:	8082                	ret
   13cfc:	47fd                	li	a5,31
   13cfe:	02c7e163          	bltu	a5,a2,13d20 <memmove+0x46>
   13d02:	87aa                	mv	a5,a0
   13d04:	fff60693          	addi	a3,a2,-1
   13d08:	c65d                	beqz	a2,13db6 <memmove+0xdc>
   13d0a:	0685                	addi	a3,a3,1 # ffffffff80000001 <__BSS_END__+0xffffffff7ffe23e9>
   13d0c:	96be                	add	a3,a3,a5
   13d0e:	0005c703          	lbu	a4,0(a1)
   13d12:	0785                	addi	a5,a5,1
   13d14:	0585                	addi	a1,a1,1
   13d16:	fee78fa3          	sb	a4,-1(a5)
   13d1a:	fed79ae3          	bne	a5,a3,13d0e <memmove+0x34>
   13d1e:	8082                	ret
   13d20:	00b567b3          	or	a5,a0,a1
   13d24:	8b9d                	andi	a5,a5,7
   13d26:	88ae                	mv	a7,a1
   13d28:	e3d9                	bnez	a5,13dae <memmove+0xd4>
   13d2a:	00565793          	srli	a5,a2,0x5
   13d2e:	00579813          	slli	a6,a5,0x5
   13d32:	982a                	add	a6,a6,a0
   13d34:	17fd                	addi	a5,a5,-1
   13d36:	872a                	mv	a4,a0
   13d38:	6194                	ld	a3,0(a1)
   13d3a:	02058593          	addi	a1,a1,32
   13d3e:	02070713          	addi	a4,a4,32
   13d42:	fed73023          	sd	a3,-32(a4)
   13d46:	fe85b683          	ld	a3,-24(a1)
   13d4a:	fed73423          	sd	a3,-24(a4)
   13d4e:	ff05b683          	ld	a3,-16(a1)
   13d52:	fed73823          	sd	a3,-16(a4)
   13d56:	ff85b683          	ld	a3,-8(a1)
   13d5a:	fed73c23          	sd	a3,-8(a4)
   13d5e:	fd071de3          	bne	a4,a6,13d38 <memmove+0x5e>
   13d62:	0796                	slli	a5,a5,0x5
   13d64:	01178733          	add	a4,a5,a7
   13d68:	02070593          	addi	a1,a4,32
   13d6c:	97aa                	add	a5,a5,a0
   13d6e:	01867813          	andi	a6,a2,24
   13d72:	02078793          	addi	a5,a5,32
   13d76:	8e2e                	mv	t3,a1
   13d78:	01f67693          	andi	a3,a2,31
   13d7c:	02080e63          	beqz	a6,13db8 <memmove+0xde>
   13d80:	16e1                	addi	a3,a3,-8
   13d82:	9ae1                	andi	a3,a3,-8
   13d84:	9736                	add	a4,a4,a3
   13d86:	02870713          	addi	a4,a4,40
   13d8a:	41150833          	sub	a6,a0,a7
   13d8e:	0005b303          	ld	t1,0(a1)
   13d92:	010588b3          	add	a7,a1,a6
   13d96:	05a1                	addi	a1,a1,8
   13d98:	0068b023          	sd	t1,0(a7)
   13d9c:	fee599e3          	bne	a1,a4,13d8e <memmove+0xb4>
   13da0:	00868713          	addi	a4,a3,8
   13da4:	01c705b3          	add	a1,a4,t3
   13da8:	97ba                	add	a5,a5,a4
   13daa:	8a1d                	andi	a2,a2,7
   13dac:	bfa1                	j	13d04 <memmove+0x2a>
   13dae:	fff60693          	addi	a3,a2,-1
   13db2:	87aa                	mv	a5,a0
   13db4:	bf99                	j	13d0a <memmove+0x30>
   13db6:	8082                	ret
   13db8:	8636                	mv	a2,a3
   13dba:	b7a9                	j	13d04 <memmove+0x2a>

0000000000013dbc <memcpy>:
   13dbc:	00a5c7b3          	xor	a5,a1,a0
   13dc0:	8b9d                	andi	a5,a5,7
   13dc2:	00c508b3          	add	a7,a0,a2
   13dc6:	e7b1                	bnez	a5,13e12 <memcpy+0x56>
   13dc8:	00863613          	sltiu	a2,a2,8
   13dcc:	e239                	bnez	a2,13e12 <memcpy+0x56>
   13dce:	00757793          	andi	a5,a0,7
   13dd2:	872a                	mv	a4,a0
   13dd4:	e7cd                	bnez	a5,13e7e <memcpy+0xc2>
   13dd6:	ff88f613          	andi	a2,a7,-8
   13dda:	40e606b3          	sub	a3,a2,a4
   13dde:	04000793          	li	a5,64
   13de2:	04d7c463          	blt	a5,a3,13e2a <memcpy+0x6e>
   13de6:	86ae                	mv	a3,a1
   13de8:	87ba                	mv	a5,a4
   13dea:	02c77163          	bgeu	a4,a2,13e0c <memcpy+0x50>
   13dee:	0006b803          	ld	a6,0(a3)
   13df2:	07a1                	addi	a5,a5,8
   13df4:	06a1                	addi	a3,a3,8
   13df6:	ff07bc23          	sd	a6,-8(a5)
   13dfa:	fec7eae3          	bltu	a5,a2,13dee <memcpy+0x32>
   13dfe:	167d                	addi	a2,a2,-1
   13e00:	8e19                	sub	a2,a2,a4
   13e02:	9a61                	andi	a2,a2,-8
   13e04:	05a1                	addi	a1,a1,8
   13e06:	0721                	addi	a4,a4,8
   13e08:	95b2                	add	a1,a1,a2
   13e0a:	9732                	add	a4,a4,a2
   13e0c:	01176663          	bltu	a4,a7,13e18 <memcpy+0x5c>
   13e10:	8082                	ret
   13e12:	872a                	mv	a4,a0
   13e14:	ff157ee3          	bgeu	a0,a7,13e10 <memcpy+0x54>
   13e18:	0005c783          	lbu	a5,0(a1)
   13e1c:	0705                	addi	a4,a4,1
   13e1e:	0585                	addi	a1,a1,1
   13e20:	fef70fa3          	sb	a5,-1(a4)
   13e24:	fee89ae3          	bne	a7,a4,13e18 <memcpy+0x5c>
   13e28:	8082                	ret
   13e2a:	6194                	ld	a3,0(a1)
   13e2c:	0085b283          	ld	t0,8(a1)
   13e30:	0105bf83          	ld	t6,16(a1)
   13e34:	0185bf03          	ld	t5,24(a1)
   13e38:	0205be83          	ld	t4,32(a1)
   13e3c:	0285be03          	ld	t3,40(a1)
   13e40:	0305b303          	ld	t1,48(a1)
   13e44:	0385b803          	ld	a6,56(a1)
   13e48:	e314                	sd	a3,0(a4)
   13e4a:	61b4                	ld	a3,64(a1)
   13e4c:	04870713          	addi	a4,a4,72
   13e50:	fc573023          	sd	t0,-64(a4)
   13e54:	fed73c23          	sd	a3,-8(a4)
   13e58:	fdf73423          	sd	t6,-56(a4)
   13e5c:	40e606b3          	sub	a3,a2,a4
   13e60:	fde73823          	sd	t5,-48(a4)
   13e64:	fdd73c23          	sd	t4,-40(a4)
   13e68:	ffc73023          	sd	t3,-32(a4)
   13e6c:	fe673423          	sd	t1,-24(a4)
   13e70:	ff073823          	sd	a6,-16(a4)
   13e74:	04858593          	addi	a1,a1,72
   13e78:	fad7c9e3          	blt	a5,a3,13e2a <memcpy+0x6e>
   13e7c:	b7ad                	j	13de6 <memcpy+0x2a>
   13e7e:	0005c683          	lbu	a3,0(a1)
   13e82:	0705                	addi	a4,a4,1
   13e84:	00777793          	andi	a5,a4,7
   13e88:	fed70fa3          	sb	a3,-1(a4)
   13e8c:	0585                	addi	a1,a1,1
   13e8e:	d7a1                	beqz	a5,13dd6 <memcpy+0x1a>
   13e90:	0005c683          	lbu	a3,0(a1)
   13e94:	0705                	addi	a4,a4,1
   13e96:	00777793          	andi	a5,a4,7
   13e9a:	fed70fa3          	sb	a3,-1(a4)
   13e9e:	0585                	addi	a1,a1,1
   13ea0:	fff9                	bnez	a5,13e7e <memcpy+0xc2>
   13ea2:	bf15                	j	13dd6 <memcpy+0x1a>

0000000000013ea4 <strlen>:
   13ea4:	00757793          	andi	a5,a0,7
   13ea8:	872a                	mv	a4,a0
   13eaa:	efb1                	bnez	a5,13f06 <strlen+0x62>
   13eac:	7f7f87b7          	lui	a5,0x7f7f8
   13eb0:	f7f78793          	addi	a5,a5,-129 # 7f7f7f7f <__BSS_END__+0x7f7da367>
   13eb4:	02079693          	slli	a3,a5,0x20
   13eb8:	96be                	add	a3,a3,a5
   13eba:	55fd                	li	a1,-1
   13ebc:	6310                	ld	a2,0(a4)
   13ebe:	0721                	addi	a4,a4,8
   13ec0:	00d677b3          	and	a5,a2,a3
   13ec4:	97b6                	add	a5,a5,a3
   13ec6:	8fd1                	or	a5,a5,a2
   13ec8:	8fd5                	or	a5,a5,a3
   13eca:	feb789e3          	beq	a5,a1,13ebc <strlen+0x18>
   13ece:	ff874783          	lbu	a5,-8(a4)
   13ed2:	40a706b3          	sub	a3,a4,a0
   13ed6:	c7a9                	beqz	a5,13f20 <strlen+0x7c>
   13ed8:	ff974783          	lbu	a5,-7(a4)
   13edc:	cf9d                	beqz	a5,13f1a <strlen+0x76>
   13ede:	ffa74783          	lbu	a5,-6(a4)
   13ee2:	c7a9                	beqz	a5,13f2c <strlen+0x88>
   13ee4:	ffb74783          	lbu	a5,-5(a4)
   13ee8:	cf9d                	beqz	a5,13f26 <strlen+0x82>
   13eea:	ffc74783          	lbu	a5,-4(a4)
   13eee:	c3b1                	beqz	a5,13f32 <strlen+0x8e>
   13ef0:	ffd74783          	lbu	a5,-3(a4)
   13ef4:	c3b1                	beqz	a5,13f38 <strlen+0x94>
   13ef6:	ffe74783          	lbu	a5,-2(a4)
   13efa:	00f03533          	snez	a0,a5
   13efe:	9536                	add	a0,a0,a3
   13f00:	1579                	addi	a0,a0,-2
   13f02:	8082                	ret
   13f04:	d6c5                	beqz	a3,13eac <strlen+0x8>
   13f06:	00074783          	lbu	a5,0(a4)
   13f0a:	0705                	addi	a4,a4,1
   13f0c:	00777693          	andi	a3,a4,7
   13f10:	fbf5                	bnez	a5,13f04 <strlen+0x60>
   13f12:	8f09                	sub	a4,a4,a0
   13f14:	fff70513          	addi	a0,a4,-1
   13f18:	8082                	ret
   13f1a:	ff968513          	addi	a0,a3,-7
   13f1e:	8082                	ret
   13f20:	ff868513          	addi	a0,a3,-8
   13f24:	8082                	ret
   13f26:	ffb68513          	addi	a0,a3,-5
   13f2a:	8082                	ret
   13f2c:	ffa68513          	addi	a0,a3,-6
   13f30:	8082                	ret
   13f32:	ffc68513          	addi	a0,a3,-4
   13f36:	8082                	ret
   13f38:	ffd68513          	addi	a0,a3,-3
   13f3c:	8082                	ret

0000000000013f3e <frexpl>:
   13f3e:	715d                	addi	sp,sp,-80
   13f40:	fc26                	sd	s1,56(sp)
   13f42:	64a1                	lui	s1,0x8
   13f44:	e486                	sd	ra,72(sp)
   13f46:	0305d793          	srli	a5,a1,0x30
   13f4a:	14fd                	addi	s1,s1,-1 # 7fff <exit-0x8121>
   13f4c:	00062023          	sw	zero,0(a2)
   13f50:	8fe5                	and	a5,a5,s1
   13f52:	872e                	mv	a4,a1
   13f54:	832a                	mv	t1,a0
   13f56:	06978a63          	beq	a5,s1,13fca <frexpl+0x8c>
   13f5a:	e0a2                	sd	s0,64(sp)
   13f5c:	4681                	li	a3,0
   13f5e:	8432                	mv	s0,a2
   13f60:	4601                	li	a2,0
   13f62:	e82e                	sd	a1,16(sp)
   13f64:	e42a                	sd	a0,8(sp)
   13f66:	ec3e                	sd	a5,24(sp)
   13f68:	f02a                	sd	a0,32(sp)
   13f6a:	f42e                	sd	a1,40(sp)
   13f6c:	028040ef          	jal	17f94 <__eqtf2>
   13f70:	6322                	ld	t1,8(sp)
   13f72:	6742                	ld	a4,16(sp)
   13f74:	c931                	beqz	a0,13fc8 <frexpl+0x8a>
   13f76:	67e2                	ld	a5,24(sp)
   13f78:	4601                	li	a2,0
   13f7a:	889a                	mv	a7,t1
   13f7c:	883a                	mv	a6,a4
   13f7e:	ef99                	bnez	a5,13f9c <frexpl+0x5e>
   13f80:	040716b7          	lui	a3,0x4071
   13f84:	851a                	mv	a0,t1
   13f86:	85ba                	mv	a1,a4
   13f88:	1692                	slli	a3,a3,0x24
   13f8a:	21e040ef          	jal	181a8 <__multf3>
   13f8e:	0305d793          	srli	a5,a1,0x30
   13f92:	882e                	mv	a6,a1
   13f94:	88aa                	mv	a7,a0
   13f96:	8fe5                	and	a5,a5,s1
   13f98:	f8e00613          	li	a2,-114
   13f9c:	7771                	lui	a4,0xffffc
   13f9e:	2709                	addiw	a4,a4,2 # ffffffffffffc002 <__BSS_END__+0xfffffffffffde3ea>
   13fa0:	9fb9                	addw	a5,a5,a4
   13fa2:	f80016b7          	lui	a3,0xf8001
   13fa6:	9fb1                	addw	a5,a5,a2
   13fa8:	60a6                	ld	ra,72(sp)
   13faa:	c01c                	sw	a5,0(s0)
   13fac:	1692                	slli	a3,a3,0x24
   13fae:	6406                	ld	s0,64(sp)
   13fb0:	16fd                	addi	a3,a3,-1 # fffffffff8000fff <__BSS_END__+0xfffffffff7fe33e7>
   13fb2:	01fff737          	lui	a4,0x1fff
   13fb6:	00d87833          	and	a6,a6,a3
   13fba:	1716                	slli	a4,a4,0x25
   13fbc:	74e2                	ld	s1,56(sp)
   13fbe:	8546                	mv	a0,a7
   13fc0:	00e865b3          	or	a1,a6,a4
   13fc4:	6161                	addi	sp,sp,80
   13fc6:	8082                	ret
   13fc8:	6406                	ld	s0,64(sp)
   13fca:	60a6                	ld	ra,72(sp)
   13fcc:	74e2                	ld	s1,56(sp)
   13fce:	851a                	mv	a0,t1
   13fd0:	85ba                	mv	a1,a4
   13fd2:	6161                	addi	sp,sp,80
   13fd4:	8082                	ret

0000000000013fd6 <__register_exitproc>:
   13fd6:	8a01b783          	ld	a5,-1888(gp) # 1b638 <__atexit>
   13fda:	c3a9                	beqz	a5,1401c <__register_exitproc+0x46>
   13fdc:	4798                	lw	a4,8(a5)
   13fde:	487d                	li	a6,31
   13fe0:	06e84163          	blt	a6,a4,14042 <__register_exitproc+0x6c>
   13fe4:	c505                	beqz	a0,1400c <__register_exitproc+0x36>
   13fe6:	00371813          	slli	a6,a4,0x3
   13fea:	983e                	add	a6,a6,a5
   13fec:	10c83823          	sd	a2,272(a6)
   13ff0:	3107a883          	lw	a7,784(a5)
   13ff4:	4605                	li	a2,1
   13ff6:	00e6163b          	sllw	a2,a2,a4
   13ffa:	00c8e8b3          	or	a7,a7,a2
   13ffe:	3117a823          	sw	a7,784(a5)
   14002:	20d83823          	sd	a3,528(a6)
   14006:	4689                	li	a3,2
   14008:	02d50063          	beq	a0,a3,14028 <__register_exitproc+0x52>
   1400c:	0017069b          	addiw	a3,a4,1 # 1fff001 <__BSS_END__+0x1fe13e9>
   14010:	070e                	slli	a4,a4,0x3
   14012:	c794                	sw	a3,8(a5)
   14014:	97ba                	add	a5,a5,a4
   14016:	eb8c                	sd	a1,16(a5)
   14018:	4501                	li	a0,0
   1401a:	8082                	ret
   1401c:	67f9                	lui	a5,0x1e
   1401e:	90078793          	addi	a5,a5,-1792 # 1d900 <__atexit0>
   14022:	8af1b023          	sd	a5,-1888(gp) # 1b638 <__atexit>
   14026:	bf5d                	j	13fdc <__register_exitproc+0x6>
   14028:	3147a683          	lw	a3,788(a5)
   1402c:	4501                	li	a0,0
   1402e:	8e55                	or	a2,a2,a3
   14030:	0017069b          	addiw	a3,a4,1
   14034:	070e                	slli	a4,a4,0x3
   14036:	30c7aa23          	sw	a2,788(a5)
   1403a:	c794                	sw	a3,8(a5)
   1403c:	97ba                	add	a5,a5,a4
   1403e:	eb8c                	sd	a1,16(a5)
   14040:	8082                	ret
   14042:	557d                	li	a0,-1
   14044:	8082                	ret

0000000000014046 <_ldtoa_r>:
   14046:	6365                	lui	t1,0x19
   14048:	56030313          	addi	t1,t1,1376 # 19560 <blanks.1+0x20>
   1404c:	00033f03          	ld	t5,0(t1)
   14050:	00833e83          	ld	t4,8(t1)
   14054:	01032e03          	lw	t3,16(t1)
   14058:	05053303          	ld	t1,80(a0)
   1405c:	7171                	addi	sp,sp,-176
   1405e:	ed26                	sd	s1,152(sp)
   14060:	e94a                	sd	s2,144(sp)
   14062:	e152                	sd	s4,128(sp)
   14064:	fcd6                	sd	s5,120(sp)
   14066:	f8da                	sd	s6,112(sp)
   14068:	ece6                	sd	s9,88(sp)
   1406a:	e8ea                	sd	s10,80(sp)
   1406c:	e4ee                	sd	s11,72(sp)
   1406e:	f506                	sd	ra,168(sp)
   14070:	f122                	sd	s0,160(sp)
   14072:	e54e                	sd	s3,136(sp)
   14074:	f4de                	sd	s7,104(sp)
   14076:	f0e2                	sd	s8,96(sp)
   14078:	f47a                	sd	t5,40(sp)
   1407a:	f876                	sd	t4,48(sp)
   1407c:	dc72                	sw	t3,56(sp)
   1407e:	8a2a                	mv	s4,a0
   14080:	892e                	mv	s2,a1
   14082:	84b2                	mv	s1,a2
   14084:	8cb6                	mv	s9,a3
   14086:	8d3a                	mv	s10,a4
   14088:	8abe                	mv	s5,a5
   1408a:	8b42                	mv	s6,a6
   1408c:	8dc6                	mv	s11,a7
   1408e:	00030763          	beqz	t1,1409c <_ldtoa_r+0x56>
   14092:	859a                	mv	a1,t1
   14094:	344010ef          	jal	153d8 <__freedtoa>
   14098:	040a3823          	sd	zero,80(s4)
   1409c:	5752                	lw	a4,52(sp)
   1409e:	0004a793          	slti	a5,s1,0
   140a2:	59fd                	li	s3,-1
   140a4:	4017569b          	sraiw	a3,a4,0x1
   140a8:	8ff5                	and	a5,a5,a3
   140aa:	8f3d                	xor	a4,a4,a5
   140ac:	da3a                	sw	a4,52(sp)
   140ae:	0004a713          	slti	a4,s1,0
   140b2:	00eb2023          	sw	a4,0(s6) # ffffffff80000000 <__BSS_END__+0xffffffff7ffe23e8>
   140b6:	0019d413          	srli	s0,s3,0x1
   140ba:	00149713          	slli	a4,s1,0x1
   140be:	8c65                	and	s0,s0,s1
   140c0:	03175b93          	srli	s7,a4,0x31
   140c4:	77f1                	lui	a5,0xffffc
   140c6:	01049713          	slli	a4,s1,0x10
   140ca:	f917879b          	addiw	a5,a5,-111 # ffffffffffffbf91 <__BSS_END__+0xfffffffffffde379>
   140ce:	03075b13          	srli	s6,a4,0x30
   140d2:	86a2                	mv	a3,s0
   140d4:	85a2                	mv	a1,s0
   140d6:	864a                	mv	a2,s2
   140d8:	854a                	mv	a0,s2
   140da:	ec4a                	sd	s2,24(sp)
   140dc:	d026                	sw	s1,32(sp)
   140de:	00fb8c3b          	addw	s8,s7,a5
   140e2:	d25a                	sw	s6,36(sp)
   140e4:	6d5040ef          	jal	18fb8 <__unordtf2>
   140e8:	ed55                	bnez	a0,141a4 <_ldtoa_r+0x15e>
   140ea:	07fff6b7          	lui	a3,0x7fff
   140ee:	1692                	slli	a3,a3,0x24
   140f0:	96ce                	add	a3,a3,s3
   140f2:	864e                	mv	a2,s3
   140f4:	854a                	mv	a0,s2
   140f6:	85a2                	mv	a1,s0
   140f8:	6c1040ef          	jal	18fb8 <__unordtf2>
   140fc:	e135                	bnez	a0,14160 <_ldtoa_r+0x11a>
   140fe:	07fff6b7          	lui	a3,0x7fff
   14102:	1692                	slli	a3,a3,0x24
   14104:	864e                	mv	a2,s3
   14106:	96ce                	add	a3,a3,s3
   14108:	854a                	mv	a0,s2
   1410a:	85a2                	mv	a1,s0
   1410c:	7e7030ef          	jal	180f2 <__letf2>
   14110:	04a05863          	blez	a0,14160 <_ldtoa_r+0x11a>
   14114:	478d                	li	a5,3
   14116:	ca3e                	sw	a5,20(sp)
   14118:	87e6                	mv	a5,s9
   1411a:	0858                	addi	a4,sp,20
   1411c:	e06e                	sd	s11,0(sp)
   1411e:	886a                	mv	a6,s10
   14120:	8662                	mv	a2,s8
   14122:	8552                	mv	a0,s4
   14124:	88d6                	mv	a7,s5
   14126:	0834                	addi	a3,sp,24
   14128:	102c                	addi	a1,sp,40
   1412a:	102000ef          	jal	1422c <__gdtoa>
   1412e:	000aa703          	lw	a4,0(s5)
   14132:	77e1                	lui	a5,0xffff8
   14134:	00f71763          	bne	a4,a5,14142 <_ldtoa_r+0xfc>
   14138:	800007b7          	lui	a5,0x80000
   1413c:	17fd                	addi	a5,a5,-1 # ffffffff7fffffff <__BSS_END__+0xffffffff7ffe23e7>
   1413e:	00faa023          	sw	a5,0(s5)
   14142:	70aa                	ld	ra,168(sp)
   14144:	740a                	ld	s0,160(sp)
   14146:	64ea                	ld	s1,152(sp)
   14148:	694a                	ld	s2,144(sp)
   1414a:	69aa                	ld	s3,136(sp)
   1414c:	6a0a                	ld	s4,128(sp)
   1414e:	7ae6                	ld	s5,120(sp)
   14150:	7b46                	ld	s6,112(sp)
   14152:	7ba6                	ld	s7,104(sp)
   14154:	7c06                	ld	s8,96(sp)
   14156:	6ce6                	ld	s9,88(sp)
   14158:	6d46                	ld	s10,80(sp)
   1415a:	6da6                	ld	s11,72(sp)
   1415c:	614d                	addi	sp,sp,176
   1415e:	8082                	ret
   14160:	67e5                	lui	a5,0x19
   14162:	5587b683          	ld	a3,1368(a5) # 19558 <blanks.1+0x18>
   14166:	85a2                	mv	a1,s0
   14168:	4601                	li	a2,0
   1416a:	854a                	mv	a0,s2
   1416c:	6d1030ef          	jal	1803c <__getf2>
   14170:	00054963          	bltz	a0,14182 <_ldtoa_r+0x13c>
   14174:	67c1                	lui	a5,0x10
   14176:	0167e7b3          	or	a5,a5,s6
   1417a:	4705                	li	a4,1
   1417c:	d23e                	sw	a5,36(sp)
   1417e:	ca3a                	sw	a4,20(sp)
   14180:	bf61                	j	14118 <_ldtoa_r+0xd2>
   14182:	854a                	mv	a0,s2
   14184:	85a6                	mv	a1,s1
   14186:	4601                	li	a2,0
   14188:	4681                	li	a3,0
   1418a:	60b030ef          	jal	17f94 <__eqtf2>
   1418e:	e119                	bnez	a0,14194 <_ldtoa_r+0x14e>
   14190:	ca02                	sw	zero,20(sp)
   14192:	b759                	j	14118 <_ldtoa_r+0xd2>
   14194:	77f1                	lui	a5,0xffffc
   14196:	f927879b          	addiw	a5,a5,-110 # ffffffffffffbf92 <__BSS_END__+0xfffffffffffde37a>
   1419a:	4709                	li	a4,2
   1419c:	00fb8c3b          	addw	s8,s7,a5
   141a0:	ca3a                	sw	a4,20(sp)
   141a2:	bf9d                	j	14118 <_ldtoa_r+0xd2>
   141a4:	4791                	li	a5,4
   141a6:	ca3e                	sw	a5,20(sp)
   141a8:	bf85                	j	14118 <_ldtoa_r+0xd2>

00000000000141aa <_ldcheck>:
   141aa:	7179                	addi	sp,sp,-48
   141ac:	ec26                	sd	s1,24(sp)
   141ae:	6504                	ld	s1,8(a0)
   141b0:	e84a                	sd	s2,16(sp)
   141b2:	e44e                	sd	s3,8(sp)
   141b4:	00053903          	ld	s2,0(a0)
   141b8:	59fd                	li	s3,-1
   141ba:	0019d793          	srli	a5,s3,0x1
   141be:	8cfd                	and	s1,s1,a5
   141c0:	86a6                	mv	a3,s1
   141c2:	85a6                	mv	a1,s1
   141c4:	864a                	mv	a2,s2
   141c6:	854a                	mv	a0,s2
   141c8:	f406                	sd	ra,40(sp)
   141ca:	5ef040ef          	jal	18fb8 <__unordtf2>
   141ce:	e921                	bnez	a0,1421e <_ldcheck+0x74>
   141d0:	07fff6b7          	lui	a3,0x7fff
   141d4:	1692                	slli	a3,a3,0x24
   141d6:	96ce                	add	a3,a3,s3
   141d8:	864e                	mv	a2,s3
   141da:	854a                	mv	a0,s2
   141dc:	85a6                	mv	a1,s1
   141de:	f022                	sd	s0,32(sp)
   141e0:	4405                	li	s0,1
   141e2:	5d7040ef          	jal	18fb8 <__unordtf2>
   141e6:	cd11                	beqz	a0,14202 <_ldcheck+0x58>
   141e8:	70a2                	ld	ra,40(sp)
   141ea:	00144513          	xori	a0,s0,1
   141ee:	7402                	ld	s0,32(sp)
   141f0:	0ff57513          	zext.b	a0,a0
   141f4:	64e2                	ld	s1,24(sp)
   141f6:	6942                	ld	s2,16(sp)
   141f8:	69a2                	ld	s3,8(sp)
   141fa:	0015151b          	slliw	a0,a0,0x1
   141fe:	6145                	addi	sp,sp,48
   14200:	8082                	ret
   14202:	07fff7b7          	lui	a5,0x7fff
   14206:	1792                	slli	a5,a5,0x24
   14208:	864e                	mv	a2,s3
   1420a:	013786b3          	add	a3,a5,s3
   1420e:	854a                	mv	a0,s2
   14210:	85a6                	mv	a1,s1
   14212:	6e1030ef          	jal	180f2 <__letf2>
   14216:	fca059e3          	blez	a0,141e8 <_ldcheck+0x3e>
   1421a:	4401                	li	s0,0
   1421c:	b7f1                	j	141e8 <_ldcheck+0x3e>
   1421e:	70a2                	ld	ra,40(sp)
   14220:	64e2                	ld	s1,24(sp)
   14222:	6942                	ld	s2,16(sp)
   14224:	69a2                	ld	s3,8(sp)
   14226:	4505                	li	a0,1
   14228:	6145                	addi	sp,sp,48
   1422a:	8082                	ret

000000000001422c <__gdtoa>:
   1422c:	00072303          	lw	t1,0(a4)
   14230:	7111                	addi	sp,sp,-256
   14232:	f9a2                	sd	s0,240(sp)
   14234:	6412                	ld	s0,256(sp)
   14236:	edce                	sd	s3,216(sp)
   14238:	fcf37e13          	andi	t3,t1,-49
   1423c:	fd86                	sd	ra,248(sp)
   1423e:	01c72023          	sw	t3,0(a4)
   14242:	4e8d                	li	t4,3
   14244:	00f37e13          	andi	t3,t1,15
   14248:	89a2                	mv	s3,s0
   1424a:	27de0863          	beq	t3,t4,144ba <__gdtoa+0x28e>
   1424e:	fd5e                	sd	s7,184(sp)
   14250:	00c37413          	andi	s0,t1,12
   14254:	8ba2                	mv	s7,s0
   14256:	1c041263          	bnez	s0,1441a <__gdtoa+0x1ee>
   1425a:	e9d2                	sd	s4,208(sp)
   1425c:	f962                	sd	s8,176(sp)
   1425e:	f566                	sd	s9,168(sp)
   14260:	f16a                	sd	s10,160(sp)
   14262:	ed6e                	sd	s11,152(sp)
   14264:	e03a                	sd	a4,0(sp)
   14266:	8a2a                	mv	s4,a0
   14268:	8cc6                	mv	s9,a7
   1426a:	8c36                	mv	s8,a3
   1426c:	8d32                	mv	s10,a2
   1426e:	8dae                	mv	s11,a1
   14270:	200e0e63          	beqz	t3,1448c <__gdtoa+0x260>
   14274:	4194                	lw	a3,0(a1)
   14276:	e5d6                	sd	s5,200(sp)
   14278:	e1da                	sd	s6,192(sp)
   1427a:	8abe                	mv	s5,a5
   1427c:	02000793          	li	a5,32
   14280:	8b42                	mv	s6,a6
   14282:	4581                	li	a1,0
   14284:	00d7d763          	bge	a5,a3,14292 <__gdtoa+0x66>
   14288:	0017979b          	slliw	a5,a5,0x1
   1428c:	2585                	addiw	a1,a1,1
   1428e:	fed7cde3          	blt	a5,a3,14288 <__gdtoa+0x5c>
   14292:	8552                	mv	a0,s4
   14294:	e836                	sd	a3,16(sp)
   14296:	e41a                	sd	t1,8(sp)
   14298:	3ae010ef          	jal	15646 <_Balloc>
   1429c:	6322                	ld	t1,8(sp)
   1429e:	66c2                	ld	a3,16(sp)
   142a0:	842a                	mv	s0,a0
   142a2:	1c050063          	beqz	a0,14462 <__gdtoa+0x236>
   142a6:	fff6871b          	addiw	a4,a3,-1 # 7ffefff <__BSS_END__+0x7fe13e7>
   142aa:	4057571b          	sraiw	a4,a4,0x5
   142ae:	070a                	slli	a4,a4,0x2
   142b0:	87e2                	mv	a5,s8
   142b2:	00ec0533          	add	a0,s8,a4
   142b6:	01840613          	addi	a2,s0,24
   142ba:	438c                	lw	a1,0(a5)
   142bc:	0791                	addi	a5,a5,4 # 7fff004 <__BSS_END__+0x7fe13ec>
   142be:	0611                	addi	a2,a2,4
   142c0:	feb62e23          	sw	a1,-4(a2)
   142c4:	fef57be3          	bgeu	a0,a5,142ba <__gdtoa+0x8e>
   142c8:	001c0793          	addi	a5,s8,1
   142cc:	0505                	addi	a0,a0,1
   142ce:	00f53533          	sltu	a0,a0,a5
   142d2:	157d                	addi	a0,a0,-1
   142d4:	8f69                	and	a4,a4,a0
   142d6:	0711                	addi	a4,a4,4
   142d8:	40275793          	srai	a5,a4,0x2
   142dc:	9722                	add	a4,a4,s0
   142de:	a021                	j	142e6 <__gdtoa+0xba>
   142e0:	1771                	addi	a4,a4,-4
   142e2:	1e078a63          	beqz	a5,144d6 <__gdtoa+0x2aa>
   142e6:	4b50                	lw	a2,20(a4)
   142e8:	85be                	mv	a1,a5
   142ea:	37fd                	addiw	a5,a5,-1
   142ec:	da75                	beqz	a2,142e0 <__gdtoa+0xb4>
   142ee:	078a                	slli	a5,a5,0x2
   142f0:	97a2                	add	a5,a5,s0
   142f2:	4f88                	lw	a0,24(a5)
   142f4:	c84c                	sw	a1,20(s0)
   142f6:	ec1a                	sd	t1,24(sp)
   142f8:	e836                	sd	a3,16(sp)
   142fa:	e42e                	sd	a1,8(sp)
   142fc:	59c010ef          	jal	15898 <__hi0bits>
   14300:	65a2                	ld	a1,8(sp)
   14302:	6362                	ld	t1,24(sp)
   14304:	66c2                	ld	a3,16(sp)
   14306:	0055959b          	slliw	a1,a1,0x5
   1430a:	40a587bb          	subw	a5,a1,a0
   1430e:	8522                	mv	a0,s0
   14310:	ec3e                	sd	a5,24(sp)
   14312:	e836                	sd	a3,16(sp)
   14314:	e41a                	sd	t1,8(sp)
   14316:	2f0010ef          	jal	15606 <__trailz_D2A>
   1431a:	c72a                	sw	a0,140(sp)
   1431c:	6322                	ld	t1,8(sp)
   1431e:	66c2                	ld	a3,16(sp)
   14320:	67e2                	ld	a5,24(sp)
   14322:	866a                	mv	a2,s10
   14324:	3a051b63          	bnez	a0,146da <__gdtoa+0x4ae>
   14328:	4858                	lw	a4,20(s0)
   1432a:	14070b63          	beqz	a4,14480 <__gdtoa+0x254>
   1432e:	016c                	addi	a1,sp,140
   14330:	8522                	mv	a0,s0
   14332:	f03e                	sd	a5,32(sp)
   14334:	ec36                	sd	a3,24(sp)
   14336:	e832                	sd	a2,16(sp)
   14338:	e41a                	sd	t1,8(sp)
   1433a:	f5a6                	sd	s1,232(sp)
   1433c:	509010ef          	jal	16044 <__b2d>
   14340:	e2050753          	fmv.x.d	a4,fa0
   14344:	3ff00537          	lui	a0,0x3ff00
   14348:	686d                	lui	a6,0x1b
   1434a:	00c71593          	slli	a1,a4,0xc
   1434e:	02071f13          	slli	t5,a4,0x20
   14352:	02c5d713          	srli	a4,a1,0x2c
   14356:	00a765b3          	or	a1,a4,a0
   1435a:	02059713          	slli	a4,a1,0x20
   1435e:	020f5f13          	srli	t5,t5,0x20
   14362:	00ef6f33          	or	t5,t5,a4
   14366:	f20f07d3          	fmv.d.x	fa5,t5
   1436a:	59883707          	fld	fa4,1432(a6) # 1b598 <__SDATA_BEGIN__>
   1436e:	8081b687          	fld	fa3,-2040(gp) # 1b5a0 <__SDATA_BEGIN__+0x8>
   14372:	0ae7f753          	fsub.d	fa4,fa5,fa4
   14376:	8101b787          	fld	fa5,-2032(gp) # 1b5a8 <__SDATA_BEGIN__+0x10>
   1437a:	6642                	ld	a2,16(sp)
   1437c:	7782                	ld	a5,32(sp)
   1437e:	852e                	mv	a0,a1
   14380:	7ad77743          	fmadd.d	fa4,fa4,fa3,fa5
   14384:	00f608bb          	addw	a7,a2,a5
   14388:	fff8859b          	addiw	a1,a7,-1
   1438c:	8181b687          	fld	fa3,-2024(gp) # 1b5b0 <__SDATA_BEGIN__+0x18>
   14390:	d20587d3          	fcvt.d.w	fa5,a1
   14394:	6322                	ld	t1,8(sp)
   14396:	66e2                	ld	a3,24(sp)
   14398:	72d7f7c3          	fmadd.d	fa5,fa5,fa3,fa4
   1439c:	872e                	mv	a4,a1
   1439e:	0005d563          	bgez	a1,143a8 <__gdtoa+0x17c>
   143a2:	4705                	li	a4,1
   143a4:	4117073b          	subw	a4,a4,a7
   143a8:	bcb7071b          	addiw	a4,a4,-1077
   143ac:	00e05863          	blez	a4,143bc <__gdtoa+0x190>
   143b0:	8201b707          	fld	fa4,-2016(gp) # 1b5b8 <__SDATA_BEGIN__+0x20>
   143b4:	d20706d3          	fcvt.d.w	fa3,a4
   143b8:	7ae6f7c3          	fmadd.d	fa5,fa3,fa4,fa5
   143bc:	f2000753          	fmv.d.x	fa4,zero
   143c0:	c2079853          	fcvt.w.d	a6,fa5,rtz
   143c4:	a2e79753          	flt.d	a4,fa5,fa4
   143c8:	42071863          	bnez	a4,147f8 <__gdtoa+0x5cc>
   143cc:	0145971b          	slliw	a4,a1,0x14
   143d0:	1f02                	slli	t5,t5,0x20
   143d2:	9f29                	addw	a4,a4,a0
   143d4:	1702                	slli	a4,a4,0x20
   143d6:	020f5f13          	srli	t5,t5,0x20
   143da:	40b785bb          	subw	a1,a5,a1
   143de:	00ef6f33          	or	t5,t5,a4
   143e2:	fff58e9b          	addiw	t4,a1,-1
   143e6:	4759                	li	a4,22
   143e8:	8e76                	mv	t3,t4
   143ea:	0f076963          	bltu	a4,a6,144dc <__gdtoa+0x2b0>
   143ee:	6565                	lui	a0,0x19
   143f0:	5d850513          	addi	a0,a0,1496 # 195d8 <__mprec_tens>
   143f4:	00381713          	slli	a4,a6,0x3
   143f8:	972a                	add	a4,a4,a0
   143fa:	231c                	fld	fa5,0(a4)
   143fc:	f20f0753          	fmv.d.x	fa4,t5
   14400:	a2f71753          	flt.d	a4,fa4,fa5
   14404:	30071363          	bnez	a4,1470a <__gdtoa+0x4de>
   14408:	0cb052e3          	blez	a1,14ccc <__gdtoa+0xaa0>
   1440c:	01d80ebb          	addw	t4,a6,t4
   14410:	f082                	sd	zero,96(sp)
   14412:	e8c2                	sd	a6,80(sp)
   14414:	e802                	sd	zero,16(sp)
   14416:	e482                	sd	zero,72(sp)
   14418:	a0cd                	j	144fa <__gdtoa+0x2ce>
   1441a:	4791                	li	a5,4
   1441c:	04fe1a63          	bne	t3,a5,14470 <__gdtoa+0x244>
   14420:	744e                	ld	s0,240(sp)
   14422:	7bea                	ld	s7,184(sp)
   14424:	70ee                	ld	ra,248(sp)
   14426:	77e1                	lui	a5,0xffff8
   14428:	864e                	mv	a2,s3
   1442a:	69ee                	ld	s3,216(sp)
   1442c:	65e5                	lui	a1,0x19
   1442e:	00f8a023          	sw	a5,0(a7)
   14432:	86f6                	mv	a3,t4
   14434:	27058593          	addi	a1,a1,624 # 19270 <__clzdi2+0xb0>
   14438:	6111                	addi	sp,sp,256
   1443a:	72d0006f          	j	15366 <__nrv_alloc_D2A>
   1443e:	85fa                	mv	a1,t5
   14440:	8552                	mv	a0,s4
   14442:	fc3a                	sd	a4,56(sp)
   14444:	f872                	sd	t3,48(sp)
   14446:	f442                	sd	a6,40(sp)
   14448:	f03e                	sd	a5,32(sp)
   1444a:	ec46                	sd	a7,24(sp)
   1444c:	09d010ef          	jal	15ce8 <__lshift>
   14450:	68e2                	ld	a7,24(sp)
   14452:	7782                	ld	a5,32(sp)
   14454:	7822                	ld	a6,40(sp)
   14456:	7e42                	ld	t3,48(sp)
   14458:	7762                	ld	a4,56(sp)
   1445a:	8f2a                	mv	t5,a0
   1445c:	4e051163          	bnez	a0,1493e <__gdtoa+0x712>
   14460:	74ae                	ld	s1,232(sp)
   14462:	6a4e                	ld	s4,208(sp)
   14464:	6aae                	ld	s5,200(sp)
   14466:	6b0e                	ld	s6,192(sp)
   14468:	7c4a                	ld	s8,176(sp)
   1446a:	7caa                	ld	s9,168(sp)
   1446c:	7d0a                	ld	s10,160(sp)
   1446e:	6dea                	ld	s11,152(sp)
   14470:	4701                	li	a4,0
   14472:	70ee                	ld	ra,248(sp)
   14474:	744e                	ld	s0,240(sp)
   14476:	7bea                	ld	s7,184(sp)
   14478:	69ee                	ld	s3,216(sp)
   1447a:	853a                	mv	a0,a4
   1447c:	6111                	addi	sp,sp,256
   1447e:	8082                	ret
   14480:	85a2                	mv	a1,s0
   14482:	8552                	mv	a0,s4
   14484:	226010ef          	jal	156aa <_Bfree>
   14488:	6aae                	ld	s5,200(sp)
   1448a:	6b0e                	ld	s6,192(sp)
   1448c:	4685                	li	a3,1
   1448e:	65e5                	lui	a1,0x19
   14490:	864e                	mv	a2,s3
   14492:	8552                	mv	a0,s4
   14494:	00dca023          	sw	a3,0(s9)
   14498:	25858593          	addi	a1,a1,600 # 19258 <__clzdi2+0x98>
   1449c:	6cb000ef          	jal	15366 <__nrv_alloc_D2A>
   144a0:	70ee                	ld	ra,248(sp)
   144a2:	744e                	ld	s0,240(sp)
   144a4:	872a                	mv	a4,a0
   144a6:	6a4e                	ld	s4,208(sp)
   144a8:	7c4a                	ld	s8,176(sp)
   144aa:	7caa                	ld	s9,168(sp)
   144ac:	7d0a                	ld	s10,160(sp)
   144ae:	6dea                	ld	s11,152(sp)
   144b0:	7bea                	ld	s7,184(sp)
   144b2:	69ee                	ld	s3,216(sp)
   144b4:	853a                	mv	a0,a4
   144b6:	6111                	addi	sp,sp,256
   144b8:	8082                	ret
   144ba:	8622                	mv	a2,s0
   144bc:	744e                	ld	s0,240(sp)
   144be:	70ee                	ld	ra,248(sp)
   144c0:	69ee                	ld	s3,216(sp)
   144c2:	77e1                	lui	a5,0xffff8
   144c4:	65e5                	lui	a1,0x19
   144c6:	00f8a023          	sw	a5,0(a7)
   144ca:	26058593          	addi	a1,a1,608 # 19260 <__clzdi2+0xa0>
   144ce:	46a1                	li	a3,8
   144d0:	6111                	addi	sp,sp,256
   144d2:	6950006f          	j	15366 <__nrv_alloc_D2A>
   144d6:	00042a23          	sw	zero,20(s0)
   144da:	bd15                	j	1430e <__gdtoa+0xe2>
   144dc:	4705                	li	a4,1
   144de:	f0ba                	sd	a4,96(sp)
   144e0:	e802                	sd	zero,16(sp)
   144e2:	200e4d63          	bltz	t3,146fc <__gdtoa+0x4d0>
   144e6:	20085663          	bgez	a6,146f2 <__gdtoa+0x4c6>
   144ea:	6742                	ld	a4,16(sp)
   144ec:	e882                	sd	zero,80(sp)
   144ee:	4107073b          	subw	a4,a4,a6
   144f2:	e83a                	sd	a4,16(sp)
   144f4:	4100073b          	negw	a4,a6
   144f8:	e4ba                	sd	a4,72(sp)
   144fa:	4725                	li	a4,9
   144fc:	2d576863          	bltu	a4,s5,147cc <__gdtoa+0x5a0>
   14500:	4715                	li	a4,5
   14502:	55575163          	bge	a4,s5,14a44 <__gdtoa+0x818>
   14506:	ffca851b          	addiw	a0,s5,-4
   1450a:	4591                	li	a1,4
   1450c:	8aaa                	mv	s5,a0
   1450e:	2eb50d63          	beq	a0,a1,14808 <__gdtoa+0x5dc>
   14512:	6ee50263          	beq	a0,a4,14bf6 <__gdtoa+0x9ca>
   14516:	4709                	li	a4,2
   14518:	f482                	sd	zero,104(sp)
   1451a:	4481                	li	s1,0
   1451c:	2ee50963          	beq	a0,a4,1480e <__gdtoa+0x5e2>
   14520:	4a8d                	li	s5,3
   14522:	010b073b          	addw	a4,s6,a6
   14526:	f8ba                	sd	a4,112(sp)
   14528:	0017089b          	addiw	a7,a4,1
   1452c:	6d105263          	blez	a7,14bf0 <__gdtoa+0x9c4>
   14530:	8746                	mv	a4,a7
   14532:	85c6                	mv	a1,a7
   14534:	8552                	mv	a0,s4
   14536:	c73a                	sw	a4,140(sp)
   14538:	e0fa                	sd	t5,64(sp)
   1453a:	fc76                	sd	t4,56(sp)
   1453c:	f83e                	sd	a5,48(sp)
   1453e:	f436                	sd	a3,40(sp)
   14540:	f042                	sd	a6,32(sp)
   14542:	ec32                	sd	a2,24(sp)
   14544:	e446                	sd	a7,8(sp)
   14546:	ec9a                	sd	t1,88(sp)
   14548:	5db000ef          	jal	15322 <__rv_alloc_D2A>
   1454c:	872a                	mv	a4,a0
   1454e:	f00509e3          	beqz	a0,14460 <__gdtoa+0x234>
   14552:	00cdae03          	lw	t3,12(s11)
   14556:	68a2                	ld	a7,8(sp)
   14558:	6662                	ld	a2,24(sp)
   1455a:	3e7d                	addiw	t3,t3,-1
   1455c:	7802                	ld	a6,32(sp)
   1455e:	76a2                	ld	a3,40(sp)
   14560:	77c2                	ld	a5,48(sp)
   14562:	7ee2                	ld	t4,56(sp)
   14564:	6f06                	ld	t5,64(sp)
   14566:	000e0d63          	beqz	t3,14580 <__gdtoa+0x354>
   1456a:	6366                	ld	t1,88(sp)
   1456c:	000e5363          	bgez	t3,14572 <__gdtoa+0x346>
   14570:	4e09                	li	t3,2
   14572:	10037313          	andi	t1,t1,256
   14576:	1e030563          	beqz	t1,14760 <__gdtoa+0x534>
   1457a:	458d                	li	a1,3
   1457c:	41c58e3b          	subw	t3,a1,t3
   14580:	00f8b593          	sltiu	a1,a7,15
   14584:	1c058e63          	beqz	a1,14760 <__gdtoa+0x534>
   14588:	1c048c63          	beqz	s1,14760 <__gdtoa+0x534>
   1458c:	010e65b3          	or	a1,t3,a6
   14590:	2581                	sext.w	a1,a1
   14592:	1c059763          	bnez	a1,14760 <__gdtoa+0x534>
   14596:	7586                	ld	a1,96(sp)
   14598:	c702                	sw	zero,140(sp)
   1459a:	f20f06d3          	fmv.d.x	fa3,t5
   1459e:	c599                	beqz	a1,145ac <__gdtoa+0x380>
   145a0:	8301b787          	fld	fa5,-2000(gp) # 1b5c8 <__SDATA_BEGIN__+0x30>
   145a4:	a2f695d3          	flt.d	a1,fa3,fa5
   145a8:	16059463          	bnez	a1,14710 <__gdtoa+0x4e4>
   145ac:	8381b787          	fld	fa5,-1992(gp) # 1b5d0 <__SDATA_BEGIN__+0x38>
   145b0:	fcc00537          	lui	a0,0xfcc00
   145b4:	a43e                	fsd	fa5,8(sp)
   145b6:	2722                	fld	fa4,8(sp)
   145b8:	8401b787          	fld	fa5,-1984(gp) # 1b5d8 <__SDATA_BEGIN__+0x40>
   145bc:	7ae6f7c3          	fmadd.d	fa5,fa3,fa4,fa5
   145c0:	e20785d3          	fmv.x.d	a1,fa5
   145c4:	02059e13          	slli	t3,a1,0x20
   145c8:	9181                	srli	a1,a1,0x20
   145ca:	9da9                	addw	a1,a1,a0
   145cc:	020e5e13          	srli	t3,t3,0x20
   145d0:	1582                	slli	a1,a1,0x20
   145d2:	00be6e33          	or	t3,t3,a1
   145d6:	16088463          	beqz	a7,1473e <__gdtoa+0x512>
   145da:	22d687d3          	fmv.d	fa5,fa3
   145de:	4581                	li	a1,0
   145e0:	8fc6                	mv	t6,a7
   145e2:	6565                	lui	a0,0x19
   145e4:	ffff831b          	addiw	t1,t6,-1
   145e8:	74a6                	ld	s1,104(sp)
   145ea:	5d850513          	addi	a0,a0,1496 # 195d8 <__mprec_tens>
   145ee:	030e                	slli	t1,t1,0x3
   145f0:	932a                	add	t1,t1,a0
   145f2:	00033607          	fld	fa2,0(t1)
   145f6:	120486e3          	beqz	s1,14f22 <__gdtoa+0xcf6>
   145fa:	8601b707          	fld	fa4,-1952(gp) # 1b5f8 <__SDATA_BEGIN__+0x60>
   145fe:	c20792d3          	fcvt.w.d	t0,fa5,rtz
   14602:	00170313          	addi	t1,a4,1
   14606:	1ac77753          	fdiv.d	fa4,fa4,fa2
   1460a:	d20286d3          	fcvt.d.w	fa3,t0
   1460e:	0302829b          	addiw	t0,t0,48 # 10924 <__call_exitprocs+0x16>
   14612:	00570023          	sb	t0,0(a4)
   14616:	0ad7f7d3          	fsub.d	fa5,fa5,fa3
   1461a:	f20e06d3          	fmv.d.x	fa3,t3
   1461e:	0ad77753          	fsub.d	fa4,fa4,fa3
   14622:	a2e79e53          	flt.d	t3,fa5,fa4
   14626:	2c0e16e3          	bnez	t3,150f2 <__gdtoa+0xec6>
   1462a:	8301b587          	fld	fa1,-2000(gp) # 1b5c8 <__SDATA_BEGIN__+0x30>
   1462e:	8481b607          	fld	fa2,-1976(gp) # 1b5e0 <__SDATA_BEGIN__+0x48>
   14632:	a80d                	j	14664 <__gdtoa+0x438>
   14634:	4e3a                	lw	t3,140(sp)
   14636:	0305                	addi	t1,t1,1
   14638:	2e05                	addiw	t3,t3,1
   1463a:	c772                	sw	t3,140(sp)
   1463c:	39fe59e3          	bge	t3,t6,151ce <__gdtoa+0xfa2>
   14640:	12c7f7d3          	fmul.d	fa5,fa5,fa2
   14644:	12c77753          	fmul.d	fa4,fa4,fa2
   14648:	c2079e53          	fcvt.w.d	t3,fa5,rtz
   1464c:	d20e06d3          	fcvt.d.w	fa3,t3
   14650:	030e0e1b          	addiw	t3,t3,48
   14654:	ffc30fa3          	sb	t3,-1(t1)
   14658:	0ad7f7d3          	fsub.d	fa5,fa5,fa3
   1465c:	a2e79e53          	flt.d	t3,fa5,fa4
   14660:	280e19e3          	bnez	t3,150f2 <__gdtoa+0xec6>
   14664:	0af5f6d3          	fsub.d	fa3,fa1,fa5
   14668:	a2e69e53          	flt.d	t3,fa3,fa4
   1466c:	fc0e04e3          	beqz	t3,14634 <__gdtoa+0x408>
   14670:	fff34683          	lbu	a3,-1(t1)
   14674:	03900613          	li	a2,57
   14678:	a031                	j	14684 <__gdtoa+0x458>
   1467a:	18f70ae3          	beq	a4,a5,1500e <__gdtoa+0xde2>
   1467e:	fff7c683          	lbu	a3,-1(a5) # ffffffffffff7fff <__BSS_END__+0xfffffffffffda3e7>
   14682:	833e                	mv	t1,a5
   14684:	fff30793          	addi	a5,t1,-1
   14688:	fec689e3          	beq	a3,a2,1467a <__gdtoa+0x44e>
   1468c:	0685                	addi	a3,a3,1
   1468e:	00d78023          	sb	a3,0(a5)
   14692:	0015861b          	addiw	a2,a1,1
   14696:	02000b93          	li	s7,32
   1469a:	85a2                	mv	a1,s0
   1469c:	8552                	mv	a0,s4
   1469e:	ec3a                	sd	a4,24(sp)
   146a0:	e832                	sd	a2,16(sp)
   146a2:	e41a                	sd	t1,8(sp)
   146a4:	006010ef          	jal	156aa <_Bfree>
   146a8:	6322                	ld	t1,8(sp)
   146aa:	6642                	ld	a2,16(sp)
   146ac:	6762                	ld	a4,24(sp)
   146ae:	00030023          	sb	zero,0(t1)
   146b2:	00cca023          	sw	a2,0(s9)
   146b6:	00098463          	beqz	s3,146be <__gdtoa+0x492>
   146ba:	0069b023          	sd	t1,0(s3)
   146be:	6682                	ld	a3,0(sp)
   146c0:	74ae                	ld	s1,232(sp)
   146c2:	6a4e                	ld	s4,208(sp)
   146c4:	429c                	lw	a5,0(a3)
   146c6:	6aae                	ld	s5,200(sp)
   146c8:	6b0e                	ld	s6,192(sp)
   146ca:	00fbe7b3          	or	a5,s7,a5
   146ce:	7c4a                	ld	s8,176(sp)
   146d0:	7caa                	ld	s9,168(sp)
   146d2:	7d0a                	ld	s10,160(sp)
   146d4:	6dea                	ld	s11,152(sp)
   146d6:	c29c                	sw	a5,0(a3)
   146d8:	bb69                	j	14472 <__gdtoa+0x246>
   146da:	85aa                	mv	a1,a0
   146dc:	8522                	mv	a0,s0
   146de:	685000ef          	jal	15562 <__rshift_D2A>
   146e2:	463a                	lw	a2,140(sp)
   146e4:	67e2                	ld	a5,24(sp)
   146e6:	66c2                	ld	a3,16(sp)
   146e8:	6322                	ld	t1,8(sp)
   146ea:	9f91                	subw	a5,a5,a2
   146ec:	01a6063b          	addw	a2,a2,s10
   146f0:	b925                	j	14328 <__gdtoa+0xfc>
   146f2:	01d80ebb          	addw	t4,a6,t4
   146f6:	e8c2                	sd	a6,80(sp)
   146f8:	e482                	sd	zero,72(sp)
   146fa:	b501                	j	144fa <__gdtoa+0x2ce>
   146fc:	4705                	li	a4,1
   146fe:	9f0d                	subw	a4,a4,a1
   14700:	e83a                	sd	a4,16(sp)
   14702:	4e81                	li	t4,0
   14704:	de0843e3          	bltz	a6,144ea <__gdtoa+0x2be>
   14708:	b7ed                	j	146f2 <__gdtoa+0x4c6>
   1470a:	387d                	addiw	a6,a6,-1
   1470c:	f082                	sd	zero,96(sp)
   1470e:	bbc9                	j	144e0 <__gdtoa+0x2b4>
   14710:	180896e3          	bnez	a7,1509c <__gdtoa+0xe70>
   14714:	8381b787          	fld	fa5,-1992(gp) # 1b5d0 <__SDATA_BEGIN__+0x38>
   14718:	fcc00537          	lui	a0,0xfcc00
   1471c:	a43e                	fsd	fa5,8(sp)
   1471e:	2722                	fld	fa4,8(sp)
   14720:	8401b787          	fld	fa5,-1984(gp) # 1b5d8 <__SDATA_BEGIN__+0x40>
   14724:	7ad777c3          	fmadd.d	fa5,fa4,fa3,fa5
   14728:	e20785d3          	fmv.x.d	a1,fa5
   1472c:	02059e13          	slli	t3,a1,0x20
   14730:	9181                	srli	a1,a1,0x20
   14732:	9da9                	addw	a1,a1,a0
   14734:	020e5e13          	srli	t3,t3,0x20
   14738:	1582                	slli	a1,a1,0x20
   1473a:	00be6e33          	or	t3,t3,a1
   1473e:	8581b787          	fld	fa5,-1960(gp) # 1b5f0 <__SDATA_BEGIN__+0x58>
   14742:	0af6f6d3          	fsub.d	fa3,fa3,fa5
   14746:	f20e07d3          	fmv.d.x	fa5,t3
   1474a:	a2d795d3          	flt.d	a1,fa5,fa3
   1474e:	08059de3          	bnez	a1,14fe8 <__gdtoa+0xdbc>
   14752:	22f797d3          	fneg.d	fa5,fa5
   14756:	a2f695d3          	flt.d	a1,fa3,fa5
   1475a:	48059063          	bnez	a1,14bda <__gdtoa+0x9ae>
   1475e:	4e01                	li	t3,0
   14760:	fff64593          	not	a1,a2
   14764:	01f5d59b          	srliw	a1,a1,0x1f
   14768:	cdcd                	beqz	a1,14822 <__gdtoa+0x5f6>
   1476a:	00f82593          	slti	a1,a6,15
   1476e:	c9d5                	beqz	a1,14822 <__gdtoa+0x5f6>
   14770:	6565                	lui	a0,0x19
   14772:	5d850513          	addi	a0,a0,1496 # 195d8 <__mprec_tens>
   14776:	00381693          	slli	a3,a6,0x3
   1477a:	96aa                	add	a3,a3,a0
   1477c:	01fb579b          	srliw	a5,s6,0x1f
   14780:	2298                	fld	fa4,0(a3)
   14782:	30078863          	beqz	a5,14a92 <__gdtoa+0x866>
   14786:	31104663          	bgtz	a7,14a92 <__gdtoa+0x866>
   1478a:	44089863          	bnez	a7,14bda <__gdtoa+0x9ae>
   1478e:	8581b787          	fld	fa5,-1960(gp) # 1b5f0 <__SDATA_BEGIN__+0x58>
   14792:	12f77753          	fmul.d	fa4,fa4,fa5
   14796:	f20f07d3          	fmv.d.x	fa5,t5
   1479a:	a2e787d3          	fle.d	a5,fa5,fa4
   1479e:	42079e63          	bnez	a5,14bda <__gdtoa+0x9ae>
   147a2:	03100793          	li	a5,49
   147a6:	00170313          	addi	t1,a4,1
   147aa:	00f70023          	sb	a5,0(a4)
   147ae:	4581                	li	a1,0
   147b0:	8552                	mv	a0,s4
   147b2:	ec42                	sd	a6,24(sp)
   147b4:	e83a                	sd	a4,16(sp)
   147b6:	e41a                	sd	t1,8(sp)
   147b8:	6f3000ef          	jal	156aa <_Bfree>
   147bc:	6862                	ld	a6,24(sp)
   147be:	6322                	ld	t1,8(sp)
   147c0:	6742                	ld	a4,16(sp)
   147c2:	0028061b          	addiw	a2,a6,2
   147c6:	02000b93          	li	s7,32
   147ca:	bdc1                	j	1469a <__gdtoa+0x46e>
   147cc:	3fd8889b          	addiw	a7,a7,1021
   147d0:	7f88b493          	sltiu	s1,a7,2040
   147d4:	4a81                	li	s5,0
   147d6:	8281b707          	fld	fa4,-2008(gp) # 1b5c0 <__SDATA_BEGIN__+0x28>
   147da:	d20687d3          	fcvt.d.w	fa5,a3
   147de:	577d                	li	a4,-1
   147e0:	f8ba                	sd	a4,112(sp)
   147e2:	12e7f7d3          	fmul.d	fa5,fa5,fa4
   147e6:	88ba                	mv	a7,a4
   147e8:	4705                	li	a4,1
   147ea:	f4ba                	sd	a4,104(sp)
   147ec:	4b01                	li	s6,0
   147ee:	c20795d3          	fcvt.w.d	a1,fa5,rtz
   147f2:	258d                	addiw	a1,a1,3
   147f4:	872e                	mv	a4,a1
   147f6:	bb3d                	j	14534 <__gdtoa+0x308>
   147f8:	d2080753          	fcvt.d.w	fa4,a6
   147fc:	a2f72753          	feq.d	a4,fa4,fa5
   14800:	bc0716e3          	bnez	a4,143cc <__gdtoa+0x1a0>
   14804:	387d                	addiw	a6,a6,-1
   14806:	b6d9                	j	143cc <__gdtoa+0x1a0>
   14808:	4705                	li	a4,1
   1480a:	4481                	li	s1,0
   1480c:	f4ba                	sd	a4,104(sp)
   1480e:	000b059b          	sext.w	a1,s6
   14812:	01604363          	bgtz	s6,14818 <__gdtoa+0x5ec>
   14816:	4585                	li	a1,1
   14818:	872e                	mv	a4,a1
   1481a:	f8ae                	sd	a1,112(sp)
   1481c:	88ae                	mv	a7,a1
   1481e:	8b2e                	mv	s6,a1
   14820:	bb11                	j	14534 <__gdtoa+0x308>
   14822:	75a6                	ld	a1,104(sp)
   14824:	24058163          	beqz	a1,14a66 <__gdtoa+0x83a>
   14828:	9e9d                	subw	a3,a3,a5
   1482a:	004da503          	lw	a0,4(s11)
   1482e:	0016859b          	addiw	a1,a3,1
   14832:	c72e                	sw	a1,140(sp)
   14834:	40d606bb          	subw	a3,a2,a3
   14838:	4ea6d063          	bge	a3,a0,14d18 <__gdtoa+0xaec>
   1483c:	ffda869b          	addiw	a3,s5,-3
   14840:	9af5                	andi	a3,a3,-3
   14842:	3e068c63          	beqz	a3,14c3a <__gdtoa+0xa0e>
   14846:	40a606bb          	subw	a3,a2,a0
   1484a:	4605                	li	a2,1
   1484c:	2685                	addiw	a3,a3,1
   1484e:	01562633          	slt	a2,a2,s5
   14852:	011025b3          	sgtz	a1,a7
   14856:	c736                	sw	a3,140(sp)
   14858:	8e6d                	and	a2,a2,a1
   1485a:	c219                	beqz	a2,14860 <__gdtoa+0x634>
   1485c:	20d8cfe3          	blt	a7,a3,1527a <__gdtoa+0x104e>
   14860:	6642                	ld	a2,16(sp)
   14862:	64a6                	ld	s1,72(sp)
   14864:	01d68ebb          	addw	t4,a3,t4
   14868:	9eb1                	addw	a3,a3,a2
   1486a:	ec36                	sd	a3,24(sp)
   1486c:	4585                	li	a1,1
   1486e:	8552                	mv	a0,s4
   14870:	ecba                	sd	a4,88(sp)
   14872:	e0f6                	sd	t4,64(sp)
   14874:	fc3e                	sd	a5,56(sp)
   14876:	f872                	sd	t3,48(sp)
   14878:	f442                	sd	a6,40(sp)
   1487a:	f046                	sd	a7,32(sp)
   1487c:	140010ef          	jal	159bc <__i2b>
   14880:	e42a                	sd	a0,8(sp)
   14882:	bc050fe3          	beqz	a0,14460 <__gdtoa+0x234>
   14886:	66c2                	ld	a3,16(sp)
   14888:	7882                	ld	a7,32(sp)
   1488a:	7822                	ld	a6,40(sp)
   1488c:	7e42                	ld	t3,48(sp)
   1488e:	77e2                	ld	a5,56(sp)
   14890:	6e86                	ld	t4,64(sp)
   14892:	6766                	ld	a4,88(sp)
   14894:	c28d                	beqz	a3,148b6 <__gdtoa+0x68a>
   14896:	03d05063          	blez	t4,148b6 <__gdtoa+0x68a>
   1489a:	6642                	ld	a2,16(sp)
   1489c:	86b2                	mv	a3,a2
   1489e:	00ced363          	bge	t4,a2,148a4 <__gdtoa+0x678>
   148a2:	86f6                	mv	a3,t4
   148a4:	6662                	ld	a2,24(sp)
   148a6:	c736                	sw	a3,140(sp)
   148a8:	40de8ebb          	subw	t4,t4,a3
   148ac:	9e15                	subw	a2,a2,a3
   148ae:	ec32                	sd	a2,24(sp)
   148b0:	6642                	ld	a2,16(sp)
   148b2:	9e15                	subw	a2,a2,a3
   148b4:	e832                	sd	a2,16(sp)
   148b6:	66a6                	ld	a3,72(sp)
   148b8:	c69d                	beqz	a3,148e6 <__gdtoa+0x6ba>
   148ba:	60049a63          	bnez	s1,14ece <__gdtoa+0xca2>
   148be:	6626                	ld	a2,72(sp)
   148c0:	85a2                	mv	a1,s0
   148c2:	8552                	mv	a0,s4
   148c4:	ecba                	sd	a4,88(sp)
   148c6:	e0f6                	sd	t4,64(sp)
   148c8:	fc3e                	sd	a5,56(sp)
   148ca:	f872                	sd	t3,48(sp)
   148cc:	f442                	sd	a6,40(sp)
   148ce:	f046                	sd	a7,32(sp)
   148d0:	330010ef          	jal	15c00 <__pow5mult>
   148d4:	7882                	ld	a7,32(sp)
   148d6:	7822                	ld	a6,40(sp)
   148d8:	7e42                	ld	t3,48(sp)
   148da:	77e2                	ld	a5,56(sp)
   148dc:	6e86                	ld	t4,64(sp)
   148de:	6766                	ld	a4,88(sp)
   148e0:	842a                	mv	s0,a0
   148e2:	b6050fe3          	beqz	a0,14460 <__gdtoa+0x234>
   148e6:	4585                	li	a1,1
   148e8:	8552                	mv	a0,s4
   148ea:	e4ba                	sd	a4,72(sp)
   148ec:	e0f6                	sd	t4,64(sp)
   148ee:	fc3e                	sd	a5,56(sp)
   148f0:	f872                	sd	t3,48(sp)
   148f2:	f442                	sd	a6,40(sp)
   148f4:	f046                	sd	a7,32(sp)
   148f6:	0c6010ef          	jal	159bc <__i2b>
   148fa:	8f2a                	mv	t5,a0
   148fc:	b60502e3          	beqz	a0,14460 <__gdtoa+0x234>
   14900:	66c6                	ld	a3,80(sp)
   14902:	7882                	ld	a7,32(sp)
   14904:	7822                	ld	a6,40(sp)
   14906:	7e42                	ld	t3,48(sp)
   14908:	77e2                	ld	a5,56(sp)
   1490a:	6e86                	ld	t4,64(sp)
   1490c:	6726                	ld	a4,72(sp)
   1490e:	34069763          	bnez	a3,14c5c <__gdtoa+0xa30>
   14912:	002aa693          	slti	a3,s5,2
   14916:	c681                	beqz	a3,1491e <__gdtoa+0x6f2>
   14918:	17fd                	addi	a5,a5,-1
   1491a:	10078963          	beqz	a5,14a2c <__gdtoa+0x800>
   1491e:	457d                	li	a0,31
   14920:	66e2                	ld	a3,24(sp)
   14922:	41d507bb          	subw	a5,a0,t4
   14926:	37f1                	addiw	a5,a5,-4
   14928:	8bfd                	andi	a5,a5,31
   1492a:	00d7863b          	addw	a2,a5,a3
   1492e:	c73e                	sw	a5,140(sp)
   14930:	86be                	mv	a3,a5
   14932:	2cc04763          	bgtz	a2,14c00 <__gdtoa+0x9d4>
   14936:	00de863b          	addw	a2,t4,a3
   1493a:	b0c042e3          	bgtz	a2,1443e <__gdtoa+0x212>
   1493e:	7686                	ld	a3,96(sp)
   14940:	e6d1                	bnez	a3,149cc <__gdtoa+0x7a0>
   14942:	1d104863          	bgtz	a7,14b12 <__gdtoa+0x8e6>
   14946:	4689                	li	a3,2
   14948:	1d56d563          	bge	a3,s5,14b12 <__gdtoa+0x8e6>
   1494c:	85fa                	mv	a1,t5
   1494e:	4681                	li	a3,0
   14950:	4615                	li	a2,5
   14952:	8552                	mv	a0,s4
   14954:	f03a                	sd	a4,32(sp)
   14956:	ec42                	sd	a6,24(sp)
   14958:	e846                	sd	a7,16(sp)
   1495a:	563000ef          	jal	156bc <__multadd>
   1495e:	85aa                	mv	a1,a0
   14960:	b00500e3          	beqz	a0,14460 <__gdtoa+0x234>
   14964:	68c2                	ld	a7,16(sp)
   14966:	6862                	ld	a6,24(sp)
   14968:	7702                	ld	a4,32(sp)
   1496a:	52089863          	bnez	a7,14e9a <__gdtoa+0xc6e>
   1496e:	e82a                	sd	a0,16(sp)
   14970:	8522                	mv	a0,s0
   14972:	f03a                	sd	a4,32(sp)
   14974:	ec42                	sd	a6,24(sp)
   14976:	484010ef          	jal	15dfa <__mcmp>
   1497a:	65c2                	ld	a1,16(sp)
   1497c:	6862                	ld	a6,24(sp)
   1497e:	7702                	ld	a4,32(sp)
   14980:	50a05d63          	blez	a0,14e9a <__gdtoa+0xc6e>
   14984:	03100793          	li	a5,49
   14988:	00f70023          	sb	a5,0(a4)
   1498c:	2805                	addiw	a6,a6,1
   1498e:	00170313          	addi	t1,a4,1
   14992:	02000b93          	li	s7,32
   14996:	8552                	mv	a0,s4
   14998:	f03a                	sd	a4,32(sp)
   1499a:	ec1a                	sd	t1,24(sp)
   1499c:	e842                	sd	a6,16(sp)
   1499e:	50d000ef          	jal	156aa <_Bfree>
   149a2:	6842                	ld	a6,16(sp)
   149a4:	67a2                	ld	a5,8(sp)
   149a6:	6362                	ld	t1,24(sp)
   149a8:	7702                	ld	a4,32(sp)
   149aa:	0018061b          	addiw	a2,a6,1
   149ae:	ce0786e3          	beqz	a5,1469a <__gdtoa+0x46e>
   149b2:	65a2                	ld	a1,8(sp)
   149b4:	8552                	mv	a0,s4
   149b6:	f03a                	sd	a4,32(sp)
   149b8:	ec1a                	sd	t1,24(sp)
   149ba:	e842                	sd	a6,16(sp)
   149bc:	4ef000ef          	jal	156aa <_Bfree>
   149c0:	6842                	ld	a6,16(sp)
   149c2:	6362                	ld	t1,24(sp)
   149c4:	7702                	ld	a4,32(sp)
   149c6:	0018061b          	addiw	a2,a6,1
   149ca:	b9c1                	j	1469a <__gdtoa+0x46e>
   149cc:	85fa                	mv	a1,t5
   149ce:	8522                	mv	a0,s0
   149d0:	e0ba                	sd	a4,64(sp)
   149d2:	fc72                	sd	t3,56(sp)
   149d4:	f842                	sd	a6,48(sp)
   149d6:	f43e                	sd	a5,40(sp)
   149d8:	f046                	sd	a7,32(sp)
   149da:	ec7a                	sd	t5,24(sp)
   149dc:	41e010ef          	jal	15dfa <__mcmp>
   149e0:	6f62                	ld	t5,24(sp)
   149e2:	7882                	ld	a7,32(sp)
   149e4:	77a2                	ld	a5,40(sp)
   149e6:	7842                	ld	a6,48(sp)
   149e8:	7e62                	ld	t3,56(sp)
   149ea:	6706                	ld	a4,64(sp)
   149ec:	f4055be3          	bgez	a0,14942 <__gdtoa+0x716>
   149f0:	85a2                	mv	a1,s0
   149f2:	4681                	li	a3,0
   149f4:	4629                	li	a2,10
   149f6:	8552                	mv	a0,s4
   149f8:	fc3a                	sd	a4,56(sp)
   149fa:	f87a                	sd	t5,48(sp)
   149fc:	f472                	sd	t3,40(sp)
   149fe:	f042                	sd	a6,32(sp)
   14a00:	ec3e                	sd	a5,24(sp)
   14a02:	4bb000ef          	jal	156bc <__multadd>
   14a06:	842a                	mv	s0,a0
   14a08:	a4050ce3          	beqz	a0,14460 <__gdtoa+0x234>
   14a0c:	7802                	ld	a6,32(sp)
   14a0e:	76a6                	ld	a3,104(sp)
   14a10:	7e22                	ld	t3,40(sp)
   14a12:	7f42                	ld	t5,48(sp)
   14a14:	7762                	ld	a4,56(sp)
   14a16:	387d                	addiw	a6,a6,-1
   14a18:	30069a63          	bnez	a3,14d2c <__gdtoa+0xb00>
   14a1c:	77c6                	ld	a5,112(sp)
   14a1e:	00f041e3          	bgtz	a5,15220 <__gdtoa+0xff4>
   14a22:	4789                	li	a5,2
   14a24:	7f57de63          	bge	a5,s5,15220 <__gdtoa+0xff4>
   14a28:	78c6                	ld	a7,112(sp)
   14a2a:	b70d                	j	1494c <__gdtoa+0x720>
   14a2c:	004da783          	lw	a5,4(s11)
   14a30:	2785                	addiw	a5,a5,1
   14a32:	efa7d6e3          	bge	a5,s10,1491e <__gdtoa+0x6f2>
   14a36:	67e2                	ld	a5,24(sp)
   14a38:	2e85                	addiw	t4,t4,1
   14a3a:	2785                	addiw	a5,a5,1
   14a3c:	ec3e                	sd	a5,24(sp)
   14a3e:	4785                	li	a5,1
   14a40:	e8be                	sd	a5,80(sp)
   14a42:	bdf1                	j	1491e <__gdtoa+0x6f2>
   14a44:	3fd8889b          	addiw	a7,a7,1021
   14a48:	4591                	li	a1,4
   14a4a:	7f88b493          	sltiu	s1,a7,2040
   14a4e:	44ba8b63          	beq	s5,a1,14ea4 <__gdtoa+0xc78>
   14a52:	1aea8363          	beq	s5,a4,14bf8 <__gdtoa+0x9cc>
   14a56:	4709                	li	a4,2
   14a58:	44ea8963          	beq	s5,a4,14eaa <__gdtoa+0xc7e>
   14a5c:	470d                	li	a4,3
   14a5e:	f482                	sd	zero,104(sp)
   14a60:	acea81e3          	beq	s5,a4,14522 <__gdtoa+0x2f6>
   14a64:	bb8d                	j	147d6 <__gdtoa+0x5aa>
   14a66:	66c2                	ld	a3,16(sp)
   14a68:	26068b63          	beqz	a3,14cde <__gdtoa+0xab2>
   14a6c:	260e8963          	beqz	t4,14cde <__gdtoa+0xab2>
   14a70:	6642                	ld	a2,16(sp)
   14a72:	86b2                	mv	a3,a2
   14a74:	00ced363          	bge	t4,a2,14a7a <__gdtoa+0x84e>
   14a78:	86f6                	mv	a3,t4
   14a7a:	6642                	ld	a2,16(sp)
   14a7c:	c736                	sw	a3,140(sp)
   14a7e:	40de8ebb          	subw	t4,t4,a3
   14a82:	9e15                	subw	a2,a2,a3
   14a84:	66a6                	ld	a3,72(sp)
   14a86:	ec32                	sd	a2,24(sp)
   14a88:	26069063          	bnez	a3,14ce8 <__gdtoa+0xabc>
   14a8c:	e832                	sd	a2,16(sp)
   14a8e:	e402                	sd	zero,8(sp)
   14a90:	bd99                	j	148e6 <__gdtoa+0x6ba>
   14a92:	f20f06d3          	fmv.d.x	fa3,t5
   14a96:	1ae6f7d3          	fdiv.d	fa5,fa3,fa4
   14a9a:	4785                	li	a5,1
   14a9c:	c73e                	sw	a5,140(sp)
   14a9e:	00f70333          	add	t1,a4,a5
   14aa2:	f2000653          	fmv.d.x	fa2,zero
   14aa6:	0018061b          	addiw	a2,a6,1
   14aaa:	c20797d3          	fcvt.w.d	a5,fa5,rtz
   14aae:	d20787d3          	fcvt.d.w	fa5,a5
   14ab2:	0307869b          	addiw	a3,a5,48
   14ab6:	00d70023          	sb	a3,0(a4)
   14aba:	6ae7f7cb          	fnmsub.d	fa5,fa5,fa4,fa3
   14abe:	a2c7a6d3          	feq.d	a3,fa5,fa2
   14ac2:	bc069ce3          	bnez	a3,1469a <__gdtoa+0x46e>
   14ac6:	8481b587          	fld	fa1,-1976(gp) # 1b5e0 <__SDATA_BEGIN__+0x48>
   14aca:	a02d                	j	14af4 <__gdtoa+0x8c8>
   14acc:	12b7f7d3          	fmul.d	fa5,fa5,fa1
   14ad0:	c72e                	sw	a1,140(sp)
   14ad2:	0305                	addi	t1,t1,1
   14ad4:	1ae7f6d3          	fdiv.d	fa3,fa5,fa4
   14ad8:	c20697d3          	fcvt.w.d	a5,fa3,rtz
   14adc:	d20786d3          	fcvt.d.w	fa3,a5
   14ae0:	0307869b          	addiw	a3,a5,48
   14ae4:	fed30fa3          	sb	a3,-1(t1)
   14ae8:	7ae6f7cb          	fnmsub.d	fa5,fa3,fa4,fa5
   14aec:	a2c7a6d3          	feq.d	a3,fa5,fa2
   14af0:	ba0695e3          	bnez	a3,1469a <__gdtoa+0x46e>
   14af4:	46ba                	lw	a3,140(sp)
   14af6:	0016859b          	addiw	a1,a3,1
   14afa:	fd1699e3          	bne	a3,a7,14acc <__gdtoa+0x8a0>
   14afe:	500e0d63          	beqz	t3,15018 <__gdtoa+0xdec>
   14b02:	4785                	li	a5,1
   14b04:	4bc1                	li	s7,16
   14b06:	b8fe1ae3          	bne	t3,a5,1469a <__gdtoa+0x46e>
   14b0a:	fff34683          	lbu	a3,-1(t1)
   14b0e:	85c2                	mv	a1,a6
   14b10:	b695                	j	14674 <__gdtoa+0x448>
   14b12:	76a6                	ld	a3,104(sp)
   14b14:	24069263          	bnez	a3,14d58 <__gdtoa+0xb2c>
   14b18:	f1ca                	sd	s2,224(sp)
   14b1a:	4685                	li	a3,1
   14b1c:	8ac6                	mv	s5,a7
   14b1e:	8b42                	mv	s6,a6
   14b20:	8bf2                	mv	s7,t3
   14b22:	84ba                	mv	s1,a4
   14b24:	897a                	mv	s2,t5
   14b26:	8c3a                	mv	s8,a4
   14b28:	a811                	j	14b3c <__gdtoa+0x910>
   14b2a:	85a2                	mv	a1,s0
   14b2c:	8552                	mv	a0,s4
   14b2e:	38f000ef          	jal	156bc <__multadd>
   14b32:	842a                	mv	s0,a0
   14b34:	0e050f63          	beqz	a0,14c32 <__gdtoa+0xa06>
   14b38:	46ba                	lw	a3,140(sp)
   14b3a:	2685                	addiw	a3,a3,1
   14b3c:	85ca                	mv	a1,s2
   14b3e:	8522                	mv	a0,s0
   14b40:	c736                	sw	a3,140(sp)
   14b42:	0a5000ef          	jal	153e6 <__quorem_D2A>
   14b46:	00148793          	addi	a5,s1,1
   14b4a:	03050e9b          	addiw	t4,a0,48
   14b4e:	ffd78fa3          	sb	t4,-1(a5)
   14b52:	84be                	mv	s1,a5
   14b54:	47ba                	lw	a5,140(sp)
   14b56:	4681                	li	a3,0
   14b58:	4629                	li	a2,10
   14b5a:	fd57c8e3          	blt	a5,s5,14b2a <__gdtoa+0x8fe>
   14b5e:	885a                	mv	a6,s6
   14b60:	8e5e                	mv	t3,s7
   14b62:	87a6                	mv	a5,s1
   14b64:	8f4a                	mv	t5,s2
   14b66:	8762                	mv	a4,s8
   14b68:	4881                	li	a7,0
   14b6a:	5a0e0063          	beqz	t3,1510a <__gdtoa+0xede>
   14b6e:	4689                	li	a3,2
   14b70:	5cde0b63          	beq	t3,a3,15146 <__gdtoa+0xf1a>
   14b74:	4850                	lw	a2,20(s0)
   14b76:	4685                	li	a3,1
   14b78:	42c6c163          	blt	a3,a2,14f9a <__gdtoa+0xd6e>
   14b7c:	4c14                	lw	a3,24(s0)
   14b7e:	40069e63          	bnez	a3,14f9a <__gdtoa+0xd6e>
   14b82:	00d036b3          	snez	a3,a3
   14b86:	00469b9b          	slliw	s7,a3,0x4
   14b8a:	03000613          	li	a2,48
   14b8e:	833e                	mv	t1,a5
   14b90:	fff7c683          	lbu	a3,-1(a5)
   14b94:	17fd                	addi	a5,a5,-1
   14b96:	fec68ce3          	beq	a3,a2,14b8e <__gdtoa+0x962>
   14b9a:	85fa                	mv	a1,t5
   14b9c:	8552                	mv	a0,s4
   14b9e:	f43a                	sd	a4,40(sp)
   14ba0:	f01a                	sd	t1,32(sp)
   14ba2:	ec46                	sd	a7,24(sp)
   14ba4:	e842                	sd	a6,16(sp)
   14ba6:	305000ef          	jal	156aa <_Bfree>
   14baa:	67a2                	ld	a5,8(sp)
   14bac:	6842                	ld	a6,16(sp)
   14bae:	68e2                	ld	a7,24(sp)
   14bb0:	7302                	ld	t1,32(sp)
   14bb2:	7722                	ld	a4,40(sp)
   14bb4:	72078a63          	beqz	a5,152e8 <__gdtoa+0x10bc>
   14bb8:	06088b63          	beqz	a7,14c2e <__gdtoa+0xa02>
   14bbc:	67a2                	ld	a5,8(sp)
   14bbe:	06f88863          	beq	a7,a5,14c2e <__gdtoa+0xa02>
   14bc2:	85c6                	mv	a1,a7
   14bc4:	8552                	mv	a0,s4
   14bc6:	f03a                	sd	a4,32(sp)
   14bc8:	ec1a                	sd	t1,24(sp)
   14bca:	e842                	sd	a6,16(sp)
   14bcc:	2df000ef          	jal	156aa <_Bfree>
   14bd0:	7702                	ld	a4,32(sp)
   14bd2:	6362                	ld	t1,24(sp)
   14bd4:	6842                	ld	a6,16(sp)
   14bd6:	790e                	ld	s2,224(sp)
   14bd8:	bbe9                	j	149b2 <__gdtoa+0x786>
   14bda:	4581                	li	a1,0
   14bdc:	8552                	mv	a0,s4
   14bde:	e43a                	sd	a4,8(sp)
   14be0:	2cb000ef          	jal	156aa <_Bfree>
   14be4:	6722                	ld	a4,8(sp)
   14be6:	4160063b          	negw	a2,s6
   14bea:	4bc1                	li	s7,16
   14bec:	833a                	mv	t1,a4
   14bee:	b475                	j	1469a <__gdtoa+0x46e>
   14bf0:	4705                	li	a4,1
   14bf2:	85ba                	mv	a1,a4
   14bf4:	b281                	j	14534 <__gdtoa+0x308>
   14bf6:	4481                	li	s1,0
   14bf8:	4705                	li	a4,1
   14bfa:	4a95                	li	s5,5
   14bfc:	f4ba                	sd	a4,104(sp)
   14bfe:	b215                	j	14522 <__gdtoa+0x2f6>
   14c00:	85a2                	mv	a1,s0
   14c02:	8552                	mv	a0,s4
   14c04:	e4ba                	sd	a4,72(sp)
   14c06:	e0f6                	sd	t4,64(sp)
   14c08:	fc7a                	sd	t5,56(sp)
   14c0a:	f872                	sd	t3,48(sp)
   14c0c:	f442                	sd	a6,40(sp)
   14c0e:	f03e                	sd	a5,32(sp)
   14c10:	ec46                	sd	a7,24(sp)
   14c12:	0d6010ef          	jal	15ce8 <__lshift>
   14c16:	842a                	mv	s0,a0
   14c18:	840504e3          	beqz	a0,14460 <__gdtoa+0x234>
   14c1c:	46ba                	lw	a3,140(sp)
   14c1e:	6726                	ld	a4,72(sp)
   14c20:	6e86                	ld	t4,64(sp)
   14c22:	7f62                	ld	t5,56(sp)
   14c24:	7e42                	ld	t3,48(sp)
   14c26:	7822                	ld	a6,40(sp)
   14c28:	7782                	ld	a5,32(sp)
   14c2a:	68e2                	ld	a7,24(sp)
   14c2c:	b329                	j	14936 <__gdtoa+0x70a>
   14c2e:	790e                	ld	s2,224(sp)
   14c30:	b349                	j	149b2 <__gdtoa+0x786>
   14c32:	74ae                	ld	s1,232(sp)
   14c34:	790e                	ld	s2,224(sp)
   14c36:	82dff06f          	j	14462 <__gdtoa+0x236>
   14c3a:	65a6                	ld	a1,72(sp)
   14c3c:	fff8869b          	addiw	a3,a7,-1
   14c40:	8636                	mv	a2,a3
   14c42:	26d5c663          	blt	a1,a3,14eae <__gdtoa+0xc82>
   14c46:	40d584bb          	subw	s1,a1,a3
   14c4a:	6408d963          	bgez	a7,1529c <__gdtoa+0x1070>
   14c4e:	66c2                	ld	a3,16(sp)
   14c50:	c702                	sw	zero,140(sp)
   14c52:	ec36                	sd	a3,24(sp)
   14c54:	411686bb          	subw	a3,a3,a7
   14c58:	e836                	sd	a3,16(sp)
   14c5a:	b909                	j	1486c <__gdtoa+0x640>
   14c5c:	85aa                	mv	a1,a0
   14c5e:	8636                	mv	a2,a3
   14c60:	8552                	mv	a0,s4
   14c62:	e0ba                	sd	a4,64(sp)
   14c64:	fc76                	sd	t4,56(sp)
   14c66:	e4be                	sd	a5,72(sp)
   14c68:	799000ef          	jal	15c00 <__pow5mult>
   14c6c:	8f2a                	mv	t5,a0
   14c6e:	fe050963          	beqz	a0,14460 <__gdtoa+0x234>
   14c72:	002aa693          	slti	a3,s5,2
   14c76:	7882                	ld	a7,32(sp)
   14c78:	7822                	ld	a6,40(sp)
   14c7a:	7e42                	ld	t3,48(sp)
   14c7c:	7ee2                	ld	t4,56(sp)
   14c7e:	6706                	ld	a4,64(sp)
   14c80:	c681                	beqz	a3,14c88 <__gdtoa+0xa5c>
   14c82:	67a6                	ld	a5,72(sp)
   14c84:	17fd                	addi	a5,a5,-1
   14c86:	c79d                	beqz	a5,14cb4 <__gdtoa+0xa88>
   14c88:	e882                	sd	zero,80(sp)
   14c8a:	014f2783          	lw	a5,20(t5)
   14c8e:	e4ba                	sd	a4,72(sp)
   14c90:	e0f6                	sd	t4,64(sp)
   14c92:	37fd                	addiw	a5,a5,-1
   14c94:	078a                	slli	a5,a5,0x2
   14c96:	97fa                	add	a5,a5,t5
   14c98:	4f88                	lw	a0,24(a5)
   14c9a:	fc72                	sd	t3,56(sp)
   14c9c:	f842                	sd	a6,48(sp)
   14c9e:	f446                	sd	a7,40(sp)
   14ca0:	f07a                	sd	t5,32(sp)
   14ca2:	3f7000ef          	jal	15898 <__hi0bits>
   14ca6:	6726                	ld	a4,72(sp)
   14ca8:	6e86                	ld	t4,64(sp)
   14caa:	7e62                	ld	t3,56(sp)
   14cac:	7842                	ld	a6,48(sp)
   14cae:	78a2                	ld	a7,40(sp)
   14cb0:	7f02                	ld	t5,32(sp)
   14cb2:	b1bd                	j	14920 <__gdtoa+0x6f4>
   14cb4:	004da783          	lw	a5,4(s11)
   14cb8:	2785                	addiw	a5,a5,1
   14cba:	fda7d7e3          	bge	a5,s10,14c88 <__gdtoa+0xa5c>
   14cbe:	67e2                	ld	a5,24(sp)
   14cc0:	2e85                	addiw	t4,t4,1
   14cc2:	2785                	addiw	a5,a5,1
   14cc4:	ec3e                	sd	a5,24(sp)
   14cc6:	4785                	li	a5,1
   14cc8:	e8be                	sd	a5,80(sp)
   14cca:	b7c1                	j	14c8a <__gdtoa+0xa5e>
   14ccc:	4705                	li	a4,1
   14cce:	9f0d                	subw	a4,a4,a1
   14cd0:	e83a                	sd	a4,16(sp)
   14cd2:	8ec2                	mv	t4,a6
   14cd4:	f082                	sd	zero,96(sp)
   14cd6:	e8c2                	sd	a6,80(sp)
   14cd8:	e482                	sd	zero,72(sp)
   14cda:	821ff06f          	j	144fa <__gdtoa+0x2ce>
   14cde:	66c2                	ld	a3,16(sp)
   14ce0:	ec36                	sd	a3,24(sp)
   14ce2:	66a6                	ld	a3,72(sp)
   14ce4:	da0685e3          	beqz	a3,14a8e <__gdtoa+0x862>
   14ce8:	6626                	ld	a2,72(sp)
   14cea:	85a2                	mv	a1,s0
   14cec:	8552                	mv	a0,s4
   14cee:	ecba                	sd	a4,88(sp)
   14cf0:	e0f6                	sd	t4,64(sp)
   14cf2:	fc3e                	sd	a5,56(sp)
   14cf4:	f872                	sd	t3,48(sp)
   14cf6:	f442                	sd	a6,40(sp)
   14cf8:	f046                	sd	a7,32(sp)
   14cfa:	707000ef          	jal	15c00 <__pow5mult>
   14cfe:	842a                	mv	s0,a0
   14d00:	f6050063          	beqz	a0,14460 <__gdtoa+0x234>
   14d04:	67e2                	ld	a5,24(sp)
   14d06:	6766                	ld	a4,88(sp)
   14d08:	6e86                	ld	t4,64(sp)
   14d0a:	e83e                	sd	a5,16(sp)
   14d0c:	7e42                	ld	t3,48(sp)
   14d0e:	77e2                	ld	a5,56(sp)
   14d10:	7822                	ld	a6,40(sp)
   14d12:	7882                	ld	a7,32(sp)
   14d14:	e402                	sd	zero,8(sp)
   14d16:	bec1                	j	148e6 <__gdtoa+0x6ba>
   14d18:	4685                	li	a3,1
   14d1a:	f356c0e3          	blt	a3,s5,14c3a <__gdtoa+0xa0e>
   14d1e:	66c2                	ld	a3,16(sp)
   14d20:	64a6                	ld	s1,72(sp)
   14d22:	01d58ebb          	addw	t4,a1,t4
   14d26:	9ead                	addw	a3,a3,a1
   14d28:	ec36                	sd	a3,24(sp)
   14d2a:	b689                	j	1486c <__gdtoa+0x640>
   14d2c:	65a2                	ld	a1,8(sp)
   14d2e:	4681                	li	a3,0
   14d30:	4629                	li	a2,10
   14d32:	8552                	mv	a0,s4
   14d34:	f042                	sd	a6,32(sp)
   14d36:	187000ef          	jal	156bc <__multadd>
   14d3a:	e42a                	sd	a0,8(sp)
   14d3c:	f2050263          	beqz	a0,14460 <__gdtoa+0x234>
   14d40:	76c6                	ld	a3,112(sp)
   14d42:	67e2                	ld	a5,24(sp)
   14d44:	7802                	ld	a6,32(sp)
   14d46:	7e22                	ld	t3,40(sp)
   14d48:	7f42                	ld	t5,48(sp)
   14d4a:	7762                	ld	a4,56(sp)
   14d4c:	78c6                	ld	a7,112(sp)
   14d4e:	00d04563          	bgtz	a3,14d58 <__gdtoa+0xb2c>
   14d52:	4689                	li	a3,2
   14d54:	bf56cce3          	blt	a3,s5,1494c <__gdtoa+0x720>
   14d58:	66c2                	ld	a3,16(sp)
   14d5a:	00d7863b          	addw	a2,a5,a3
   14d5e:	26c04163          	bgtz	a2,14fc0 <__gdtoa+0xd94>
   14d62:	67c6                	ld	a5,80(sp)
   14d64:	6b22                	ld	s6,8(sp)
   14d66:	2e079463          	bnez	a5,1504e <__gdtoa+0xe22>
   14d6a:	ffee0793          	addi	a5,t3,-2
   14d6e:	e0be                	sd	a5,64(sp)
   14d70:	f1ca                	sd	s2,224(sp)
   14d72:	4785                	li	a5,1
   14d74:	f446                	sd	a7,40(sp)
   14d76:	e4c2                	sd	a6,72(sp)
   14d78:	f872                	sd	t3,48(sp)
   14d7a:	8d3a                	mv	s10,a4
   14d7c:	f07a                	sd	t5,32(sp)
   14d7e:	e8ba                	sd	a4,80(sp)
   14d80:	a051                	j	14e04 <__gdtoa+0xbd8>
   14d82:	8552                	mv	a0,s4
   14d84:	ec76                	sd	t4,24(sp)
   14d86:	125000ef          	jal	156aa <_Bfree>
   14d8a:	6ee2                	ld	t4,24(sp)
   14d8c:	4685                	li	a3,1
   14d8e:	67c2                	ld	a5,16(sp)
   14d90:	3c07c263          	bltz	a5,15154 <__gdtoa+0xf28>
   14d94:	0157e7b3          	or	a5,a5,s5
   14d98:	2781                	sext.w	a5,a5
   14d9a:	e791                	bnez	a5,14da6 <__gdtoa+0xb7a>
   14d9c:	000c2783          	lw	a5,0(s8)
   14da0:	8b85                	andi	a5,a5,1
   14da2:	3a078963          	beqz	a5,15154 <__gdtoa+0xf28>
   14da6:	001d0793          	addi	a5,s10,1
   14daa:	893e                	mv	s2,a5
   14dac:	00d05563          	blez	a3,14db6 <__gdtoa+0xb8a>
   14db0:	6706                	ld	a4,64(sp)
   14db2:	42071d63          	bnez	a4,151ec <__gdtoa+0xfc0>
   14db6:	ffb90fa3          	sb	s11,-1(s2)
   14dba:	473a                	lw	a4,140(sp)
   14dbc:	76a2                	ld	a3,40(sp)
   14dbe:	44d70a63          	beq	a4,a3,15212 <__gdtoa+0xfe6>
   14dc2:	85a2                	mv	a1,s0
   14dc4:	4681                	li	a3,0
   14dc6:	4629                	li	a2,10
   14dc8:	8552                	mv	a0,s4
   14dca:	0f3000ef          	jal	156bc <__multadd>
   14dce:	842a                	mv	s0,a0
   14dd0:	e60501e3          	beqz	a0,14c32 <__gdtoa+0xa06>
   14dd4:	67a2                	ld	a5,8(sp)
   14dd6:	65a2                	ld	a1,8(sp)
   14dd8:	4681                	li	a3,0
   14dda:	4629                	li	a2,10
   14ddc:	8552                	mv	a0,s4
   14dde:	0b678763          	beq	a5,s6,14e8c <__gdtoa+0xc60>
   14de2:	0db000ef          	jal	156bc <__multadd>
   14de6:	e42a                	sd	a0,8(sp)
   14de8:	e40505e3          	beqz	a0,14c32 <__gdtoa+0xa06>
   14dec:	85da                	mv	a1,s6
   14dee:	4681                	li	a3,0
   14df0:	4629                	li	a2,10
   14df2:	8552                	mv	a0,s4
   14df4:	0c9000ef          	jal	156bc <__multadd>
   14df8:	8b2a                	mv	s6,a0
   14dfa:	e2050ce3          	beqz	a0,14c32 <__gdtoa+0xa06>
   14dfe:	47ba                	lw	a5,140(sp)
   14e00:	8d4a                	mv	s10,s2
   14e02:	2785                	addiw	a5,a5,1
   14e04:	7482                	ld	s1,32(sp)
   14e06:	8522                	mv	a0,s0
   14e08:	c73e                	sw	a5,140(sp)
   14e0a:	85a6                	mv	a1,s1
   14e0c:	5da000ef          	jal	153e6 <__quorem_D2A>
   14e10:	65a2                	ld	a1,8(sp)
   14e12:	892a                	mv	s2,a0
   14e14:	8522                	mv	a0,s0
   14e16:	7e5000ef          	jal	15dfa <__mcmp>
   14e1a:	e82a                	sd	a0,16(sp)
   14e1c:	85a6                	mv	a1,s1
   14e1e:	865a                	mv	a2,s6
   14e20:	8552                	mv	a0,s4
   14e22:	00e010ef          	jal	15e30 <__mdiff>
   14e26:	85aa                	mv	a1,a0
   14e28:	e00505e3          	beqz	a0,14c32 <__gdtoa+0xa06>
   14e2c:	491c                	lw	a5,16(a0)
   14e2e:	03090e9b          	addiw	t4,s2,48
   14e32:	8df6                	mv	s11,t4
   14e34:	f7b9                	bnez	a5,14d82 <__gdtoa+0xb56>
   14e36:	ec2a                	sd	a0,24(sp)
   14e38:	8522                	mv	a0,s0
   14e3a:	fc76                	sd	t4,56(sp)
   14e3c:	7bf000ef          	jal	15dfa <__mcmp>
   14e40:	65e2                	ld	a1,24(sp)
   14e42:	84aa                	mv	s1,a0
   14e44:	8552                	mv	a0,s4
   14e46:	065000ef          	jal	156aa <_Bfree>
   14e4a:	0154e6b3          	or	a3,s1,s5
   14e4e:	2681                	sext.w	a3,a3
   14e50:	7ee2                	ld	t4,56(sp)
   14e52:	16069563          	bnez	a3,14fbc <__gdtoa+0xd90>
   14e56:	000c2783          	lw	a5,0(s8)
   14e5a:	7742                	ld	a4,48(sp)
   14e5c:	8b85                	andi	a5,a5,1
   14e5e:	8fd9                	or	a5,a5,a4
   14e60:	f79d                	bnez	a5,14d8e <__gdtoa+0xb62>
   14e62:	03900793          	li	a5,57
   14e66:	6826                	ld	a6,72(sp)
   14e68:	7f02                	ld	t5,32(sp)
   14e6a:	6746                	ld	a4,80(sp)
   14e6c:	6542                	ld	a0,16(sp)
   14e6e:	836a                	mv	t1,s10
   14e70:	10fe8c63          	beq	t4,a5,14f88 <__gdtoa+0xd5c>
   14e74:	46a05f63          	blez	a0,152f2 <__gdtoa+0x10c6>
   14e78:	03190e9b          	addiw	t4,s2,49
   14e7c:	02000b93          	li	s7,32
   14e80:	68a2                	ld	a7,8(sp)
   14e82:	01d30023          	sb	t4,0(t1)
   14e86:	e45a                	sd	s6,8(sp)
   14e88:	0305                	addi	t1,t1,1
   14e8a:	bb01                	j	14b9a <__gdtoa+0x96e>
   14e8c:	031000ef          	jal	156bc <__multadd>
   14e90:	e42a                	sd	a0,8(sp)
   14e92:	da0500e3          	beqz	a0,14c32 <__gdtoa+0xa06>
   14e96:	8b2a                	mv	s6,a0
   14e98:	b79d                	j	14dfe <__gdtoa+0xbd2>
   14e9a:	fffb4813          	not	a6,s6
   14e9e:	833a                	mv	t1,a4
   14ea0:	4bc1                	li	s7,16
   14ea2:	bcd5                	j	14996 <__gdtoa+0x76a>
   14ea4:	4705                	li	a4,1
   14ea6:	f4ba                	sd	a4,104(sp)
   14ea8:	b29d                	j	1480e <__gdtoa+0x5e2>
   14eaa:	f482                	sd	zero,104(sp)
   14eac:	b28d                	j	1480e <__gdtoa+0x5e2>
   14eae:	66a6                	ld	a3,72(sp)
   14eb0:	65c6                	ld	a1,80(sp)
   14eb2:	c746                	sw	a7,140(sp)
   14eb4:	40d606bb          	subw	a3,a2,a3
   14eb8:	9ead                	addw	a3,a3,a1
   14eba:	e8b6                	sd	a3,80(sp)
   14ebc:	66c2                	ld	a3,16(sp)
   14ebe:	01d88ebb          	addw	t4,a7,t4
   14ec2:	e4b2                	sd	a2,72(sp)
   14ec4:	011686bb          	addw	a3,a3,a7
   14ec8:	ec36                	sd	a3,24(sp)
   14eca:	4481                	li	s1,0
   14ecc:	b245                	j	1486c <__gdtoa+0x640>
   14ece:	65a2                	ld	a1,8(sp)
   14ed0:	8626                	mv	a2,s1
   14ed2:	8552                	mv	a0,s4
   14ed4:	f1ca                	sd	s2,224(sp)
   14ed6:	ecba                	sd	a4,88(sp)
   14ed8:	e0f6                	sd	t4,64(sp)
   14eda:	fc3e                	sd	a5,56(sp)
   14edc:	f872                	sd	t3,48(sp)
   14ede:	f442                	sd	a6,40(sp)
   14ee0:	f046                	sd	a7,32(sp)
   14ee2:	51f000ef          	jal	15c00 <__pow5mult>
   14ee6:	e42a                	sd	a0,8(sp)
   14ee8:	d40505e3          	beqz	a0,14c32 <__gdtoa+0xa06>
   14eec:	85aa                	mv	a1,a0
   14eee:	8622                	mv	a2,s0
   14ef0:	8552                	mv	a0,s4
   14ef2:	343000ef          	jal	15a34 <__multiply>
   14ef6:	d2050ee3          	beqz	a0,14c32 <__gdtoa+0xa06>
   14efa:	85a2                	mv	a1,s0
   14efc:	fcaa                	sd	a0,120(sp)
   14efe:	8552                	mv	a0,s4
   14f00:	7aa000ef          	jal	156aa <_Bfree>
   14f04:	67a6                	ld	a5,72(sp)
   14f06:	7466                	ld	s0,120(sp)
   14f08:	7882                	ld	a7,32(sp)
   14f0a:	9f85                	subw	a5,a5,s1
   14f0c:	e4be                	sd	a5,72(sp)
   14f0e:	86be                	mv	a3,a5
   14f10:	7822                	ld	a6,40(sp)
   14f12:	7e42                	ld	t3,48(sp)
   14f14:	77e2                	ld	a5,56(sp)
   14f16:	6e86                	ld	t4,64(sp)
   14f18:	6766                	ld	a4,88(sp)
   14f1a:	790e                	ld	s2,224(sp)
   14f1c:	9c0685e3          	beqz	a3,148e6 <__gdtoa+0x6ba>
   14f20:	ba79                	j	148be <__gdtoa+0x692>
   14f22:	f20e0753          	fmv.d.x	fa4,t3
   14f26:	833a                	mv	t1,a4
   14f28:	12e675d3          	fmul.d	fa1,fa2,fa4
   14f2c:	4e05                	li	t3,1
   14f2e:	8481b707          	fld	fa4,-1976(gp) # 1b5e0 <__SDATA_BEGIN__+0x48>
   14f32:	a021                	j	14f3a <__gdtoa+0xd0e>
   14f34:	12e7f7d3          	fmul.d	fa5,fa5,fa4
   14f38:	2e05                	addiw	t3,t3,1
   14f3a:	c772                	sw	t3,140(sp)
   14f3c:	c2079e53          	fcvt.w.d	t3,fa5,rtz
   14f40:	0305                	addi	t1,t1,1
   14f42:	030e069b          	addiw	a3,t3,48
   14f46:	0ff6f693          	zext.b	a3,a3
   14f4a:	000e0663          	beqz	t3,14f56 <__gdtoa+0xd2a>
   14f4e:	d20e0653          	fcvt.d.w	fa2,t3
   14f52:	0ac7f7d3          	fsub.d	fa5,fa5,fa2
   14f56:	fed30fa3          	sb	a3,-1(t1)
   14f5a:	4e3a                	lw	t3,140(sp)
   14f5c:	fdfe1ce3          	bne	t3,t6,14f34 <__gdtoa+0xd08>
   14f60:	8601b707          	fld	fa4,-1952(gp) # 1b5f8 <__SDATA_BEGIN__+0x60>
   14f64:	02e5f653          	fadd.d	fa2,fa1,fa4
   14f68:	a2f61e53          	flt.d	t3,fa2,fa5
   14f6c:	f00e1463          	bnez	t3,14674 <__gdtoa+0x448>
   14f70:	0ab77753          	fsub.d	fa4,fa4,fa1
   14f74:	a2e796d3          	flt.d	a3,fa5,fa4
   14f78:	26069063          	bnez	a3,151d8 <__gdtoa+0xfac>
   14f7c:	4e01                	li	t3,0
   14f7e:	ae0644e3          	bltz	a2,14a66 <__gdtoa+0x83a>
   14f82:	2118                	fld	fa4,0(a0)
   14f84:	4e01                	li	t3,0
   14f86:	be01                	j	14a96 <__gdtoa+0x86a>
   14f88:	00130613          	addi	a2,t1,1
   14f8c:	03900693          	li	a3,57
   14f90:	68a2                	ld	a7,8(sp)
   14f92:	87b2                	mv	a5,a2
   14f94:	e45a                	sd	s6,8(sp)
   14f96:	00d30023          	sb	a3,0(t1)
   14f9a:	03900613          	li	a2,57
   14f9e:	a019                	j	14fa4 <__gdtoa+0xd78>
   14fa0:	14f70163          	beq	a4,a5,150e2 <__gdtoa+0xeb6>
   14fa4:	fff7c683          	lbu	a3,-1(a5)
   14fa8:	833e                	mv	t1,a5
   14faa:	17fd                	addi	a5,a5,-1
   14fac:	fec68ae3          	beq	a3,a2,14fa0 <__gdtoa+0xd74>
   14fb0:	2685                	addiw	a3,a3,1
   14fb2:	00d78023          	sb	a3,0(a5)
   14fb6:	02000b93          	li	s7,32
   14fba:	b6c5                	j	14b9a <__gdtoa+0x96e>
   14fbc:	86a6                	mv	a3,s1
   14fbe:	bbc1                	j	14d8e <__gdtoa+0xb62>
   14fc0:	65a2                	ld	a1,8(sp)
   14fc2:	8552                	mv	a0,s4
   14fc4:	f83a                	sd	a4,48(sp)
   14fc6:	f47a                	sd	t5,40(sp)
   14fc8:	f072                	sd	t3,32(sp)
   14fca:	ec42                	sd	a6,24(sp)
   14fcc:	e846                	sd	a7,16(sp)
   14fce:	51b000ef          	jal	15ce8 <__lshift>
   14fd2:	e42a                	sd	a0,8(sp)
   14fd4:	68c2                	ld	a7,16(sp)
   14fd6:	6862                	ld	a6,24(sp)
   14fd8:	7e02                	ld	t3,32(sp)
   14fda:	7f22                	ld	t5,40(sp)
   14fdc:	7742                	ld	a4,48(sp)
   14fde:	d80512e3          	bnez	a0,14d62 <__gdtoa+0xb36>
   14fe2:	74ae                	ld	s1,232(sp)
   14fe4:	c7eff06f          	j	14462 <__gdtoa+0x236>
   14fe8:	03100793          	li	a5,49
   14fec:	00170313          	addi	t1,a4,1
   14ff0:	00f70023          	sb	a5,0(a4)
   14ff4:	4581                	li	a1,0
   14ff6:	8552                	mv	a0,s4
   14ff8:	e83a                	sd	a4,16(sp)
   14ffa:	e41a                	sd	t1,8(sp)
   14ffc:	6ae000ef          	jal	156aa <_Bfree>
   15000:	6322                	ld	t1,8(sp)
   15002:	6742                	ld	a4,16(sp)
   15004:	4609                	li	a2,2
   15006:	02000b93          	li	s7,32
   1500a:	e90ff06f          	j	1469a <__gdtoa+0x46e>
   1500e:	2585                	addiw	a1,a1,1
   15010:	03100693          	li	a3,49
   15014:	e7aff06f          	j	1468e <__gdtoa+0x462>
   15018:	02f7f7d3          	fadd.d	fa5,fa5,fa5
   1501c:	fff34683          	lbu	a3,-1(t1)
   15020:	a2f71653          	flt.d	a2,fa4,fa5
   15024:	ee45                	bnez	a2,150dc <__gdtoa+0xeb0>
   15026:	a2e7a653          	feq.d	a2,fa5,fa4
   1502a:	c219                	beqz	a2,15030 <__gdtoa+0xe04>
   1502c:	8b85                	andi	a5,a5,1
   1502e:	e7dd                	bnez	a5,150dc <__gdtoa+0xeb0>
   15030:	879a                	mv	a5,t1
   15032:	85c2                	mv	a1,a6
   15034:	4bc1                	li	s7,16
   15036:	03000613          	li	a2,48
   1503a:	fff7c683          	lbu	a3,-1(a5)
   1503e:	833e                	mv	t1,a5
   15040:	17fd                	addi	a5,a5,-1
   15042:	fec68ce3          	beq	a3,a2,1503a <__gdtoa+0xe0e>
   15046:	0015861b          	addiw	a2,a1,1
   1504a:	e50ff06f          	j	1469a <__gdtoa+0x46e>
   1504e:	008b2583          	lw	a1,8(s6)
   15052:	8552                	mv	a0,s4
   15054:	fc3a                	sd	a4,56(sp)
   15056:	f87a                	sd	t5,48(sp)
   15058:	f472                	sd	t3,40(sp)
   1505a:	f042                	sd	a6,32(sp)
   1505c:	ec46                	sd	a7,24(sp)
   1505e:	5e8000ef          	jal	15646 <_Balloc>
   15062:	87aa                	mv	a5,a0
   15064:	be050e63          	beqz	a0,14460 <__gdtoa+0x234>
   15068:	014b2603          	lw	a2,20(s6)
   1506c:	010b0593          	addi	a1,s6,16
   15070:	0541                	addi	a0,a0,16
   15072:	060a                	slli	a2,a2,0x2
   15074:	0621                	addi	a2,a2,8
   15076:	e83e                	sd	a5,16(sp)
   15078:	d45fe0ef          	jal	13dbc <memcpy>
   1507c:	65c2                	ld	a1,16(sp)
   1507e:	8552                	mv	a0,s4
   15080:	4605                	li	a2,1
   15082:	467000ef          	jal	15ce8 <__lshift>
   15086:	68e2                	ld	a7,24(sp)
   15088:	7802                	ld	a6,32(sp)
   1508a:	7e22                	ld	t3,40(sp)
   1508c:	7f42                	ld	t5,48(sp)
   1508e:	7762                	ld	a4,56(sp)
   15090:	8b2a                	mv	s6,a0
   15092:	cc051ce3          	bnez	a0,14d6a <__gdtoa+0xb3e>
   15096:	74ae                	ld	s1,232(sp)
   15098:	bcaff06f          	j	14462 <__gdtoa+0x236>
   1509c:	7fc6                	ld	t6,112(sp)
   1509e:	edf05063          	blez	t6,1475e <__gdtoa+0x532>
   150a2:	8481b787          	fld	fa5,-1976(gp) # 1b5e0 <__SDATA_BEGIN__+0x48>
   150a6:	8501b707          	fld	fa4,-1968(gp) # 1b5e8 <__SDATA_BEGIN__+0x50>
   150aa:	12f6f7d3          	fmul.d	fa5,fa3,fa5
   150ae:	a43a                	fsd	fa4,8(sp)
   150b0:	2622                	fld	fa2,8(sp)
   150b2:	8401b707          	fld	fa4,-1984(gp) # 1b5d8 <__SDATA_BEGIN__+0x40>
   150b6:	fcc00337          	lui	t1,0xfcc00
   150ba:	55fd                	li	a1,-1
   150bc:	72c7f743          	fmadd.d	fa4,fa5,fa2,fa4
   150c0:	e2070553          	fmv.x.d	a0,fa4
   150c4:	02051e13          	slli	t3,a0,0x20
   150c8:	9101                	srli	a0,a0,0x20
   150ca:	0065053b          	addw	a0,a0,t1
   150ce:	020e5e13          	srli	t3,t3,0x20
   150d2:	1502                	slli	a0,a0,0x20
   150d4:	00ae6e33          	or	t3,t3,a0
   150d8:	d0aff06f          	j	145e2 <__gdtoa+0x3b6>
   150dc:	85c2                	mv	a1,a6
   150de:	d96ff06f          	j	14674 <__gdtoa+0x448>
   150e2:	03100793          	li	a5,49
   150e6:	2805                	addiw	a6,a6,1
   150e8:	00f70023          	sb	a5,0(a4)
   150ec:	02000b93          	li	s7,32
   150f0:	b46d                	j	14b9a <__gdtoa+0x96e>
   150f2:	f2000753          	fmv.d.x	fa4,zero
   150f6:	0015861b          	addiw	a2,a1,1
   150fa:	a2e7a7d3          	feq.d	a5,fa5,fa4
   150fe:	0017b793          	seqz	a5,a5
   15102:	00479b9b          	slliw	s7,a5,0x4
   15106:	d94ff06f          	j	1469a <__gdtoa+0x46e>
   1510a:	85a2                	mv	a1,s0
   1510c:	4605                	li	a2,1
   1510e:	8552                	mv	a0,s4
   15110:	fc3a                	sd	a4,56(sp)
   15112:	e87a                	sd	t5,16(sp)
   15114:	f83e                	sd	a5,48(sp)
   15116:	f446                	sd	a7,40(sp)
   15118:	f042                	sd	a6,32(sp)
   1511a:	ec76                	sd	t4,24(sp)
   1511c:	3cd000ef          	jal	15ce8 <__lshift>
   15120:	842a                	mv	s0,a0
   15122:	b00508e3          	beqz	a0,14c32 <__gdtoa+0xa06>
   15126:	65c2                	ld	a1,16(sp)
   15128:	4d3000ef          	jal	15dfa <__mcmp>
   1512c:	6f42                	ld	t5,16(sp)
   1512e:	7802                	ld	a6,32(sp)
   15130:	78a2                	ld	a7,40(sp)
   15132:	77c2                	ld	a5,48(sp)
   15134:	7762                	ld	a4,56(sp)
   15136:	e6a042e3          	bgtz	a0,14f9a <__gdtoa+0xd6e>
   1513a:	e511                	bnez	a0,15146 <__gdtoa+0xf1a>
   1513c:	6ee2                	ld	t4,24(sp)
   1513e:	001efe93          	andi	t4,t4,1
   15142:	e40e9ce3          	bnez	t4,14f9a <__gdtoa+0xd6e>
   15146:	4850                	lw	a2,20(s0)
   15148:	4685                	li	a3,1
   1514a:	4bc1                	li	s7,16
   1514c:	a2c6cfe3          	blt	a3,a2,14b8a <__gdtoa+0x95e>
   15150:	4c14                	lw	a3,24(s0)
   15152:	bc05                	j	14b82 <__gdtoa+0x956>
   15154:	7e42                	ld	t3,48(sp)
   15156:	6826                	ld	a6,72(sp)
   15158:	7f02                	ld	t5,32(sp)
   1515a:	6746                	ld	a4,80(sp)
   1515c:	836a                	mv	t1,s10
   1515e:	0c0e0463          	beqz	t3,15226 <__gdtoa+0xffa>
   15162:	4850                	lw	a2,20(s0)
   15164:	4785                	li	a5,1
   15166:	14c7d463          	bge	a5,a2,152ae <__gdtoa+0x1082>
   1516a:	4789                	li	a5,2
   1516c:	14fe0763          	beq	t3,a5,152ba <__gdtoa+0x108e>
   15170:	8aa2                	mv	s5,s0
   15172:	8c42                	mv	s8,a6
   15174:	841a                	mv	s0,t1
   15176:	8bfa                	mv	s7,t5
   15178:	8d3a                	mv	s10,a4
   1517a:	a821                	j	15192 <__gdtoa+0xf66>
   1517c:	540000ef          	jal	156bc <__multadd>
   15180:	85de                	mv	a1,s7
   15182:	8aaa                	mv	s5,a0
   15184:	0405                	addi	s0,s0,1
   15186:	aa0506e3          	beqz	a0,14c32 <__gdtoa+0xa06>
   1518a:	25c000ef          	jal	153e6 <__quorem_D2A>
   1518e:	03050e9b          	addiw	t4,a0,48
   15192:	85da                	mv	a1,s6
   15194:	855e                	mv	a0,s7
   15196:	e876                	sd	t4,16(sp)
   15198:	463000ef          	jal	15dfa <__mcmp>
   1519c:	6ec2                	ld	t4,16(sp)
   1519e:	4681                	li	a3,0
   151a0:	4629                	li	a2,10
   151a2:	10a05e63          	blez	a0,152be <__gdtoa+0x1092>
   151a6:	85da                	mv	a1,s6
   151a8:	01d40023          	sb	t4,0(s0)
   151ac:	8552                	mv	a0,s4
   151ae:	50e000ef          	jal	156bc <__multadd>
   151b2:	87aa                	mv	a5,a0
   151b4:	84da                	mv	s1,s6
   151b6:	4681                	li	a3,0
   151b8:	8b2a                	mv	s6,a0
   151ba:	4629                	li	a2,10
   151bc:	85d6                	mv	a1,s5
   151be:	8552                	mv	a0,s4
   151c0:	a60789e3          	beqz	a5,14c32 <__gdtoa+0xa06>
   151c4:	67a2                	ld	a5,8(sp)
   151c6:	fa979be3          	bne	a5,s1,1517c <__gdtoa+0xf50>
   151ca:	e45a                	sd	s6,8(sp)
   151cc:	bf45                	j	1517c <__gdtoa+0xf50>
   151ce:	4e01                	li	t3,0
   151d0:	da065363          	bgez	a2,14776 <__gdtoa+0x54a>
   151d4:	e54ff06f          	j	14828 <__gdtoa+0x5fc>
   151d8:	f2000753          	fmv.d.x	fa4,zero
   151dc:	879a                	mv	a5,t1
   151de:	a2e7a6d3          	feq.d	a3,fa5,fa4
   151e2:	0016b693          	seqz	a3,a3
   151e6:	00469b9b          	slliw	s7,a3,0x4
   151ea:	b5b1                	j	15036 <__gdtoa+0xe0a>
   151ec:	863e                	mv	a2,a5
   151ee:	03900793          	li	a5,57
   151f2:	6826                	ld	a6,72(sp)
   151f4:	7f02                	ld	t5,32(sp)
   151f6:	6746                	ld	a4,80(sp)
   151f8:	836a                	mv	t1,s10
   151fa:	d8fd89e3          	beq	s11,a5,14f8c <__gdtoa+0xd60>
   151fe:	001d879b          	addiw	a5,s11,1
   15202:	68a2                	ld	a7,8(sp)
   15204:	00fd0023          	sb	a5,0(s10)
   15208:	834a                	mv	t1,s2
   1520a:	e45a                	sd	s6,8(sp)
   1520c:	02000b93          	li	s7,32
   15210:	b269                	j	14b9a <__gdtoa+0x96e>
   15212:	68a2                	ld	a7,8(sp)
   15214:	6826                	ld	a6,72(sp)
   15216:	7e42                	ld	t3,48(sp)
   15218:	7f02                	ld	t5,32(sp)
   1521a:	6746                	ld	a4,80(sp)
   1521c:	e45a                	sd	s6,8(sp)
   1521e:	b2b1                	j	14b6a <__gdtoa+0x93e>
   15220:	78c6                	ld	a7,112(sp)
   15222:	f1ca                	sd	s2,224(sp)
   15224:	b8dd                	j	14b1a <__gdtoa+0x8ee>
   15226:	04d05063          	blez	a3,15266 <__gdtoa+0x103a>
   1522a:	85a2                	mv	a1,s0
   1522c:	4605                	li	a2,1
   1522e:	8552                	mv	a0,s4
   15230:	f83a                	sd	a4,48(sp)
   15232:	e87a                	sd	t5,16(sp)
   15234:	f41a                	sd	t1,40(sp)
   15236:	f042                	sd	a6,32(sp)
   15238:	ec76                	sd	t4,24(sp)
   1523a:	2af000ef          	jal	15ce8 <__lshift>
   1523e:	842a                	mv	s0,a0
   15240:	9e0509e3          	beqz	a0,14c32 <__gdtoa+0xa06>
   15244:	65c2                	ld	a1,16(sp)
   15246:	3b5000ef          	jal	15dfa <__mcmp>
   1524a:	6f42                	ld	t5,16(sp)
   1524c:	7802                	ld	a6,32(sp)
   1524e:	7322                	ld	t1,40(sp)
   15250:	7742                	ld	a4,48(sp)
   15252:	08a05363          	blez	a0,152d8 <__gdtoa+0x10ac>
   15256:	03900793          	li	a5,57
   1525a:	d2fd87e3          	beq	s11,a5,14f88 <__gdtoa+0xd5c>
   1525e:	03190e9b          	addiw	t4,s2,49
   15262:	02000e13          	li	t3,32
   15266:	4854                	lw	a3,20(s0)
   15268:	4785                	li	a5,1
   1526a:	4bc1                	li	s7,16
   1526c:	c0d7cae3          	blt	a5,a3,14e80 <__gdtoa+0xc54>
   15270:	4c1c                	lw	a5,24(s0)
   15272:	c00797e3          	bnez	a5,14e80 <__gdtoa+0xc54>
   15276:	8bf2                	mv	s7,t3
   15278:	b121                	j	14e80 <__gdtoa+0xc54>
   1527a:	65a6                	ld	a1,72(sp)
   1527c:	fff8869b          	addiw	a3,a7,-1
   15280:	8636                	mv	a2,a3
   15282:	c2d5c6e3          	blt	a1,a3,14eae <__gdtoa+0xc82>
   15286:	40d584bb          	subw	s1,a1,a3
   1528a:	66c2                	ld	a3,16(sp)
   1528c:	01d88ebb          	addw	t4,a7,t4
   15290:	c746                	sw	a7,140(sp)
   15292:	011686bb          	addw	a3,a3,a7
   15296:	ec36                	sd	a3,24(sp)
   15298:	dd4ff06f          	j	1486c <__gdtoa+0x640>
   1529c:	66c2                	ld	a3,16(sp)
   1529e:	c746                	sw	a7,140(sp)
   152a0:	01d88ebb          	addw	t4,a7,t4
   152a4:	011686bb          	addw	a3,a3,a7
   152a8:	ec36                	sd	a3,24(sp)
   152aa:	dc2ff06f          	j	1486c <__gdtoa+0x640>
   152ae:	4c1c                	lw	a5,24(s0)
   152b0:	ea079de3          	bnez	a5,1516a <__gdtoa+0xf3e>
   152b4:	f6d04be3          	bgtz	a3,1522a <__gdtoa+0xffe>
   152b8:	b6e1                	j	14e80 <__gdtoa+0xc54>
   152ba:	4bc1                	li	s7,16
   152bc:	b6d1                	j	14e80 <__gdtoa+0xc54>
   152be:	03900793          	li	a5,57
   152c2:	8322                	mv	t1,s0
   152c4:	8862                	mv	a6,s8
   152c6:	8456                	mv	s0,s5
   152c8:	8f5e                	mv	t5,s7
   152ca:	876a                	mv	a4,s10
   152cc:	cafe8ee3          	beq	t4,a5,14f88 <__gdtoa+0xd5c>
   152d0:	2e85                	addiw	t4,t4,1
   152d2:	02000b93          	li	s7,32
   152d6:	b66d                	j	14e80 <__gdtoa+0xc54>
   152d8:	6ee2                	ld	t4,24(sp)
   152da:	e501                	bnez	a0,152e2 <__gdtoa+0x10b6>
   152dc:	001df793          	andi	a5,s11,1
   152e0:	fbbd                	bnez	a5,15256 <__gdtoa+0x102a>
   152e2:	02000e13          	li	t3,32
   152e6:	b741                	j	15266 <__gdtoa+0x103a>
   152e8:	790e                	ld	s2,224(sp)
   152ea:	0018061b          	addiw	a2,a6,1
   152ee:	bacff06f          	j	1469a <__gdtoa+0x46e>
   152f2:	4854                	lw	a3,20(s0)
   152f4:	4785                	li	a5,1
   152f6:	4bc1                	li	s7,16
   152f8:	b8d7c4e3          	blt	a5,a3,14e80 <__gdtoa+0xc54>
   152fc:	4c1c                	lw	a5,24(s0)
   152fe:	00f037b3          	snez	a5,a5
   15302:	00479b9b          	slliw	s7,a5,0x4
   15306:	bead                	j	14e80 <__gdtoa+0xc54>

0000000000015308 <__rv_alloc_D2A.part.0>:
   15308:	66e5                	lui	a3,0x19
   1530a:	6565                	lui	a0,0x19
   1530c:	1141                	addi	sp,sp,-16
   1530e:	27868693          	addi	a3,a3,632 # 19278 <__clzdi2+0xb8>
   15312:	29050513          	addi	a0,a0,656 # 19290 <__clzdi2+0xd0>
   15316:	4601                	li	a2,0
   15318:	03900593          	li	a1,57
   1531c:	e406                	sd	ra,8(sp)
   1531e:	033010ef          	jal	16b50 <__assert_func>

0000000000015322 <__rv_alloc_D2A>:
   15322:	1141                	addi	sp,sp,-16
   15324:	e022                	sd	s0,0(sp)
   15326:	e406                	sd	ra,8(sp)
   15328:	46fd                	li	a3,31
   1532a:	842a                	mv	s0,a0
   1532c:	4705                	li	a4,1
   1532e:	4791                	li	a5,4
   15330:	02b6f563          	bgeu	a3,a1,1535a <__rv_alloc_D2A+0x38>
   15334:	0017979b          	slliw	a5,a5,0x1
   15338:	01c78693          	addi	a3,a5,28
   1533c:	863a                	mv	a2,a4
   1533e:	2705                	addiw	a4,a4,1
   15340:	fed5fae3          	bgeu	a1,a3,15334 <__rv_alloc_D2A+0x12>
   15344:	85b2                	mv	a1,a2
   15346:	cc30                	sw	a2,88(s0)
   15348:	8522                	mv	a0,s0
   1534a:	2fc000ef          	jal	15646 <_Balloc>
   1534e:	c911                	beqz	a0,15362 <__rv_alloc_D2A+0x40>
   15350:	60a2                	ld	ra,8(sp)
   15352:	e828                	sd	a0,80(s0)
   15354:	6402                	ld	s0,0(sp)
   15356:	0141                	addi	sp,sp,16
   15358:	8082                	ret
   1535a:	04052c23          	sw	zero,88(a0)
   1535e:	4581                	li	a1,0
   15360:	b7e5                	j	15348 <__rv_alloc_D2A+0x26>
   15362:	fa7ff0ef          	jal	15308 <__rv_alloc_D2A.part.0>

0000000000015366 <__nrv_alloc_D2A>:
   15366:	7179                	addi	sp,sp,-48
   15368:	f022                	sd	s0,32(sp)
   1536a:	ec26                	sd	s1,24(sp)
   1536c:	f406                	sd	ra,40(sp)
   1536e:	487d                	li	a6,31
   15370:	84aa                	mv	s1,a0
   15372:	842e                	mv	s0,a1
   15374:	4705                	li	a4,1
   15376:	4791                	li	a5,4
   15378:	04d87863          	bgeu	a6,a3,153c8 <__nrv_alloc_D2A+0x62>
   1537c:	0017979b          	slliw	a5,a5,0x1
   15380:	01c78513          	addi	a0,a5,28
   15384:	85ba                	mv	a1,a4
   15386:	2705                	addiw	a4,a4,1
   15388:	fea6fae3          	bgeu	a3,a0,1537c <__nrv_alloc_D2A+0x16>
   1538c:	ccac                	sw	a1,88(s1)
   1538e:	8526                	mv	a0,s1
   15390:	e432                	sd	a2,8(sp)
   15392:	2b4000ef          	jal	15646 <_Balloc>
   15396:	6622                	ld	a2,8(sp)
   15398:	cd15                	beqz	a0,153d4 <__nrv_alloc_D2A+0x6e>
   1539a:	e8a8                	sd	a0,80(s1)
   1539c:	00044783          	lbu	a5,0(s0)
   153a0:	00f50023          	sb	a5,0(a0)
   153a4:	c795                	beqz	a5,153d0 <__nrv_alloc_D2A+0x6a>
   153a6:	00140593          	addi	a1,s0,1
   153aa:	87aa                	mv	a5,a0
   153ac:	0005c703          	lbu	a4,0(a1)
   153b0:	0585                	addi	a1,a1,1
   153b2:	0785                	addi	a5,a5,1
   153b4:	00e78023          	sb	a4,0(a5)
   153b8:	fb75                	bnez	a4,153ac <__nrv_alloc_D2A+0x46>
   153ba:	c211                	beqz	a2,153be <__nrv_alloc_D2A+0x58>
   153bc:	e21c                	sd	a5,0(a2)
   153be:	70a2                	ld	ra,40(sp)
   153c0:	7402                	ld	s0,32(sp)
   153c2:	64e2                	ld	s1,24(sp)
   153c4:	6145                	addi	sp,sp,48
   153c6:	8082                	ret
   153c8:	04052c23          	sw	zero,88(a0)
   153cc:	4581                	li	a1,0
   153ce:	b7c1                	j	1538e <__nrv_alloc_D2A+0x28>
   153d0:	87aa                	mv	a5,a0
   153d2:	b7e5                	j	153ba <__nrv_alloc_D2A+0x54>
   153d4:	f35ff0ef          	jal	15308 <__rv_alloc_D2A.part.0>

00000000000153d8 <__freedtoa>:
   153d8:	4d38                	lw	a4,88(a0)
   153da:	4785                	li	a5,1
   153dc:	00e797bb          	sllw	a5,a5,a4
   153e0:	c5dc                	sw	a5,12(a1)
   153e2:	c598                	sw	a4,8(a1)
   153e4:	a4d9                	j	156aa <_Bfree>

00000000000153e6 <__quorem_D2A>:
   153e6:	0145a803          	lw	a6,20(a1)
   153ea:	495c                	lw	a5,20(a0)
   153ec:	1707c763          	blt	a5,a6,1555a <__quorem_D2A+0x174>
   153f0:	387d                	addiw	a6,a6,-1
   153f2:	00281393          	slli	t2,a6,0x2
   153f6:	01858613          	addi	a2,a1,24
   153fa:	007608b3          	add	a7,a2,t2
   153fe:	01850313          	addi	t1,a0,24
   15402:	0008a783          	lw	a5,0(a7)
   15406:	939a                	add	t2,t2,t1
   15408:	0003a703          	lw	a4,0(t2)
   1540c:	2785                	addiw	a5,a5,1
   1540e:	715d                	addi	sp,sp,-80
   15410:	02f752bb          	divuw	t0,a4,a5
   15414:	e486                	sd	ra,72(sp)
   15416:	e0a2                	sd	s0,64(sp)
   15418:	8e16                	mv	t3,t0
   1541a:	0af76063          	bltu	a4,a5,154ba <__quorem_D2A+0xd4>
   1541e:	fc26                	sd	s1,56(sp)
   15420:	8fb2                	mv	t6,a2
   15422:	8f1a                	mv	t5,t1
   15424:	4481                	li	s1,0
   15426:	4401                	li	s0,0
   15428:	000fa703          	lw	a4,0(t6)
   1542c:	000f2683          	lw	a3,0(t5)
   15430:	0f11                	addi	t5,t5,4
   15432:	03071793          	slli	a5,a4,0x30
   15436:	93c1                	srli	a5,a5,0x30
   15438:	025787bb          	mulw	a5,a5,t0
   1543c:	0107571b          	srliw	a4,a4,0x10
   15440:	0f91                	addi	t6,t6,4
   15442:	02570ebb          	mulw	t4,a4,t0
   15446:	9fa5                	addw	a5,a5,s1
   15448:	03069713          	slli	a4,a3,0x30
   1544c:	03079493          	slli	s1,a5,0x30
   15450:	90c1                	srli	s1,s1,0x30
   15452:	9341                	srli	a4,a4,0x30
   15454:	9f05                	subw	a4,a4,s1
   15456:	0107d79b          	srliw	a5,a5,0x10
   1545a:	9f01                	subw	a4,a4,s0
   1545c:	02f71493          	slli	s1,a4,0x2f
   15460:	01d787bb          	addw	a5,a5,t4
   15464:	03079413          	slli	s0,a5,0x30
   15468:	9041                	srli	s0,s0,0x30
   1546a:	03f4de93          	srli	t4,s1,0x3f
   1546e:	9ea2                	add	t4,t4,s0
   15470:	0106d69b          	srliw	a3,a3,0x10
   15474:	41d686bb          	subw	a3,a3,t4
   15478:	1742                	slli	a4,a4,0x30
   1547a:	01069e9b          	slliw	t4,a3,0x10
   1547e:	9341                	srli	a4,a4,0x30
   15480:	00eee733          	or	a4,t4,a4
   15484:	0106d69b          	srliw	a3,a3,0x10
   15488:	feef2e23          	sw	a4,-4(t5)
   1548c:	0107d49b          	srliw	s1,a5,0x10
   15490:	0016f413          	andi	s0,a3,1
   15494:	f9f8fae3          	bgeu	a7,t6,15428 <__quorem_D2A+0x42>
   15498:	0003a783          	lw	a5,0(t2)
   1549c:	e3e9                	bnez	a5,1555e <__quorem_D2A+0x178>
   1549e:	13f1                	addi	t2,t2,-4
   154a0:	00736663          	bltu	t1,t2,154ac <__quorem_D2A+0xc6>
   154a4:	a801                	j	154b4 <__quorem_D2A+0xce>
   154a6:	387d                	addiw	a6,a6,-1
   154a8:	00737663          	bgeu	t1,t2,154b4 <__quorem_D2A+0xce>
   154ac:	0003a783          	lw	a5,0(t2)
   154b0:	13f1                	addi	t2,t2,-4
   154b2:	dbf5                	beqz	a5,154a6 <__quorem_D2A+0xc0>
   154b4:	74e2                	ld	s1,56(sp)
   154b6:	01052a23          	sw	a6,20(a0)
   154ba:	e072                	sd	t3,0(sp)
   154bc:	f416                	sd	t0,40(sp)
   154be:	f01a                	sd	t1,32(sp)
   154c0:	ec46                	sd	a7,24(sp)
   154c2:	e832                	sd	a2,16(sp)
   154c4:	e442                	sd	a6,8(sp)
   154c6:	842a                	mv	s0,a0
   154c8:	133000ef          	jal	15dfa <__mcmp>
   154cc:	6e02                	ld	t3,0(sp)
   154ce:	08054163          	bltz	a0,15550 <__quorem_D2A+0x16a>
   154d2:	72a2                	ld	t0,40(sp)
   154d4:	7302                	ld	t1,32(sp)
   154d6:	68e2                	ld	a7,24(sp)
   154d8:	6642                	ld	a2,16(sp)
   154da:	6822                	ld	a6,8(sp)
   154dc:	00128e1b          	addiw	t3,t0,1
   154e0:	859a                	mv	a1,t1
   154e2:	4501                	li	a0,0
   154e4:	419c                	lw	a5,0(a1)
   154e6:	4214                	lw	a3,0(a2)
   154e8:	0591                	addi	a1,a1,4
   154ea:	03079713          	slli	a4,a5,0x30
   154ee:	03069e93          	slli	t4,a3,0x30
   154f2:	030ede93          	srli	t4,t4,0x30
   154f6:	9341                	srli	a4,a4,0x30
   154f8:	41d7073b          	subw	a4,a4,t4
   154fc:	9f09                	subw	a4,a4,a0
   154fe:	02f71e93          	slli	t4,a4,0x2f
   15502:	03fed513          	srli	a0,t4,0x3f
   15506:	0106d69b          	srliw	a3,a3,0x10
   1550a:	96aa                	add	a3,a3,a0
   1550c:	0107d79b          	srliw	a5,a5,0x10
   15510:	9f95                	subw	a5,a5,a3
   15512:	1742                	slli	a4,a4,0x30
   15514:	0107969b          	slliw	a3,a5,0x10
   15518:	9341                	srli	a4,a4,0x30
   1551a:	8f55                	or	a4,a4,a3
   1551c:	0611                	addi	a2,a2,4
   1551e:	0107d79b          	srliw	a5,a5,0x10
   15522:	fee5ae23          	sw	a4,-4(a1)
   15526:	0017f513          	andi	a0,a5,1
   1552a:	fac8fde3          	bgeu	a7,a2,154e4 <__quorem_D2A+0xfe>
   1552e:	00281793          	slli	a5,a6,0x2
   15532:	979a                	add	a5,a5,t1
   15534:	4398                	lw	a4,0(a5)
   15536:	ef09                	bnez	a4,15550 <__quorem_D2A+0x16a>
   15538:	17f1                	addi	a5,a5,-4
   1553a:	00f36663          	bltu	t1,a5,15546 <__quorem_D2A+0x160>
   1553e:	a039                	j	1554c <__quorem_D2A+0x166>
   15540:	387d                	addiw	a6,a6,-1
   15542:	00f37563          	bgeu	t1,a5,1554c <__quorem_D2A+0x166>
   15546:	4398                	lw	a4,0(a5)
   15548:	17f1                	addi	a5,a5,-4
   1554a:	db7d                	beqz	a4,15540 <__quorem_D2A+0x15a>
   1554c:	01042a23          	sw	a6,20(s0)
   15550:	60a6                	ld	ra,72(sp)
   15552:	6406                	ld	s0,64(sp)
   15554:	8572                	mv	a0,t3
   15556:	6161                	addi	sp,sp,80
   15558:	8082                	ret
   1555a:	4501                	li	a0,0
   1555c:	8082                	ret
   1555e:	74e2                	ld	s1,56(sp)
   15560:	bfa9                	j	154ba <__quorem_D2A+0xd4>

0000000000015562 <__rshift_D2A>:
   15562:	4954                	lw	a3,20(a0)
   15564:	4055d31b          	sraiw	t1,a1,0x5
   15568:	00d34763          	blt	t1,a3,15576 <__rshift_D2A+0x14>
   1556c:	00052a23          	sw	zero,20(a0)
   15570:	00052c23          	sw	zero,24(a0)
   15574:	8082                	ret
   15576:	01850e13          	addi	t3,a0,24
   1557a:	00269813          	slli	a6,a3,0x2
   1557e:	00231793          	slli	a5,t1,0x2
   15582:	89fd                	andi	a1,a1,31
   15584:	9872                	add	a6,a6,t3
   15586:	97f2                	add	a5,a5,t3
   15588:	c5a9                	beqz	a1,155d2 <__rshift_D2A+0x70>
   1558a:	4390                	lw	a2,0(a5)
   1558c:	0791                	addi	a5,a5,4
   1558e:	00b6563b          	srlw	a2,a2,a1
   15592:	0707f563          	bgeu	a5,a6,155fc <__rshift_D2A+0x9a>
   15596:	02000e93          	li	t4,32
   1559a:	40be8ebb          	subw	t4,t4,a1
   1559e:	88f2                	mv	a7,t3
   155a0:	4398                	lw	a4,0(a5)
   155a2:	0891                	addi	a7,a7,4
   155a4:	0791                	addi	a5,a5,4
   155a6:	01d7173b          	sllw	a4,a4,t4
   155aa:	8f51                	or	a4,a4,a2
   155ac:	fee8ae23          	sw	a4,-4(a7)
   155b0:	ffc7a603          	lw	a2,-4(a5)
   155b4:	00b6563b          	srlw	a2,a2,a1
   155b8:	ff07e4e3          	bltu	a5,a6,155a0 <__rshift_D2A+0x3e>
   155bc:	406687b3          	sub	a5,a3,t1
   155c0:	078a                	slli	a5,a5,0x2
   155c2:	17e1                	addi	a5,a5,-8
   155c4:	004e0713          	addi	a4,t3,4
   155c8:	97ba                	add	a5,a5,a4
   155ca:	c390                	sw	a2,0(a5)
   155cc:	c20d                	beqz	a2,155ee <__rshift_D2A+0x8c>
   155ce:	0791                	addi	a5,a5,4
   155d0:	a839                	j	155ee <__rshift_D2A+0x8c>
   155d2:	8772                	mv	a4,t3
   155d4:	f907fce3          	bgeu	a5,a6,1556c <__rshift_D2A+0xa>
   155d8:	4390                	lw	a2,0(a5)
   155da:	0791                	addi	a5,a5,4
   155dc:	0711                	addi	a4,a4,4
   155de:	fec72e23          	sw	a2,-4(a4)
   155e2:	ff07ebe3          	bltu	a5,a6,155d8 <__rshift_D2A+0x76>
   155e6:	406687b3          	sub	a5,a3,t1
   155ea:	078a                	slli	a5,a5,0x2
   155ec:	97f2                	add	a5,a5,t3
   155ee:	41c787b3          	sub	a5,a5,t3
   155f2:	8789                	srai	a5,a5,0x2
   155f4:	2781                	sext.w	a5,a5
   155f6:	c95c                	sw	a5,20(a0)
   155f8:	dfa5                	beqz	a5,15570 <__rshift_D2A+0xe>
   155fa:	8082                	ret
   155fc:	cd10                	sw	a2,24(a0)
   155fe:	87f2                	mv	a5,t3
   15600:	d635                	beqz	a2,1556c <__rshift_D2A+0xa>
   15602:	0791                	addi	a5,a5,4
   15604:	b7ed                	j	155ee <__rshift_D2A+0x8c>

0000000000015606 <__trailz_D2A>:
   15606:	4954                	lw	a3,20(a0)
   15608:	0561                	addi	a0,a0,24
   1560a:	4781                	li	a5,0
   1560c:	068a                	slli	a3,a3,0x2
   1560e:	96aa                	add	a3,a3,a0
   15610:	00d56863          	bltu	a0,a3,15620 <__trailz_D2A+0x1a>
   15614:	a03d                	j	15642 <__trailz_D2A+0x3c>
   15616:	0511                	addi	a0,a0,4
   15618:	0207879b          	addiw	a5,a5,32
   1561c:	02d57363          	bgeu	a0,a3,15642 <__trailz_D2A+0x3c>
   15620:	4118                	lw	a4,0(a0)
   15622:	db75                	beqz	a4,15616 <__trailz_D2A+0x10>
   15624:	00d57f63          	bgeu	a0,a3,15642 <__trailz_D2A+0x3c>
   15628:	7179                	addi	sp,sp,-48
   1562a:	0868                	addi	a0,sp,28
   1562c:	f406                	sd	ra,40(sp)
   1562e:	e43e                	sd	a5,8(sp)
   15630:	ce3a                	sw	a4,28(sp)
   15632:	2ce000ef          	jal	15900 <__lo0bits>
   15636:	67a2                	ld	a5,8(sp)
   15638:	70a2                	ld	ra,40(sp)
   1563a:	9fa9                	addw	a5,a5,a0
   1563c:	853e                	mv	a0,a5
   1563e:	6145                	addi	sp,sp,48
   15640:	8082                	ret
   15642:	853e                	mv	a0,a5
   15644:	8082                	ret

0000000000015646 <_Balloc>:
   15646:	753c                	ld	a5,104(a0)
   15648:	1101                	addi	sp,sp,-32
   1564a:	ec06                	sd	ra,24(sp)
   1564c:	872a                	mv	a4,a0
   1564e:	86ae                	mv	a3,a1
   15650:	cf89                	beqz	a5,1566a <_Balloc+0x24>
   15652:	00369613          	slli	a2,a3,0x3
   15656:	97b2                	add	a5,a5,a2
   15658:	6388                	ld	a0,0(a5)
   1565a:	c515                	beqz	a0,15686 <_Balloc+0x40>
   1565c:	6118                	ld	a4,0(a0)
   1565e:	e398                	sd	a4,0(a5)
   15660:	00053823          	sd	zero,16(a0)
   15664:	60e2                	ld	ra,24(sp)
   15666:	6105                	addi	sp,sp,32
   15668:	8082                	ret
   1566a:	e42e                	sd	a1,8(sp)
   1566c:	04100613          	li	a2,65
   15670:	45a1                	li	a1,8
   15672:	e02a                	sd	a0,0(sp)
   15674:	51e010ef          	jal	16b92 <_calloc_r>
   15678:	6702                	ld	a4,0(sp)
   1567a:	66a2                	ld	a3,8(sp)
   1567c:	87aa                	mv	a5,a0
   1567e:	f728                	sd	a0,104(a4)
   15680:	f969                	bnez	a0,15652 <_Balloc+0xc>
   15682:	4501                	li	a0,0
   15684:	b7c5                	j	15664 <_Balloc+0x1e>
   15686:	4785                	li	a5,1
   15688:	00d797bb          	sllw	a5,a5,a3
   1568c:	00279613          	slli	a2,a5,0x2
   15690:	853a                	mv	a0,a4
   15692:	0671                	addi	a2,a2,28
   15694:	4585                	li	a1,1
   15696:	e436                	sd	a3,8(sp)
   15698:	e03e                	sd	a5,0(sp)
   1569a:	4f8010ef          	jal	16b92 <_calloc_r>
   1569e:	d175                	beqz	a0,15682 <_Balloc+0x3c>
   156a0:	66a2                	ld	a3,8(sp)
   156a2:	6782                	ld	a5,0(sp)
   156a4:	c514                	sw	a3,8(a0)
   156a6:	c55c                	sw	a5,12(a0)
   156a8:	bf65                	j	15660 <_Balloc+0x1a>

00000000000156aa <_Bfree>:
   156aa:	c981                	beqz	a1,156ba <_Bfree+0x10>
   156ac:	4598                	lw	a4,8(a1)
   156ae:	753c                	ld	a5,104(a0)
   156b0:	070e                	slli	a4,a4,0x3
   156b2:	97ba                	add	a5,a5,a4
   156b4:	6398                	ld	a4,0(a5)
   156b6:	e198                	sd	a4,0(a1)
   156b8:	e38c                	sd	a1,0(a5)
   156ba:	8082                	ret

00000000000156bc <__multadd>:
   156bc:	0145a303          	lw	t1,20(a1)
   156c0:	8e2e                	mv	t3,a1
   156c2:	8736                	mv	a4,a3
   156c4:	01858813          	addi	a6,a1,24
   156c8:	4881                	li	a7,0
   156ca:	00082783          	lw	a5,0(a6)
   156ce:	0811                	addi	a6,a6,4
   156d0:	2885                	addiw	a7,a7,1
   156d2:	03079693          	slli	a3,a5,0x30
   156d6:	92c1                	srli	a3,a3,0x30
   156d8:	02c686bb          	mulw	a3,a3,a2
   156dc:	0107d79b          	srliw	a5,a5,0x10
   156e0:	02c787bb          	mulw	a5,a5,a2
   156e4:	9eb9                	addw	a3,a3,a4
   156e6:	0106d71b          	srliw	a4,a3,0x10
   156ea:	16c2                	slli	a3,a3,0x30
   156ec:	92c1                	srli	a3,a3,0x30
   156ee:	9fb9                	addw	a5,a5,a4
   156f0:	0107971b          	slliw	a4,a5,0x10
   156f4:	9f35                	addw	a4,a4,a3
   156f6:	fee82e23          	sw	a4,-4(a6)
   156fa:	0107d71b          	srliw	a4,a5,0x10
   156fe:	fc68c6e3          	blt	a7,t1,156ca <__multadd+0xe>
   15702:	cf09                	beqz	a4,1571c <__multadd+0x60>
   15704:	00ce2783          	lw	a5,12(t3)
   15708:	00f35c63          	bge	t1,a5,15720 <__multadd+0x64>
   1570c:	00231693          	slli	a3,t1,0x2
   15710:	96f2                	add	a3,a3,t3
   15712:	ce98                	sw	a4,24(a3)
   15714:	0013079b          	addiw	a5,t1,1 # fffffffffcc00001 <__BSS_END__+0xfffffffffcbe23e9>
   15718:	00fe2a23          	sw	a5,20(t3)
   1571c:	8572                	mv	a0,t3
   1571e:	8082                	ret
   15720:	008e2583          	lw	a1,8(t3)
   15724:	7179                	addi	sp,sp,-48
   15726:	f022                	sd	s0,32(sp)
   15728:	2585                	addiw	a1,a1,1
   1572a:	e83a                	sd	a4,16(sp)
   1572c:	e41a                	sd	t1,8(sp)
   1572e:	e072                	sd	t3,0(sp)
   15730:	f406                	sd	ra,40(sp)
   15732:	842a                	mv	s0,a0
   15734:	f13ff0ef          	jal	15646 <_Balloc>
   15738:	6e02                	ld	t3,0(sp)
   1573a:	6322                	ld	t1,8(sp)
   1573c:	6742                	ld	a4,16(sp)
   1573e:	86aa                	mv	a3,a0
   15740:	c929                	beqz	a0,15792 <__multadd+0xd6>
   15742:	014e2603          	lw	a2,20(t3)
   15746:	010e0593          	addi	a1,t3,16
   1574a:	0541                	addi	a0,a0,16
   1574c:	060a                	slli	a2,a2,0x2
   1574e:	0621                	addi	a2,a2,8
   15750:	ec3a                	sd	a4,24(sp)
   15752:	e81a                	sd	t1,16(sp)
   15754:	e472                	sd	t3,8(sp)
   15756:	e036                	sd	a3,0(sp)
   15758:	e64fe0ef          	jal	13dbc <memcpy>
   1575c:	6e22                	ld	t3,8(sp)
   1575e:	743c                	ld	a5,104(s0)
   15760:	6342                	ld	t1,16(sp)
   15762:	008e2603          	lw	a2,8(t3)
   15766:	6762                	ld	a4,24(sp)
   15768:	00231693          	slli	a3,t1,0x2
   1576c:	060e                	slli	a2,a2,0x3
   1576e:	97b2                	add	a5,a5,a2
   15770:	6390                	ld	a2,0(a5)
   15772:	70a2                	ld	ra,40(sp)
   15774:	7402                	ld	s0,32(sp)
   15776:	00ce3023          	sd	a2,0(t3)
   1577a:	01c7b023          	sd	t3,0(a5)
   1577e:	6e02                	ld	t3,0(sp)
   15780:	0013079b          	addiw	a5,t1,1
   15784:	96f2                	add	a3,a3,t3
   15786:	ce98                	sw	a4,24(a3)
   15788:	00fe2a23          	sw	a5,20(t3)
   1578c:	8572                	mv	a0,t3
   1578e:	6145                	addi	sp,sp,48
   15790:	8082                	ret
   15792:	66e5                	lui	a3,0x19
   15794:	6565                	lui	a0,0x19
   15796:	27868693          	addi	a3,a3,632 # 19278 <__clzdi2+0xb8>
   1579a:	30050513          	addi	a0,a0,768 # 19300 <__clzdi2+0x140>
   1579e:	4601                	li	a2,0
   157a0:	0ba00593          	li	a1,186
   157a4:	3ac010ef          	jal	16b50 <__assert_func>

00000000000157a8 <__s2b>:
   157a8:	7139                	addi	sp,sp,-64
   157aa:	f822                	sd	s0,48(sp)
   157ac:	f04a                	sd	s2,32(sp)
   157ae:	ec4e                	sd	s3,24(sp)
   157b0:	e852                	sd	s4,16(sp)
   157b2:	e456                	sd	s5,8(sp)
   157b4:	fc06                	sd	ra,56(sp)
   157b6:	47a5                	li	a5,9
   157b8:	89b6                	mv	s3,a3
   157ba:	8a32                	mv	s4,a2
   157bc:	892a                	mv	s2,a0
   157be:	8aae                	mv	s5,a1
   157c0:	843a                	mv	s0,a4
   157c2:	0ad7dd63          	bge	a5,a3,1587c <__s2b+0xd4>
   157c6:	26a1                	addiw	a3,a3,8
   157c8:	1682                	slli	a3,a3,0x20
   157ca:	38e397b7          	lui	a5,0x38e39
   157ce:	e3978793          	addi	a5,a5,-455 # 38e38e39 <__BSS_END__+0x38e1b221>
   157d2:	9281                	srli	a3,a3,0x20
   157d4:	02f686b3          	mul	a3,a3,a5
   157d8:	4581                	li	a1,0
   157da:	4785                	li	a5,1
   157dc:	9285                	srli	a3,a3,0x21
   157de:	0017979b          	slliw	a5,a5,0x1
   157e2:	2585                	addiw	a1,a1,1
   157e4:	fed7cde3          	blt	a5,a3,157de <__s2b+0x36>
   157e8:	854a                	mv	a0,s2
   157ea:	e5dff0ef          	jal	15646 <_Balloc>
   157ee:	f426                	sd	s1,40(sp)
   157f0:	85aa                	mv	a1,a0
   157f2:	c559                	beqz	a0,15880 <__s2b+0xd8>
   157f4:	4785                	li	a5,1
   157f6:	c95c                	sw	a5,20(a0)
   157f8:	cd00                	sw	s0,24(a0)
   157fa:	47a5                	li	a5,9
   157fc:	0747dc63          	bge	a5,s4,15874 <__s2b+0xcc>
   15800:	ff6a071b          	addiw	a4,s4,-10
   15804:	020a1793          	slli	a5,s4,0x20
   15808:	009a8413          	addi	s0,s5,9
   1580c:	e05a                	sd	s6,0(sp)
   1580e:	9381                	srli	a5,a5,0x20
   15810:	02071b13          	slli	s6,a4,0x20
   15814:	020b5b13          	srli	s6,s6,0x20
   15818:	9abe                	add	s5,s5,a5
   1581a:	84a2                	mv	s1,s0
   1581c:	0004c683          	lbu	a3,0(s1)
   15820:	4629                	li	a2,10
   15822:	854a                	mv	a0,s2
   15824:	fd06869b          	addiw	a3,a3,-48
   15828:	0485                	addi	s1,s1,1
   1582a:	e93ff0ef          	jal	156bc <__multadd>
   1582e:	85aa                	mv	a1,a0
   15830:	ff5496e3          	bne	s1,s5,1581c <__s2b+0x74>
   15834:	945a                	add	s0,s0,s6
   15836:	6b02                	ld	s6,0(sp)
   15838:	0409                	addi	s0,s0,2
   1583a:	033a5363          	bge	s4,s3,15860 <__s2b+0xb8>
   1583e:	414984bb          	subw	s1,s3,s4
   15842:	1482                	slli	s1,s1,0x20
   15844:	9081                	srli	s1,s1,0x20
   15846:	94a2                	add	s1,s1,s0
   15848:	00044683          	lbu	a3,0(s0)
   1584c:	4629                	li	a2,10
   1584e:	854a                	mv	a0,s2
   15850:	fd06869b          	addiw	a3,a3,-48
   15854:	0405                	addi	s0,s0,1
   15856:	e67ff0ef          	jal	156bc <__multadd>
   1585a:	85aa                	mv	a1,a0
   1585c:	fe9416e3          	bne	s0,s1,15848 <__s2b+0xa0>
   15860:	70e2                	ld	ra,56(sp)
   15862:	7442                	ld	s0,48(sp)
   15864:	74a2                	ld	s1,40(sp)
   15866:	7902                	ld	s2,32(sp)
   15868:	69e2                	ld	s3,24(sp)
   1586a:	6a42                	ld	s4,16(sp)
   1586c:	6aa2                	ld	s5,8(sp)
   1586e:	852e                	mv	a0,a1
   15870:	6121                	addi	sp,sp,64
   15872:	8082                	ret
   15874:	00aa8413          	addi	s0,s5,10
   15878:	8a3e                	mv	s4,a5
   1587a:	b7c1                	j	1583a <__s2b+0x92>
   1587c:	4581                	li	a1,0
   1587e:	b7ad                	j	157e8 <__s2b+0x40>
   15880:	66e5                	lui	a3,0x19
   15882:	6565                	lui	a0,0x19
   15884:	27868693          	addi	a3,a3,632 # 19278 <__clzdi2+0xb8>
   15888:	30050513          	addi	a0,a0,768 # 19300 <__clzdi2+0x140>
   1588c:	4601                	li	a2,0
   1588e:	0d300593          	li	a1,211
   15892:	e05a                	sd	s6,0(sp)
   15894:	2bc010ef          	jal	16b50 <__assert_func>

0000000000015898 <__hi0bits>:
   15898:	87aa                	mv	a5,a0
   1589a:	6741                	lui	a4,0x10
   1589c:	4501                	li	a0,0
   1589e:	00e7f563          	bgeu	a5,a4,158a8 <__hi0bits+0x10>
   158a2:	0107979b          	slliw	a5,a5,0x10
   158a6:	4541                	li	a0,16
   158a8:	01000737          	lui	a4,0x1000
   158ac:	00e7f563          	bgeu	a5,a4,158b6 <__hi0bits+0x1e>
   158b0:	2521                	addiw	a0,a0,8
   158b2:	0087979b          	slliw	a5,a5,0x8
   158b6:	10000737          	lui	a4,0x10000
   158ba:	00e7ec63          	bltu	a5,a4,158d2 <__hi0bits+0x3a>
   158be:	40000737          	lui	a4,0x40000
   158c2:	02e7f863          	bgeu	a5,a4,158f2 <__hi0bits+0x5a>
   158c6:	02279713          	slli	a4,a5,0x22
   158ca:	02074963          	bltz	a4,158fc <__hi0bits+0x64>
   158ce:	250d                	addiw	a0,a0,3
   158d0:	8082                	ret
   158d2:	0047971b          	slliw	a4,a5,0x4
   158d6:	400006b7          	lui	a3,0x40000
   158da:	2511                	addiw	a0,a0,4
   158dc:	00d77c63          	bgeu	a4,a3,158f4 <__hi0bits+0x5c>
   158e0:	0067979b          	slliw	a5,a5,0x6
   158e4:	0007cc63          	bltz	a5,158fc <__hi0bits+0x64>
   158e8:	8ff5                	and	a5,a5,a3
   158ea:	f3f5                	bnez	a5,158ce <__hi0bits+0x36>
   158ec:	02000513          	li	a0,32
   158f0:	8082                	ret
   158f2:	873e                	mv	a4,a5
   158f4:	fe074ee3          	bltz	a4,158f0 <__hi0bits+0x58>
   158f8:	2505                	addiw	a0,a0,1
   158fa:	8082                	ret
   158fc:	2509                	addiw	a0,a0,2
   158fe:	8082                	ret

0000000000015900 <__lo0bits>:
   15900:	411c                	lw	a5,0(a0)
   15902:	0077f713          	andi	a4,a5,7
   15906:	86be                	mv	a3,a5
   15908:	cf11                	beqz	a4,15924 <__lo0bits+0x24>
   1590a:	0017f693          	andi	a3,a5,1
   1590e:	4701                	li	a4,0
   15910:	ea81                	bnez	a3,15920 <__lo0bits+0x20>
   15912:	0027f713          	andi	a4,a5,2
   15916:	cf3d                	beqz	a4,15994 <__lo0bits+0x94>
   15918:	0017d79b          	srliw	a5,a5,0x1
   1591c:	c11c                	sw	a5,0(a0)
   1591e:	4705                	li	a4,1
   15920:	853a                	mv	a0,a4
   15922:	8082                	ret
   15924:	03079713          	slli	a4,a5,0x30
   15928:	9341                	srli	a4,a4,0x30
   1592a:	eb0d                	bnez	a4,1595c <__lo0bits+0x5c>
   1592c:	0107d79b          	srliw	a5,a5,0x10
   15930:	0ff7f693          	zext.b	a3,a5
   15934:	4741                	li	a4,16
   15936:	e681                	bnez	a3,1593e <__lo0bits+0x3e>
   15938:	4761                	li	a4,24
   1593a:	0087d79b          	srliw	a5,a5,0x8
   1593e:	00f7f693          	andi	a3,a5,15
   15942:	c2a9                	beqz	a3,15984 <__lo0bits+0x84>
   15944:	0037f693          	andi	a3,a5,3
   15948:	c68d                	beqz	a3,15972 <__lo0bits+0x72>
   1594a:	0017f693          	andi	a3,a5,1
   1594e:	e681                	bnez	a3,15956 <__lo0bits+0x56>
   15950:	2705                	addiw	a4,a4,1 # 40000001 <__BSS_END__+0x3ffe23e9>
   15952:	0017d79b          	srliw	a5,a5,0x1
   15956:	c11c                	sw	a5,0(a0)
   15958:	853a                	mv	a0,a4
   1595a:	8082                	ret
   1595c:	0ff7f713          	zext.b	a4,a5
   15960:	c715                	beqz	a4,1598c <__lo0bits+0x8c>
   15962:	8abd                	andi	a3,a3,15
   15964:	e6a1                	bnez	a3,159ac <__lo0bits+0xac>
   15966:	4711                	li	a4,4
   15968:	0047d79b          	srliw	a5,a5,0x4
   1596c:	0037f693          	andi	a3,a5,3
   15970:	fee9                	bnez	a3,1594a <__lo0bits+0x4a>
   15972:	0027d69b          	srliw	a3,a5,0x2
   15976:	0016f613          	andi	a2,a3,1
   1597a:	c21d                	beqz	a2,159a0 <__lo0bits+0xa0>
   1597c:	87b6                	mv	a5,a3
   1597e:	2709                	addiw	a4,a4,2
   15980:	c11c                	sw	a5,0(a0)
   15982:	bfd9                	j	15958 <__lo0bits+0x58>
   15984:	2711                	addiw	a4,a4,4
   15986:	0047d79b          	srliw	a5,a5,0x4
   1598a:	b7cd                	j	1596c <__lo0bits+0x6c>
   1598c:	4721                	li	a4,8
   1598e:	0087d79b          	srliw	a5,a5,0x8
   15992:	b775                	j	1593e <__lo0bits+0x3e>
   15994:	0027d79b          	srliw	a5,a5,0x2
   15998:	4709                	li	a4,2
   1599a:	c11c                	sw	a5,0(a0)
   1599c:	853a                	mv	a0,a4
   1599e:	8082                	ret
   159a0:	0037d79b          	srliw	a5,a5,0x3
   159a4:	eb89                	bnez	a5,159b6 <__lo0bits+0xb6>
   159a6:	02000713          	li	a4,32
   159aa:	bf9d                	j	15920 <__lo0bits+0x20>
   159ac:	0037d79b          	srliw	a5,a5,0x3
   159b0:	470d                	li	a4,3
   159b2:	c11c                	sw	a5,0(a0)
   159b4:	b755                	j	15958 <__lo0bits+0x58>
   159b6:	270d                	addiw	a4,a4,3
   159b8:	c11c                	sw	a5,0(a0)
   159ba:	bf79                	j	15958 <__lo0bits+0x58>

00000000000159bc <__i2b>:
   159bc:	753c                	ld	a5,104(a0)
   159be:	1101                	addi	sp,sp,-32
   159c0:	ec06                	sd	ra,24(sp)
   159c2:	872a                	mv	a4,a0
   159c4:	86ae                	mv	a3,a1
   159c6:	cf81                	beqz	a5,159de <__i2b+0x22>
   159c8:	6788                	ld	a0,8(a5)
   159ca:	c129                	beqz	a0,15a0c <__i2b+0x50>
   159cc:	6118                	ld	a4,0(a0)
   159ce:	60e2                	ld	ra,24(sp)
   159d0:	e798                	sd	a4,8(a5)
   159d2:	4785                	li	a5,1
   159d4:	1782                	slli	a5,a5,0x20
   159d6:	cd14                	sw	a3,24(a0)
   159d8:	e91c                	sd	a5,16(a0)
   159da:	6105                	addi	sp,sp,32
   159dc:	8082                	ret
   159de:	e42e                	sd	a1,8(sp)
   159e0:	04100613          	li	a2,65
   159e4:	45a1                	li	a1,8
   159e6:	e02a                	sd	a0,0(sp)
   159e8:	1aa010ef          	jal	16b92 <_calloc_r>
   159ec:	6702                	ld	a4,0(sp)
   159ee:	66a2                	ld	a3,8(sp)
   159f0:	87aa                	mv	a5,a0
   159f2:	f728                	sd	a0,104(a4)
   159f4:	f971                	bnez	a0,159c8 <__i2b+0xc>
   159f6:	66e5                	lui	a3,0x19
   159f8:	6565                	lui	a0,0x19
   159fa:	27868693          	addi	a3,a3,632 # 19278 <__clzdi2+0xb8>
   159fe:	30050513          	addi	a0,a0,768 # 19300 <__clzdi2+0x140>
   15a02:	4601                	li	a2,0
   15a04:	14500593          	li	a1,325
   15a08:	148010ef          	jal	16b50 <__assert_func>
   15a0c:	853a                	mv	a0,a4
   15a0e:	02400613          	li	a2,36
   15a12:	4585                	li	a1,1
   15a14:	e036                	sd	a3,0(sp)
   15a16:	17c010ef          	jal	16b92 <_calloc_r>
   15a1a:	dd71                	beqz	a0,159f6 <__i2b+0x3a>
   15a1c:	4785                	li	a5,1
   15a1e:	1786                	slli	a5,a5,0x21
   15a20:	6682                	ld	a3,0(sp)
   15a22:	0785                	addi	a5,a5,1
   15a24:	60e2                	ld	ra,24(sp)
   15a26:	e51c                	sd	a5,8(a0)
   15a28:	4785                	li	a5,1
   15a2a:	1782                	slli	a5,a5,0x20
   15a2c:	cd14                	sw	a3,24(a0)
   15a2e:	e91c                	sd	a5,16(a0)
   15a30:	6105                	addi	sp,sp,32
   15a32:	8082                	ret

0000000000015a34 <__multiply>:
   15a34:	7139                	addi	sp,sp,-64
   15a36:	ec4e                	sd	s3,24(sp)
   15a38:	e852                	sd	s4,16(sp)
   15a3a:	0145a983          	lw	s3,20(a1)
   15a3e:	01462a03          	lw	s4,20(a2)
   15a42:	f04a                	sd	s2,32(sp)
   15a44:	e456                	sd	s5,8(sp)
   15a46:	fc06                	sd	ra,56(sp)
   15a48:	f822                	sd	s0,48(sp)
   15a4a:	f426                	sd	s1,40(sp)
   15a4c:	8aae                	mv	s5,a1
   15a4e:	8932                	mv	s2,a2
   15a50:	0149c763          	blt	s3,s4,15a5e <__multiply+0x2a>
   15a54:	8752                	mv	a4,s4
   15a56:	892e                	mv	s2,a1
   15a58:	8a4e                	mv	s4,s3
   15a5a:	8ab2                	mv	s5,a2
   15a5c:	89ba                	mv	s3,a4
   15a5e:	00c92783          	lw	a5,12(s2)
   15a62:	013a04bb          	addw	s1,s4,s3
   15a66:	00892583          	lw	a1,8(s2)
   15a6a:	8426                	mv	s0,s1
   15a6c:	0097d363          	bge	a5,s1,15a72 <__multiply+0x3e>
   15a70:	2585                	addiw	a1,a1,1
   15a72:	bd5ff0ef          	jal	15646 <_Balloc>
   15a76:	16050a63          	beqz	a0,15bea <__multiply+0x1b6>
   15a7a:	01850893          	addi	a7,a0,24
   15a7e:	00249813          	slli	a6,s1,0x2
   15a82:	9846                	add	a6,a6,a7
   15a84:	87c6                	mv	a5,a7
   15a86:	0108f763          	bgeu	a7,a6,15a94 <__multiply+0x60>
   15a8a:	0007a023          	sw	zero,0(a5)
   15a8e:	0791                	addi	a5,a5,4
   15a90:	ff07ede3          	bltu	a5,a6,15a8a <__multiply+0x56>
   15a94:	018a8593          	addi	a1,s5,24
   15a98:	00299313          	slli	t1,s3,0x2
   15a9c:	932e                	add	t1,t1,a1
   15a9e:	1265f363          	bgeu	a1,t1,15bc4 <__multiply+0x190>
   15aa2:	002a1693          	slli	a3,s4,0x2
   15aa6:	01890e93          	addi	t4,s2,24
   15aaa:	96f6                	add	a3,a3,t4
   15aac:	01990e13          	addi	t3,s2,25
   15ab0:	01c6be33          	sltu	t3,a3,t3
   15ab4:	41268633          	sub	a2,a3,s2
   15ab8:	001e4e13          	xori	t3,t3,1
   15abc:	161d                	addi	a2,a2,-25
   15abe:	a809                	j	15ad0 <__multiply+0x9c>
   15ac0:	0102d29b          	srliw	t0,t0,0x10
   15ac4:	08029863          	bnez	t0,15b54 <__multiply+0x120>
   15ac8:	0591                	addi	a1,a1,4
   15aca:	0891                	addi	a7,a7,4
   15acc:	0e65fc63          	bgeu	a1,t1,15bc4 <__multiply+0x190>
   15ad0:	0005a283          	lw	t0,0(a1)
   15ad4:	03029913          	slli	s2,t0,0x30
   15ad8:	03095913          	srli	s2,s2,0x30
   15adc:	fe0902e3          	beqz	s2,15ac0 <__multiply+0x8c>
   15ae0:	83c6                	mv	t2,a7
   15ae2:	82f6                	mv	t0,t4
   15ae4:	4701                	li	a4,0
   15ae6:	0002af83          	lw	t6,0(t0)
   15aea:	0003af03          	lw	t5,0(t2)
   15aee:	0391                	addi	t2,t2,4
   15af0:	030f9793          	slli	a5,t6,0x30
   15af4:	93c1                	srli	a5,a5,0x30
   15af6:	032787bb          	mulw	a5,a5,s2
   15afa:	010fdf9b          	srliw	t6,t6,0x10
   15afe:	030f1993          	slli	s3,t5,0x30
   15b02:	0309d993          	srli	s3,s3,0x30
   15b06:	010f5f1b          	srliw	t5,t5,0x10
   15b0a:	0291                	addi	t0,t0,4
   15b0c:	032f8fbb          	mulw	t6,t6,s2
   15b10:	013787bb          	addw	a5,a5,s3
   15b14:	9fb9                	addw	a5,a5,a4
   15b16:	0107d71b          	srliw	a4,a5,0x10
   15b1a:	17c2                	slli	a5,a5,0x30
   15b1c:	93c1                	srli	a5,a5,0x30
   15b1e:	01ff0f3b          	addw	t5,t5,t6
   15b22:	01e7073b          	addw	a4,a4,t5
   15b26:	01071f1b          	slliw	t5,a4,0x10
   15b2a:	00ff67b3          	or	a5,t5,a5
   15b2e:	fef3ae23          	sw	a5,-4(t2)
   15b32:	0107571b          	srliw	a4,a4,0x10
   15b36:	fad2e8e3          	bltu	t0,a3,15ae6 <__multiply+0xb2>
   15b3a:	4781                	li	a5,0
   15b3c:	000e0463          	beqz	t3,15b44 <__multiply+0x110>
   15b40:	ffc67793          	andi	a5,a2,-4
   15b44:	97c6                	add	a5,a5,a7
   15b46:	c3d8                	sw	a4,4(a5)
   15b48:	0005a283          	lw	t0,0(a1)
   15b4c:	0102d29b          	srliw	t0,t0,0x10
   15b50:	f6028ce3          	beqz	t0,15ac8 <__multiply+0x94>
   15b54:	0008a783          	lw	a5,0(a7)
   15b58:	83c6                	mv	t2,a7
   15b5a:	8ff6                	mv	t6,t4
   15b5c:	893e                	mv	s2,a5
   15b5e:	4981                	li	s3,0
   15b60:	000fdf03          	lhu	t5,0(t6)
   15b64:	0109571b          	srliw	a4,s2,0x10
   15b68:	17c2                	slli	a5,a5,0x30
   15b6a:	025f0f3b          	mulw	t5,t5,t0
   15b6e:	93c1                	srli	a5,a5,0x30
   15b70:	0f91                	addi	t6,t6,4
   15b72:	0043a903          	lw	s2,4(t2)
   15b76:	0391                	addi	t2,t2,4
   15b78:	03091a13          	slli	s4,s2,0x30
   15b7c:	030a5a13          	srli	s4,s4,0x30
   15b80:	013f0f3b          	addw	t5,t5,s3
   15b84:	01e7073b          	addw	a4,a4,t5
   15b88:	01071f1b          	slliw	t5,a4,0x10
   15b8c:	00ff67b3          	or	a5,t5,a5
   15b90:	fef3ae23          	sw	a5,-4(t2)
   15b94:	ffefd783          	lhu	a5,-2(t6)
   15b98:	0107571b          	srliw	a4,a4,0x10
   15b9c:	025787bb          	mulw	a5,a5,t0
   15ba0:	014787bb          	addw	a5,a5,s4
   15ba4:	9fb9                	addw	a5,a5,a4
   15ba6:	0107d99b          	srliw	s3,a5,0x10
   15baa:	fadfebe3          	bltu	t6,a3,15b60 <__multiply+0x12c>
   15bae:	4701                	li	a4,0
   15bb0:	000e0463          	beqz	t3,15bb8 <__multiply+0x184>
   15bb4:	ffc67713          	andi	a4,a2,-4
   15bb8:	9746                	add	a4,a4,a7
   15bba:	c35c                	sw	a5,4(a4)
   15bbc:	0591                	addi	a1,a1,4
   15bbe:	0891                	addi	a7,a7,4
   15bc0:	f065e8e3          	bltu	a1,t1,15ad0 <__multiply+0x9c>
   15bc4:	00904563          	bgtz	s1,15bce <__multiply+0x19a>
   15bc8:	a039                	j	15bd6 <__multiply+0x1a2>
   15bca:	347d                	addiw	s0,s0,-1
   15bcc:	c409                	beqz	s0,15bd6 <__multiply+0x1a2>
   15bce:	ffc82783          	lw	a5,-4(a6)
   15bd2:	1871                	addi	a6,a6,-4
   15bd4:	dbfd                	beqz	a5,15bca <__multiply+0x196>
   15bd6:	70e2                	ld	ra,56(sp)
   15bd8:	c940                	sw	s0,20(a0)
   15bda:	7442                	ld	s0,48(sp)
   15bdc:	74a2                	ld	s1,40(sp)
   15bde:	7902                	ld	s2,32(sp)
   15be0:	69e2                	ld	s3,24(sp)
   15be2:	6a42                	ld	s4,16(sp)
   15be4:	6aa2                	ld	s5,8(sp)
   15be6:	6121                	addi	sp,sp,64
   15be8:	8082                	ret
   15bea:	66e5                	lui	a3,0x19
   15bec:	6565                	lui	a0,0x19
   15bee:	27868693          	addi	a3,a3,632 # 19278 <__clzdi2+0xb8>
   15bf2:	30050513          	addi	a0,a0,768 # 19300 <__clzdi2+0x140>
   15bf6:	4601                	li	a2,0
   15bf8:	16200593          	li	a1,354
   15bfc:	755000ef          	jal	16b50 <__assert_func>

0000000000015c00 <__pow5mult>:
   15c00:	7179                	addi	sp,sp,-48
   15c02:	f022                	sd	s0,32(sp)
   15c04:	e84a                	sd	s2,16(sp)
   15c06:	e44e                	sd	s3,8(sp)
   15c08:	f406                	sd	ra,40(sp)
   15c0a:	00367793          	andi	a5,a2,3
   15c0e:	8432                	mv	s0,a2
   15c10:	89aa                	mv	s3,a0
   15c12:	892e                	mv	s2,a1
   15c14:	e3d9                	bnez	a5,15c9a <__pow5mult+0x9a>
   15c16:	4024541b          	sraiw	s0,s0,0x2
   15c1a:	c82d                	beqz	s0,15c8c <__pow5mult+0x8c>
   15c1c:	ec26                	sd	s1,24(sp)
   15c1e:	0609b483          	ld	s1,96(s3)
   15c22:	c8c1                	beqz	s1,15cb2 <__pow5mult+0xb2>
   15c24:	00147793          	andi	a5,s0,1
   15c28:	4014541b          	sraiw	s0,s0,0x1
   15c2c:	eb89                	bnez	a5,15c3e <__pow5mult+0x3e>
   15c2e:	6088                	ld	a0,0(s1)
   15c30:	cd0d                	beqz	a0,15c6a <__pow5mult+0x6a>
   15c32:	84aa                	mv	s1,a0
   15c34:	00147793          	andi	a5,s0,1
   15c38:	4014541b          	sraiw	s0,s0,0x1
   15c3c:	dbed                	beqz	a5,15c2e <__pow5mult+0x2e>
   15c3e:	8626                	mv	a2,s1
   15c40:	85ca                	mv	a1,s2
   15c42:	854e                	mv	a0,s3
   15c44:	df1ff0ef          	jal	15a34 <__multiply>
   15c48:	00090d63          	beqz	s2,15c62 <__pow5mult+0x62>
   15c4c:	00892703          	lw	a4,8(s2)
   15c50:	0689b783          	ld	a5,104(s3)
   15c54:	070e                	slli	a4,a4,0x3
   15c56:	97ba                	add	a5,a5,a4
   15c58:	6398                	ld	a4,0(a5)
   15c5a:	00e93023          	sd	a4,0(s2)
   15c5e:	0127b023          	sd	s2,0(a5)
   15c62:	cc11                	beqz	s0,15c7e <__pow5mult+0x7e>
   15c64:	892a                	mv	s2,a0
   15c66:	6088                	ld	a0,0(s1)
   15c68:	f569                	bnez	a0,15c32 <__pow5mult+0x32>
   15c6a:	8626                	mv	a2,s1
   15c6c:	85a6                	mv	a1,s1
   15c6e:	854e                	mv	a0,s3
   15c70:	dc5ff0ef          	jal	15a34 <__multiply>
   15c74:	e088                	sd	a0,0(s1)
   15c76:	00053023          	sd	zero,0(a0)
   15c7a:	84aa                	mv	s1,a0
   15c7c:	bf65                	j	15c34 <__pow5mult+0x34>
   15c7e:	70a2                	ld	ra,40(sp)
   15c80:	7402                	ld	s0,32(sp)
   15c82:	64e2                	ld	s1,24(sp)
   15c84:	6942                	ld	s2,16(sp)
   15c86:	69a2                	ld	s3,8(sp)
   15c88:	6145                	addi	sp,sp,48
   15c8a:	8082                	ret
   15c8c:	70a2                	ld	ra,40(sp)
   15c8e:	7402                	ld	s0,32(sp)
   15c90:	69a2                	ld	s3,8(sp)
   15c92:	854a                	mv	a0,s2
   15c94:	6942                	ld	s2,16(sp)
   15c96:	6145                	addi	sp,sp,48
   15c98:	8082                	ret
   15c9a:	37fd                	addiw	a5,a5,-1
   15c9c:	6765                	lui	a4,0x19
   15c9e:	57870713          	addi	a4,a4,1400 # 19578 <p05.0>
   15ca2:	078a                	slli	a5,a5,0x2
   15ca4:	97ba                	add	a5,a5,a4
   15ca6:	4390                	lw	a2,0(a5)
   15ca8:	4681                	li	a3,0
   15caa:	a13ff0ef          	jal	156bc <__multadd>
   15cae:	892a                	mv	s2,a0
   15cb0:	b79d                	j	15c16 <__pow5mult+0x16>
   15cb2:	4585                	li	a1,1
   15cb4:	854e                	mv	a0,s3
   15cb6:	991ff0ef          	jal	15646 <_Balloc>
   15cba:	84aa                	mv	s1,a0
   15cbc:	c919                	beqz	a0,15cd2 <__pow5mult+0xd2>
   15cbe:	27100713          	li	a4,625
   15cc2:	4785                	li	a5,1
   15cc4:	cd18                	sw	a4,24(a0)
   15cc6:	c95c                	sw	a5,20(a0)
   15cc8:	06a9b023          	sd	a0,96(s3)
   15ccc:	00053023          	sd	zero,0(a0)
   15cd0:	bf91                	j	15c24 <__pow5mult+0x24>
   15cd2:	66e5                	lui	a3,0x19
   15cd4:	6565                	lui	a0,0x19
   15cd6:	27868693          	addi	a3,a3,632 # 19278 <__clzdi2+0xb8>
   15cda:	30050513          	addi	a0,a0,768 # 19300 <__clzdi2+0x140>
   15cde:	4601                	li	a2,0
   15ce0:	14500593          	li	a1,325
   15ce4:	66d000ef          	jal	16b50 <__assert_func>

0000000000015ce8 <__lshift>:
   15ce8:	7139                	addi	sp,sp,-64
   15cea:	f426                	sd	s1,40(sp)
   15cec:	49c4                	lw	s1,20(a1)
   15cee:	45dc                	lw	a5,12(a1)
   15cf0:	e852                	sd	s4,16(sp)
   15cf2:	40565a1b          	sraiw	s4,a2,0x5
   15cf6:	014484bb          	addw	s1,s1,s4
   15cfa:	f822                	sd	s0,48(sp)
   15cfc:	f04a                	sd	s2,32(sp)
   15cfe:	ec4e                	sd	s3,24(sp)
   15d00:	0014871b          	addiw	a4,s1,1
   15d04:	fc06                	sd	ra,56(sp)
   15d06:	842e                	mv	s0,a1
   15d08:	892a                	mv	s2,a0
   15d0a:	458c                	lw	a1,8(a1)
   15d0c:	89ba                	mv	s3,a4
   15d0e:	00e7d763          	bge	a5,a4,15d1c <__lshift+0x34>
   15d12:	0017979b          	slliw	a5,a5,0x1
   15d16:	2585                	addiw	a1,a1,1
   15d18:	fee7cde3          	blt	a5,a4,15d12 <__lshift+0x2a>
   15d1c:	854a                	mv	a0,s2
   15d1e:	e432                	sd	a2,8(sp)
   15d20:	927ff0ef          	jal	15646 <_Balloc>
   15d24:	6622                	ld	a2,8(sp)
   15d26:	cd5d                	beqz	a0,15de4 <__lshift+0xfc>
   15d28:	01850593          	addi	a1,a0,24
   15d2c:	03405163          	blez	s4,15d4e <__lshift+0x66>
   15d30:	006a071b          	addiw	a4,s4,6
   15d34:	070a                	slli	a4,a4,0x2
   15d36:	972a                	add	a4,a4,a0
   15d38:	87ae                	mv	a5,a1
   15d3a:	0791                	addi	a5,a5,4
   15d3c:	fe07ae23          	sw	zero,-4(a5)
   15d40:	fef71de3          	bne	a4,a5,15d3a <__lshift+0x52>
   15d44:	020a1793          	slli	a5,s4,0x20
   15d48:	01e7da13          	srli	s4,a5,0x1e
   15d4c:	95d2                	add	a1,a1,s4
   15d4e:	01442803          	lw	a6,20(s0)
   15d52:	01840793          	addi	a5,s0,24
   15d56:	8a7d                	andi	a2,a2,31
   15d58:	080a                	slli	a6,a6,0x2
   15d5a:	983e                	add	a6,a6,a5
   15d5c:	c62d                	beqz	a2,15dc6 <__lshift+0xde>
   15d5e:	02000313          	li	t1,32
   15d62:	40c3033b          	subw	t1,t1,a2
   15d66:	88ae                	mv	a7,a1
   15d68:	4681                	li	a3,0
   15d6a:	4398                	lw	a4,0(a5)
   15d6c:	0891                	addi	a7,a7,4
   15d6e:	0791                	addi	a5,a5,4
   15d70:	00c7173b          	sllw	a4,a4,a2
   15d74:	8f55                	or	a4,a4,a3
   15d76:	fee8ae23          	sw	a4,-4(a7)
   15d7a:	ffc7a683          	lw	a3,-4(a5)
   15d7e:	0066d6bb          	srlw	a3,a3,t1
   15d82:	ff07e4e3          	bltu	a5,a6,15d6a <__lshift+0x82>
   15d86:	01940793          	addi	a5,s0,25
   15d8a:	4701                	li	a4,0
   15d8c:	00f86763          	bltu	a6,a5,15d9a <__lshift+0xb2>
   15d90:	40880833          	sub	a6,a6,s0
   15d94:	181d                	addi	a6,a6,-25
   15d96:	ffc87713          	andi	a4,a6,-4
   15d9a:	95ba                	add	a1,a1,a4
   15d9c:	c1d4                	sw	a3,4(a1)
   15d9e:	e291                	bnez	a3,15da2 <__lshift+0xba>
   15da0:	89a6                	mv	s3,s1
   15da2:	4418                	lw	a4,8(s0)
   15da4:	06893783          	ld	a5,104(s2)
   15da8:	01352a23          	sw	s3,20(a0)
   15dac:	070e                	slli	a4,a4,0x3
   15dae:	97ba                	add	a5,a5,a4
   15db0:	6398                	ld	a4,0(a5)
   15db2:	70e2                	ld	ra,56(sp)
   15db4:	74a2                	ld	s1,40(sp)
   15db6:	e018                	sd	a4,0(s0)
   15db8:	e380                	sd	s0,0(a5)
   15dba:	7442                	ld	s0,48(sp)
   15dbc:	7902                	ld	s2,32(sp)
   15dbe:	69e2                	ld	s3,24(sp)
   15dc0:	6a42                	ld	s4,16(sp)
   15dc2:	6121                	addi	sp,sp,64
   15dc4:	8082                	ret
   15dc6:	4398                	lw	a4,0(a5)
   15dc8:	0791                	addi	a5,a5,4
   15dca:	0591                	addi	a1,a1,4
   15dcc:	fee5ae23          	sw	a4,-4(a1)
   15dd0:	fd07f8e3          	bgeu	a5,a6,15da0 <__lshift+0xb8>
   15dd4:	4398                	lw	a4,0(a5)
   15dd6:	0791                	addi	a5,a5,4
   15dd8:	0591                	addi	a1,a1,4
   15dda:	fee5ae23          	sw	a4,-4(a1)
   15dde:	ff07e4e3          	bltu	a5,a6,15dc6 <__lshift+0xde>
   15de2:	bf7d                	j	15da0 <__lshift+0xb8>
   15de4:	66e5                	lui	a3,0x19
   15de6:	6565                	lui	a0,0x19
   15de8:	27868693          	addi	a3,a3,632 # 19278 <__clzdi2+0xb8>
   15dec:	30050513          	addi	a0,a0,768 # 19300 <__clzdi2+0x140>
   15df0:	4601                	li	a2,0
   15df2:	1de00593          	li	a1,478
   15df6:	55b000ef          	jal	16b50 <__assert_func>

0000000000015dfa <__mcmp>:
   15dfa:	49dc                	lw	a5,20(a1)
   15dfc:	862a                	mv	a2,a0
   15dfe:	4948                	lw	a0,20(a0)
   15e00:	9d1d                	subw	a0,a0,a5
   15e02:	e515                	bnez	a0,15e2e <__mcmp+0x34>
   15e04:	078a                	slli	a5,a5,0x2
   15e06:	0661                	addi	a2,a2,24
   15e08:	05e1                	addi	a1,a1,24
   15e0a:	95be                	add	a1,a1,a5
   15e0c:	97b2                	add	a5,a5,a2
   15e0e:	a019                	j	15e14 <__mcmp+0x1a>
   15e10:	00f67f63          	bgeu	a2,a5,15e2e <__mcmp+0x34>
   15e14:	ffc7a683          	lw	a3,-4(a5)
   15e18:	ffc5a703          	lw	a4,-4(a1)
   15e1c:	17f1                	addi	a5,a5,-4
   15e1e:	15f1                	addi	a1,a1,-4
   15e20:	fee688e3          	beq	a3,a4,15e10 <__mcmp+0x16>
   15e24:	4505                	li	a0,1
   15e26:	00e6f463          	bgeu	a3,a4,15e2e <__mcmp+0x34>
   15e2a:	557d                	li	a0,-1
   15e2c:	8082                	ret
   15e2e:	8082                	ret

0000000000015e30 <__mdiff>:
   15e30:	0145a883          	lw	a7,20(a1)
   15e34:	4a5c                	lw	a5,20(a2)
   15e36:	7179                	addi	sp,sp,-48
   15e38:	f406                	sd	ra,40(sp)
   15e3a:	40f888bb          	subw	a7,a7,a5
   15e3e:	8f2e                	mv	t5,a1
   15e40:	12089563          	bnez	a7,15f6a <__mdiff+0x13a>
   15e44:	00279693          	slli	a3,a5,0x2
   15e48:	01858813          	addi	a6,a1,24
   15e4c:	01860713          	addi	a4,a2,24
   15e50:	00d807b3          	add	a5,a6,a3
   15e54:	9736                	add	a4,a4,a3
   15e56:	a019                	j	15e5c <__mdiff+0x2c>
   15e58:	12f87863          	bgeu	a6,a5,15f88 <__mdiff+0x158>
   15e5c:	ffc7a583          	lw	a1,-4(a5)
   15e60:	ffc72683          	lw	a3,-4(a4)
   15e64:	17f1                	addi	a5,a5,-4
   15e66:	1771                	addi	a4,a4,-4
   15e68:	fed588e3          	beq	a1,a3,15e58 <__mdiff+0x28>
   15e6c:	12d5f963          	bgeu	a1,a3,15f9e <__mdiff+0x16e>
   15e70:	4885                	li	a7,1
   15e72:	460c                	lw	a1,8(a2)
   15e74:	ec7a                	sd	t5,24(sp)
   15e76:	e846                	sd	a7,16(sp)
   15e78:	e432                	sd	a2,8(sp)
   15e7a:	fccff0ef          	jal	15646 <_Balloc>
   15e7e:	6622                	ld	a2,8(sp)
   15e80:	68c2                	ld	a7,16(sp)
   15e82:	6f62                	ld	t5,24(sp)
   15e84:	12050363          	beqz	a0,15faa <__mdiff+0x17a>
   15e88:	014f2f83          	lw	t6,20(t5)
   15e8c:	01152823          	sw	a7,16(a0)
   15e90:	01462883          	lw	a7,20(a2)
   15e94:	01860293          	addi	t0,a2,24
   15e98:	0f8a                	slli	t6,t6,0x2
   15e9a:	00289813          	slli	a6,a7,0x2
   15e9e:	018f0313          	addi	t1,t5,24
   15ea2:	01850393          	addi	t2,a0,24
   15ea6:	9816                	add	a6,a6,t0
   15ea8:	9f9a                	add	t6,t6,t1
   15eaa:	8e96                	mv	t4,t0
   15eac:	8e1e                	mv	t3,t2
   15eae:	4781                	li	a5,0
   15eb0:	000ea683          	lw	a3,0(t4)
   15eb4:	00032603          	lw	a2,0(t1)
   15eb8:	0e11                	addi	t3,t3,4
   15eba:	03069713          	slli	a4,a3,0x30
   15ebe:	03061593          	slli	a1,a2,0x30
   15ec2:	9341                	srli	a4,a4,0x30
   15ec4:	91c1                	srli	a1,a1,0x30
   15ec6:	9f0d                	subw	a4,a4,a1
   15ec8:	9f3d                	addw	a4,a4,a5
   15eca:	0106d69b          	srliw	a3,a3,0x10
   15ece:	0106561b          	srliw	a2,a2,0x10
   15ed2:	9e91                	subw	a3,a3,a2
   15ed4:	4107579b          	sraiw	a5,a4,0x10
   15ed8:	9fb5                	addw	a5,a5,a3
   15eda:	1742                	slli	a4,a4,0x30
   15edc:	0107969b          	slliw	a3,a5,0x10
   15ee0:	9341                	srli	a4,a4,0x30
   15ee2:	8ed9                	or	a3,a3,a4
   15ee4:	0311                	addi	t1,t1,4
   15ee6:	fede2e23          	sw	a3,-4(t3)
   15eea:	0e91                	addi	t4,t4,4
   15eec:	4107d79b          	sraiw	a5,a5,0x10
   15ef0:	fdf360e3          	bltu	t1,t6,15eb0 <__mdiff+0x80>
   15ef4:	019f0613          	addi	a2,t5,25
   15ef8:	4701                	li	a4,0
   15efa:	08cff163          	bgeu	t6,a2,15f7c <__mdiff+0x14c>
   15efe:	00e28eb3          	add	t4,t0,a4
   15f02:	0e91                	addi	t4,t4,4
   15f04:	971e                	add	a4,a4,t2
   15f06:	40538e33          	sub	t3,t2,t0
   15f0a:	8676                	mv	a2,t4
   15f0c:	00470f13          	addi	t5,a4,4
   15f10:	090efb63          	bgeu	t4,a6,15fa6 <__mdiff+0x176>
   15f14:	4218                	lw	a4,0(a2)
   15f16:	01c60333          	add	t1,a2,t3
   15f1a:	0611                	addi	a2,a2,4
   15f1c:	03071693          	slli	a3,a4,0x30
   15f20:	92c1                	srli	a3,a3,0x30
   15f22:	00f705bb          	addw	a1,a4,a5
   15f26:	9fb5                	addw	a5,a5,a3
   15f28:	4107d79b          	sraiw	a5,a5,0x10
   15f2c:	0107571b          	srliw	a4,a4,0x10
   15f30:	9f3d                	addw	a4,a4,a5
   15f32:	15c2                	slli	a1,a1,0x30
   15f34:	91c1                	srli	a1,a1,0x30
   15f36:	0107169b          	slliw	a3,a4,0x10
   15f3a:	8ecd                	or	a3,a3,a1
   15f3c:	00d32023          	sw	a3,0(t1)
   15f40:	4107579b          	sraiw	a5,a4,0x10
   15f44:	fd0668e3          	bltu	a2,a6,15f14 <__mdiff+0xe4>
   15f48:	fff80793          	addi	a5,a6,-1
   15f4c:	41d787b3          	sub	a5,a5,t4
   15f50:	9bf1                	andi	a5,a5,-4
   15f52:	97fa                	add	a5,a5,t5
   15f54:	e691                	bnez	a3,15f60 <__mdiff+0x130>
   15f56:	ffc7a703          	lw	a4,-4(a5)
   15f5a:	17f1                	addi	a5,a5,-4
   15f5c:	38fd                	addiw	a7,a7,-1
   15f5e:	df65                	beqz	a4,15f56 <__mdiff+0x126>
   15f60:	70a2                	ld	ra,40(sp)
   15f62:	01152a23          	sw	a7,20(a0)
   15f66:	6145                	addi	sp,sp,48
   15f68:	8082                	ret
   15f6a:	8746                	mv	a4,a7
   15f6c:	4885                	li	a7,1
   15f6e:	f00742e3          	bltz	a4,15e72 <__mdiff+0x42>
   15f72:	87b2                	mv	a5,a2
   15f74:	4881                	li	a7,0
   15f76:	862e                	mv	a2,a1
   15f78:	8f3e                	mv	t5,a5
   15f7a:	bde5                	j	15e72 <__mdiff+0x42>
   15f7c:	41ef8fb3          	sub	t6,t6,t5
   15f80:	1f9d                	addi	t6,t6,-25
   15f82:	ffcff713          	andi	a4,t6,-4
   15f86:	bfa5                	j	15efe <__mdiff+0xce>
   15f88:	4581                	li	a1,0
   15f8a:	ebcff0ef          	jal	15646 <_Balloc>
   15f8e:	c90d                	beqz	a0,15fc0 <__mdiff+0x190>
   15f90:	70a2                	ld	ra,40(sp)
   15f92:	4785                	li	a5,1
   15f94:	00052c23          	sw	zero,24(a0)
   15f98:	c95c                	sw	a5,20(a0)
   15f9a:	6145                	addi	sp,sp,48
   15f9c:	8082                	ret
   15f9e:	87b2                	mv	a5,a2
   15fa0:	867a                	mv	a2,t5
   15fa2:	8f3e                	mv	t5,a5
   15fa4:	b5f9                	j	15e72 <__mdiff+0x42>
   15fa6:	87ba                	mv	a5,a4
   15fa8:	b775                	j	15f54 <__mdiff+0x124>
   15faa:	66e5                	lui	a3,0x19
   15fac:	6565                	lui	a0,0x19
   15fae:	27868693          	addi	a3,a3,632 # 19278 <__clzdi2+0xb8>
   15fb2:	30050513          	addi	a0,a0,768 # 19300 <__clzdi2+0x140>
   15fb6:	4601                	li	a2,0
   15fb8:	24500593          	li	a1,581
   15fbc:	395000ef          	jal	16b50 <__assert_func>
   15fc0:	66e5                	lui	a3,0x19
   15fc2:	6565                	lui	a0,0x19
   15fc4:	27868693          	addi	a3,a3,632 # 19278 <__clzdi2+0xb8>
   15fc8:	30050513          	addi	a0,a0,768 # 19300 <__clzdi2+0x140>
   15fcc:	4601                	li	a2,0
   15fce:	23700593          	li	a1,567
   15fd2:	37f000ef          	jal	16b50 <__assert_func>

0000000000015fd6 <__ulp>:
   15fd6:	e20507d3          	fmv.x.d	a5,fa0
   15fda:	7ff006b7          	lui	a3,0x7ff00
   15fde:	fcc00737          	lui	a4,0xfcc00
   15fe2:	9381                	srli	a5,a5,0x20
   15fe4:	8ff5                	and	a5,a5,a3
   15fe6:	9fb9                	addw	a5,a5,a4
   15fe8:	4701                	li	a4,0
   15fea:	00f05963          	blez	a5,15ffc <__ulp+0x26>
   15fee:	1702                	slli	a4,a4,0x20
   15ff0:	9301                	srli	a4,a4,0x20
   15ff2:	1782                	slli	a5,a5,0x20
   15ff4:	8fd9                	or	a5,a5,a4
   15ff6:	f2078553          	fmv.d.x	fa0,a5
   15ffa:	8082                	ret
   15ffc:	40f007bb          	negw	a5,a5
   16000:	4147d79b          	sraiw	a5,a5,0x14
   16004:	474d                	li	a4,19
   16006:	00f74e63          	blt	a4,a5,16022 <__ulp+0x4c>
   1600a:	00080737          	lui	a4,0x80
   1600e:	40f757bb          	sraw	a5,a4,a5
   16012:	4701                	li	a4,0
   16014:	1702                	slli	a4,a4,0x20
   16016:	9301                	srli	a4,a4,0x20
   16018:	1782                	slli	a5,a5,0x20
   1601a:	8fd9                	or	a5,a5,a4
   1601c:	f2078553          	fmv.d.x	fa0,a5
   16020:	8082                	ret
   16022:	37b1                	addiw	a5,a5,-20
   16024:	46f9                	li	a3,30
   16026:	4705                	li	a4,1
   16028:	00f6c663          	blt	a3,a5,16034 <__ulp+0x5e>
   1602c:	80000737          	lui	a4,0x80000
   16030:	00f7573b          	srlw	a4,a4,a5
   16034:	4781                	li	a5,0
   16036:	1702                	slli	a4,a4,0x20
   16038:	9301                	srli	a4,a4,0x20
   1603a:	1782                	slli	a5,a5,0x20
   1603c:	8fd9                	or	a5,a5,a4
   1603e:	f2078553          	fmv.d.x	fa0,a5
   16042:	8082                	ret

0000000000016044 <__b2d>:
   16044:	7139                	addi	sp,sp,-64
   16046:	f822                	sd	s0,48(sp)
   16048:	4940                	lw	s0,20(a0)
   1604a:	f04a                	sd	s2,32(sp)
   1604c:	01850913          	addi	s2,a0,24
   16050:	040a                	slli	s0,s0,0x2
   16052:	944a                	add	s0,s0,s2
   16054:	f426                	sd	s1,40(sp)
   16056:	ffc42483          	lw	s1,-4(s0)
   1605a:	ec4e                	sd	s3,24(sp)
   1605c:	e42e                	sd	a1,8(sp)
   1605e:	8526                	mv	a0,s1
   16060:	fc06                	sd	ra,56(sp)
   16062:	837ff0ef          	jal	15898 <__hi0bits>
   16066:	65a2                	ld	a1,8(sp)
   16068:	02000793          	li	a5,32
   1606c:	40a7873b          	subw	a4,a5,a0
   16070:	c198                	sw	a4,0(a1)
   16072:	4729                	li	a4,10
   16074:	ffc40993          	addi	s3,s0,-4
   16078:	06a75863          	bge	a4,a0,160e8 <__b2d+0xa4>
   1607c:	ff55061b          	addiw	a2,a0,-11
   16080:	03397d63          	bgeu	s2,s3,160ba <__b2d+0x76>
   16084:	ff842703          	lw	a4,-8(s0)
   16088:	ce0d                	beqz	a2,160c2 <__b2d+0x7e>
   1608a:	40c786bb          	subw	a3,a5,a2
   1608e:	00d757bb          	srlw	a5,a4,a3
   16092:	00c494bb          	sllw	s1,s1,a2
   16096:	8cdd                	or	s1,s1,a5
   16098:	3ff007b7          	lui	a5,0x3ff00
   1609c:	8cdd                	or	s1,s1,a5
   1609e:	00c7173b          	sllw	a4,a4,a2
   160a2:	ff840613          	addi	a2,s0,-8
   160a6:	02049793          	slli	a5,s1,0x20
   160aa:	02c97163          	bgeu	s2,a2,160cc <__b2d+0x88>
   160ae:	ff442603          	lw	a2,-12(s0)
   160b2:	00d656bb          	srlw	a3,a2,a3
   160b6:	8f55                	or	a4,a4,a3
   160b8:	a811                	j	160cc <__b2d+0x88>
   160ba:	47ad                	li	a5,11
   160bc:	4701                	li	a4,0
   160be:	04f51963          	bne	a0,a5,16110 <__b2d+0xcc>
   160c2:	3ff007b7          	lui	a5,0x3ff00
   160c6:	8cdd                	or	s1,s1,a5
   160c8:	02049793          	slli	a5,s1,0x20
   160cc:	70e2                	ld	ra,56(sp)
   160ce:	7442                	ld	s0,48(sp)
   160d0:	1702                	slli	a4,a4,0x20
   160d2:	9381                	srli	a5,a5,0x20
   160d4:	9301                	srli	a4,a4,0x20
   160d6:	1782                	slli	a5,a5,0x20
   160d8:	8fd9                	or	a5,a5,a4
   160da:	74a2                	ld	s1,40(sp)
   160dc:	7902                	ld	s2,32(sp)
   160de:	69e2                	ld	s3,24(sp)
   160e0:	f2078553          	fmv.d.x	fa0,a5
   160e4:	6121                	addi	sp,sp,64
   160e6:	8082                	ret
   160e8:	46ad                	li	a3,11
   160ea:	9e89                	subw	a3,a3,a0
   160ec:	3ff00737          	lui	a4,0x3ff00
   160f0:	00d4d7bb          	srlw	a5,s1,a3
   160f4:	8fd9                	or	a5,a5,a4
   160f6:	1782                	slli	a5,a5,0x20
   160f8:	4701                	li	a4,0
   160fa:	01397663          	bgeu	s2,s3,16106 <__b2d+0xc2>
   160fe:	ff842703          	lw	a4,-8(s0)
   16102:	00d7573b          	srlw	a4,a4,a3
   16106:	2555                	addiw	a0,a0,21
   16108:	00a494bb          	sllw	s1,s1,a0
   1610c:	8f45                	or	a4,a4,s1
   1610e:	bf7d                	j	160cc <__b2d+0x88>
   16110:	3ff007b7          	lui	a5,0x3ff00
   16114:	00c494bb          	sllw	s1,s1,a2
   16118:	8cdd                	or	s1,s1,a5
   1611a:	02049793          	slli	a5,s1,0x20
   1611e:	4701                	li	a4,0
   16120:	b775                	j	160cc <__b2d+0x88>

0000000000016122 <__d2b>:
   16122:	715d                	addi	sp,sp,-80
   16124:	f44e                	sd	s3,40(sp)
   16126:	89ae                	mv	s3,a1
   16128:	4585                	li	a1,1
   1612a:	f84a                	sd	s2,48(sp)
   1612c:	e486                	sd	ra,72(sp)
   1612e:	e0a2                	sd	s0,64(sp)
   16130:	fc26                	sd	s1,56(sp)
   16132:	8932                	mv	s2,a2
   16134:	a42a                	fsd	fa0,8(sp)
   16136:	d10ff0ef          	jal	15646 <_Balloc>
   1613a:	6722                	ld	a4,8(sp)
   1613c:	c55d                	beqz	a0,161ea <__d2b+0xc8>
   1613e:	02075793          	srli	a5,a4,0x20
   16142:	001006b7          	lui	a3,0x100
   16146:	0147d41b          	srliw	s0,a5,0x14
   1614a:	fff68613          	addi	a2,a3,-1 # fffff <__BSS_END__+0xe23e7>
   1614e:	8ff1                	and	a5,a5,a2
   16150:	7ff47413          	andi	s0,s0,2047
   16154:	84aa                	mv	s1,a0
   16156:	2781                	sext.w	a5,a5
   16158:	c011                	beqz	s0,1615c <__d2b+0x3a>
   1615a:	8fd5                	or	a5,a5,a3
   1615c:	2701                	sext.w	a4,a4
   1615e:	ce3e                	sw	a5,28(sp)
   16160:	ef15                	bnez	a4,1619c <__d2b+0x7a>
   16162:	0868                	addi	a0,sp,28
   16164:	f9cff0ef          	jal	15900 <__lo0bits>
   16168:	4772                	lw	a4,28(sp)
   1616a:	4785                	li	a5,1
   1616c:	c8dc                	sw	a5,20(s1)
   1616e:	cc98                	sw	a4,24(s1)
   16170:	0205051b          	addiw	a0,a0,32
   16174:	c831                	beqz	s0,161c8 <__d2b+0xa6>
   16176:	bcd4041b          	addiw	s0,s0,-1075
   1617a:	9c29                	addw	s0,s0,a0
   1617c:	03500793          	li	a5,53
   16180:	0089a023          	sw	s0,0(s3)
   16184:	40a7853b          	subw	a0,a5,a0
   16188:	60a6                	ld	ra,72(sp)
   1618a:	6406                	ld	s0,64(sp)
   1618c:	00a92023          	sw	a0,0(s2)
   16190:	79a2                	ld	s3,40(sp)
   16192:	7942                	ld	s2,48(sp)
   16194:	8526                	mv	a0,s1
   16196:	74e2                	ld	s1,56(sp)
   16198:	6161                	addi	sp,sp,80
   1619a:	8082                	ret
   1619c:	0828                	addi	a0,sp,24
   1619e:	cc3a                	sw	a4,24(sp)
   161a0:	f60ff0ef          	jal	15900 <__lo0bits>
   161a4:	4772                	lw	a4,28(sp)
   161a6:	46e2                	lw	a3,24(sp)
   161a8:	c909                	beqz	a0,161ba <__d2b+0x98>
   161aa:	02000793          	li	a5,32
   161ae:	9f89                	subw	a5,a5,a0
   161b0:	00f717bb          	sllw	a5,a4,a5
   161b4:	8edd                	or	a3,a3,a5
   161b6:	00a7573b          	srlw	a4,a4,a0
   161ba:	00e037b3          	snez	a5,a4
   161be:	0785                	addi	a5,a5,1 # 3ff00001 <__BSS_END__+0x3fee23e9>
   161c0:	cc94                	sw	a3,24(s1)
   161c2:	ccd8                	sw	a4,28(s1)
   161c4:	c8dc                	sw	a5,20(s1)
   161c6:	f845                	bnez	s0,16176 <__d2b+0x54>
   161c8:	00279713          	slli	a4,a5,0x2
   161cc:	bce5051b          	addiw	a0,a0,-1074
   161d0:	00a9a023          	sw	a0,0(s3)
   161d4:	9726                	add	a4,a4,s1
   161d6:	4b48                	lw	a0,20(a4)
   161d8:	e43e                	sd	a5,8(sp)
   161da:	ebeff0ef          	jal	15898 <__hi0bits>
   161de:	67a2                	ld	a5,8(sp)
   161e0:	0057979b          	slliw	a5,a5,0x5
   161e4:	40a7853b          	subw	a0,a5,a0
   161e8:	b745                	j	16188 <__d2b+0x66>
   161ea:	66e5                	lui	a3,0x19
   161ec:	6565                	lui	a0,0x19
   161ee:	27868693          	addi	a3,a3,632 # 19278 <__clzdi2+0xb8>
   161f2:	30050513          	addi	a0,a0,768 # 19300 <__clzdi2+0x140>
   161f6:	4601                	li	a2,0
   161f8:	30f00593          	li	a1,783
   161fc:	155000ef          	jal	16b50 <__assert_func>

0000000000016200 <__ratio>:
   16200:	7139                	addi	sp,sp,-64
   16202:	f822                	sd	s0,48(sp)
   16204:	842e                	mv	s0,a1
   16206:	082c                	addi	a1,sp,24
   16208:	fc06                	sd	ra,56(sp)
   1620a:	f426                	sd	s1,40(sp)
   1620c:	f04a                	sd	s2,32(sp)
   1620e:	84aa                	mv	s1,a0
   16210:	e35ff0ef          	jal	16044 <__b2d>
   16214:	e2050753          	fmv.x.d	a4,fa0
   16218:	086c                	addi	a1,sp,28
   1621a:	8522                	mv	a0,s0
   1621c:	893a                	mv	s2,a4
   1621e:	a42a                	fsd	fa0,8(sp)
   16220:	e25ff0ef          	jal	16044 <__b2d>
   16224:	4854                	lw	a3,20(s0)
   16226:	48d0                	lw	a2,20(s1)
   16228:	47e2                	lw	a5,24(sp)
   1622a:	45f2                	lw	a1,28(sp)
   1622c:	9e15                	subw	a2,a2,a3
   1622e:	0056161b          	slliw	a2,a2,0x5
   16232:	9f8d                	subw	a5,a5,a1
   16234:	9fb1                	addw	a5,a5,a2
   16236:	e20506d3          	fmv.x.d	a3,fa0
   1623a:	6722                	ld	a4,8(sp)
   1623c:	02f05863          	blez	a5,1626c <__ratio+0x6c>
   16240:	9301                	srli	a4,a4,0x20
   16242:	0147979b          	slliw	a5,a5,0x14
   16246:	9fb9                	addw	a5,a5,a4
   16248:	02091613          	slli	a2,s2,0x20
   1624c:	9201                	srli	a2,a2,0x20
   1624e:	1782                	slli	a5,a5,0x20
   16250:	00f66733          	or	a4,a2,a5
   16254:	70e2                	ld	ra,56(sp)
   16256:	7442                	ld	s0,48(sp)
   16258:	f20707d3          	fmv.d.x	fa5,a4
   1625c:	f2068753          	fmv.d.x	fa4,a3
   16260:	74a2                	ld	s1,40(sp)
   16262:	7902                	ld	s2,32(sp)
   16264:	1ae7f553          	fdiv.d	fa0,fa5,fa4
   16268:	6121                	addi	sp,sp,64
   1626a:	8082                	ret
   1626c:	40f007bb          	negw	a5,a5
   16270:	02069613          	slli	a2,a3,0x20
   16274:	0147979b          	slliw	a5,a5,0x14
   16278:	9281                	srli	a3,a3,0x20
   1627a:	9fb5                	addw	a5,a5,a3
   1627c:	9201                	srli	a2,a2,0x20
   1627e:	1782                	slli	a5,a5,0x20
   16280:	00f666b3          	or	a3,a2,a5
   16284:	bfc1                	j	16254 <__ratio+0x54>

0000000000016286 <_mprec_log10>:
   16286:	47dd                	li	a5,23
   16288:	00a7db63          	bge	a5,a0,1629e <_mprec_log10+0x18>
   1628c:	8301b507          	fld	fa0,-2000(gp) # 1b5c8 <__SDATA_BEGIN__+0x30>
   16290:	8481b787          	fld	fa5,-1976(gp) # 1b5e0 <__SDATA_BEGIN__+0x48>
   16294:	357d                	addiw	a0,a0,-1
   16296:	12f57553          	fmul.d	fa0,fa0,fa5
   1629a:	fd6d                	bnez	a0,16294 <_mprec_log10+0xe>
   1629c:	8082                	ret
   1629e:	67e5                	lui	a5,0x19
   162a0:	050e                	slli	a0,a0,0x3
   162a2:	5d878793          	addi	a5,a5,1496 # 195d8 <__mprec_tens>
   162a6:	97aa                	add	a5,a5,a0
   162a8:	2388                	fld	fa0,0(a5)
   162aa:	8082                	ret

00000000000162ac <__copybits>:
   162ac:	4a54                	lw	a3,20(a2)
   162ae:	35fd                	addiw	a1,a1,-1
   162b0:	4055d59b          	sraiw	a1,a1,0x5
   162b4:	2585                	addiw	a1,a1,1
   162b6:	068a                	slli	a3,a3,0x2
   162b8:	01860793          	addi	a5,a2,24
   162bc:	058a                	slli	a1,a1,0x2
   162be:	96be                	add	a3,a3,a5
   162c0:	95aa                	add	a1,a1,a0
   162c2:	02d7f063          	bgeu	a5,a3,162e2 <__copybits+0x36>
   162c6:	872a                	mv	a4,a0
   162c8:	0007a803          	lw	a6,0(a5)
   162cc:	0791                	addi	a5,a5,4
   162ce:	0711                	addi	a4,a4,4 # 3ff00004 <__BSS_END__+0x3fee23ec>
   162d0:	ff072e23          	sw	a6,-4(a4)
   162d4:	fed7eae3          	bltu	a5,a3,162c8 <__copybits+0x1c>
   162d8:	8e91                	sub	a3,a3,a2
   162da:	169d                	addi	a3,a3,-25
   162dc:	9af1                	andi	a3,a3,-4
   162de:	0511                	addi	a0,a0,4
   162e0:	9536                	add	a0,a0,a3
   162e2:	00b57763          	bgeu	a0,a1,162f0 <__copybits+0x44>
   162e6:	0511                	addi	a0,a0,4
   162e8:	fe052e23          	sw	zero,-4(a0)
   162ec:	feb56de3          	bltu	a0,a1,162e6 <__copybits+0x3a>
   162f0:	8082                	ret

00000000000162f2 <__any_on>:
   162f2:	4958                	lw	a4,20(a0)
   162f4:	4055d61b          	sraiw	a2,a1,0x5
   162f8:	01850693          	addi	a3,a0,24
   162fc:	00c75d63          	bge	a4,a2,16316 <__any_on+0x24>
   16300:	070a                	slli	a4,a4,0x2
   16302:	00e687b3          	add	a5,a3,a4
   16306:	02f6f863          	bgeu	a3,a5,16336 <__any_on+0x44>
   1630a:	ffc7a703          	lw	a4,-4(a5)
   1630e:	17f1                	addi	a5,a5,-4
   16310:	db7d                	beqz	a4,16306 <__any_on+0x14>
   16312:	4505                	li	a0,1
   16314:	8082                	ret
   16316:	00261793          	slli	a5,a2,0x2
   1631a:	97b6                	add	a5,a5,a3
   1631c:	fee655e3          	bge	a2,a4,16306 <__any_on+0x14>
   16320:	89fd                	andi	a1,a1,31
   16322:	d1f5                	beqz	a1,16306 <__any_on+0x14>
   16324:	4390                	lw	a2,0(a5)
   16326:	4505                	li	a0,1
   16328:	00b6573b          	srlw	a4,a2,a1
   1632c:	00b7173b          	sllw	a4,a4,a1
   16330:	fcc70be3          	beq	a4,a2,16306 <__any_on+0x14>
   16334:	8082                	ret
   16336:	4501                	li	a0,0
   16338:	8082                	ret

000000000001633a <_realloc_r>:
   1633a:	16058663          	beqz	a1,164a6 <_realloc_r+0x16c>
   1633e:	7139                	addi	sp,sp,-64
   16340:	f822                	sd	s0,48(sp)
   16342:	f426                	sd	s1,40(sp)
   16344:	842e                	mv	s0,a1
   16346:	fc06                	sd	ra,56(sp)
   16348:	84aa                	mv	s1,a0
   1634a:	e032                	sd	a2,0(sp)
   1634c:	81efb0ef          	jal	1136a <__malloc_lock>
   16350:	6582                	ld	a1,0(sp)
   16352:	02e00713          	li	a4,46
   16356:	01758793          	addi	a5,a1,23
   1635a:	0ef77563          	bgeu	a4,a5,16444 <_realloc_r+0x10a>
   1635e:	4705                	li	a4,1
   16360:	9bc1                	andi	a5,a5,-16
   16362:	077e                	slli	a4,a4,0x1f
   16364:	00e7b733          	sltu	a4,a5,a4
   16368:	00174713          	xori	a4,a4,1
   1636c:	16b7e263          	bltu	a5,a1,164d0 <_realloc_r+0x196>
   16370:	16071063          	bnez	a4,164d0 <_realloc_r+0x196>
   16374:	ff843683          	ld	a3,-8(s0)
   16378:	ff040613          	addi	a2,s0,-16
   1637c:	ffc6f713          	andi	a4,a3,-4
   16380:	0cf75d63          	bge	a4,a5,1645a <_realloc_r+0x120>
   16384:	656d                	lui	a0,0x1b
   16386:	be050e93          	addi	t4,a0,-1056 # 1abe0 <__malloc_av_>
   1638a:	010eb883          	ld	a7,16(t4)
   1638e:	00e60833          	add	a6,a2,a4
   16392:	00883503          	ld	a0,8(a6)
   16396:	15088663          	beq	a7,a6,164e2 <_realloc_r+0x1a8>
   1639a:	ffe57893          	andi	a7,a0,-2
   1639e:	98c2                	add	a7,a7,a6
   163a0:	0088b883          	ld	a7,8(a7)
   163a4:	0018f893          	andi	a7,a7,1
   163a8:	0e089463          	bnez	a7,16490 <_realloc_r+0x156>
   163ac:	9971                	andi	a0,a0,-4
   163ae:	00a708b3          	add	a7,a4,a0
   163b2:	08f8dd63          	bge	a7,a5,1644c <_realloc_r+0x112>
   163b6:	8a85                	andi	a3,a3,1
   163b8:	e28d                	bnez	a3,163da <_realloc_r+0xa0>
   163ba:	ff043303          	ld	t1,-16(s0)
   163be:	40660333          	sub	t1,a2,t1
   163c2:	00833883          	ld	a7,8(t1)
   163c6:	ffc8f893          	andi	a7,a7,-4
   163ca:	9546                	add	a0,a0,a7
   163cc:	00e506b3          	add	a3,a0,a4
   163d0:	22f6dd63          	bge	a3,a5,1660a <_realloc_r+0x2d0>
   163d4:	98ba                	add	a7,a7,a4
   163d6:	1cf8da63          	bge	a7,a5,165aa <_realloc_r+0x270>
   163da:	8526                	mv	a0,s1
   163dc:	e83a                	sd	a4,16(sp)
   163de:	e432                	sd	a2,8(sp)
   163e0:	e03e                	sd	a5,0(sp)
   163e2:	923fa0ef          	jal	10d04 <_malloc_r>
   163e6:	6782                	ld	a5,0(sp)
   163e8:	6622                	ld	a2,8(sp)
   163ea:	6742                	ld	a4,16(sp)
   163ec:	86aa                	mv	a3,a0
   163ee:	30050363          	beqz	a0,166f4 <_realloc_r+0x3ba>
   163f2:	ff843583          	ld	a1,-8(s0)
   163f6:	ff050813          	addi	a6,a0,-16
   163fa:	99f9                	andi	a1,a1,-2
   163fc:	95b2                	add	a1,a1,a2
   163fe:	19058463          	beq	a1,a6,16586 <_realloc_r+0x24c>
   16402:	ff870613          	addi	a2,a4,-8
   16406:	04800793          	li	a5,72
   1640a:	1ec7ea63          	bltu	a5,a2,165fe <_realloc_r+0x2c4>
   1640e:	02700713          	li	a4,39
   16412:	16c76f63          	bltu	a4,a2,16590 <_realloc_r+0x256>
   16416:	87aa                	mv	a5,a0
   16418:	8722                	mv	a4,s0
   1641a:	6310                	ld	a2,0(a4)
   1641c:	e390                	sd	a2,0(a5)
   1641e:	6710                	ld	a2,8(a4)
   16420:	e790                	sd	a2,8(a5)
   16422:	6b18                	ld	a4,16(a4)
   16424:	eb98                	sd	a4,16(a5)
   16426:	85a2                	mv	a1,s0
   16428:	8526                	mv	a0,s1
   1642a:	e036                	sd	a3,0(sp)
   1642c:	ea0fa0ef          	jal	10acc <_free_r>
   16430:	8526                	mv	a0,s1
   16432:	f3bfa0ef          	jal	1136c <__malloc_unlock>
   16436:	6682                	ld	a3,0(sp)
   16438:	70e2                	ld	ra,56(sp)
   1643a:	7442                	ld	s0,48(sp)
   1643c:	74a2                	ld	s1,40(sp)
   1643e:	8536                	mv	a0,a3
   16440:	6121                	addi	sp,sp,64
   16442:	8082                	ret
   16444:	4701                	li	a4,0
   16446:	02000793          	li	a5,32
   1644a:	b70d                	j	1636c <_realloc_r+0x32>
   1644c:	01883683          	ld	a3,24(a6)
   16450:	01083583          	ld	a1,16(a6)
   16454:	8746                	mv	a4,a7
   16456:	ed94                	sd	a3,24(a1)
   16458:	ea8c                	sd	a1,16(a3)
   1645a:	6614                	ld	a3,8(a2)
   1645c:	40f70533          	sub	a0,a4,a5
   16460:	45fd                	li	a1,31
   16462:	8a85                	andi	a3,a3,1
   16464:	00e60833          	add	a6,a2,a4
   16468:	04a5e263          	bltu	a1,a0,164ac <_realloc_r+0x172>
   1646c:	8ed9                	or	a3,a3,a4
   1646e:	e614                	sd	a3,8(a2)
   16470:	00883783          	ld	a5,8(a6)
   16474:	0017e793          	ori	a5,a5,1
   16478:	00f83423          	sd	a5,8(a6)
   1647c:	8526                	mv	a0,s1
   1647e:	eeffa0ef          	jal	1136c <__malloc_unlock>
   16482:	86a2                	mv	a3,s0
   16484:	70e2                	ld	ra,56(sp)
   16486:	7442                	ld	s0,48(sp)
   16488:	74a2                	ld	s1,40(sp)
   1648a:	8536                	mv	a0,a3
   1648c:	6121                	addi	sp,sp,64
   1648e:	8082                	ret
   16490:	8a85                	andi	a3,a3,1
   16492:	f6a1                	bnez	a3,163da <_realloc_r+0xa0>
   16494:	ff043303          	ld	t1,-16(s0)
   16498:	40660333          	sub	t1,a2,t1
   1649c:	00833883          	ld	a7,8(t1)
   164a0:	ffc8f893          	andi	a7,a7,-4
   164a4:	bf05                	j	163d4 <_realloc_r+0x9a>
   164a6:	85b2                	mv	a1,a2
   164a8:	85dfa06f          	j	10d04 <_malloc_r>
   164ac:	8edd                	or	a3,a3,a5
   164ae:	e614                	sd	a3,8(a2)
   164b0:	00156513          	ori	a0,a0,1
   164b4:	963e                	add	a2,a2,a5
   164b6:	e608                	sd	a0,8(a2)
   164b8:	00883783          	ld	a5,8(a6)
   164bc:	01060593          	addi	a1,a2,16
   164c0:	8526                	mv	a0,s1
   164c2:	0017e793          	ori	a5,a5,1
   164c6:	00f83423          	sd	a5,8(a6)
   164ca:	e02fa0ef          	jal	10acc <_free_r>
   164ce:	b77d                	j	1647c <_realloc_r+0x142>
   164d0:	47b1                	li	a5,12
   164d2:	c09c                	sw	a5,0(s1)
   164d4:	4681                	li	a3,0
   164d6:	70e2                	ld	ra,56(sp)
   164d8:	7442                	ld	s0,48(sp)
   164da:	74a2                	ld	s1,40(sp)
   164dc:	8536                	mv	a0,a3
   164de:	6121                	addi	sp,sp,64
   164e0:	8082                	ret
   164e2:	9971                	andi	a0,a0,-4
   164e4:	00e50833          	add	a6,a0,a4
   164e8:	02078e13          	addi	t3,a5,32
   164ec:	1bc85763          	bge	a6,t3,1669a <_realloc_r+0x360>
   164f0:	8a85                	andi	a3,a3,1
   164f2:	ee0694e3          	bnez	a3,163da <_realloc_r+0xa0>
   164f6:	ff043303          	ld	t1,-16(s0)
   164fa:	40660333          	sub	t1,a2,t1
   164fe:	00833883          	ld	a7,8(t1)
   16502:	ffc8f893          	andi	a7,a7,-4
   16506:	9546                	add	a0,a0,a7
   16508:	00e50833          	add	a6,a0,a4
   1650c:	edc844e3          	blt	a6,t3,163d4 <_realloc_r+0x9a>
   16510:	01833683          	ld	a3,24(t1)
   16514:	01033583          	ld	a1,16(t1)
   16518:	ff870613          	addi	a2,a4,-8
   1651c:	04800713          	li	a4,72
   16520:	ed94                	sd	a3,24(a1)
   16522:	ea8c                	sd	a1,16(a3)
   16524:	01030693          	addi	a3,t1,16
   16528:	20c76363          	bltu	a4,a2,1672e <_realloc_r+0x3f4>
   1652c:	02700593          	li	a1,39
   16530:	8736                	mv	a4,a3
   16532:	00c5ff63          	bgeu	a1,a2,16550 <_realloc_r+0x216>
   16536:	600c                	ld	a1,0(s0)
   16538:	03700713          	li	a4,55
   1653c:	00b33823          	sd	a1,16(t1)
   16540:	640c                	ld	a1,8(s0)
   16542:	00b33c23          	sd	a1,24(t1)
   16546:	22c76063          	bltu	a4,a2,16766 <_realloc_r+0x42c>
   1654a:	0441                	addi	s0,s0,16
   1654c:	02030713          	addi	a4,t1,32
   16550:	6010                	ld	a2,0(s0)
   16552:	e310                	sd	a2,0(a4)
   16554:	6410                	ld	a2,8(s0)
   16556:	e710                	sd	a2,8(a4)
   16558:	6810                	ld	a2,16(s0)
   1655a:	eb10                	sd	a2,16(a4)
   1655c:	00f30633          	add	a2,t1,a5
   16560:	40f80733          	sub	a4,a6,a5
   16564:	00ceb823          	sd	a2,16(t4)
   16568:	00176713          	ori	a4,a4,1
   1656c:	e618                	sd	a4,8(a2)
   1656e:	00833703          	ld	a4,8(t1)
   16572:	8526                	mv	a0,s1
   16574:	e036                	sd	a3,0(sp)
   16576:	8b05                	andi	a4,a4,1
   16578:	8fd9                	or	a5,a5,a4
   1657a:	00f33423          	sd	a5,8(t1)
   1657e:	deffa0ef          	jal	1136c <__malloc_unlock>
   16582:	6682                	ld	a3,0(sp)
   16584:	b701                	j	16484 <_realloc_r+0x14a>
   16586:	ff853683          	ld	a3,-8(a0)
   1658a:	9af1                	andi	a3,a3,-4
   1658c:	9736                	add	a4,a4,a3
   1658e:	b5f1                	j	1645a <_realloc_r+0x120>
   16590:	600c                	ld	a1,0(s0)
   16592:	03700713          	li	a4,55
   16596:	e10c                	sd	a1,0(a0)
   16598:	640c                	ld	a1,8(s0)
   1659a:	e50c                	sd	a1,8(a0)
   1659c:	0cc76763          	bltu	a4,a2,1666a <_realloc_r+0x330>
   165a0:	01040713          	addi	a4,s0,16
   165a4:	01050793          	addi	a5,a0,16
   165a8:	bd8d                	j	1641a <_realloc_r+0xe0>
   165aa:	01833683          	ld	a3,24(t1)
   165ae:	01033583          	ld	a1,16(t1)
   165b2:	ff870613          	addi	a2,a4,-8
   165b6:	04800513          	li	a0,72
   165ba:	ed94                	sd	a3,24(a1)
   165bc:	ea8c                	sd	a1,16(a3)
   165be:	01030693          	addi	a3,t1,16
   165c2:	0ac56f63          	bltu	a0,a2,16680 <_realloc_r+0x346>
   165c6:	02700593          	li	a1,39
   165ca:	8736                	mv	a4,a3
   165cc:	00c5ff63          	bgeu	a1,a2,165ea <_realloc_r+0x2b0>
   165d0:	600c                	ld	a1,0(s0)
   165d2:	03700713          	li	a4,55
   165d6:	00b33823          	sd	a1,16(t1)
   165da:	640c                	ld	a1,8(s0)
   165dc:	00b33c23          	sd	a1,24(t1)
   165e0:	0ec76d63          	bltu	a4,a2,166da <_realloc_r+0x3a0>
   165e4:	0441                	addi	s0,s0,16
   165e6:	02030713          	addi	a4,t1,32
   165ea:	6010                	ld	a2,0(s0)
   165ec:	e310                	sd	a2,0(a4)
   165ee:	6410                	ld	a2,8(s0)
   165f0:	e710                	sd	a2,8(a4)
   165f2:	6810                	ld	a2,16(s0)
   165f4:	eb10                	sd	a2,16(a4)
   165f6:	8436                	mv	s0,a3
   165f8:	8746                	mv	a4,a7
   165fa:	861a                	mv	a2,t1
   165fc:	bdb9                	j	1645a <_realloc_r+0x120>
   165fe:	85a2                	mv	a1,s0
   16600:	e02a                	sd	a0,0(sp)
   16602:	ed8fd0ef          	jal	13cda <memmove>
   16606:	6682                	ld	a3,0(sp)
   16608:	bd39                	j	16426 <_realloc_r+0xec>
   1660a:	01883583          	ld	a1,24(a6)
   1660e:	01083503          	ld	a0,16(a6)
   16612:	ff870613          	addi	a2,a4,-8
   16616:	04800893          	li	a7,72
   1661a:	ed0c                	sd	a1,24(a0)
   1661c:	e988                	sd	a0,16(a1)
   1661e:	01833703          	ld	a4,24(t1)
   16622:	01033583          	ld	a1,16(t1)
   16626:	01030813          	addi	a6,t1,16
   1662a:	ed98                	sd	a4,24(a1)
   1662c:	eb0c                	sd	a1,16(a4)
   1662e:	08c8e963          	bltu	a7,a2,166c0 <_realloc_r+0x386>
   16632:	02700593          	li	a1,39
   16636:	8742                	mv	a4,a6
   16638:	00c5ff63          	bgeu	a1,a2,16656 <_realloc_r+0x31c>
   1663c:	600c                	ld	a1,0(s0)
   1663e:	03700713          	li	a4,55
   16642:	00b33823          	sd	a1,16(t1)
   16646:	640c                	ld	a1,8(s0)
   16648:	00b33c23          	sd	a1,24(t1)
   1664c:	0cc76263          	bltu	a4,a2,16710 <_realloc_r+0x3d6>
   16650:	0441                	addi	s0,s0,16
   16652:	02030713          	addi	a4,t1,32
   16656:	6010                	ld	a2,0(s0)
   16658:	e310                	sd	a2,0(a4)
   1665a:	6410                	ld	a2,8(s0)
   1665c:	e710                	sd	a2,8(a4)
   1665e:	6810                	ld	a2,16(s0)
   16660:	eb10                	sd	a2,16(a4)
   16662:	8442                	mv	s0,a6
   16664:	8736                	mv	a4,a3
   16666:	861a                	mv	a2,t1
   16668:	bbcd                	j	1645a <_realloc_r+0x120>
   1666a:	6818                	ld	a4,16(s0)
   1666c:	e918                	sd	a4,16(a0)
   1666e:	6c18                	ld	a4,24(s0)
   16670:	ed18                	sd	a4,24(a0)
   16672:	08f60663          	beq	a2,a5,166fe <_realloc_r+0x3c4>
   16676:	02040713          	addi	a4,s0,32
   1667a:	02050793          	addi	a5,a0,32
   1667e:	bb71                	j	1641a <_realloc_r+0xe0>
   16680:	8536                	mv	a0,a3
   16682:	85a2                	mv	a1,s0
   16684:	ec1a                	sd	t1,24(sp)
   16686:	e83e                	sd	a5,16(sp)
   16688:	e446                	sd	a7,8(sp)
   1668a:	e036                	sd	a3,0(sp)
   1668c:	e4efd0ef          	jal	13cda <memmove>
   16690:	6362                	ld	t1,24(sp)
   16692:	67c2                	ld	a5,16(sp)
   16694:	68a2                	ld	a7,8(sp)
   16696:	6682                	ld	a3,0(sp)
   16698:	bfb9                	j	165f6 <_realloc_r+0x2bc>
   1669a:	963e                	add	a2,a2,a5
   1669c:	40f80733          	sub	a4,a6,a5
   166a0:	00ceb823          	sd	a2,16(t4)
   166a4:	00176713          	ori	a4,a4,1
   166a8:	e618                	sd	a4,8(a2)
   166aa:	ff843703          	ld	a4,-8(s0)
   166ae:	8526                	mv	a0,s1
   166b0:	8b05                	andi	a4,a4,1
   166b2:	8fd9                	or	a5,a5,a4
   166b4:	fef43c23          	sd	a5,-8(s0)
   166b8:	cb5fa0ef          	jal	1136c <__malloc_unlock>
   166bc:	86a2                	mv	a3,s0
   166be:	b3d9                	j	16484 <_realloc_r+0x14a>
   166c0:	8542                	mv	a0,a6
   166c2:	85a2                	mv	a1,s0
   166c4:	ec1a                	sd	t1,24(sp)
   166c6:	e83e                	sd	a5,16(sp)
   166c8:	e436                	sd	a3,8(sp)
   166ca:	e042                	sd	a6,0(sp)
   166cc:	e0efd0ef          	jal	13cda <memmove>
   166d0:	6802                	ld	a6,0(sp)
   166d2:	66a2                	ld	a3,8(sp)
   166d4:	67c2                	ld	a5,16(sp)
   166d6:	6362                	ld	t1,24(sp)
   166d8:	b769                	j	16662 <_realloc_r+0x328>
   166da:	6818                	ld	a4,16(s0)
   166dc:	02e33023          	sd	a4,32(t1)
   166e0:	6c18                	ld	a4,24(s0)
   166e2:	02e33423          	sd	a4,40(t1)
   166e6:	06a60463          	beq	a2,a0,1674e <_realloc_r+0x414>
   166ea:	02040413          	addi	s0,s0,32
   166ee:	03030713          	addi	a4,t1,48
   166f2:	bde5                	j	165ea <_realloc_r+0x2b0>
   166f4:	8526                	mv	a0,s1
   166f6:	c77fa0ef          	jal	1136c <__malloc_unlock>
   166fa:	4681                	li	a3,0
   166fc:	bbe9                	j	164d6 <_realloc_r+0x19c>
   166fe:	7010                	ld	a2,32(s0)
   16700:	03040713          	addi	a4,s0,48
   16704:	03050793          	addi	a5,a0,48
   16708:	f110                	sd	a2,32(a0)
   1670a:	7410                	ld	a2,40(s0)
   1670c:	f510                	sd	a2,40(a0)
   1670e:	b331                	j	1641a <_realloc_r+0xe0>
   16710:	680c                	ld	a1,16(s0)
   16712:	04800713          	li	a4,72
   16716:	02b33023          	sd	a1,32(t1)
   1671a:	6c0c                	ld	a1,24(s0)
   1671c:	02b33423          	sd	a1,40(t1)
   16720:	06e60263          	beq	a2,a4,16784 <_realloc_r+0x44a>
   16724:	02040413          	addi	s0,s0,32
   16728:	03030713          	addi	a4,t1,48
   1672c:	b72d                	j	16656 <_realloc_r+0x31c>
   1672e:	8536                	mv	a0,a3
   16730:	85a2                	mv	a1,s0
   16732:	ec1a                	sd	t1,24(sp)
   16734:	e83e                	sd	a5,16(sp)
   16736:	e442                	sd	a6,8(sp)
   16738:	e036                	sd	a3,0(sp)
   1673a:	da0fd0ef          	jal	13cda <memmove>
   1673e:	67ed                	lui	a5,0x1b
   16740:	be078e93          	addi	t4,a5,-1056 # 1abe0 <__malloc_av_>
   16744:	6362                	ld	t1,24(sp)
   16746:	67c2                	ld	a5,16(sp)
   16748:	6822                	ld	a6,8(sp)
   1674a:	6682                	ld	a3,0(sp)
   1674c:	bd01                	j	1655c <_realloc_r+0x222>
   1674e:	7010                	ld	a2,32(s0)
   16750:	04030713          	addi	a4,t1,64
   16754:	03040413          	addi	s0,s0,48
   16758:	02c33823          	sd	a2,48(t1)
   1675c:	ff843603          	ld	a2,-8(s0)
   16760:	02c33c23          	sd	a2,56(t1)
   16764:	b559                	j	165ea <_realloc_r+0x2b0>
   16766:	680c                	ld	a1,16(s0)
   16768:	04800713          	li	a4,72
   1676c:	02b33023          	sd	a1,32(t1)
   16770:	6c0c                	ld	a1,24(s0)
   16772:	02b33423          	sd	a1,40(t1)
   16776:	02e60363          	beq	a2,a4,1679c <_realloc_r+0x462>
   1677a:	02040413          	addi	s0,s0,32
   1677e:	03030713          	addi	a4,t1,48
   16782:	b3f9                	j	16550 <_realloc_r+0x216>
   16784:	7010                	ld	a2,32(s0)
   16786:	04030713          	addi	a4,t1,64
   1678a:	03040413          	addi	s0,s0,48
   1678e:	02c33823          	sd	a2,48(t1)
   16792:	ff843603          	ld	a2,-8(s0)
   16796:	02c33c23          	sd	a2,56(t1)
   1679a:	bd75                	j	16656 <_realloc_r+0x31c>
   1679c:	7010                	ld	a2,32(s0)
   1679e:	04030713          	addi	a4,t1,64
   167a2:	03040413          	addi	s0,s0,48
   167a6:	02c33823          	sd	a2,48(t1)
   167aa:	ff843603          	ld	a2,-8(s0)
   167ae:	02c33c23          	sd	a2,56(t1)
   167b2:	bb79                	j	16550 <_realloc_r+0x216>

00000000000167b4 <__smakebuf_r>:
   167b4:	01059703          	lh	a4,16(a1)
   167b8:	00277793          	andi	a5,a4,2
   167bc:	cb81                	beqz	a5,167cc <__smakebuf_r+0x18>
   167be:	07758793          	addi	a5,a1,119
   167c2:	4705                	li	a4,1
   167c4:	e19c                	sd	a5,0(a1)
   167c6:	ed9c                	sd	a5,24(a1)
   167c8:	d198                	sw	a4,32(a1)
   167ca:	8082                	ret
   167cc:	87ae                	mv	a5,a1
   167ce:	01259583          	lh	a1,18(a1)
   167d2:	7135                	addi	sp,sp,-160
   167d4:	e922                	sd	s0,144(sp)
   167d6:	ed06                	sd	ra,152(sp)
   167d8:	842a                	mv	s0,a0
   167da:	0605c863          	bltz	a1,1684a <__smakebuf_r+0x96>
   167de:	0830                	addi	a2,sp,24
   167e0:	e03e                	sd	a5,0(sp)
   167e2:	214000ef          	jal	169f6 <_fstat_r>
   167e6:	6782                	ld	a5,0(sp)
   167e8:	04054f63          	bltz	a0,16846 <__smakebuf_r+0x92>
   167ec:	40000593          	li	a1,1024
   167f0:	8522                	mv	a0,s0
   167f2:	e526                	sd	s1,136(sp)
   167f4:	e03e                	sd	a5,0(sp)
   167f6:	44f2                	lw	s1,28(sp)
   167f8:	d0cfa0ef          	jal	10d04 <_malloc_r>
   167fc:	6782                	ld	a5,0(sp)
   167fe:	01079703          	lh	a4,16(a5)
   16802:	c159                	beqz	a0,16888 <__smakebuf_r+0xd4>
   16804:	40000693          	li	a3,1024
   16808:	08076713          	ori	a4,a4,128
   1680c:	d394                	sw	a3,32(a5)
   1680e:	40c4d693          	srai	a3,s1,0xc
   16812:	00e79823          	sh	a4,16(a5)
   16816:	e388                	sd	a0,0(a5)
   16818:	ef88                	sd	a0,24(a5)
   1681a:	8abd                	andi	a3,a3,15
   1681c:	4609                	li	a2,2
   1681e:	08c69563          	bne	a3,a2,168a8 <__smakebuf_r+0xf4>
   16822:	01279583          	lh	a1,18(a5)
   16826:	8522                	mv	a0,s0
   16828:	e03e                	sd	a5,0(sp)
   1682a:	206000ef          	jal	16a30 <_isatty_r>
   1682e:	6782                	ld	a5,0(sp)
   16830:	01079703          	lh	a4,16(a5)
   16834:	c935                	beqz	a0,168a8 <__smakebuf_r+0xf4>
   16836:	9b71                	andi	a4,a4,-4
   16838:	6685                	lui	a3,0x1
   1683a:	64aa                	ld	s1,136(sp)
   1683c:	00176713          	ori	a4,a4,1
   16840:	80068693          	addi	a3,a3,-2048 # 800 <exit-0xf920>
   16844:	a805                	j	16874 <__smakebuf_r+0xc0>
   16846:	01079703          	lh	a4,16(a5)
   1684a:	08077713          	andi	a4,a4,128
   1684e:	40000593          	li	a1,1024
   16852:	eb05                	bnez	a4,16882 <__smakebuf_r+0xce>
   16854:	8522                	mv	a0,s0
   16856:	e43e                	sd	a5,8(sp)
   16858:	e02e                	sd	a1,0(sp)
   1685a:	caafa0ef          	jal	10d04 <_malloc_r>
   1685e:	67a2                	ld	a5,8(sp)
   16860:	6582                	ld	a1,0(sp)
   16862:	01079703          	lh	a4,16(a5)
   16866:	c115                	beqz	a0,1688a <__smakebuf_r+0xd6>
   16868:	08076713          	ori	a4,a4,128
   1686c:	e388                	sd	a0,0(a5)
   1686e:	ef88                	sd	a0,24(a5)
   16870:	d38c                	sw	a1,32(a5)
   16872:	4681                	li	a3,0
   16874:	8f55                	or	a4,a4,a3
   16876:	00e79823          	sh	a4,16(a5)
   1687a:	60ea                	ld	ra,152(sp)
   1687c:	644a                	ld	s0,144(sp)
   1687e:	610d                	addi	sp,sp,160
   16880:	8082                	ret
   16882:	04000593          	li	a1,64
   16886:	b7f9                	j	16854 <__smakebuf_r+0xa0>
   16888:	64aa                	ld	s1,136(sp)
   1688a:	20077693          	andi	a3,a4,512
   1688e:	f6f5                	bnez	a3,1687a <__smakebuf_r+0xc6>
   16890:	9b71                	andi	a4,a4,-4
   16892:	07778693          	addi	a3,a5,119
   16896:	00276713          	ori	a4,a4,2
   1689a:	4605                	li	a2,1
   1689c:	00e79823          	sh	a4,16(a5)
   168a0:	e394                	sd	a3,0(a5)
   168a2:	ef94                	sd	a3,24(a5)
   168a4:	d390                	sw	a2,32(a5)
   168a6:	bfd1                	j	1687a <__smakebuf_r+0xc6>
   168a8:	6685                	lui	a3,0x1
   168aa:	64aa                	ld	s1,136(sp)
   168ac:	80068693          	addi	a3,a3,-2048 # 800 <exit-0xf920>
   168b0:	b7d1                	j	16874 <__smakebuf_r+0xc0>

00000000000168b2 <__swhatbuf_r>:
   168b2:	87ae                	mv	a5,a1
   168b4:	01259583          	lh	a1,18(a1)
   168b8:	8732                	mv	a4,a2
   168ba:	0405ce63          	bltz	a1,16916 <__swhatbuf_r+0x64>
   168be:	7135                	addi	sp,sp,-160
   168c0:	e832                	sd	a2,16(sp)
   168c2:	1030                	addi	a2,sp,40
   168c4:	ec36                	sd	a3,24(sp)
   168c6:	e43e                	sd	a5,8(sp)
   168c8:	ed06                	sd	ra,152(sp)
   168ca:	12c000ef          	jal	169f6 <_fstat_r>
   168ce:	67a2                	ld	a5,8(sp)
   168d0:	6742                	ld	a4,16(sp)
   168d2:	66e2                	ld	a3,24(sp)
   168d4:	02054363          	bltz	a0,168fa <__swhatbuf_r+0x48>
   168d8:	57b2                	lw	a5,44(sp)
   168da:	65bd                	lui	a1,0xf
   168dc:	6609                	lui	a2,0x2
   168de:	8fed                	and	a5,a5,a1
   168e0:	8f91                	sub	a5,a5,a2
   168e2:	60ea                	ld	ra,152(sp)
   168e4:	0017b793          	seqz	a5,a5
   168e8:	c29c                	sw	a5,0(a3)
   168ea:	40000613          	li	a2,1024
   168ee:	6505                	lui	a0,0x1
   168f0:	e310                	sd	a2,0(a4)
   168f2:	80050513          	addi	a0,a0,-2048 # 800 <exit-0xf920>
   168f6:	610d                	addi	sp,sp,160
   168f8:	8082                	ret
   168fa:	0107d783          	lhu	a5,16(a5)
   168fe:	0807f793          	andi	a5,a5,128
   16902:	c78d                	beqz	a5,1692c <__swhatbuf_r+0x7a>
   16904:	60ea                	ld	ra,152(sp)
   16906:	4781                	li	a5,0
   16908:	c29c                	sw	a5,0(a3)
   1690a:	04000613          	li	a2,64
   1690e:	e310                	sd	a2,0(a4)
   16910:	4501                	li	a0,0
   16912:	610d                	addi	sp,sp,160
   16914:	8082                	ret
   16916:	0107d783          	lhu	a5,16(a5)
   1691a:	0807f793          	andi	a5,a5,128
   1691e:	ef99                	bnez	a5,1693c <__swhatbuf_r+0x8a>
   16920:	40000613          	li	a2,1024
   16924:	c29c                	sw	a5,0(a3)
   16926:	4501                	li	a0,0
   16928:	e310                	sd	a2,0(a4)
   1692a:	8082                	ret
   1692c:	60ea                	ld	ra,152(sp)
   1692e:	c29c                	sw	a5,0(a3)
   16930:	40000613          	li	a2,1024
   16934:	e310                	sd	a2,0(a4)
   16936:	4501                	li	a0,0
   16938:	610d                	addi	sp,sp,160
   1693a:	8082                	ret
   1693c:	4781                	li	a5,0
   1693e:	04000613          	li	a2,64
   16942:	c29c                	sw	a5,0(a3)
   16944:	4501                	li	a0,0
   16946:	e310                	sd	a2,0(a4)
   16948:	8082                	ret

000000000001694a <_setlocale_r>:
   1694a:	c21d                	beqz	a2,16970 <_setlocale_r+0x26>
   1694c:	65e5                	lui	a1,0x19
   1694e:	1101                	addi	sp,sp,-32
   16950:	37058593          	addi	a1,a1,880 # 19370 <__clzdi2+0x1b0>
   16954:	8532                	mv	a0,a2
   16956:	e822                	sd	s0,16(sp)
   16958:	ec06                	sd	ra,24(sp)
   1695a:	8432                	mv	s0,a2
   1695c:	10a000ef          	jal	16a66 <strcmp>
   16960:	67e5                	lui	a5,0x19
   16962:	e919                	bnez	a0,16978 <_setlocale_r+0x2e>
   16964:	36878513          	addi	a0,a5,872 # 19368 <__clzdi2+0x1a8>
   16968:	60e2                	ld	ra,24(sp)
   1696a:	6442                	ld	s0,16(sp)
   1696c:	6105                	addi	sp,sp,32
   1696e:	8082                	ret
   16970:	67e5                	lui	a5,0x19
   16972:	36878513          	addi	a0,a5,872 # 19368 <__clzdi2+0x1a8>
   16976:	8082                	ret
   16978:	36878593          	addi	a1,a5,872
   1697c:	8522                	mv	a0,s0
   1697e:	e43e                	sd	a5,8(sp)
   16980:	0e6000ef          	jal	16a66 <strcmp>
   16984:	67a2                	ld	a5,8(sp)
   16986:	dd79                	beqz	a0,16964 <_setlocale_r+0x1a>
   16988:	65e5                	lui	a1,0x19
   1698a:	8522                	mv	a0,s0
   1698c:	24858593          	addi	a1,a1,584 # 19248 <__clzdi2+0x88>
   16990:	0d6000ef          	jal	16a66 <strcmp>
   16994:	67a2                	ld	a5,8(sp)
   16996:	d579                	beqz	a0,16964 <_setlocale_r+0x1a>
   16998:	4501                	li	a0,0
   1699a:	b7f9                	j	16968 <_setlocale_r+0x1e>

000000000001699c <__locale_mb_cur_max>:
   1699c:	67ed                	lui	a5,0x1b
   1699e:	5507c503          	lbu	a0,1360(a5) # 1b550 <__global_locale+0x160>
   169a2:	8082                	ret

00000000000169a4 <setlocale>:
   169a4:	c19d                	beqz	a1,169ca <setlocale+0x26>
   169a6:	1101                	addi	sp,sp,-32
   169a8:	e822                	sd	s0,16(sp)
   169aa:	852e                	mv	a0,a1
   169ac:	842e                	mv	s0,a1
   169ae:	65e5                	lui	a1,0x19
   169b0:	37058593          	addi	a1,a1,880 # 19370 <__clzdi2+0x1b0>
   169b4:	ec06                	sd	ra,24(sp)
   169b6:	0b0000ef          	jal	16a66 <strcmp>
   169ba:	67e5                	lui	a5,0x19
   169bc:	e919                	bnez	a0,169d2 <setlocale+0x2e>
   169be:	36878513          	addi	a0,a5,872 # 19368 <__clzdi2+0x1a8>
   169c2:	60e2                	ld	ra,24(sp)
   169c4:	6442                	ld	s0,16(sp)
   169c6:	6105                	addi	sp,sp,32
   169c8:	8082                	ret
   169ca:	67e5                	lui	a5,0x19
   169cc:	36878513          	addi	a0,a5,872 # 19368 <__clzdi2+0x1a8>
   169d0:	8082                	ret
   169d2:	36878593          	addi	a1,a5,872
   169d6:	8522                	mv	a0,s0
   169d8:	e43e                	sd	a5,8(sp)
   169da:	08c000ef          	jal	16a66 <strcmp>
   169de:	67a2                	ld	a5,8(sp)
   169e0:	dd79                	beqz	a0,169be <setlocale+0x1a>
   169e2:	65e5                	lui	a1,0x19
   169e4:	8522                	mv	a0,s0
   169e6:	24858593          	addi	a1,a1,584 # 19248 <__clzdi2+0x88>
   169ea:	07c000ef          	jal	16a66 <strcmp>
   169ee:	67a2                	ld	a5,8(sp)
   169f0:	d579                	beqz	a0,169be <setlocale+0x1a>
   169f2:	4501                	li	a0,0
   169f4:	b7f9                	j	169c2 <setlocale+0x1e>

00000000000169f6 <_fstat_r>:
   169f6:	1101                	addi	sp,sp,-32
   169f8:	87ae                	mv	a5,a1
   169fa:	e822                	sd	s0,16(sp)
   169fc:	e426                	sd	s1,8(sp)
   169fe:	85b2                	mv	a1,a2
   16a00:	84aa                	mv	s1,a0
   16a02:	853e                	mv	a0,a5
   16a04:	ec06                	sd	ra,24(sp)
   16a06:	8801ac23          	sw	zero,-1896(gp) # 1b630 <errno>
   16a0a:	3de010ef          	jal	17de8 <_fstat>
   16a0e:	57fd                	li	a5,-1
   16a10:	00f50763          	beq	a0,a5,16a1e <_fstat_r+0x28>
   16a14:	60e2                	ld	ra,24(sp)
   16a16:	6442                	ld	s0,16(sp)
   16a18:	64a2                	ld	s1,8(sp)
   16a1a:	6105                	addi	sp,sp,32
   16a1c:	8082                	ret
   16a1e:	8981a783          	lw	a5,-1896(gp) # 1b630 <errno>
   16a22:	dbed                	beqz	a5,16a14 <_fstat_r+0x1e>
   16a24:	60e2                	ld	ra,24(sp)
   16a26:	6442                	ld	s0,16(sp)
   16a28:	c09c                	sw	a5,0(s1)
   16a2a:	64a2                	ld	s1,8(sp)
   16a2c:	6105                	addi	sp,sp,32
   16a2e:	8082                	ret

0000000000016a30 <_isatty_r>:
   16a30:	1101                	addi	sp,sp,-32
   16a32:	e822                	sd	s0,16(sp)
   16a34:	e426                	sd	s1,8(sp)
   16a36:	84aa                	mv	s1,a0
   16a38:	852e                	mv	a0,a1
   16a3a:	ec06                	sd	ra,24(sp)
   16a3c:	8801ac23          	sw	zero,-1896(gp) # 1b630 <errno>
   16a40:	3ee010ef          	jal	17e2e <_isatty>
   16a44:	57fd                	li	a5,-1
   16a46:	00f50763          	beq	a0,a5,16a54 <_isatty_r+0x24>
   16a4a:	60e2                	ld	ra,24(sp)
   16a4c:	6442                	ld	s0,16(sp)
   16a4e:	64a2                	ld	s1,8(sp)
   16a50:	6105                	addi	sp,sp,32
   16a52:	8082                	ret
   16a54:	8981a783          	lw	a5,-1896(gp) # 1b630 <errno>
   16a58:	dbed                	beqz	a5,16a4a <_isatty_r+0x1a>
   16a5a:	60e2                	ld	ra,24(sp)
   16a5c:	6442                	ld	s0,16(sp)
   16a5e:	c09c                	sw	a5,0(s1)
   16a60:	64a2                	ld	s1,8(sp)
   16a62:	6105                	addi	sp,sp,32
   16a64:	8082                	ret

0000000000016a66 <strcmp>:
   16a66:	00b56733          	or	a4,a0,a1
   16a6a:	53fd                	li	t2,-1
   16a6c:	8b1d                	andi	a4,a4,7
   16a6e:	eb4d                	bnez	a4,16b20 <strcmp+0xba>
   16a70:	00005797          	auipc	a5,0x5
   16a74:	b907b783          	ld	a5,-1136(a5) # 1b600 <mask>
   16a78:	6110                	ld	a2,0(a0)
   16a7a:	6194                	ld	a3,0(a1)
   16a7c:	00f672b3          	and	t0,a2,a5
   16a80:	00f66333          	or	t1,a2,a5
   16a84:	92be                	add	t0,t0,a5
   16a86:	0062e2b3          	or	t0,t0,t1
   16a8a:	0a729963          	bne	t0,t2,16b3c <strcmp+0xd6>
   16a8e:	02d61e63          	bne	a2,a3,16aca <strcmp+0x64>
   16a92:	6510                	ld	a2,8(a0)
   16a94:	6594                	ld	a3,8(a1)
   16a96:	00f672b3          	and	t0,a2,a5
   16a9a:	00f66333          	or	t1,a2,a5
   16a9e:	92be                	add	t0,t0,a5
   16aa0:	0062e2b3          	or	t0,t0,t1
   16aa4:	08729a63          	bne	t0,t2,16b38 <strcmp+0xd2>
   16aa8:	02d61163          	bne	a2,a3,16aca <strcmp+0x64>
   16aac:	6910                	ld	a2,16(a0)
   16aae:	6994                	ld	a3,16(a1)
   16ab0:	00f672b3          	and	t0,a2,a5
   16ab4:	00f66333          	or	t1,a2,a5
   16ab8:	92be                	add	t0,t0,a5
   16aba:	0062e2b3          	or	t0,t0,t1
   16abe:	08729363          	bne	t0,t2,16b44 <strcmp+0xde>
   16ac2:	0561                	addi	a0,a0,24
   16ac4:	05e1                	addi	a1,a1,24
   16ac6:	fad609e3          	beq	a2,a3,16a78 <strcmp+0x12>
   16aca:	03061713          	slli	a4,a2,0x30
   16ace:	03069793          	slli	a5,a3,0x30
   16ad2:	02f71863          	bne	a4,a5,16b02 <strcmp+0x9c>
   16ad6:	02061713          	slli	a4,a2,0x20
   16ada:	02069793          	slli	a5,a3,0x20
   16ade:	02f71263          	bne	a4,a5,16b02 <strcmp+0x9c>
   16ae2:	01061713          	slli	a4,a2,0x10
   16ae6:	01069793          	slli	a5,a3,0x10
   16aea:	00f71c63          	bne	a4,a5,16b02 <strcmp+0x9c>
   16aee:	03065713          	srli	a4,a2,0x30
   16af2:	0306d793          	srli	a5,a3,0x30
   16af6:	40f70533          	sub	a0,a4,a5
   16afa:	0ff57593          	zext.b	a1,a0
   16afe:	e991                	bnez	a1,16b12 <strcmp+0xac>
   16b00:	8082                	ret
   16b02:	9341                	srli	a4,a4,0x30
   16b04:	93c1                	srli	a5,a5,0x30
   16b06:	40f70533          	sub	a0,a4,a5
   16b0a:	0ff57593          	zext.b	a1,a0
   16b0e:	e191                	bnez	a1,16b12 <strcmp+0xac>
   16b10:	8082                	ret
   16b12:	0ff77713          	zext.b	a4,a4
   16b16:	0ff7f793          	zext.b	a5,a5
   16b1a:	40f70533          	sub	a0,a4,a5
   16b1e:	8082                	ret
   16b20:	00054603          	lbu	a2,0(a0)
   16b24:	0005c683          	lbu	a3,0(a1)
   16b28:	0505                	addi	a0,a0,1
   16b2a:	0585                	addi	a1,a1,1
   16b2c:	00d61363          	bne	a2,a3,16b32 <strcmp+0xcc>
   16b30:	fa65                	bnez	a2,16b20 <strcmp+0xba>
   16b32:	40d60533          	sub	a0,a2,a3
   16b36:	8082                	ret
   16b38:	0521                	addi	a0,a0,8
   16b3a:	05a1                	addi	a1,a1,8
   16b3c:	fed612e3          	bne	a2,a3,16b20 <strcmp+0xba>
   16b40:	4501                	li	a0,0
   16b42:	8082                	ret
   16b44:	0541                	addi	a0,a0,16
   16b46:	05c1                	addi	a1,a1,16
   16b48:	fcd61ce3          	bne	a2,a3,16b20 <strcmp+0xba>
   16b4c:	4501                	li	a0,0
   16b4e:	8082                	ret

0000000000016b50 <__assert_func>:
   16b50:	8781b783          	ld	a5,-1928(gp) # 1b610 <_impure_ptr>
   16b54:	1141                	addi	sp,sp,-16
   16b56:	8832                	mv	a6,a2
   16b58:	e406                	sd	ra,8(sp)
   16b5a:	832a                	mv	t1,a0
   16b5c:	872e                	mv	a4,a1
   16b5e:	6f88                	ld	a0,24(a5)
   16b60:	8636                	mv	a2,a3
   16b62:	00080d63          	beqz	a6,16b7c <__assert_func+0x2c>
   16b66:	67e5                	lui	a5,0x19
   16b68:	38078793          	addi	a5,a5,896 # 19380 <__clzdi2+0x1c0>
   16b6c:	65e5                	lui	a1,0x19
   16b6e:	869a                	mv	a3,t1
   16b70:	39058593          	addi	a1,a1,912 # 19390 <__clzdi2+0x1d0>
   16b74:	156000ef          	jal	16cca <fiprintf>
   16b78:	6cd000ef          	jal	17a44 <abort>
   16b7c:	67e5                	lui	a5,0x19
   16b7e:	24878793          	addi	a5,a5,584 # 19248 <__clzdi2+0x88>
   16b82:	883e                	mv	a6,a5
   16b84:	b7e5                	j	16b6c <__assert_func+0x1c>

0000000000016b86 <__assert>:
   16b86:	1141                	addi	sp,sp,-16
   16b88:	86b2                	mv	a3,a2
   16b8a:	4601                	li	a2,0
   16b8c:	e406                	sd	ra,8(sp)
   16b8e:	fc3ff0ef          	jal	16b50 <__assert_func>

0000000000016b92 <_calloc_r>:
   16b92:	02c5b7b3          	mulhu	a5,a1,a2
   16b96:	1101                	addi	sp,sp,-32
   16b98:	ec06                	sd	ra,24(sp)
   16b9a:	02c585b3          	mul	a1,a1,a2
   16b9e:	efb5                	bnez	a5,16c1a <_calloc_r+0x88>
   16ba0:	964fa0ef          	jal	10d04 <_malloc_r>
   16ba4:	87aa                	mv	a5,a0
   16ba6:	cd35                	beqz	a0,16c22 <_calloc_r+0x90>
   16ba8:	ff853603          	ld	a2,-8(a0)
   16bac:	04800693          	li	a3,72
   16bb0:	9a71                	andi	a2,a2,-4
   16bb2:	1661                	addi	a2,a2,-8 # 1ff8 <exit-0xe128>
   16bb4:	04c6e163          	bltu	a3,a2,16bf6 <_calloc_r+0x64>
   16bb8:	02700593          	li	a1,39
   16bbc:	872a                	mv	a4,a0
   16bbe:	02c5f263          	bgeu	a1,a2,16be2 <_calloc_r+0x50>
   16bc2:	00053023          	sd	zero,0(a0)
   16bc6:	00053423          	sd	zero,8(a0)
   16bca:	03700713          	li	a4,55
   16bce:	02c77d63          	bgeu	a4,a2,16c08 <_calloc_r+0x76>
   16bd2:	00053823          	sd	zero,16(a0)
   16bd6:	00053c23          	sd	zero,24(a0)
   16bda:	02050713          	addi	a4,a0,32
   16bde:	04d60763          	beq	a2,a3,16c2c <_calloc_r+0x9a>
   16be2:	00073023          	sd	zero,0(a4)
   16be6:	00073423          	sd	zero,8(a4)
   16bea:	00073823          	sd	zero,16(a4)
   16bee:	60e2                	ld	ra,24(sp)
   16bf0:	853e                	mv	a0,a5
   16bf2:	6105                	addi	sp,sp,32
   16bf4:	8082                	ret
   16bf6:	4581                	li	a1,0
   16bf8:	e42a                	sd	a0,8(sp)
   16bfa:	c6bf90ef          	jal	10864 <memset>
   16bfe:	67a2                	ld	a5,8(sp)
   16c00:	60e2                	ld	ra,24(sp)
   16c02:	853e                	mv	a0,a5
   16c04:	6105                	addi	sp,sp,32
   16c06:	8082                	ret
   16c08:	01050713          	addi	a4,a0,16
   16c0c:	00073023          	sd	zero,0(a4)
   16c10:	00073423          	sd	zero,8(a4)
   16c14:	00073823          	sd	zero,16(a4)
   16c18:	bfd9                	j	16bee <_calloc_r+0x5c>
   16c1a:	625000ef          	jal	17a3e <__errno>
   16c1e:	47b1                	li	a5,12
   16c20:	c11c                	sw	a5,0(a0)
   16c22:	60e2                	ld	ra,24(sp)
   16c24:	4781                	li	a5,0
   16c26:	853e                	mv	a0,a5
   16c28:	6105                	addi	sp,sp,32
   16c2a:	8082                	ret
   16c2c:	02053023          	sd	zero,32(a0)
   16c30:	02053423          	sd	zero,40(a0)
   16c34:	03050713          	addi	a4,a0,48
   16c38:	b76d                	j	16be2 <_calloc_r+0x50>

0000000000016c3a <_mbtowc_r>:
   16c3a:	67ed                	lui	a5,0x1b
   16c3c:	4d87b783          	ld	a5,1240(a5) # 1b4d8 <__global_locale+0xe8>
   16c40:	8782                	jr	a5

0000000000016c42 <__ascii_mbtowc>:
   16c42:	c999                	beqz	a1,16c58 <__ascii_mbtowc+0x16>
   16c44:	c61d                	beqz	a2,16c72 <__ascii_mbtowc+0x30>
   16c46:	ca95                	beqz	a3,16c7a <__ascii_mbtowc+0x38>
   16c48:	00064783          	lbu	a5,0(a2)
   16c4c:	c19c                	sw	a5,0(a1)
   16c4e:	00064503          	lbu	a0,0(a2)
   16c52:	00a03533          	snez	a0,a0
   16c56:	8082                	ret
   16c58:	1141                	addi	sp,sp,-16
   16c5a:	006c                	addi	a1,sp,12
   16c5c:	ce09                	beqz	a2,16c76 <__ascii_mbtowc+0x34>
   16c5e:	c285                	beqz	a3,16c7e <__ascii_mbtowc+0x3c>
   16c60:	00064783          	lbu	a5,0(a2)
   16c64:	c19c                	sw	a5,0(a1)
   16c66:	00064503          	lbu	a0,0(a2)
   16c6a:	00a03533          	snez	a0,a0
   16c6e:	0141                	addi	sp,sp,16
   16c70:	8082                	ret
   16c72:	4501                	li	a0,0
   16c74:	8082                	ret
   16c76:	4501                	li	a0,0
   16c78:	bfdd                	j	16c6e <__ascii_mbtowc+0x2c>
   16c7a:	5579                	li	a0,-2
   16c7c:	8082                	ret
   16c7e:	5579                	li	a0,-2
   16c80:	b7fd                	j	16c6e <__ascii_mbtowc+0x2c>

0000000000016c82 <_wctomb_r>:
   16c82:	67ed                	lui	a5,0x1b
   16c84:	4d07b783          	ld	a5,1232(a5) # 1b4d0 <__global_locale+0xe0>
   16c88:	8782                	jr	a5

0000000000016c8a <__ascii_wctomb>:
   16c8a:	cd91                	beqz	a1,16ca6 <__ascii_wctomb+0x1c>
   16c8c:	0ff00793          	li	a5,255
   16c90:	00c7e663          	bltu	a5,a2,16c9c <__ascii_wctomb+0x12>
   16c94:	00c58023          	sb	a2,0(a1)
   16c98:	4505                	li	a0,1
   16c9a:	8082                	ret
   16c9c:	08a00793          	li	a5,138
   16ca0:	c11c                	sw	a5,0(a0)
   16ca2:	557d                	li	a0,-1
   16ca4:	8082                	ret
   16ca6:	4501                	li	a0,0
   16ca8:	8082                	ret

0000000000016caa <_fiprintf_r>:
   16caa:	715d                	addi	sp,sp,-80
   16cac:	02810313          	addi	t1,sp,40
   16cb0:	f436                	sd	a3,40(sp)
   16cb2:	869a                	mv	a3,t1
   16cb4:	ec06                	sd	ra,24(sp)
   16cb6:	f83a                	sd	a4,48(sp)
   16cb8:	fc3e                	sd	a5,56(sp)
   16cba:	e0c2                	sd	a6,64(sp)
   16cbc:	e4c6                	sd	a7,72(sp)
   16cbe:	e41a                	sd	t1,8(sp)
   16cc0:	038000ef          	jal	16cf8 <_vfiprintf_r>
   16cc4:	60e2                	ld	ra,24(sp)
   16cc6:	6161                	addi	sp,sp,80
   16cc8:	8082                	ret

0000000000016cca <fiprintf>:
   16cca:	715d                	addi	sp,sp,-80
   16ccc:	8eaa                	mv	t4,a0
   16cce:	8781b503          	ld	a0,-1928(gp) # 1b610 <_impure_ptr>
   16cd2:	8e2e                	mv	t3,a1
   16cd4:	02010313          	addi	t1,sp,32
   16cd8:	f032                	sd	a2,32(sp)
   16cda:	f436                	sd	a3,40(sp)
   16cdc:	85f6                	mv	a1,t4
   16cde:	8672                	mv	a2,t3
   16ce0:	869a                	mv	a3,t1
   16ce2:	ec06                	sd	ra,24(sp)
   16ce4:	f83a                	sd	a4,48(sp)
   16ce6:	fc3e                	sd	a5,56(sp)
   16ce8:	e0c2                	sd	a6,64(sp)
   16cea:	e4c6                	sd	a7,72(sp)
   16cec:	e41a                	sd	t1,8(sp)
   16cee:	00a000ef          	jal	16cf8 <_vfiprintf_r>
   16cf2:	60e2                	ld	ra,24(sp)
   16cf4:	6161                	addi	sp,sp,80
   16cf6:	8082                	ret

0000000000016cf8 <_vfiprintf_r>:
   16cf8:	7145                	addi	sp,sp,-464
   16cfa:	fb4a                	sd	s2,432(sp)
   16cfc:	e362                	sd	s8,384(sp)
   16cfe:	f6ee                	sd	s11,360(sp)
   16d00:	e786                	sd	ra,456(sp)
   16d02:	e02a                	sd	a0,0(sp)
   16d04:	8db2                	mv	s11,a2
   16d06:	8c36                	mv	s8,a3
   16d08:	892e                	mv	s2,a1
   16d0a:	c501                	beqz	a0,16d12 <_vfiprintf_r+0x1a>
   16d0c:	653c                	ld	a5,72(a0)
   16d0e:	2e078be3          	beqz	a5,17804 <_vfiprintf_r+0xb0c>
   16d12:	01091703          	lh	a4,16(s2)
   16d16:	0ac92783          	lw	a5,172(s2)
   16d1a:	6609                	lui	a2,0x2
   16d1c:	03271693          	slli	a3,a4,0x32
   16d20:	0006ca63          	bltz	a3,16d34 <_vfiprintf_r+0x3c>
   16d24:	76f9                	lui	a3,0xffffe
   16d26:	16fd                	addi	a3,a3,-1 # ffffffffffffdfff <__BSS_END__+0xfffffffffffe03e7>
   16d28:	8f51                	or	a4,a4,a2
   16d2a:	8ff5                	and	a5,a5,a3
   16d2c:	00e91823          	sh	a4,16(s2)
   16d30:	0af92623          	sw	a5,172(s2)
   16d34:	03279713          	slli	a4,a5,0x32
   16d38:	40074ee3          	bltz	a4,17954 <_vfiprintf_r+0xc5c>
   16d3c:	01091783          	lh	a5,16(s2)
   16d40:	0087f713          	andi	a4,a5,8
   16d44:	1c070763          	beqz	a4,16f12 <_vfiprintf_r+0x21a>
   16d48:	01893703          	ld	a4,24(s2)
   16d4c:	1c070363          	beqz	a4,16f12 <_vfiprintf_r+0x21a>
   16d50:	8be9                	andi	a5,a5,26
   16d52:	4729                	li	a4,10
   16d54:	1ce78b63          	beq	a5,a4,16f2a <_vfiprintf_r+0x232>
   16d58:	6765                	lui	a4,0x19
   16d5a:	ef56                	sd	s5,408(sp)
   16d5c:	eb5a                	sd	s6,400(sp)
   16d5e:	0e010a93          	addi	s5,sp,224
   16d62:	6b69                	lui	s6,0x1a
   16d64:	7a470713          	addi	a4,a4,1956 # 197a4 <_ctype_+0x104>
   16d68:	e3a2                	sd	s0,448(sp)
   16d6a:	ff26                	sd	s1,440(sp)
   16d6c:	f74e                	sd	s3,424(sp)
   16d6e:	f352                	sd	s4,416(sp)
   16d70:	e75e                	sd	s7,392(sp)
   16d72:	fee6                	sd	s9,376(sp)
   16d74:	faea                	sd	s10,368(sp)
   16d76:	f882                	sd	zero,112(sp)
   16d78:	d482                	sw	zero,104(sp)
   16d7a:	f0d6                	sd	s5,96(sp)
   16d7c:	87d6                	mv	a5,s5
   16d7e:	ec3a                	sd	a4,24(sp)
   16d80:	910b0b13          	addi	s6,s6,-1776 # 19910 <zeroes.0>
   16d84:	f802                	sd	zero,48(sp)
   16d86:	e082                	sd	zero,64(sp)
   16d88:	fc02                	sd	zero,56(sp)
   16d8a:	e402                	sd	zero,8(sp)
   16d8c:	4441                	li	s0,16
   16d8e:	000dc683          	lbu	a3,0(s11)
   16d92:	84ee                	mv	s1,s11
   16d94:	fdb68713          	addi	a4,a3,-37
   16d98:	0006861b          	sext.w	a2,a3
   16d9c:	c721                	beqz	a4,16de4 <_vfiprintf_r+0xec>
   16d9e:	c239                	beqz	a2,16de4 <_vfiprintf_r+0xec>
   16da0:	89a6                	mv	s3,s1
   16da2:	0014c683          	lbu	a3,1(s1)
   16da6:	0485                	addi	s1,s1,1
   16da8:	0006871b          	sext.w	a4,a3
   16dac:	c681                	beqz	a3,16db4 <_vfiprintf_r+0xbc>
   16dae:	fdb70713          	addi	a4,a4,-37
   16db2:	f77d                	bnez	a4,16da0 <_vfiprintf_r+0xa8>
   16db4:	41b48bbb          	subw	s7,s1,s11
   16db8:	020b8663          	beqz	s7,16de4 <_vfiprintf_r+0xec>
   16dbc:	76c6                	ld	a3,112(sp)
   16dbe:	5726                	lw	a4,104(sp)
   16dc0:	01b7b023          	sd	s11,0(a5)
   16dc4:	96de                	add	a3,a3,s7
   16dc6:	2705                	addiw	a4,a4,1
   16dc8:	0177b423          	sd	s7,8(a5)
   16dcc:	f8b6                	sd	a3,112(sp)
   16dce:	d4ba                	sw	a4,104(sp)
   16dd0:	469d                	li	a3,7
   16dd2:	07c1                	addi	a5,a5,16
   16dd4:	16e6ca63          	blt	a3,a4,16f48 <_vfiprintf_r+0x250>
   16dd8:	6722                	ld	a4,8(sp)
   16dda:	0019c683          	lbu	a3,1(s3)
   16dde:	0177073b          	addw	a4,a4,s7
   16de2:	e43a                	sd	a4,8(sp)
   16de4:	16068a63          	beqz	a3,16f58 <_vfiprintf_r+0x260>
   16de8:	0014c703          	lbu	a4,1(s1)
   16dec:	00148d93          	addi	s11,s1,1
   16df0:	04010ba3          	sb	zero,87(sp)
   16df4:	587d                	li	a6,-1
   16df6:	4481                	li	s1,0
   16df8:	4a01                	li	s4,0
   16dfa:	05a00993          	li	s3,90
   16dfe:	0d85                	addi	s11,s11,1
   16e00:	2701                	sext.w	a4,a4
   16e02:	fe07069b          	addiw	a3,a4,-32
   16e06:	04d9e263          	bltu	s3,a3,16e4a <_vfiprintf_r+0x152>
   16e0a:	02069613          	slli	a2,a3,0x20
   16e0e:	01e65693          	srli	a3,a2,0x1e
   16e12:	6662                	ld	a2,24(sp)
   16e14:	96b2                	add	a3,a3,a2
   16e16:	4294                	lw	a3,0(a3)
   16e18:	8682                	jr	a3
   16e1a:	4481                	li	s1,0
   16e1c:	4525                	li	a0,9
   16e1e:	000dc603          	lbu	a2,0(s11)
   16e22:	0024969b          	slliw	a3,s1,0x2
   16e26:	9ea5                	addw	a3,a3,s1
   16e28:	fd07071b          	addiw	a4,a4,-48
   16e2c:	0016969b          	slliw	a3,a3,0x1
   16e30:	fd06059b          	addiw	a1,a2,-48 # 1fd0 <exit-0xe150>
   16e34:	0d85                	addi	s11,s11,1
   16e36:	00d704bb          	addw	s1,a4,a3
   16e3a:	0006071b          	sext.w	a4,a2
   16e3e:	feb570e3          	bgeu	a0,a1,16e1e <_vfiprintf_r+0x126>
   16e42:	fe07069b          	addiw	a3,a4,-32
   16e46:	fcd9f2e3          	bgeu	s3,a3,16e0a <_vfiprintf_r+0x112>
   16e4a:	10070763          	beqz	a4,16f58 <_vfiprintf_r+0x260>
   16e4e:	4b85                	li	s7,1
   16e50:	06e10c23          	sb	a4,120(sp)
   16e54:	04010ba3          	sb	zero,87(sp)
   16e58:	89de                	mv	s3,s7
   16e5a:	4801                	li	a6,0
   16e5c:	07810c93          	addi	s9,sp,120
   16e60:	75c6                	ld	a1,112(sp)
   16e62:	5626                	lw	a2,104(sp)
   16e64:	084a7f13          	andi	t5,s4,132
   16e68:	86ae                	mv	a3,a1
   16e6a:	8732                	mv	a4,a2
   16e6c:	040f1663          	bnez	t5,16eb8 <_vfiprintf_r+0x1c0>
   16e70:	41348d3b          	subw	s10,s1,s3
   16e74:	75a04863          	bgtz	s10,175c4 <_vfiprintf_r+0x8cc>
   16e78:	05714603          	lbu	a2,87(sp)
   16e7c:	c231                	beqz	a2,16ec0 <_vfiprintf_r+0x1c8>
   16e7e:	4f01                	li	t5,0
   16e80:	f402                	sd	zero,40(sp)
   16e82:	05710613          	addi	a2,sp,87
   16e86:	e390                	sd	a2,0(a5)
   16e88:	0685                	addi	a3,a3,1
   16e8a:	4605                	li	a2,1
   16e8c:	2705                	addiw	a4,a4,1
   16e8e:	e790                	sd	a2,8(a5)
   16e90:	f8b6                	sd	a3,112(sp)
   16e92:	d4ba                	sw	a4,104(sp)
   16e94:	461d                	li	a2,7
   16e96:	07c1                	addi	a5,a5,16
   16e98:	64e64f63          	blt	a2,a4,174f6 <_vfiprintf_r+0x7fe>
   16e9c:	7622                	ld	a2,40(sp)
   16e9e:	ce09                	beqz	a2,16eb8 <_vfiprintf_r+0x1c0>
   16ea0:	08b0                	addi	a2,sp,88
   16ea2:	e390                	sd	a2,0(a5)
   16ea4:	0689                	addi	a3,a3,2
   16ea6:	4609                	li	a2,2
   16ea8:	2705                	addiw	a4,a4,1
   16eaa:	e790                	sd	a2,8(a5)
   16eac:	f8b6                	sd	a3,112(sp)
   16eae:	d4ba                	sw	a4,104(sp)
   16eb0:	461d                	li	a2,7
   16eb2:	07c1                	addi	a5,a5,16
   16eb4:	62e64263          	blt	a2,a4,174d8 <_vfiprintf_r+0x7e0>
   16eb8:	08000613          	li	a2,128
   16ebc:	4ecf0d63          	beq	t5,a2,173b6 <_vfiprintf_r+0x6be>
   16ec0:	41780d3b          	subw	s10,a6,s7
   16ec4:	59a04163          	bgtz	s10,17446 <_vfiprintf_r+0x74e>
   16ec8:	96de                	add	a3,a3,s7
   16eca:	2705                	addiw	a4,a4,1
   16ecc:	0197b023          	sd	s9,0(a5)
   16ed0:	0177b423          	sd	s7,8(a5)
   16ed4:	f8b6                	sd	a3,112(sp)
   16ed6:	d4ba                	sw	a4,104(sp)
   16ed8:	461d                	li	a2,7
   16eda:	07c1                	addi	a5,a5,16
   16edc:	5ce64c63          	blt	a2,a4,174b4 <_vfiprintf_r+0x7bc>
   16ee0:	004a7313          	andi	t1,s4,4
   16ee4:	00030663          	beqz	t1,16ef0 <_vfiprintf_r+0x1f8>
   16ee8:	41348bbb          	subw	s7,s1,s3
   16eec:	63704463          	bgtz	s7,17514 <_vfiprintf_r+0x81c>
   16ef0:	87a6                	mv	a5,s1
   16ef2:	0134d363          	bge	s1,s3,16ef8 <_vfiprintf_r+0x200>
   16ef6:	87ce                	mv	a5,s3
   16ef8:	6722                	ld	a4,8(sp)
   16efa:	9fb9                	addw	a5,a5,a4
   16efc:	e43e                	sd	a5,8(sp)
   16efe:	5c069563          	bnez	a3,174c8 <_vfiprintf_r+0x7d0>
   16f02:	d482                	sw	zero,104(sp)
   16f04:	87d6                	mv	a5,s5
   16f06:	b561                	j	16d8e <_vfiprintf_r+0x96>
   16f08:	000dc703          	lbu	a4,0(s11)
   16f0c:	010a6a13          	ori	s4,s4,16
   16f10:	b5fd                	j	16dfe <_vfiprintf_r+0x106>
   16f12:	6502                	ld	a0,0(sp)
   16f14:	85ca                	mv	a1,s2
   16f16:	b3ffc0ef          	jal	13a54 <__swsetup_r>
   16f1a:	22051de3          	bnez	a0,17954 <_vfiprintf_r+0xc5c>
   16f1e:	01091783          	lh	a5,16(s2)
   16f22:	4729                	li	a4,10
   16f24:	8be9                	andi	a5,a5,26
   16f26:	e2e799e3          	bne	a5,a4,16d58 <_vfiprintf_r+0x60>
   16f2a:	01291783          	lh	a5,18(s2)
   16f2e:	e207c5e3          	bltz	a5,16d58 <_vfiprintf_r+0x60>
   16f32:	6502                	ld	a0,0(sp)
   16f34:	60be                	ld	ra,456(sp)
   16f36:	86e2                	mv	a3,s8
   16f38:	866e                	mv	a2,s11
   16f3a:	6c1a                	ld	s8,384(sp)
   16f3c:	7db6                	ld	s11,360(sp)
   16f3e:	85ca                	mv	a1,s2
   16f40:	795a                	ld	s2,432(sp)
   16f42:	6179                	addi	sp,sp,464
   16f44:	2690006f          	j	179ac <__sbprintf>
   16f48:	6502                	ld	a0,0(sp)
   16f4a:	1090                	addi	a2,sp,96
   16f4c:	85ca                	mv	a1,s2
   16f4e:	cacfc0ef          	jal	133fa <__sprint_r>
   16f52:	e511                	bnez	a0,16f5e <_vfiprintf_r+0x266>
   16f54:	87d6                	mv	a5,s5
   16f56:	b549                	j	16dd8 <_vfiprintf_r+0xe0>
   16f58:	77c6                	ld	a5,112(sp)
   16f5a:	16079ae3          	bnez	a5,178ce <_vfiprintf_r+0xbd6>
   16f5e:	01095783          	lhu	a5,16(s2)
   16f62:	641e                	ld	s0,448(sp)
   16f64:	74fa                	ld	s1,440(sp)
   16f66:	0407f793          	andi	a5,a5,64
   16f6a:	79ba                	ld	s3,424(sp)
   16f6c:	7a1a                	ld	s4,416(sp)
   16f6e:	6afa                	ld	s5,408(sp)
   16f70:	6b5a                	ld	s6,400(sp)
   16f72:	6bba                	ld	s7,392(sp)
   16f74:	7cf6                	ld	s9,376(sp)
   16f76:	7d56                	ld	s10,368(sp)
   16f78:	1c079ee3          	bnez	a5,17954 <_vfiprintf_r+0xc5c>
   16f7c:	60be                	ld	ra,456(sp)
   16f7e:	6522                	ld	a0,8(sp)
   16f80:	795a                	ld	s2,432(sp)
   16f82:	6c1a                	ld	s8,384(sp)
   16f84:	7db6                	ld	s11,360(sp)
   16f86:	6179                	addi	sp,sp,464
   16f88:	8082                	ret
   16f8a:	020a7693          	andi	a3,s4,32
   16f8e:	008c0713          	addi	a4,s8,8
   16f92:	eae1                	bnez	a3,17062 <_vfiprintf_r+0x36a>
   16f94:	010a7693          	andi	a3,s4,16
   16f98:	1e069ee3          	bnez	a3,17994 <_vfiprintf_r+0xc9c>
   16f9c:	040a7693          	andi	a3,s4,64
   16fa0:	000c2d03          	lw	s10,0(s8)
   16fa4:	0a0681e3          	beqz	a3,17846 <_vfiprintf_r+0xb4e>
   16fa8:	010d1d1b          	slliw	s10,s10,0x10
   16fac:	410d5d1b          	sraiw	s10,s10,0x10
   16fb0:	8c3a                	mv	s8,a4
   16fb2:	86ea                	mv	a3,s10
   16fb4:	0a06cd63          	bltz	a3,1706e <_vfiprintf_r+0x376>
   16fb8:	0c084563          	bltz	a6,17082 <_vfiprintf_r+0x38a>
   16fbc:	f7fa7a13          	andi	s4,s4,-129
   16fc0:	0c081163          	bnez	a6,17082 <_vfiprintf_r+0x38a>
   16fc4:	0a0d1f63          	bnez	s10,17082 <_vfiprintf_r+0x38a>
   16fc8:	05714703          	lbu	a4,87(sp)
   16fcc:	4b81                	li	s7,0
   16fce:	4801                	li	a6,0
   16fd0:	0dc10c93          	addi	s9,sp,220
   16fd4:	26070f63          	beqz	a4,17252 <_vfiprintf_r+0x55a>
   16fd8:	4985                	li	s3,1
   16fda:	76c6                	ld	a3,112(sp)
   16fdc:	5726                	lw	a4,104(sp)
   16fde:	084a7f13          	andi	t5,s4,132
   16fe2:	85b6                	mv	a1,a3
   16fe4:	863a                	mv	a2,a4
   16fe6:	e80f05e3          	beqz	t5,16e70 <_vfiprintf_r+0x178>
   16fea:	f402                	sd	zero,40(sp)
   16fec:	bd59                	j	16e82 <_vfiprintf_r+0x18a>
   16fee:	000c3c83          	ld	s9,0(s8)
   16ff2:	04010ba3          	sb	zero,87(sp)
   16ff6:	0c21                	addi	s8,s8,8
   16ff8:	020c88e3          	beqz	s9,17828 <_vfiprintf_r+0xb30>
   16ffc:	76084563          	bltz	a6,17766 <_vfiprintf_r+0xa6e>
   17000:	8642                	mv	a2,a6
   17002:	4581                	li	a1,0
   17004:	8566                	mv	a0,s9
   17006:	f03e                	sd	a5,32(sp)
   17008:	e842                	sd	a6,16(sp)
   1700a:	b3bfc0ef          	jal	13b44 <memchr>
   1700e:	05714703          	lbu	a4,87(sp)
   17012:	6842                	ld	a6,16(sp)
   17014:	7782                	ld	a5,32(sp)
   17016:	120507e3          	beqz	a0,17944 <_vfiprintf_r+0xc4c>
   1701a:	41950bbb          	subw	s7,a0,s9
   1701e:	86de                	mv	a3,s7
   17020:	000bd363          	bgez	s7,17026 <_vfiprintf_r+0x32e>
   17024:	4681                	li	a3,0
   17026:	0006899b          	sext.w	s3,a3
   1702a:	76070463          	beqz	a4,17792 <_vfiprintf_r+0xa9a>
   1702e:	0016899b          	addiw	s3,a3,1
   17032:	4801                	li	a6,0
   17034:	b75d                	j	16fda <_vfiprintf_r+0x2e2>
   17036:	000c2703          	lw	a4,0(s8)
   1703a:	4b85                	li	s7,1
   1703c:	04010ba3          	sb	zero,87(sp)
   17040:	06e10c23          	sb	a4,120(sp)
   17044:	0c21                	addi	s8,s8,8
   17046:	89de                	mv	s3,s7
   17048:	4801                	li	a6,0
   1704a:	07810c93          	addi	s9,sp,120
   1704e:	bd09                	j	16e60 <_vfiprintf_r+0x168>
   17050:	020a7713          	andi	a4,s4,32
   17054:	010a6313          	ori	t1,s4,16
   17058:	62070863          	beqz	a4,17688 <_vfiprintf_r+0x990>
   1705c:	8a1a                	mv	s4,t1
   1705e:	008c0713          	addi	a4,s8,8
   17062:	000c3683          	ld	a3,0(s8)
   17066:	8c3a                	mv	s8,a4
   17068:	8d36                	mv	s10,a3
   1706a:	f406d7e3          	bgez	a3,16fb8 <_vfiprintf_r+0x2c0>
   1706e:	02d00713          	li	a4,45
   17072:	04e10ba3          	sb	a4,87(sp)
   17076:	41a00d33          	neg	s10,s10
   1707a:	00084463          	bltz	a6,17082 <_vfiprintf_r+0x38a>
   1707e:	f7fa7a13          	andi	s4,s4,-129
   17082:	46a5                	li	a3,9
   17084:	1fa6e763          	bltu	a3,s10,17272 <_vfiprintf_r+0x57a>
   17088:	030d0d1b          	addiw	s10,s10,48
   1708c:	0da10da3          	sb	s10,219(sp)
   17090:	8742                	mv	a4,a6
   17092:	01004363          	bgtz	a6,17098 <_vfiprintf_r+0x3a0>
   17096:	4705                	li	a4,1
   17098:	05714683          	lbu	a3,87(sp)
   1709c:	0007099b          	sext.w	s3,a4
   170a0:	5a069d63          	bnez	a3,1765a <_vfiprintf_r+0x962>
   170a4:	4b85                	li	s7,1
   170a6:	0db10c93          	addi	s9,sp,219
   170aa:	bb5d                	j	16e60 <_vfiprintf_r+0x168>
   170ac:	000c2483          	lw	s1,0(s8)
   170b0:	5804da63          	bgez	s1,17644 <_vfiprintf_r+0x94c>
   170b4:	409004bb          	negw	s1,s1
   170b8:	0c21                	addi	s8,s8,8
   170ba:	000dc703          	lbu	a4,0(s11)
   170be:	004a6a13          	ori	s4,s4,4
   170c2:	bb35                	j	16dfe <_vfiprintf_r+0x106>
   170c4:	02b00713          	li	a4,43
   170c8:	04e10ba3          	sb	a4,87(sp)
   170cc:	000dc703          	lbu	a4,0(s11)
   170d0:	b33d                	j	16dfe <_vfiprintf_r+0x106>
   170d2:	020a7713          	andi	a4,s4,32
   170d6:	18071063          	bnez	a4,17256 <_vfiprintf_r+0x55e>
   170da:	010a7993          	andi	s3,s4,16
   170de:	008c0713          	addi	a4,s8,8
   170e2:	0a099be3          	bnez	s3,17998 <_vfiprintf_r+0xca0>
   170e6:	040a7693          	andi	a3,s4,64
   170ea:	000c2d03          	lw	s10,0(s8)
   170ee:	6a068563          	beqz	a3,17798 <_vfiprintf_r+0xaa0>
   170f2:	1d42                	slli	s10,s10,0x30
   170f4:	04010ba3          	sb	zero,87(sp)
   170f8:	030d5d13          	srli	s10,s10,0x30
   170fc:	6a084863          	bltz	a6,177ac <_vfiprintf_r+0xab4>
   17100:	f7fa7a13          	andi	s4,s4,-129
   17104:	6a081463          	bnez	a6,177ac <_vfiprintf_r+0xab4>
   17108:	6a0d1263          	bnez	s10,177ac <_vfiprintf_r+0xab4>
   1710c:	8c3a                	mv	s8,a4
   1710e:	4b81                	li	s7,0
   17110:	0dc10c93          	addi	s9,sp,220
   17114:	b3b1                	j	16e60 <_vfiprintf_r+0x168>
   17116:	000dc703          	lbu	a4,0(s11)
   1711a:	020a6a13          	ori	s4,s4,32
   1711e:	b1c5                	j	16dfe <_vfiprintf_r+0x106>
   17120:	6721                	lui	a4,0x8
   17122:	83070713          	addi	a4,a4,-2000 # 7830 <exit-0x88f0>
   17126:	04e11c23          	sh	a4,88(sp)
   1712a:	04010ba3          	sb	zero,87(sp)
   1712e:	000c3683          	ld	a3,0(s8)
   17132:	008c0713          	addi	a4,s8,8
   17136:	56084363          	bltz	a6,1769c <_vfiprintf_r+0x9a4>
   1713a:	f7fa7313          	andi	t1,s4,-129
   1713e:	00236a13          	ori	s4,t1,2
   17142:	040693e3          	bnez	a3,17988 <_vfiprintf_r+0xc90>
   17146:	040811e3          	bnez	a6,17988 <_vfiprintf_r+0xc90>
   1714a:	8c3a                	mv	s8,a4
   1714c:	4b81                	li	s7,0
   1714e:	4981                	li	s3,0
   17150:	0dc10c93          	addi	s9,sp,220
   17154:	75c6                	ld	a1,112(sp)
   17156:	5626                	lw	a2,104(sp)
   17158:	084a7f13          	andi	t5,s4,132
   1715c:	2989                	addiw	s3,s3,2
   1715e:	86ae                	mv	a3,a1
   17160:	8732                	mv	a4,a2
   17162:	d20f1fe3          	bnez	t5,16ea0 <_vfiprintf_r+0x1a8>
   17166:	41348d3b          	subw	s10,s1,s3
   1716a:	d3a05be3          	blez	s10,16ea0 <_vfiprintf_r+0x1a8>
   1716e:	4709                	li	a4,2
   17170:	f43a                	sd	a4,40(sp)
   17172:	a991                	j	175c6 <_vfiprintf_r+0x8ce>
   17174:	020a7693          	andi	a3,s4,32
   17178:	008c0713          	addi	a4,s8,8
   1717c:	50069e63          	bnez	a3,17698 <_vfiprintf_r+0x9a0>
   17180:	010a7693          	andi	a3,s4,16
   17184:	50069a63          	bnez	a3,17698 <_vfiprintf_r+0x9a0>
   17188:	040a7613          	andi	a2,s4,64
   1718c:	000c2683          	lw	a3,0(s8)
   17190:	6c060663          	beqz	a2,1785c <_vfiprintf_r+0xb64>
   17194:	16c2                	slli	a3,a3,0x30
   17196:	92c1                	srli	a3,a3,0x30
   17198:	8c3a                	mv	s8,a4
   1719a:	89d2                	mv	s3,s4
   1719c:	a889                	j	171ee <_vfiprintf_r+0x4f6>
   1719e:	020a7713          	andi	a4,s4,32
   171a2:	000c3683          	ld	a3,0(s8)
   171a6:	0c21                	addi	s8,s8,8
   171a8:	e305                	bnez	a4,171c8 <_vfiprintf_r+0x4d0>
   171aa:	010a7713          	andi	a4,s4,16
   171ae:	ef09                	bnez	a4,171c8 <_vfiprintf_r+0x4d0>
   171b0:	040a7713          	andi	a4,s4,64
   171b4:	6e071463          	bnez	a4,1789c <_vfiprintf_r+0xba4>
   171b8:	200a7313          	andi	t1,s4,512
   171bc:	6722                	ld	a4,8(sp)
   171be:	7a030363          	beqz	t1,17964 <_vfiprintf_r+0xc6c>
   171c2:	00e68023          	sb	a4,0(a3)
   171c6:	b6e1                	j	16d8e <_vfiprintf_r+0x96>
   171c8:	6722                	ld	a4,8(sp)
   171ca:	e298                	sd	a4,0(a3)
   171cc:	b6c9                	j	16d8e <_vfiprintf_r+0x96>
   171ce:	000dc703          	lbu	a4,0(s11)
   171d2:	06c00693          	li	a3,108
   171d6:	62d70b63          	beq	a4,a3,1780c <_vfiprintf_r+0xb14>
   171da:	010a6a13          	ori	s4,s4,16
   171de:	b105                	j	16dfe <_vfiprintf_r+0x106>
   171e0:	010a6993          	ori	s3,s4,16
   171e4:	008c0713          	addi	a4,s8,8
   171e8:	000c3683          	ld	a3,0(s8)
   171ec:	8c3a                	mv	s8,a4
   171ee:	04010ba3          	sb	zero,87(sp)
   171f2:	bff9fa13          	andi	s4,s3,-1025
   171f6:	38084963          	bltz	a6,17588 <_vfiprintf_r+0x890>
   171fa:	b7f9fa13          	andi	s4,s3,-1153
   171fe:	38069563          	bnez	a3,17588 <_vfiprintf_r+0x890>
   17202:	38081363          	bnez	a6,17588 <_vfiprintf_r+0x890>
   17206:	0019f993          	andi	s3,s3,1
   1720a:	44098263          	beqz	s3,1764e <_vfiprintf_r+0x956>
   1720e:	03000713          	li	a4,48
   17212:	0ce10da3          	sb	a4,219(sp)
   17216:	8bce                	mv	s7,s3
   17218:	0db10c93          	addi	s9,sp,219
   1721c:	b191                	j	16e60 <_vfiprintf_r+0x168>
   1721e:	020a7713          	andi	a4,s4,32
   17222:	010a6313          	ori	t1,s4,16
   17226:	eb0d                	bnez	a4,17258 <_vfiprintf_r+0x560>
   17228:	008c0713          	addi	a4,s8,8
   1722c:	04010ba3          	sb	zero,87(sp)
   17230:	000c3d03          	ld	s10,0(s8)
   17234:	86ba                	mv	a3,a4
   17236:	8c3a                	mv	s8,a4
   17238:	8a1a                	mv	s4,t1
   1723a:	e40844e3          	bltz	a6,17082 <_vfiprintf_r+0x38a>
   1723e:	f7f37a13          	andi	s4,t1,-129
   17242:	8c36                	mv	s8,a3
   17244:	e20d1fe3          	bnez	s10,17082 <_vfiprintf_r+0x38a>
   17248:	e2081de3          	bnez	a6,17082 <_vfiprintf_r+0x38a>
   1724c:	4b81                	li	s7,0
   1724e:	0dc10c93          	addi	s9,sp,220
   17252:	4981                	li	s3,0
   17254:	b131                	j	16e60 <_vfiprintf_r+0x168>
   17256:	8352                	mv	t1,s4
   17258:	008c0693          	addi	a3,s8,8
   1725c:	04010ba3          	sb	zero,87(sp)
   17260:	000c3d03          	ld	s10,0(s8)
   17264:	8a1a                	mv	s4,t1
   17266:	8c36                	mv	s8,a3
   17268:	fc085be3          	bgez	a6,1723e <_vfiprintf_r+0x546>
   1726c:	46a5                	li	a3,9
   1726e:	e1a6fde3          	bgeu	a3,s10,17088 <_vfiprintf_r+0x390>
   17272:	ccccd737          	lui	a4,0xccccd
   17276:	ccd70713          	addi	a4,a4,-819 # ffffffffcccccccd <__BSS_END__+0xffffffffcccaf0b5>
   1727a:	02071993          	slli	s3,a4,0x20
   1727e:	0dc10b93          	addi	s7,sp,220
   17282:	99ba                	add	s3,s3,a4
   17284:	865e                	mv	a2,s7
   17286:	400a7e93          	andi	t4,s4,1024
   1728a:	4581                	li	a1,0
   1728c:	a809                	j	1729e <_vfiprintf_r+0x5a6>
   1728e:	876a                	mv	a4,s10
   17290:	033d3d33          	mulhu	s10,s10,s3
   17294:	8666                	mv	a2,s9
   17296:	003d5d13          	srli	s10,s10,0x3
   1729a:	02e6fe63          	bgeu	a3,a4,172d6 <_vfiprintf_r+0x5de>
   1729e:	033d3533          	mulhu	a0,s10,s3
   172a2:	2585                	addiw	a1,a1,1
   172a4:	fff60c93          	addi	s9,a2,-1
   172a8:	810d                	srli	a0,a0,0x3
   172aa:	00251713          	slli	a4,a0,0x2
   172ae:	972a                	add	a4,a4,a0
   172b0:	0706                	slli	a4,a4,0x1
   172b2:	40ed0733          	sub	a4,s10,a4
   172b6:	0307071b          	addiw	a4,a4,48
   172ba:	fee60fa3          	sb	a4,-1(a2)
   172be:	fc0e88e3          	beqz	t4,1728e <_vfiprintf_r+0x596>
   172c2:	7742                	ld	a4,48(sp)
   172c4:	00074703          	lbu	a4,0(a4)
   172c8:	fcb713e3          	bne	a4,a1,1728e <_vfiprintf_r+0x596>
   172cc:	f0170713          	addi	a4,a4,-255
   172d0:	df5d                	beqz	a4,1728e <_vfiprintf_r+0x596>
   172d2:	61a6e563          	bltu	a3,s10,178dc <_vfiprintf_r+0xbe4>
   172d6:	419b8bbb          	subw	s7,s7,s9
   172da:	05714703          	lbu	a4,87(sp)
   172de:	0008099b          	sext.w	s3,a6
   172e2:	01785463          	bge	a6,s7,172ea <_vfiprintf_r+0x5f2>
   172e6:	000b899b          	sext.w	s3,s7
   172ea:	44070463          	beqz	a4,17732 <_vfiprintf_r+0xa3a>
   172ee:	2985                	addiw	s3,s3,1
   172f0:	a189                	j	17732 <_vfiprintf_r+0xa3a>
   172f2:	6b82                	ld	s7,0(sp)
   172f4:	f042                	sd	a6,32(sp)
   172f6:	e83e                	sd	a5,16(sp)
   172f8:	855e                	mv	a0,s7
   172fa:	967fc0ef          	jal	13c60 <_localeconv_r>
   172fe:	651c                	ld	a5,8(a0)
   17300:	853e                	mv	a0,a5
   17302:	fc3e                	sd	a5,56(sp)
   17304:	ba1fc0ef          	jal	13ea4 <strlen>
   17308:	872a                	mv	a4,a0
   1730a:	855e                	mv	a0,s7
   1730c:	e0ba                	sd	a4,64(sp)
   1730e:	8bba                	mv	s7,a4
   17310:	951fc0ef          	jal	13c60 <_localeconv_r>
   17314:	6914                	ld	a3,16(a0)
   17316:	000dc703          	lbu	a4,0(s11)
   1731a:	67c2                	ld	a5,16(sp)
   1731c:	f836                	sd	a3,48(sp)
   1731e:	7802                	ld	a6,32(sp)
   17320:	ac0b8fe3          	beqz	s7,16dfe <_vfiprintf_r+0x106>
   17324:	ac068de3          	beqz	a3,16dfe <_vfiprintf_r+0x106>
   17328:	0006c683          	lbu	a3,0(a3)
   1732c:	ac0689e3          	beqz	a3,16dfe <_vfiprintf_r+0x106>
   17330:	400a6a13          	ori	s4,s4,1024
   17334:	b4e9                	j	16dfe <_vfiprintf_r+0x106>
   17336:	000dc703          	lbu	a4,0(s11)
   1733a:	080a6a13          	ori	s4,s4,128
   1733e:	b4c1                	j	16dfe <_vfiprintf_r+0x106>
   17340:	000dc703          	lbu	a4,0(s11)
   17344:	02a00693          	li	a3,42
   17348:	001d8513          	addi	a0,s11,1
   1734c:	60d70f63          	beq	a4,a3,1796a <_vfiprintf_r+0xc72>
   17350:	fd07061b          	addiw	a2,a4,-48
   17354:	4825                	li	a6,9
   17356:	4581                	li	a1,0
   17358:	60c86263          	bltu	a6,a2,1795c <_vfiprintf_r+0xc64>
   1735c:	0025969b          	slliw	a3,a1,0x2
   17360:	00054703          	lbu	a4,0(a0)
   17364:	9ead                	addw	a3,a3,a1
   17366:	0016969b          	slliw	a3,a3,0x1
   1736a:	00c685bb          	addw	a1,a3,a2
   1736e:	fd07061b          	addiw	a2,a4,-48
   17372:	0505                	addi	a0,a0,1
   17374:	fec874e3          	bgeu	a6,a2,1735c <_vfiprintf_r+0x664>
   17378:	0005881b          	sext.w	a6,a1
   1737c:	3405cf63          	bltz	a1,176da <_vfiprintf_r+0x9e2>
   17380:	8daa                	mv	s11,a0
   17382:	b441                	j	16e02 <_vfiprintf_r+0x10a>
   17384:	000dc703          	lbu	a4,0(s11)
   17388:	001a6a13          	ori	s4,s4,1
   1738c:	bc8d                	j	16dfe <_vfiprintf_r+0x106>
   1738e:	05714683          	lbu	a3,87(sp)
   17392:	000dc703          	lbu	a4,0(s11)
   17396:	a60694e3          	bnez	a3,16dfe <_vfiprintf_r+0x106>
   1739a:	02000693          	li	a3,32
   1739e:	04d10ba3          	sb	a3,87(sp)
   173a2:	bcb1                	j	16dfe <_vfiprintf_r+0x106>
   173a4:	000dc703          	lbu	a4,0(s11)
   173a8:	06800693          	li	a3,104
   173ac:	46d70763          	beq	a4,a3,1781a <_vfiprintf_r+0xb22>
   173b0:	040a6a13          	ori	s4,s4,64
   173b4:	b4a9                	j	16dfe <_vfiprintf_r+0x106>
   173b6:	41348d3b          	subw	s10,s1,s3
   173ba:	b1a053e3          	blez	s10,16ec0 <_vfiprintf_r+0x1c8>
   173be:	6669                	lui	a2,0x1a
   173c0:	91060613          	addi	a2,a2,-1776 # 19910 <zeroes.0>
   173c4:	4f41                	li	t5,16
   173c6:	e832                	sd	a2,16(sp)
   173c8:	4f9d                	li	t6,7
   173ca:	01af4663          	blt	t5,s10,173d6 <_vfiprintf_r+0x6de>
   173ce:	a081                	j	1740e <_vfiprintf_r+0x716>
   173d0:	3d41                	addiw	s10,s10,-16
   173d2:	03af5e63          	bge	t5,s10,1740e <_vfiprintf_r+0x716>
   173d6:	6642                	ld	a2,16(sp)
   173d8:	06c1                	addi	a3,a3,16
   173da:	2705                	addiw	a4,a4,1
   173dc:	e390                	sd	a2,0(a5)
   173de:	01e7b423          	sd	t5,8(a5)
   173e2:	f8b6                	sd	a3,112(sp)
   173e4:	d4ba                	sw	a4,104(sp)
   173e6:	07c1                	addi	a5,a5,16
   173e8:	feefd4e3          	bge	t6,a4,173d0 <_vfiprintf_r+0x6d8>
   173ec:	6502                	ld	a0,0(sp)
   173ee:	1090                	addi	a2,sp,96
   173f0:	85ca                	mv	a1,s2
   173f2:	f042                	sd	a6,32(sp)
   173f4:	806fc0ef          	jal	133fa <__sprint_r>
   173f8:	b60513e3          	bnez	a0,16f5e <_vfiprintf_r+0x266>
   173fc:	4f41                	li	t5,16
   173fe:	3d41                	addiw	s10,s10,-16
   17400:	76c6                	ld	a3,112(sp)
   17402:	5726                	lw	a4,104(sp)
   17404:	7802                	ld	a6,32(sp)
   17406:	87d6                	mv	a5,s5
   17408:	4f9d                	li	t6,7
   1740a:	fdaf46e3          	blt	t5,s10,173d6 <_vfiprintf_r+0x6de>
   1740e:	6642                	ld	a2,16(sp)
   17410:	96ea                	add	a3,a3,s10
   17412:	2705                	addiw	a4,a4,1
   17414:	e390                	sd	a2,0(a5)
   17416:	01a7b423          	sd	s10,8(a5)
   1741a:	f8b6                	sd	a3,112(sp)
   1741c:	d4ba                	sw	a4,104(sp)
   1741e:	461d                	li	a2,7
   17420:	07c1                	addi	a5,a5,16
   17422:	a8e65fe3          	bge	a2,a4,16ec0 <_vfiprintf_r+0x1c8>
   17426:	6502                	ld	a0,0(sp)
   17428:	1090                	addi	a2,sp,96
   1742a:	85ca                	mv	a1,s2
   1742c:	e842                	sd	a6,16(sp)
   1742e:	fcdfb0ef          	jal	133fa <__sprint_r>
   17432:	b20516e3          	bnez	a0,16f5e <_vfiprintf_r+0x266>
   17436:	6842                	ld	a6,16(sp)
   17438:	76c6                	ld	a3,112(sp)
   1743a:	5726                	lw	a4,104(sp)
   1743c:	41780d3b          	subw	s10,a6,s7
   17440:	87d6                	mv	a5,s5
   17442:	a9a053e3          	blez	s10,16ec8 <_vfiprintf_r+0x1d0>
   17446:	43a45963          	bge	s0,s10,17878 <_vfiprintf_r+0xb80>
   1744a:	e85a                	sd	s6,16(sp)
   1744c:	4e9d                	li	t4,7
   1744e:	a021                	j	17456 <_vfiprintf_r+0x75e>
   17450:	3d41                	addiw	s10,s10,-16
   17452:	03a45a63          	bge	s0,s10,17486 <_vfiprintf_r+0x78e>
   17456:	06c1                	addi	a3,a3,16
   17458:	2705                	addiw	a4,a4,1
   1745a:	0167b023          	sd	s6,0(a5)
   1745e:	e780                	sd	s0,8(a5)
   17460:	f8b6                	sd	a3,112(sp)
   17462:	d4ba                	sw	a4,104(sp)
   17464:	07c1                	addi	a5,a5,16
   17466:	feeed5e3          	bge	t4,a4,17450 <_vfiprintf_r+0x758>
   1746a:	6502                	ld	a0,0(sp)
   1746c:	1090                	addi	a2,sp,96
   1746e:	85ca                	mv	a1,s2
   17470:	f8bfb0ef          	jal	133fa <__sprint_r>
   17474:	ae0515e3          	bnez	a0,16f5e <_vfiprintf_r+0x266>
   17478:	3d41                	addiw	s10,s10,-16
   1747a:	76c6                	ld	a3,112(sp)
   1747c:	5726                	lw	a4,104(sp)
   1747e:	87d6                	mv	a5,s5
   17480:	4e9d                	li	t4,7
   17482:	fda44ae3          	blt	s0,s10,17456 <_vfiprintf_r+0x75e>
   17486:	6642                	ld	a2,16(sp)
   17488:	96ea                	add	a3,a3,s10
   1748a:	2705                	addiw	a4,a4,1
   1748c:	e390                	sd	a2,0(a5)
   1748e:	01a7b423          	sd	s10,8(a5)
   17492:	f8b6                	sd	a3,112(sp)
   17494:	d4ba                	sw	a4,104(sp)
   17496:	461d                	li	a2,7
   17498:	07c1                	addi	a5,a5,16
   1749a:	a2e657e3          	bge	a2,a4,16ec8 <_vfiprintf_r+0x1d0>
   1749e:	6502                	ld	a0,0(sp)
   174a0:	1090                	addi	a2,sp,96
   174a2:	85ca                	mv	a1,s2
   174a4:	f57fb0ef          	jal	133fa <__sprint_r>
   174a8:	aa051be3          	bnez	a0,16f5e <_vfiprintf_r+0x266>
   174ac:	76c6                	ld	a3,112(sp)
   174ae:	5726                	lw	a4,104(sp)
   174b0:	87d6                	mv	a5,s5
   174b2:	bc19                	j	16ec8 <_vfiprintf_r+0x1d0>
   174b4:	6502                	ld	a0,0(sp)
   174b6:	1090                	addi	a2,sp,96
   174b8:	85ca                	mv	a1,s2
   174ba:	f41fb0ef          	jal	133fa <__sprint_r>
   174be:	aa0510e3          	bnez	a0,16f5e <_vfiprintf_r+0x266>
   174c2:	76c6                	ld	a3,112(sp)
   174c4:	87d6                	mv	a5,s5
   174c6:	bc29                	j	16ee0 <_vfiprintf_r+0x1e8>
   174c8:	6502                	ld	a0,0(sp)
   174ca:	1090                	addi	a2,sp,96
   174cc:	85ca                	mv	a1,s2
   174ce:	f2dfb0ef          	jal	133fa <__sprint_r>
   174d2:	a20508e3          	beqz	a0,16f02 <_vfiprintf_r+0x20a>
   174d6:	b461                	j	16f5e <_vfiprintf_r+0x266>
   174d8:	6502                	ld	a0,0(sp)
   174da:	1090                	addi	a2,sp,96
   174dc:	85ca                	mv	a1,s2
   174de:	f042                	sd	a6,32(sp)
   174e0:	e87a                	sd	t5,16(sp)
   174e2:	f19fb0ef          	jal	133fa <__sprint_r>
   174e6:	a6051ce3          	bnez	a0,16f5e <_vfiprintf_r+0x266>
   174ea:	76c6                	ld	a3,112(sp)
   174ec:	5726                	lw	a4,104(sp)
   174ee:	7802                	ld	a6,32(sp)
   174f0:	6f42                	ld	t5,16(sp)
   174f2:	87d6                	mv	a5,s5
   174f4:	b2d1                	j	16eb8 <_vfiprintf_r+0x1c0>
   174f6:	6502                	ld	a0,0(sp)
   174f8:	1090                	addi	a2,sp,96
   174fa:	85ca                	mv	a1,s2
   174fc:	f042                	sd	a6,32(sp)
   174fe:	e87a                	sd	t5,16(sp)
   17500:	efbfb0ef          	jal	133fa <__sprint_r>
   17504:	a4051de3          	bnez	a0,16f5e <_vfiprintf_r+0x266>
   17508:	76c6                	ld	a3,112(sp)
   1750a:	5726                	lw	a4,104(sp)
   1750c:	7802                	ld	a6,32(sp)
   1750e:	6f42                	ld	t5,16(sp)
   17510:	87d6                	mv	a5,s5
   17512:	b269                	j	16e9c <_vfiprintf_r+0x1a4>
   17514:	6f69                	lui	t5,0x1a
   17516:	4d41                	li	s10,16
   17518:	5726                	lw	a4,104(sp)
   1751a:	920f0f13          	addi	t5,t5,-1760 # 19920 <blanks.1>
   1751e:	4a1d                	li	s4,7
   17520:	017d4663          	blt	s10,s7,1752c <_vfiprintf_r+0x834>
   17524:	a835                	j	17560 <_vfiprintf_r+0x868>
   17526:	3bc1                	addiw	s7,s7,-16
   17528:	037d5c63          	bge	s10,s7,17560 <_vfiprintf_r+0x868>
   1752c:	06c1                	addi	a3,a3,16
   1752e:	2705                	addiw	a4,a4,1
   17530:	01e7b023          	sd	t5,0(a5)
   17534:	01a7b423          	sd	s10,8(a5)
   17538:	f8b6                	sd	a3,112(sp)
   1753a:	d4ba                	sw	a4,104(sp)
   1753c:	07c1                	addi	a5,a5,16
   1753e:	feea54e3          	bge	s4,a4,17526 <_vfiprintf_r+0x82e>
   17542:	6502                	ld	a0,0(sp)
   17544:	1090                	addi	a2,sp,96
   17546:	85ca                	mv	a1,s2
   17548:	e87a                	sd	t5,16(sp)
   1754a:	eb1fb0ef          	jal	133fa <__sprint_r>
   1754e:	a00518e3          	bnez	a0,16f5e <_vfiprintf_r+0x266>
   17552:	3bc1                	addiw	s7,s7,-16
   17554:	76c6                	ld	a3,112(sp)
   17556:	5726                	lw	a4,104(sp)
   17558:	6f42                	ld	t5,16(sp)
   1755a:	87d6                	mv	a5,s5
   1755c:	fd7d48e3          	blt	s10,s7,1752c <_vfiprintf_r+0x834>
   17560:	96de                	add	a3,a3,s7
   17562:	2705                	addiw	a4,a4,1
   17564:	01e7b023          	sd	t5,0(a5)
   17568:	0177b423          	sd	s7,8(a5)
   1756c:	f8b6                	sd	a3,112(sp)
   1756e:	d4ba                	sw	a4,104(sp)
   17570:	479d                	li	a5,7
   17572:	96e7dfe3          	bge	a5,a4,16ef0 <_vfiprintf_r+0x1f8>
   17576:	6502                	ld	a0,0(sp)
   17578:	1090                	addi	a2,sp,96
   1757a:	85ca                	mv	a1,s2
   1757c:	e7ffb0ef          	jal	133fa <__sprint_r>
   17580:	9c051fe3          	bnez	a0,16f5e <_vfiprintf_r+0x266>
   17584:	76c6                	ld	a3,112(sp)
   17586:	b2ad                	j	16ef0 <_vfiprintf_r+0x1f8>
   17588:	0dc10b93          	addi	s7,sp,220
   1758c:	8cde                	mv	s9,s7
   1758e:	0076f713          	andi	a4,a3,7
   17592:	8666                	mv	a2,s9
   17594:	03070713          	addi	a4,a4,48
   17598:	828d                	srli	a3,a3,0x3
   1759a:	feec8fa3          	sb	a4,-1(s9)
   1759e:	1cfd                	addi	s9,s9,-1
   175a0:	f6fd                	bnez	a3,1758e <_vfiprintf_r+0x896>
   175a2:	fd070713          	addi	a4,a4,-48
   175a6:	03000693          	li	a3,48
   175aa:	c701                	beqz	a4,175b2 <_vfiprintf_r+0x8ba>
   175ac:	001a7713          	andi	a4,s4,1
   175b0:	ef55                	bnez	a4,1766c <_vfiprintf_r+0x974>
   175b2:	419b8bbb          	subw	s7,s7,s9
   175b6:	0008099b          	sext.w	s3,a6
   175ba:	8b7853e3          	bge	a6,s7,16e60 <_vfiprintf_r+0x168>
   175be:	000b899b          	sext.w	s3,s7
   175c2:	b879                	j	16e60 <_vfiprintf_r+0x168>
   175c4:	f402                	sd	zero,40(sp)
   175c6:	6f69                	lui	t5,0x1a
   175c8:	4fc1                	li	t6,16
   175ca:	86ae                	mv	a3,a1
   175cc:	8732                	mv	a4,a2
   175ce:	920f0f13          	addi	t5,t5,-1760 # 19920 <blanks.1>
   175d2:	429d                	li	t0,7
   175d4:	01afc663          	blt	t6,s10,175e0 <_vfiprintf_r+0x8e8>
   175d8:	a091                	j	1761c <_vfiprintf_r+0x924>
   175da:	3d41                	addiw	s10,s10,-16
   175dc:	05afd063          	bge	t6,s10,1761c <_vfiprintf_r+0x924>
   175e0:	06c1                	addi	a3,a3,16
   175e2:	2705                	addiw	a4,a4,1
   175e4:	01e7b023          	sd	t5,0(a5)
   175e8:	01f7b423          	sd	t6,8(a5)
   175ec:	f8b6                	sd	a3,112(sp)
   175ee:	d4ba                	sw	a4,104(sp)
   175f0:	07c1                	addi	a5,a5,16
   175f2:	fee2d4e3          	bge	t0,a4,175da <_vfiprintf_r+0x8e2>
   175f6:	6502                	ld	a0,0(sp)
   175f8:	1090                	addi	a2,sp,96
   175fa:	85ca                	mv	a1,s2
   175fc:	f07a                	sd	t5,32(sp)
   175fe:	e842                	sd	a6,16(sp)
   17600:	dfbfb0ef          	jal	133fa <__sprint_r>
   17604:	94051de3          	bnez	a0,16f5e <_vfiprintf_r+0x266>
   17608:	4fc1                	li	t6,16
   1760a:	3d41                	addiw	s10,s10,-16
   1760c:	76c6                	ld	a3,112(sp)
   1760e:	5726                	lw	a4,104(sp)
   17610:	7f02                	ld	t5,32(sp)
   17612:	6842                	ld	a6,16(sp)
   17614:	87d6                	mv	a5,s5
   17616:	429d                	li	t0,7
   17618:	fdafc4e3          	blt	t6,s10,175e0 <_vfiprintf_r+0x8e8>
   1761c:	96ea                	add	a3,a3,s10
   1761e:	2705                	addiw	a4,a4,1
   17620:	f8b6                	sd	a3,112(sp)
   17622:	d4ba                	sw	a4,104(sp)
   17624:	01e7b023          	sd	t5,0(a5)
   17628:	01a7b423          	sd	s10,8(a5)
   1762c:	461d                	li	a2,7
   1762e:	18e64663          	blt	a2,a4,177ba <_vfiprintf_r+0xac2>
   17632:	05714603          	lbu	a2,87(sp)
   17636:	07c1                	addi	a5,a5,16
   17638:	e61d                	bnez	a2,17666 <_vfiprintf_r+0x96e>
   1763a:	7622                	ld	a2,40(sp)
   1763c:	880602e3          	beqz	a2,16ec0 <_vfiprintf_r+0x1c8>
   17640:	4f01                	li	t5,0
   17642:	b8b9                	j	16ea0 <_vfiprintf_r+0x1a8>
   17644:	000dc703          	lbu	a4,0(s11)
   17648:	0c21                	addi	s8,s8,8
   1764a:	fb4ff06f          	j	16dfe <_vfiprintf_r+0x106>
   1764e:	4b81                	li	s7,0
   17650:	4801                	li	a6,0
   17652:	0dc10c93          	addi	s9,sp,220
   17656:	80bff06f          	j	16e60 <_vfiprintf_r+0x168>
   1765a:	0017099b          	addiw	s3,a4,1
   1765e:	4b85                	li	s7,1
   17660:	0db10c93          	addi	s9,sp,219
   17664:	ba9d                	j	16fda <_vfiprintf_r+0x2e2>
   17666:	4f01                	li	t5,0
   17668:	81bff06f          	j	16e82 <_vfiprintf_r+0x18a>
   1766c:	1679                	addi	a2,a2,-2
   1766e:	40cb8bbb          	subw	s7,s7,a2
   17672:	fedc8fa3          	sb	a3,-1(s9)
   17676:	0008099b          	sext.w	s3,a6
   1767a:	01785463          	bge	a6,s7,17682 <_vfiprintf_r+0x98a>
   1767e:	000b899b          	sext.w	s3,s7
   17682:	8cb2                	mv	s9,a2
   17684:	fdcff06f          	j	16e60 <_vfiprintf_r+0x168>
   17688:	008c0713          	addi	a4,s8,8
   1768c:	000c3683          	ld	a3,0(s8)
   17690:	8a1a                	mv	s4,t1
   17692:	8c3a                	mv	s8,a4
   17694:	8d36                	mv	s10,a3
   17696:	ba39                	j	16fb4 <_vfiprintf_r+0x2bc>
   17698:	89d2                	mv	s3,s4
   1769a:	b6b9                	j	171e8 <_vfiprintf_r+0x4f0>
   1769c:	6665                	lui	a2,0x19
   1769e:	002a6a13          	ori	s4,s4,2
   176a2:	8c3a                	mv	s8,a4
   176a4:	22060613          	addi	a2,a2,544 # 19220 <__clzdi2+0x60>
   176a8:	4589                	li	a1,2
   176aa:	0dc10b93          	addi	s7,sp,220
   176ae:	8cde                	mv	s9,s7
   176b0:	00f6f713          	andi	a4,a3,15
   176b4:	9732                	add	a4,a4,a2
   176b6:	00074703          	lbu	a4,0(a4)
   176ba:	8291                	srli	a3,a3,0x4
   176bc:	1cfd                	addi	s9,s9,-1
   176be:	00ec8023          	sb	a4,0(s9)
   176c2:	f6fd                	bnez	a3,176b0 <_vfiprintf_r+0x9b8>
   176c4:	419b8bbb          	subw	s7,s7,s9
   176c8:	0008099b          	sext.w	s3,a6
   176cc:	01785463          	bge	a6,s7,176d4 <_vfiprintf_r+0x9dc>
   176d0:	000b899b          	sext.w	s3,s7
   176d4:	a80590e3          	bnez	a1,17154 <_vfiprintf_r+0x45c>
   176d8:	a8a9                	j	17732 <_vfiprintf_r+0xa3a>
   176da:	587d                	li	a6,-1
   176dc:	8daa                	mv	s11,a0
   176de:	f24ff06f          	j	16e02 <_vfiprintf_r+0x10a>
   176e2:	6665                	lui	a2,0x19
   176e4:	020a7693          	andi	a3,s4,32
   176e8:	23860613          	addi	a2,a2,568 # 19238 <__clzdi2+0x78>
   176ec:	008c0e13          	addi	t3,s8,8
   176f0:	eaa5                	bnez	a3,17760 <_vfiprintf_r+0xa68>
   176f2:	010a7693          	andi	a3,s4,16
   176f6:	e6ad                	bnez	a3,17760 <_vfiprintf_r+0xa68>
   176f8:	040a7593          	andi	a1,s4,64
   176fc:	000c2683          	lw	a3,0(s8)
   17700:	16058663          	beqz	a1,1786c <_vfiprintf_r+0xb74>
   17704:	16c2                	slli	a3,a3,0x30
   17706:	92c1                	srli	a3,a3,0x30
   17708:	001a7593          	andi	a1,s4,1
   1770c:	00d03533          	snez	a0,a3
   17710:	c191                	beqz	a1,17714 <_vfiprintf_r+0xa1c>
   17712:	e961                	bnez	a0,177e2 <_vfiprintf_r+0xaea>
   17714:	04010ba3          	sb	zero,87(sp)
   17718:	08084c63          	bltz	a6,177b0 <_vfiprintf_r+0xab8>
   1771c:	b7fa7a13          	andi	s4,s4,-1153
   17720:	8c72                	mv	s8,t3
   17722:	26081163          	bnez	a6,17984 <_vfiprintf_r+0xc8c>
   17726:	24051f63          	bnez	a0,17984 <_vfiprintf_r+0xc8c>
   1772a:	4b81                	li	s7,0
   1772c:	0dc10c93          	addi	s9,sp,220
   17730:	4981                	li	s3,0
   17732:	76c6                	ld	a3,112(sp)
   17734:	5726                	lw	a4,104(sp)
   17736:	084a7f13          	andi	t5,s4,132
   1773a:	85b6                	mv	a1,a3
   1773c:	863a                	mv	a2,a4
   1773e:	f20f0963          	beqz	t5,16e70 <_vfiprintf_r+0x178>
   17742:	05714603          	lbu	a2,87(sp)
   17746:	f402                	sd	zero,40(sp)
   17748:	f2061d63          	bnez	a2,16e82 <_vfiprintf_r+0x18a>
   1774c:	f6cff06f          	j	16eb8 <_vfiprintf_r+0x1c0>
   17750:	6665                	lui	a2,0x19
   17752:	020a7693          	andi	a3,s4,32
   17756:	22060613          	addi	a2,a2,544 # 19220 <__clzdi2+0x60>
   1775a:	008c0e13          	addi	t3,s8,8
   1775e:	dad1                	beqz	a3,176f2 <_vfiprintf_r+0x9fa>
   17760:	000c3683          	ld	a3,0(s8)
   17764:	b755                	j	17708 <_vfiprintf_r+0xa10>
   17766:	8566                	mv	a0,s9
   17768:	e83e                	sd	a5,16(sp)
   1776a:	f3afc0ef          	jal	13ea4 <strlen>
   1776e:	00050b9b          	sext.w	s7,a0
   17772:	67c2                	ld	a5,16(sp)
   17774:	875e                	mv	a4,s7
   17776:	000bd363          	bgez	s7,1777c <_vfiprintf_r+0xa84>
   1777a:	4701                	li	a4,0
   1777c:	05714683          	lbu	a3,87(sp)
   17780:	0007099b          	sext.w	s3,a4
   17784:	c699                	beqz	a3,17792 <_vfiprintf_r+0xa9a>
   17786:	0017099b          	addiw	s3,a4,1
   1778a:	4801                	li	a6,0
   1778c:	b0b9                	j	16fda <_vfiprintf_r+0x2e2>
   1778e:	8bc2                	mv	s7,a6
   17790:	89c2                	mv	s3,a6
   17792:	4801                	li	a6,0
   17794:	eccff06f          	j	16e60 <_vfiprintf_r+0x168>
   17798:	200a7693          	andi	a3,s4,512
   1779c:	04010ba3          	sb	zero,87(sp)
   177a0:	10068f63          	beqz	a3,178be <_vfiprintf_r+0xbc6>
   177a4:	0ffd7d13          	zext.b	s10,s10
   177a8:	94085ce3          	bgez	a6,17100 <_vfiprintf_r+0x408>
   177ac:	8c3a                	mv	s8,a4
   177ae:	b8d1                	j	17082 <_vfiprintf_r+0x38a>
   177b0:	bffa7a13          	andi	s4,s4,-1025
   177b4:	8c72                	mv	s8,t3
   177b6:	4581                	li	a1,0
   177b8:	bdcd                	j	176aa <_vfiprintf_r+0x9b2>
   177ba:	6502                	ld	a0,0(sp)
   177bc:	1090                	addi	a2,sp,96
   177be:	85ca                	mv	a1,s2
   177c0:	e842                	sd	a6,16(sp)
   177c2:	c39fb0ef          	jal	133fa <__sprint_r>
   177c6:	8f2a                	mv	t5,a0
   177c8:	f8051b63          	bnez	a0,16f5e <_vfiprintf_r+0x266>
   177cc:	05714783          	lbu	a5,87(sp)
   177d0:	76c6                	ld	a3,112(sp)
   177d2:	5726                	lw	a4,104(sp)
   177d4:	6842                	ld	a6,16(sp)
   177d6:	e7ad                	bnez	a5,17840 <_vfiprintf_r+0xb48>
   177d8:	77a2                	ld	a5,40(sp)
   177da:	cfd5                	beqz	a5,17896 <_vfiprintf_r+0xb9e>
   177dc:	87d6                	mv	a5,s5
   177de:	ec2ff06f          	j	16ea0 <_vfiprintf_r+0x1a8>
   177e2:	04e10ca3          	sb	a4,89(sp)
   177e6:	03000713          	li	a4,48
   177ea:	04010ba3          	sb	zero,87(sp)
   177ee:	04e10c23          	sb	a4,88(sp)
   177f2:	08084863          	bltz	a6,17882 <_vfiprintf_r+0xb8a>
   177f6:	b7fa7313          	andi	t1,s4,-1153
   177fa:	00236a13          	ori	s4,t1,2
   177fe:	8c72                	mv	s8,t3
   17800:	4589                	li	a1,2
   17802:	b565                	j	176aa <_vfiprintf_r+0x9b2>
   17804:	ca9f80ef          	jal	104ac <__sinit>
   17808:	d0aff06f          	j	16d12 <_vfiprintf_r+0x1a>
   1780c:	001dc703          	lbu	a4,1(s11)
   17810:	020a6a13          	ori	s4,s4,32
   17814:	0d85                	addi	s11,s11,1
   17816:	de8ff06f          	j	16dfe <_vfiprintf_r+0x106>
   1781a:	001dc703          	lbu	a4,1(s11)
   1781e:	200a6a13          	ori	s4,s4,512
   17822:	0d85                	addi	s11,s11,1
   17824:	ddaff06f          	j	16dfe <_vfiprintf_r+0x106>
   17828:	4719                	li	a4,6
   1782a:	0008099b          	sext.w	s3,a6
   1782e:	07076163          	bltu	a4,a6,17890 <_vfiprintf_r+0xb98>
   17832:	6e65                	lui	t3,0x19
   17834:	8bce                	mv	s7,s3
   17836:	250e0c93          	addi	s9,t3,592 # 19250 <__clzdi2+0x90>
   1783a:	4801                	li	a6,0
   1783c:	e24ff06f          	j	16e60 <_vfiprintf_r+0x168>
   17840:	87d6                	mv	a5,s5
   17842:	e40ff06f          	j	16e82 <_vfiprintf_r+0x18a>
   17846:	200a7693          	andi	a3,s4,512
   1784a:	c6b5                	beqz	a3,178b6 <_vfiprintf_r+0xbbe>
   1784c:	018d1d1b          	slliw	s10,s10,0x18
   17850:	418d5d1b          	sraiw	s10,s10,0x18
   17854:	8c3a                	mv	s8,a4
   17856:	86ea                	mv	a3,s10
   17858:	f5cff06f          	j	16fb4 <_vfiprintf_r+0x2bc>
   1785c:	200a7613          	andi	a2,s4,512
   17860:	c631                	beqz	a2,178ac <_vfiprintf_r+0xbb4>
   17862:	0ff6f693          	zext.b	a3,a3
   17866:	8c3a                	mv	s8,a4
   17868:	89d2                	mv	s3,s4
   1786a:	b251                	j	171ee <_vfiprintf_r+0x4f6>
   1786c:	200a7593          	andi	a1,s4,512
   17870:	c99d                	beqz	a1,178a6 <_vfiprintf_r+0xbae>
   17872:	0ff6f693          	zext.b	a3,a3
   17876:	bd49                	j	17708 <_vfiprintf_r+0xa10>
   17878:	6669                	lui	a2,0x1a
   1787a:	91060613          	addi	a2,a2,-1776 # 19910 <zeroes.0>
   1787e:	e832                	sd	a2,16(sp)
   17880:	b119                	j	17486 <_vfiprintf_r+0x78e>
   17882:	bffa7313          	andi	t1,s4,-1025
   17886:	00236a13          	ori	s4,t1,2
   1788a:	8c72                	mv	s8,t3
   1788c:	4589                	li	a1,2
   1788e:	bd31                	j	176aa <_vfiprintf_r+0x9b2>
   17890:	0007099b          	sext.w	s3,a4
   17894:	bf79                	j	17832 <_vfiprintf_r+0xb3a>
   17896:	87d6                	mv	a5,s5
   17898:	e28ff06f          	j	16ec0 <_vfiprintf_r+0x1c8>
   1789c:	6722                	ld	a4,8(sp)
   1789e:	00e69023          	sh	a4,0(a3)
   178a2:	cecff06f          	j	16d8e <_vfiprintf_r+0x96>
   178a6:	1682                	slli	a3,a3,0x20
   178a8:	9281                	srli	a3,a3,0x20
   178aa:	bdb9                	j	17708 <_vfiprintf_r+0xa10>
   178ac:	1682                	slli	a3,a3,0x20
   178ae:	9281                	srli	a3,a3,0x20
   178b0:	8c3a                	mv	s8,a4
   178b2:	89d2                	mv	s3,s4
   178b4:	ba2d                	j	171ee <_vfiprintf_r+0x4f6>
   178b6:	8c3a                	mv	s8,a4
   178b8:	86ea                	mv	a3,s10
   178ba:	efaff06f          	j	16fb4 <_vfiprintf_r+0x2bc>
   178be:	1d02                	slli	s10,s10,0x20
   178c0:	020d5d13          	srli	s10,s10,0x20
   178c4:	82085ee3          	bgez	a6,17100 <_vfiprintf_r+0x408>
   178c8:	8c3a                	mv	s8,a4
   178ca:	fb8ff06f          	j	17082 <_vfiprintf_r+0x38a>
   178ce:	6502                	ld	a0,0(sp)
   178d0:	1090                	addi	a2,sp,96
   178d2:	85ca                	mv	a1,s2
   178d4:	b27fb0ef          	jal	133fa <__sprint_r>
   178d8:	e86ff06f          	j	16f5e <_vfiprintf_r+0x266>
   178dc:	6606                	ld	a2,64(sp)
   178de:	75e2                	ld	a1,56(sp)
   178e0:	e4f6                	sd	t4,72(sp)
   178e2:	40cc8733          	sub	a4,s9,a2
   178e6:	853a                	mv	a0,a4
   178e8:	f442                	sd	a6,40(sp)
   178ea:	f03e                	sd	a5,32(sp)
   178ec:	e83a                	sd	a4,16(sp)
   178ee:	ae4fc0ef          	jal	13bd2 <strncpy>
   178f2:	ccccd5b7          	lui	a1,0xccccd
   178f6:	ccd58593          	addi	a1,a1,-819 # ffffffffcccccccd <__BSS_END__+0xffffffffcccaf0b5>
   178fa:	02059613          	slli	a2,a1,0x20
   178fe:	962e                	add	a2,a2,a1
   17900:	02cd3d33          	mulhu	s10,s10,a2
   17904:	77c2                	ld	a5,48(sp)
   17906:	6742                	ld	a4,16(sp)
   17908:	7822                	ld	a6,40(sp)
   1790a:	0017c583          	lbu	a1,1(a5)
   1790e:	6ea6                	ld	t4,72(sp)
   17910:	fff70c93          	addi	s9,a4,-1
   17914:	00b035b3          	snez	a1,a1
   17918:	97ae                	add	a5,a5,a1
   1791a:	f83e                	sd	a5,48(sp)
   1791c:	003d5d13          	srli	s10,s10,0x3
   17920:	02cd3633          	mulhu	a2,s10,a2
   17924:	7782                	ld	a5,32(sp)
   17926:	4585                	li	a1,1
   17928:	46a5                	li	a3,9
   1792a:	00365513          	srli	a0,a2,0x3
   1792e:	00251613          	slli	a2,a0,0x2
   17932:	962a                	add	a2,a2,a0
   17934:	0606                	slli	a2,a2,0x1
   17936:	40cd0633          	sub	a2,s10,a2
   1793a:	0306061b          	addiw	a2,a2,48
   1793e:	fec70fa3          	sb	a2,-1(a4)
   17942:	b241                	j	172c2 <_vfiprintf_r+0x5ca>
   17944:	e40705e3          	beqz	a4,1778e <_vfiprintf_r+0xa96>
   17948:	0018099b          	addiw	s3,a6,1
   1794c:	8bc2                	mv	s7,a6
   1794e:	4801                	li	a6,0
   17950:	e8aff06f          	j	16fda <_vfiprintf_r+0x2e2>
   17954:	57fd                	li	a5,-1
   17956:	e43e                	sd	a5,8(sp)
   17958:	e24ff06f          	j	16f7c <_vfiprintf_r+0x284>
   1795c:	8daa                	mv	s11,a0
   1795e:	4801                	li	a6,0
   17960:	ca2ff06f          	j	16e02 <_vfiprintf_r+0x10a>
   17964:	c298                	sw	a4,0(a3)
   17966:	c28ff06f          	j	16d8e <_vfiprintf_r+0x96>
   1796a:	000c2703          	lw	a4,0(s8)
   1796e:	0c21                	addi	s8,s8,8
   17970:	0007081b          	sext.w	a6,a4
   17974:	00075363          	bgez	a4,1797a <_vfiprintf_r+0xc82>
   17978:	587d                	li	a6,-1
   1797a:	001dc703          	lbu	a4,1(s11)
   1797e:	8daa                	mv	s11,a0
   17980:	c7eff06f          	j	16dfe <_vfiprintf_r+0x106>
   17984:	4581                	li	a1,0
   17986:	b315                	j	176aa <_vfiprintf_r+0x9b2>
   17988:	6665                	lui	a2,0x19
   1798a:	8c3a                	mv	s8,a4
   1798c:	22060613          	addi	a2,a2,544 # 19220 <__clzdi2+0x60>
   17990:	4589                	li	a1,2
   17992:	bb21                	j	176aa <_vfiprintf_r+0x9b2>
   17994:	8352                	mv	t1,s4
   17996:	b9dd                	j	1768c <_vfiprintf_r+0x994>
   17998:	8352                	mv	t1,s4
   1799a:	b849                	j	1722c <_vfiprintf_r+0x534>

000000000001799c <vfiprintf>:
   1799c:	872a                	mv	a4,a0
   1799e:	8781b503          	ld	a0,-1928(gp) # 1b610 <_impure_ptr>
   179a2:	86b2                	mv	a3,a2
   179a4:	862e                	mv	a2,a1
   179a6:	85ba                	mv	a1,a4
   179a8:	b50ff06f          	j	16cf8 <_vfiprintf_r>

00000000000179ac <__sbprintf>:
   179ac:	0105d783          	lhu	a5,16(a1)
   179b0:	0ac5ae83          	lw	t4,172(a1)
   179b4:	0125de03          	lhu	t3,18(a1)
   179b8:	0305b303          	ld	t1,48(a1)
   179bc:	0405b883          	ld	a7,64(a1)
   179c0:	b2010113          	addi	sp,sp,-1248
   179c4:	9bf5                	andi	a5,a5,-3
   179c6:	0c010813          	addi	a6,sp,192
   179ca:	40000713          	li	a4,1024
   179ce:	4c813823          	sd	s0,1232(sp)
   179d2:	842e                	mv	s0,a1
   179d4:	080c                	addi	a1,sp,16
   179d6:	4c913423          	sd	s1,1224(sp)
   179da:	02f11023          	sh	a5,32(sp)
   179de:	4c113c23          	sd	ra,1240(sp)
   179e2:	dc02                	sw	zero,56(sp)
   179e4:	df76                	sw	t4,188(sp)
   179e6:	03c11123          	sh	t3,34(sp)
   179ea:	e09a                	sd	t1,64(sp)
   179ec:	e8c6                	sd	a7,80(sp)
   179ee:	e842                	sd	a6,16(sp)
   179f0:	f442                	sd	a6,40(sp)
   179f2:	ce3a                	sw	a4,28(sp)
   179f4:	d83a                	sw	a4,48(sp)
   179f6:	84aa                	mv	s1,a0
   179f8:	b00ff0ef          	jal	16cf8 <_vfiprintf_r>
   179fc:	87aa                	mv	a5,a0
   179fe:	02055763          	bgez	a0,17a2c <__sbprintf+0x80>
   17a02:	02015703          	lhu	a4,32(sp)
   17a06:	04077713          	andi	a4,a4,64
   17a0a:	c719                	beqz	a4,17a18 <__sbprintf+0x6c>
   17a0c:	01045703          	lhu	a4,16(s0)
   17a10:	04076713          	ori	a4,a4,64
   17a14:	00e41823          	sh	a4,16(s0)
   17a18:	4d813083          	ld	ra,1240(sp)
   17a1c:	4d013403          	ld	s0,1232(sp)
   17a20:	4c813483          	ld	s1,1224(sp)
   17a24:	853e                	mv	a0,a5
   17a26:	4e010113          	addi	sp,sp,1248
   17a2a:	8082                	ret
   17a2c:	e42a                	sd	a0,8(sp)
   17a2e:	080c                	addi	a1,sp,16
   17a30:	8526                	mv	a0,s1
   17a32:	c39fb0ef          	jal	1366a <_fflush_r>
   17a36:	67a2                	ld	a5,8(sp)
   17a38:	d569                	beqz	a0,17a02 <__sbprintf+0x56>
   17a3a:	57fd                	li	a5,-1
   17a3c:	b7d9                	j	17a02 <__sbprintf+0x56>

0000000000017a3e <__errno>:
   17a3e:	8781b503          	ld	a0,-1928(gp) # 1b610 <_impure_ptr>
   17a42:	8082                	ret

0000000000017a44 <abort>:
   17a44:	1141                	addi	sp,sp,-16
   17a46:	4519                	li	a0,6
   17a48:	e406                	sd	ra,8(sp)
   17a4a:	184000ef          	jal	17bce <raise>
   17a4e:	4505                	li	a0,1
   17a50:	376000ef          	jal	17dc6 <_exit>

0000000000017a54 <_init_signal_r>:
   17a54:	17053703          	ld	a4,368(a0)
   17a58:	c319                	beqz	a4,17a5e <_init_signal_r+0xa>
   17a5a:	4501                	li	a0,0
   17a5c:	8082                	ret
   17a5e:	1101                	addi	sp,sp,-32
   17a60:	10000593          	li	a1,256
   17a64:	ec06                	sd	ra,24(sp)
   17a66:	e42a                	sd	a0,8(sp)
   17a68:	a9cf90ef          	jal	10d04 <_malloc_r>
   17a6c:	67a2                	ld	a5,8(sp)
   17a6e:	16a7b823          	sd	a0,368(a5)
   17a72:	cd01                	beqz	a0,17a8a <_init_signal_r+0x36>
   17a74:	10050793          	addi	a5,a0,256
   17a78:	00053023          	sd	zero,0(a0)
   17a7c:	0521                	addi	a0,a0,8
   17a7e:	fef51de3          	bne	a0,a5,17a78 <_init_signal_r+0x24>
   17a82:	4501                	li	a0,0
   17a84:	60e2                	ld	ra,24(sp)
   17a86:	6105                	addi	sp,sp,32
   17a88:	8082                	ret
   17a8a:	557d                	li	a0,-1
   17a8c:	bfe5                	j	17a84 <_init_signal_r+0x30>

0000000000017a8e <_signal_r>:
   17a8e:	477d                	li	a4,31
   17a90:	00b76a63          	bltu	a4,a1,17aa4 <_signal_r+0x16>
   17a94:	17053703          	ld	a4,368(a0)
   17a98:	cb11                	beqz	a4,17aac <_signal_r+0x1e>
   17a9a:	058e                	slli	a1,a1,0x3
   17a9c:	972e                	add	a4,a4,a1
   17a9e:	6308                	ld	a0,0(a4)
   17aa0:	e310                	sd	a2,0(a4)
   17aa2:	8082                	ret
   17aa4:	4759                	li	a4,22
   17aa6:	c118                	sw	a4,0(a0)
   17aa8:	557d                	li	a0,-1
   17aaa:	8082                	ret
   17aac:	7179                	addi	sp,sp,-48
   17aae:	e42e                	sd	a1,8(sp)
   17ab0:	10000593          	li	a1,256
   17ab4:	e832                	sd	a2,16(sp)
   17ab6:	f406                	sd	ra,40(sp)
   17ab8:	ec2a                	sd	a0,24(sp)
   17aba:	a4af90ef          	jal	10d04 <_malloc_r>
   17abe:	66e2                	ld	a3,24(sp)
   17ac0:	872a                	mv	a4,a0
   17ac2:	10050593          	addi	a1,a0,256
   17ac6:	16a6b823          	sd	a0,368(a3)
   17aca:	67a2                	ld	a5,8(sp)
   17acc:	86aa                	mv	a3,a0
   17ace:	6642                	ld	a2,16(sp)
   17ad0:	557d                	li	a0,-1
   17ad2:	cb19                	beqz	a4,17ae8 <_signal_r+0x5a>
   17ad4:	0006b023          	sd	zero,0(a3)
   17ad8:	06a1                	addi	a3,a3,8
   17ada:	feb69de3          	bne	a3,a1,17ad4 <_signal_r+0x46>
   17ade:	00379593          	slli	a1,a5,0x3
   17ae2:	972e                	add	a4,a4,a1
   17ae4:	6308                	ld	a0,0(a4)
   17ae6:	e310                	sd	a2,0(a4)
   17ae8:	70a2                	ld	ra,40(sp)
   17aea:	6145                	addi	sp,sp,48
   17aec:	8082                	ret

0000000000017aee <_raise_r>:
   17aee:	47fd                	li	a5,31
   17af0:	04b7ec63          	bltu	a5,a1,17b48 <_raise_r+0x5a>
   17af4:	17053783          	ld	a5,368(a0)
   17af8:	1101                	addi	sp,sp,-32
   17afa:	ec06                	sd	ra,24(sp)
   17afc:	872a                	mv	a4,a0
   17afe:	862e                	mv	a2,a1
   17b00:	c785                	beqz	a5,17b28 <_raise_r+0x3a>
   17b02:	00359693          	slli	a3,a1,0x3
   17b06:	97b6                	add	a5,a5,a3
   17b08:	6394                	ld	a3,0(a5)
   17b0a:	ce99                	beqz	a3,17b28 <_raise_r+0x3a>
   17b0c:	4505                	li	a0,1
   17b0e:	00a68963          	beq	a3,a0,17b20 <_raise_r+0x32>
   17b12:	55fd                	li	a1,-1
   17b14:	02b68563          	beq	a3,a1,17b3e <_raise_r+0x50>
   17b18:	0007b023          	sd	zero,0(a5)
   17b1c:	8532                	mv	a0,a2
   17b1e:	9682                	jalr	a3
   17b20:	60e2                	ld	ra,24(sp)
   17b22:	4501                	li	a0,0
   17b24:	6105                	addi	sp,sp,32
   17b26:	8082                	ret
   17b28:	853a                	mv	a0,a4
   17b2a:	e432                	sd	a2,8(sp)
   17b2c:	e03a                	sd	a4,0(sp)
   17b2e:	26c000ef          	jal	17d9a <_getpid_r>
   17b32:	6622                	ld	a2,8(sp)
   17b34:	60e2                	ld	ra,24(sp)
   17b36:	85aa                	mv	a1,a0
   17b38:	6502                	ld	a0,0(sp)
   17b3a:	6105                	addi	sp,sp,32
   17b3c:	a415                	j	17d60 <_kill_r>
   17b3e:	60e2                	ld	ra,24(sp)
   17b40:	47d9                	li	a5,22
   17b42:	c31c                	sw	a5,0(a4)
   17b44:	6105                	addi	sp,sp,32
   17b46:	8082                	ret
   17b48:	47d9                	li	a5,22
   17b4a:	c11c                	sw	a5,0(a0)
   17b4c:	557d                	li	a0,-1
   17b4e:	8082                	ret

0000000000017b50 <__sigtramp_r>:
   17b50:	47fd                	li	a5,31
   17b52:	06b7ec63          	bltu	a5,a1,17bca <__sigtramp_r+0x7a>
   17b56:	17053783          	ld	a5,368(a0)
   17b5a:	1101                	addi	sp,sp,-32
   17b5c:	ec06                	sd	ra,24(sp)
   17b5e:	872e                	mv	a4,a1
   17b60:	cf95                	beqz	a5,17b9c <__sigtramp_r+0x4c>
   17b62:	00371693          	slli	a3,a4,0x3
   17b66:	97b6                	add	a5,a5,a3
   17b68:	6394                	ld	a3,0(a5)
   17b6a:	ce99                	beqz	a3,17b88 <__sigtramp_r+0x38>
   17b6c:	567d                	li	a2,-1
   17b6e:	02c68563          	beq	a3,a2,17b98 <__sigtramp_r+0x48>
   17b72:	4605                	li	a2,1
   17b74:	00c68e63          	beq	a3,a2,17b90 <__sigtramp_r+0x40>
   17b78:	853a                	mv	a0,a4
   17b7a:	0007b023          	sd	zero,0(a5)
   17b7e:	9682                	jalr	a3
   17b80:	4501                	li	a0,0
   17b82:	60e2                	ld	ra,24(sp)
   17b84:	6105                	addi	sp,sp,32
   17b86:	8082                	ret
   17b88:	60e2                	ld	ra,24(sp)
   17b8a:	4505                	li	a0,1
   17b8c:	6105                	addi	sp,sp,32
   17b8e:	8082                	ret
   17b90:	60e2                	ld	ra,24(sp)
   17b92:	450d                	li	a0,3
   17b94:	6105                	addi	sp,sp,32
   17b96:	8082                	ret
   17b98:	4509                	li	a0,2
   17b9a:	b7e5                	j	17b82 <__sigtramp_r+0x32>
   17b9c:	e42e                	sd	a1,8(sp)
   17b9e:	10000593          	li	a1,256
   17ba2:	e02a                	sd	a0,0(sp)
   17ba4:	960f90ef          	jal	10d04 <_malloc_r>
   17ba8:	6682                	ld	a3,0(sp)
   17baa:	87aa                	mv	a5,a0
   17bac:	16a6b823          	sd	a0,368(a3)
   17bb0:	c919                	beqz	a0,17bc6 <__sigtramp_r+0x76>
   17bb2:	6722                	ld	a4,8(sp)
   17bb4:	86aa                	mv	a3,a0
   17bb6:	10050613          	addi	a2,a0,256
   17bba:	0006b023          	sd	zero,0(a3)
   17bbe:	06a1                	addi	a3,a3,8
   17bc0:	fec69de3          	bne	a3,a2,17bba <__sigtramp_r+0x6a>
   17bc4:	bf79                	j	17b62 <__sigtramp_r+0x12>
   17bc6:	557d                	li	a0,-1
   17bc8:	bf6d                	j	17b82 <__sigtramp_r+0x32>
   17bca:	557d                	li	a0,-1
   17bcc:	8082                	ret

0000000000017bce <raise>:
   17bce:	47fd                	li	a5,31
   17bd0:	8781b803          	ld	a6,-1928(gp) # 1b610 <_impure_ptr>
   17bd4:	04a7ec63          	bltu	a5,a0,17c2c <raise+0x5e>
   17bd8:	17083783          	ld	a5,368(a6)
   17bdc:	1101                	addi	sp,sp,-32
   17bde:	ec06                	sd	ra,24(sp)
   17be0:	862a                	mv	a2,a0
   17be2:	c39d                	beqz	a5,17c08 <raise+0x3a>
   17be4:	00351713          	slli	a4,a0,0x3
   17be8:	97ba                	add	a5,a5,a4
   17bea:	6398                	ld	a4,0(a5)
   17bec:	cf11                	beqz	a4,17c08 <raise+0x3a>
   17bee:	4685                	li	a3,1
   17bf0:	00d70863          	beq	a4,a3,17c00 <raise+0x32>
   17bf4:	567d                	li	a2,-1
   17bf6:	02c70463          	beq	a4,a2,17c1e <raise+0x50>
   17bfa:	0007b023          	sd	zero,0(a5)
   17bfe:	9702                	jalr	a4
   17c00:	60e2                	ld	ra,24(sp)
   17c02:	4501                	li	a0,0
   17c04:	6105                	addi	sp,sp,32
   17c06:	8082                	ret
   17c08:	8542                	mv	a0,a6
   17c0a:	e432                	sd	a2,8(sp)
   17c0c:	e042                	sd	a6,0(sp)
   17c0e:	18c000ef          	jal	17d9a <_getpid_r>
   17c12:	6622                	ld	a2,8(sp)
   17c14:	60e2                	ld	ra,24(sp)
   17c16:	85aa                	mv	a1,a0
   17c18:	6502                	ld	a0,0(sp)
   17c1a:	6105                	addi	sp,sp,32
   17c1c:	a291                	j	17d60 <_kill_r>
   17c1e:	60e2                	ld	ra,24(sp)
   17c20:	47d9                	li	a5,22
   17c22:	00f82023          	sw	a5,0(a6)
   17c26:	8536                	mv	a0,a3
   17c28:	6105                	addi	sp,sp,32
   17c2a:	8082                	ret
   17c2c:	47d9                	li	a5,22
   17c2e:	00f82023          	sw	a5,0(a6)
   17c32:	557d                	li	a0,-1
   17c34:	8082                	ret

0000000000017c36 <signal>:
   17c36:	47fd                	li	a5,31
   17c38:	8781b603          	ld	a2,-1928(gp) # 1b610 <_impure_ptr>
   17c3c:	00a7ea63          	bltu	a5,a0,17c50 <signal+0x1a>
   17c40:	17063703          	ld	a4,368(a2)
   17c44:	cb11                	beqz	a4,17c58 <signal+0x22>
   17c46:	050e                	slli	a0,a0,0x3
   17c48:	972a                	add	a4,a4,a0
   17c4a:	6308                	ld	a0,0(a4)
   17c4c:	e30c                	sd	a1,0(a4)
   17c4e:	8082                	ret
   17c50:	47d9                	li	a5,22
   17c52:	c21c                	sw	a5,0(a2)
   17c54:	557d                	li	a0,-1
   17c56:	8082                	ret
   17c58:	7179                	addi	sp,sp,-48
   17c5a:	ec2e                	sd	a1,24(sp)
   17c5c:	e82a                	sd	a0,16(sp)
   17c5e:	10000593          	li	a1,256
   17c62:	8532                	mv	a0,a2
   17c64:	e432                	sd	a2,8(sp)
   17c66:	f406                	sd	ra,40(sp)
   17c68:	89cf90ef          	jal	10d04 <_malloc_r>
   17c6c:	6622                	ld	a2,8(sp)
   17c6e:	872a                	mv	a4,a0
   17c70:	10050593          	addi	a1,a0,256
   17c74:	16a63823          	sd	a0,368(a2)
   17c78:	67c2                	ld	a5,16(sp)
   17c7a:	862a                	mv	a2,a0
   17c7c:	66e2                	ld	a3,24(sp)
   17c7e:	557d                	li	a0,-1
   17c80:	cb19                	beqz	a4,17c96 <signal+0x60>
   17c82:	00063023          	sd	zero,0(a2)
   17c86:	0621                	addi	a2,a2,8
   17c88:	fec59de3          	bne	a1,a2,17c82 <signal+0x4c>
   17c8c:	00379513          	slli	a0,a5,0x3
   17c90:	972a                	add	a4,a4,a0
   17c92:	6308                	ld	a0,0(a4)
   17c94:	e314                	sd	a3,0(a4)
   17c96:	70a2                	ld	ra,40(sp)
   17c98:	6145                	addi	sp,sp,48
   17c9a:	8082                	ret

0000000000017c9c <_init_signal>:
   17c9c:	8781b783          	ld	a5,-1928(gp) # 1b610 <_impure_ptr>
   17ca0:	1707b703          	ld	a4,368(a5)
   17ca4:	c319                	beqz	a4,17caa <_init_signal+0xe>
   17ca6:	4501                	li	a0,0
   17ca8:	8082                	ret
   17caa:	1101                	addi	sp,sp,-32
   17cac:	853e                	mv	a0,a5
   17cae:	10000593          	li	a1,256
   17cb2:	e43e                	sd	a5,8(sp)
   17cb4:	ec06                	sd	ra,24(sp)
   17cb6:	84ef90ef          	jal	10d04 <_malloc_r>
   17cba:	67a2                	ld	a5,8(sp)
   17cbc:	16a7b823          	sd	a0,368(a5)
   17cc0:	cd01                	beqz	a0,17cd8 <_init_signal+0x3c>
   17cc2:	10050793          	addi	a5,a0,256
   17cc6:	00053023          	sd	zero,0(a0)
   17cca:	0521                	addi	a0,a0,8
   17ccc:	fef51de3          	bne	a0,a5,17cc6 <_init_signal+0x2a>
   17cd0:	4501                	li	a0,0
   17cd2:	60e2                	ld	ra,24(sp)
   17cd4:	6105                	addi	sp,sp,32
   17cd6:	8082                	ret
   17cd8:	557d                	li	a0,-1
   17cda:	bfe5                	j	17cd2 <_init_signal+0x36>

0000000000017cdc <__sigtramp>:
   17cdc:	47fd                	li	a5,31
   17cde:	06a7ef63          	bltu	a5,a0,17d5c <__sigtramp+0x80>
   17ce2:	8781b683          	ld	a3,-1928(gp) # 1b610 <_impure_ptr>
   17ce6:	1101                	addi	sp,sp,-32
   17ce8:	ec06                	sd	ra,24(sp)
   17cea:	1706b783          	ld	a5,368(a3)
   17cee:	872a                	mv	a4,a0
   17cf0:	cf95                	beqz	a5,17d2c <__sigtramp+0x50>
   17cf2:	00371693          	slli	a3,a4,0x3
   17cf6:	97b6                	add	a5,a5,a3
   17cf8:	6394                	ld	a3,0(a5)
   17cfa:	ce99                	beqz	a3,17d18 <__sigtramp+0x3c>
   17cfc:	567d                	li	a2,-1
   17cfe:	02c68563          	beq	a3,a2,17d28 <__sigtramp+0x4c>
   17d02:	4605                	li	a2,1
   17d04:	00c68e63          	beq	a3,a2,17d20 <__sigtramp+0x44>
   17d08:	853a                	mv	a0,a4
   17d0a:	0007b023          	sd	zero,0(a5)
   17d0e:	9682                	jalr	a3
   17d10:	4501                	li	a0,0
   17d12:	60e2                	ld	ra,24(sp)
   17d14:	6105                	addi	sp,sp,32
   17d16:	8082                	ret
   17d18:	60e2                	ld	ra,24(sp)
   17d1a:	4505                	li	a0,1
   17d1c:	6105                	addi	sp,sp,32
   17d1e:	8082                	ret
   17d20:	60e2                	ld	ra,24(sp)
   17d22:	450d                	li	a0,3
   17d24:	6105                	addi	sp,sp,32
   17d26:	8082                	ret
   17d28:	4509                	li	a0,2
   17d2a:	b7e5                	j	17d12 <__sigtramp+0x36>
   17d2c:	e42a                	sd	a0,8(sp)
   17d2e:	10000593          	li	a1,256
   17d32:	8536                	mv	a0,a3
   17d34:	e036                	sd	a3,0(sp)
   17d36:	fcff80ef          	jal	10d04 <_malloc_r>
   17d3a:	6682                	ld	a3,0(sp)
   17d3c:	87aa                	mv	a5,a0
   17d3e:	16a6b823          	sd	a0,368(a3)
   17d42:	c919                	beqz	a0,17d58 <__sigtramp+0x7c>
   17d44:	6722                	ld	a4,8(sp)
   17d46:	86aa                	mv	a3,a0
   17d48:	10050613          	addi	a2,a0,256
   17d4c:	0006b023          	sd	zero,0(a3)
   17d50:	06a1                	addi	a3,a3,8
   17d52:	fed61de3          	bne	a2,a3,17d4c <__sigtramp+0x70>
   17d56:	bf71                	j	17cf2 <__sigtramp+0x16>
   17d58:	557d                	li	a0,-1
   17d5a:	bf65                	j	17d12 <__sigtramp+0x36>
   17d5c:	557d                	li	a0,-1
   17d5e:	8082                	ret

0000000000017d60 <_kill_r>:
   17d60:	1101                	addi	sp,sp,-32
   17d62:	87ae                	mv	a5,a1
   17d64:	e822                	sd	s0,16(sp)
   17d66:	e426                	sd	s1,8(sp)
   17d68:	85b2                	mv	a1,a2
   17d6a:	84aa                	mv	s1,a0
   17d6c:	853e                	mv	a0,a5
   17d6e:	ec06                	sd	ra,24(sp)
   17d70:	8801ac23          	sw	zero,-1896(gp) # 1b630 <errno>
   17d74:	0e0000ef          	jal	17e54 <_kill>
   17d78:	57fd                	li	a5,-1
   17d7a:	00f50763          	beq	a0,a5,17d88 <_kill_r+0x28>
   17d7e:	60e2                	ld	ra,24(sp)
   17d80:	6442                	ld	s0,16(sp)
   17d82:	64a2                	ld	s1,8(sp)
   17d84:	6105                	addi	sp,sp,32
   17d86:	8082                	ret
   17d88:	8981a783          	lw	a5,-1896(gp) # 1b630 <errno>
   17d8c:	dbed                	beqz	a5,17d7e <_kill_r+0x1e>
   17d8e:	60e2                	ld	ra,24(sp)
   17d90:	6442                	ld	s0,16(sp)
   17d92:	c09c                	sw	a5,0(s1)
   17d94:	64a2                	ld	s1,8(sp)
   17d96:	6105                	addi	sp,sp,32
   17d98:	8082                	ret

0000000000017d9a <_getpid_r>:
   17d9a:	a841                	j	17e2a <_getpid>

0000000000017d9c <_close>:
   17d9c:	03900893          	li	a7,57
   17da0:	00000073          	ecall
   17da4:	00054463          	bltz	a0,17dac <_close+0x10>
   17da8:	2501                	sext.w	a0,a0
   17daa:	8082                	ret
   17dac:	1101                	addi	sp,sp,-32
   17dae:	ec06                	sd	ra,24(sp)
   17db0:	e42a                	sd	a0,8(sp)
   17db2:	c8dff0ef          	jal	17a3e <__errno>
   17db6:	67a2                	ld	a5,8(sp)
   17db8:	60e2                	ld	ra,24(sp)
   17dba:	40f007bb          	negw	a5,a5
   17dbe:	c11c                	sw	a5,0(a0)
   17dc0:	557d                	li	a0,-1
   17dc2:	6105                	addi	sp,sp,32
   17dc4:	8082                	ret

0000000000017dc6 <_exit>:
   17dc6:	05d00893          	li	a7,93
   17dca:	00000073          	ecall
   17dce:	00054363          	bltz	a0,17dd4 <_exit+0xe>
   17dd2:	a001                	j	17dd2 <_exit+0xc>
   17dd4:	1101                	addi	sp,sp,-32
   17dd6:	ec06                	sd	ra,24(sp)
   17dd8:	e42a                	sd	a0,8(sp)
   17dda:	c65ff0ef          	jal	17a3e <__errno>
   17dde:	67a2                	ld	a5,8(sp)
   17de0:	40f007bb          	negw	a5,a5
   17de4:	c11c                	sw	a5,0(a0)
   17de6:	a001                	j	17de6 <_exit+0x20>

0000000000017de8 <_fstat>:
   17de8:	7135                	addi	sp,sp,-160
   17dea:	872e                	mv	a4,a1
   17dec:	ed06                	sd	ra,152(sp)
   17dee:	e922                	sd	s0,144(sp)
   17df0:	05000893          	li	a7,80
   17df4:	080c                	addi	a1,sp,16
   17df6:	00000073          	ecall
   17dfa:	00054d63          	bltz	a0,17e14 <_fstat+0x2c>
   17dfe:	0005041b          	sext.w	s0,a0
   17e02:	080c                	addi	a1,sp,16
   17e04:	853a                	mv	a0,a4
   17e06:	134000ef          	jal	17f3a <_conv_stat>
   17e0a:	60ea                	ld	ra,152(sp)
   17e0c:	8522                	mv	a0,s0
   17e0e:	644a                	ld	s0,144(sp)
   17e10:	610d                	addi	sp,sp,160
   17e12:	8082                	ret
   17e14:	e03a                	sd	a4,0(sp)
   17e16:	e42a                	sd	a0,8(sp)
   17e18:	c27ff0ef          	jal	17a3e <__errno>
   17e1c:	67a2                	ld	a5,8(sp)
   17e1e:	6702                	ld	a4,0(sp)
   17e20:	547d                	li	s0,-1
   17e22:	40f007bb          	negw	a5,a5
   17e26:	c11c                	sw	a5,0(a0)
   17e28:	bfe9                	j	17e02 <_fstat+0x1a>

0000000000017e2a <_getpid>:
   17e2a:	4505                	li	a0,1
   17e2c:	8082                	ret

0000000000017e2e <_isatty>:
   17e2e:	7119                	addi	sp,sp,-128
   17e30:	002c                	addi	a1,sp,8
   17e32:	fc86                	sd	ra,120(sp)
   17e34:	fb5ff0ef          	jal	17de8 <_fstat>
   17e38:	57fd                	li	a5,-1
   17e3a:	00f50963          	beq	a0,a5,17e4c <_isatty+0x1e>
   17e3e:	4532                	lw	a0,12(sp)
   17e40:	70e6                	ld	ra,120(sp)
   17e42:	00d5551b          	srliw	a0,a0,0xd
   17e46:	8905                	andi	a0,a0,1
   17e48:	6109                	addi	sp,sp,128
   17e4a:	8082                	ret
   17e4c:	70e6                	ld	ra,120(sp)
   17e4e:	4501                	li	a0,0
   17e50:	6109                	addi	sp,sp,128
   17e52:	8082                	ret

0000000000017e54 <_kill>:
   17e54:	1141                	addi	sp,sp,-16
   17e56:	e406                	sd	ra,8(sp)
   17e58:	be7ff0ef          	jal	17a3e <__errno>
   17e5c:	60a2                	ld	ra,8(sp)
   17e5e:	47d9                	li	a5,22
   17e60:	c11c                	sw	a5,0(a0)
   17e62:	557d                	li	a0,-1
   17e64:	0141                	addi	sp,sp,16
   17e66:	8082                	ret

0000000000017e68 <_lseek>:
   17e68:	03e00893          	li	a7,62
   17e6c:	00000073          	ecall
   17e70:	00054363          	bltz	a0,17e76 <_lseek+0xe>
   17e74:	8082                	ret
   17e76:	1101                	addi	sp,sp,-32
   17e78:	ec06                	sd	ra,24(sp)
   17e7a:	e42a                	sd	a0,8(sp)
   17e7c:	bc3ff0ef          	jal	17a3e <__errno>
   17e80:	67a2                	ld	a5,8(sp)
   17e82:	60e2                	ld	ra,24(sp)
   17e84:	40f007bb          	negw	a5,a5
   17e88:	c11c                	sw	a5,0(a0)
   17e8a:	57fd                	li	a5,-1
   17e8c:	853e                	mv	a0,a5
   17e8e:	6105                	addi	sp,sp,32
   17e90:	8082                	ret

0000000000017e92 <_read>:
   17e92:	03f00893          	li	a7,63
   17e96:	00000073          	ecall
   17e9a:	00054363          	bltz	a0,17ea0 <_read+0xe>
   17e9e:	8082                	ret
   17ea0:	1101                	addi	sp,sp,-32
   17ea2:	ec06                	sd	ra,24(sp)
   17ea4:	e42a                	sd	a0,8(sp)
   17ea6:	b99ff0ef          	jal	17a3e <__errno>
   17eaa:	67a2                	ld	a5,8(sp)
   17eac:	60e2                	ld	ra,24(sp)
   17eae:	40f007bb          	negw	a5,a5
   17eb2:	c11c                	sw	a5,0(a0)
   17eb4:	57fd                	li	a5,-1
   17eb6:	853e                	mv	a0,a5
   17eb8:	6105                	addi	sp,sp,32
   17eba:	8082                	ret

0000000000017ebc <_sbrk>:
   17ebc:	8c81b783          	ld	a5,-1848(gp) # 1b660 <heap_end.0>
   17ec0:	1141                	addi	sp,sp,-16
   17ec2:	e406                	sd	ra,8(sp)
   17ec4:	872a                	mv	a4,a0
   17ec6:	ef81                	bnez	a5,17ede <_sbrk+0x22>
   17ec8:	0d600893          	li	a7,214
   17ecc:	4501                	li	a0,0
   17ece:	00000073          	ecall
   17ed2:	57fd                	li	a5,-1
   17ed4:	02f50663          	beq	a0,a5,17f00 <_sbrk+0x44>
   17ed8:	87aa                	mv	a5,a0
   17eda:	8ca1b423          	sd	a0,-1848(gp) # 1b660 <heap_end.0>
   17ede:	00f70533          	add	a0,a4,a5
   17ee2:	0d600893          	li	a7,214
   17ee6:	00000073          	ecall
   17eea:	8c81b783          	ld	a5,-1848(gp) # 1b660 <heap_end.0>
   17eee:	973e                	add	a4,a4,a5
   17ef0:	00e51863          	bne	a0,a4,17f00 <_sbrk+0x44>
   17ef4:	60a2                	ld	ra,8(sp)
   17ef6:	8ca1b423          	sd	a0,-1848(gp) # 1b660 <heap_end.0>
   17efa:	853e                	mv	a0,a5
   17efc:	0141                	addi	sp,sp,16
   17efe:	8082                	ret
   17f00:	b3fff0ef          	jal	17a3e <__errno>
   17f04:	60a2                	ld	ra,8(sp)
   17f06:	47b1                	li	a5,12
   17f08:	c11c                	sw	a5,0(a0)
   17f0a:	557d                	li	a0,-1
   17f0c:	0141                	addi	sp,sp,16
   17f0e:	8082                	ret

0000000000017f10 <_write>:
   17f10:	04000893          	li	a7,64
   17f14:	00000073          	ecall
   17f18:	00054363          	bltz	a0,17f1e <_write+0xe>
   17f1c:	8082                	ret
   17f1e:	1101                	addi	sp,sp,-32
   17f20:	ec06                	sd	ra,24(sp)
   17f22:	e42a                	sd	a0,8(sp)
   17f24:	b1bff0ef          	jal	17a3e <__errno>
   17f28:	67a2                	ld	a5,8(sp)
   17f2a:	60e2                	ld	ra,24(sp)
   17f2c:	40f007bb          	negw	a5,a5
   17f30:	c11c                	sw	a5,0(a0)
   17f32:	57fd                	li	a5,-1
   17f34:	853e                	mv	a0,a5
   17f36:	6105                	addi	sp,sp,32
   17f38:	8082                	ret

0000000000017f3a <_conv_stat>:
   17f3a:	0005b383          	ld	t2,0(a1)
   17f3e:	0085b283          	ld	t0,8(a1)
   17f42:	0105af83          	lw	t6,16(a1)
   17f46:	0145af03          	lw	t5,20(a1)
   17f4a:	0185ae83          	lw	t4,24(a1)
   17f4e:	01c5ae03          	lw	t3,28(a1)
   17f52:	0205b303          	ld	t1,32(a1)
   17f56:	0305b883          	ld	a7,48(a1)
   17f5a:	0405b803          	ld	a6,64(a1)
   17f5e:	5d90                	lw	a2,56(a1)
   17f60:	65b4                	ld	a3,72(a1)
   17f62:	6db8                	ld	a4,88(a1)
   17f64:	75bc                	ld	a5,104(a1)
   17f66:	00751023          	sh	t2,0(a0)
   17f6a:	00551123          	sh	t0,2(a0)
   17f6e:	01f52223          	sw	t6,4(a0)
   17f72:	01e51423          	sh	t5,8(a0)
   17f76:	01d51523          	sh	t4,10(a0)
   17f7a:	01c51623          	sh	t3,12(a0)
   17f7e:	00651723          	sh	t1,14(a0)
   17f82:	01153823          	sd	a7,16(a0)
   17f86:	05053823          	sd	a6,80(a0)
   17f8a:	e530                	sd	a2,72(a0)
   17f8c:	ed14                	sd	a3,24(a0)
   17f8e:	f518                	sd	a4,40(a0)
   17f90:	fd1c                	sd	a5,56(a0)
   17f92:	8082                	ret

0000000000017f94 <__eqtf2>:
   17f94:	002027f3          	frrm	a5
   17f98:	68a1                	lui	a7,0x8
   17f9a:	0305d813          	srli	a6,a1,0x30
   17f9e:	18fd                	addi	a7,a7,-1 # 7fff <exit-0x8121>
   17fa0:	577d                	li	a4,-1
   17fa2:	8341                	srli	a4,a4,0x10
   17fa4:	0306d793          	srli	a5,a3,0x30
   17fa8:	01187833          	and	a6,a6,a7
   17fac:	00e5f333          	and	t1,a1,a4
   17fb0:	0117f7b3          	and	a5,a5,a7
   17fb4:	8f75                	and	a4,a4,a3
   17fb6:	91fd                	srli	a1,a1,0x3f
   17fb8:	92fd                	srli	a3,a3,0x3f
   17fba:	01181a63          	bne	a6,a7,17fce <__eqtf2+0x3a>
   17fbe:	006568b3          	or	a7,a0,t1
   17fc2:	02089063          	bnez	a7,17fe2 <__eqtf2+0x4e>
   17fc6:	01078663          	beq	a5,a6,17fd2 <__eqtf2+0x3e>
   17fca:	4785                	li	a5,1
   17fcc:	a0ad                	j	18036 <__eqtf2+0xa2>
   17fce:	05179063          	bne	a5,a7,1800e <__eqtf2+0x7a>
   17fd2:	00e668b3          	or	a7,a2,a4
   17fd6:	02088c63          	beqz	a7,1800e <__eqtf2+0x7a>
   17fda:	66a1                	lui	a3,0x8
   17fdc:	16fd                	addi	a3,a3,-1 # 7fff <exit-0x8121>
   17fde:	00d81e63          	bne	a6,a3,17ffa <__eqtf2+0x66>
   17fe2:	00656533          	or	a0,a0,t1
   17fe6:	c509                	beqz	a0,17ff0 <__eqtf2+0x5c>
   17fe8:	4685                	li	a3,1
   17fea:	16be                	slli	a3,a3,0x2f
   17fec:	00d36d63          	bltu	t1,a3,18006 <__eqtf2+0x72>
   17ff0:	66a1                	lui	a3,0x8
   17ff2:	16fd                	addi	a3,a3,-1 # 7fff <exit-0x8121>
   17ff4:	4505                	li	a0,1
   17ff6:	04d79263          	bne	a5,a3,1803a <__eqtf2+0xa6>
   17ffa:	8e59                	or	a2,a2,a4
   17ffc:	c619                	beqz	a2,1800a <__eqtf2+0x76>
   17ffe:	4785                	li	a5,1
   18000:	17be                	slli	a5,a5,0x2f
   18002:	00f77463          	bgeu	a4,a5,1800a <__eqtf2+0x76>
   18006:	00186073          	csrsi	fflags,16
   1800a:	4505                	li	a0,1
   1800c:	8082                	ret
   1800e:	40f807b3          	sub	a5,a6,a5
   18012:	8e09                	sub	a2,a2,a0
   18014:	00f037b3          	snez	a5,a5
   18018:	00c03633          	snez	a2,a2
   1801c:	8fd1                	or	a5,a5,a2
   1801e:	f7d5                	bnez	a5,17fca <__eqtf2+0x36>
   18020:	fae315e3          	bne	t1,a4,17fca <__eqtf2+0x36>
   18024:	00d58963          	beq	a1,a3,18036 <__eqtf2+0xa2>
   18028:	4785                	li	a5,1
   1802a:	00081663          	bnez	a6,18036 <__eqtf2+0xa2>
   1802e:	006567b3          	or	a5,a0,t1
   18032:	00f037b3          	snez	a5,a5
   18036:	853e                	mv	a0,a5
   18038:	8082                	ret
   1803a:	8082                	ret

000000000001803c <__getf2>:
   1803c:	002027f3          	frrm	a5
   18040:	67a1                	lui	a5,0x8
   18042:	0305d813          	srli	a6,a1,0x30
   18046:	17fd                	addi	a5,a5,-1 # 7fff <exit-0x8121>
   18048:	537d                	li	t1,-1
   1804a:	01035313          	srli	t1,t1,0x10
   1804e:	0306d713          	srli	a4,a3,0x30
   18052:	00f87833          	and	a6,a6,a5
   18056:	0065f8b3          	and	a7,a1,t1
   1805a:	8f7d                	and	a4,a4,a5
   1805c:	91fd                	srli	a1,a1,0x3f
   1805e:	03f6de13          	srli	t3,a3,0x3f
   18062:	04f80063          	beq	a6,a5,180a2 <__getf2+0x66>
   18066:	0066f6b3          	and	a3,a3,t1
   1806a:	6321                	lui	t1,0x8
   1806c:	137d                	addi	t1,t1,-1 # 7fff <exit-0x8121>
   1806e:	87ba                	mv	a5,a4
   18070:	00671663          	bne	a4,t1,1807c <__getf2+0x40>
   18074:	00c6e333          	or	t1,a3,a2
   18078:	02031863          	bnez	t1,180a8 <__getf2+0x6c>
   1807c:	4301                	li	t1,0
   1807e:	00081663          	bnez	a6,1808a <__getf2+0x4e>
   18082:	00a8e333          	or	t1,a7,a0
   18086:	00133313          	seqz	t1,t1
   1808a:	eb29                	bnez	a4,180dc <__getf2+0xa0>
   1808c:	00c6eeb3          	or	t4,a3,a2
   18090:	02030063          	beqz	t1,180b0 <__getf2+0x74>
   18094:	020e8263          	beqz	t4,180b8 <__getf2+0x7c>
   18098:	4785                	li	a5,1
   1809a:	000e1f63          	bnez	t3,180b8 <__getf2+0x7c>
   1809e:	57fd                	li	a5,-1
   180a0:	a821                	j	180b8 <__getf2+0x7c>
   180a2:	00a8e7b3          	or	a5,a7,a0
   180a6:	d3e1                	beqz	a5,18066 <__getf2+0x2a>
   180a8:	00186073          	csrsi	fflags,16
   180ac:	57f9                	li	a5,-2
   180ae:	a029                	j	180b8 <__getf2+0x7c>
   180b0:	020e9863          	bnez	t4,180e0 <__getf2+0xa4>
   180b4:	57fd                	li	a5,-1
   180b6:	cd85                	beqz	a1,180ee <__getf2+0xb2>
   180b8:	853e                	mv	a0,a5
   180ba:	8082                	ret
   180bc:	fce84ee3          	blt	a6,a4,18098 <__getf2+0x5c>
   180c0:	ff16eae3          	bltu	a3,a7,180b4 <__getf2+0x78>
   180c4:	00a67463          	bgeu	a2,a0,180cc <__getf2+0x90>
   180c8:	fed886e3          	beq	a7,a3,180b4 <__getf2+0x78>
   180cc:	00c56563          	bltu	a0,a2,180d6 <__getf2+0x9a>
   180d0:	4781                	li	a5,0
   180d2:	fed8f3e3          	bgeu	a7,a3,180b8 <__getf2+0x7c>
   180d6:	4785                	li	a5,1
   180d8:	f1e5                	bnez	a1,180b8 <__getf2+0x7c>
   180da:	b7d1                	j	1809e <__getf2+0x62>
   180dc:	fa031ee3          	bnez	t1,18098 <__getf2+0x5c>
   180e0:	fcbe1ae3          	bne	t3,a1,180b4 <__getf2+0x78>
   180e4:	fd075ce3          	bge	a4,a6,180bc <__getf2+0x80>
   180e8:	57fd                	li	a5,-1
   180ea:	fc0e17e3          	bnez	t3,180b8 <__getf2+0x7c>
   180ee:	4785                	li	a5,1
   180f0:	b7e1                	j	180b8 <__getf2+0x7c>

00000000000180f2 <__letf2>:
   180f2:	002027f3          	frrm	a5
   180f6:	67a1                	lui	a5,0x8
   180f8:	0305d813          	srli	a6,a1,0x30
   180fc:	17fd                	addi	a5,a5,-1 # 7fff <exit-0x8121>
   180fe:	537d                	li	t1,-1
   18100:	01035313          	srli	t1,t1,0x10
   18104:	0306d713          	srli	a4,a3,0x30
   18108:	00f87833          	and	a6,a6,a5
   1810c:	0065f8b3          	and	a7,a1,t1
   18110:	8f7d                	and	a4,a4,a5
   18112:	91fd                	srli	a1,a1,0x3f
   18114:	03f6de13          	srli	t3,a3,0x3f
   18118:	04f80063          	beq	a6,a5,18158 <__letf2+0x66>
   1811c:	0066f6b3          	and	a3,a3,t1
   18120:	6321                	lui	t1,0x8
   18122:	137d                	addi	t1,t1,-1 # 7fff <exit-0x8121>
   18124:	87ba                	mv	a5,a4
   18126:	00671663          	bne	a4,t1,18132 <__letf2+0x40>
   1812a:	00c6e333          	or	t1,a3,a2
   1812e:	02031863          	bnez	t1,1815e <__letf2+0x6c>
   18132:	4301                	li	t1,0
   18134:	00081663          	bnez	a6,18140 <__letf2+0x4e>
   18138:	00a8e333          	or	t1,a7,a0
   1813c:	00133313          	seqz	t1,t1
   18140:	eb29                	bnez	a4,18192 <__letf2+0xa0>
   18142:	00c6eeb3          	or	t4,a3,a2
   18146:	02030063          	beqz	t1,18166 <__letf2+0x74>
   1814a:	020e8263          	beqz	t4,1816e <__letf2+0x7c>
   1814e:	4785                	li	a5,1
   18150:	000e1f63          	bnez	t3,1816e <__letf2+0x7c>
   18154:	57fd                	li	a5,-1
   18156:	a821                	j	1816e <__letf2+0x7c>
   18158:	00a8e7b3          	or	a5,a7,a0
   1815c:	d3e1                	beqz	a5,1811c <__letf2+0x2a>
   1815e:	00186073          	csrsi	fflags,16
   18162:	4789                	li	a5,2
   18164:	a029                	j	1816e <__letf2+0x7c>
   18166:	020e9863          	bnez	t4,18196 <__letf2+0xa4>
   1816a:	57fd                	li	a5,-1
   1816c:	cd85                	beqz	a1,181a4 <__letf2+0xb2>
   1816e:	853e                	mv	a0,a5
   18170:	8082                	ret
   18172:	fce84ee3          	blt	a6,a4,1814e <__letf2+0x5c>
   18176:	ff16eae3          	bltu	a3,a7,1816a <__letf2+0x78>
   1817a:	00a67463          	bgeu	a2,a0,18182 <__letf2+0x90>
   1817e:	fed886e3          	beq	a7,a3,1816a <__letf2+0x78>
   18182:	00c56563          	bltu	a0,a2,1818c <__letf2+0x9a>
   18186:	4781                	li	a5,0
   18188:	fed8f3e3          	bgeu	a7,a3,1816e <__letf2+0x7c>
   1818c:	4785                	li	a5,1
   1818e:	f1e5                	bnez	a1,1816e <__letf2+0x7c>
   18190:	b7d1                	j	18154 <__letf2+0x62>
   18192:	fa031ee3          	bnez	t1,1814e <__letf2+0x5c>
   18196:	fcbe1ae3          	bne	t3,a1,1816a <__letf2+0x78>
   1819a:	fd075ce3          	bge	a4,a6,18172 <__letf2+0x80>
   1819e:	57fd                	li	a5,-1
   181a0:	fc0e17e3          	bnez	t3,1816e <__letf2+0x7c>
   181a4:	4785                	li	a5,1
   181a6:	b7e1                	j	1816e <__letf2+0x7c>

00000000000181a8 <__multf3>:
   181a8:	711d                	addi	sp,sp,-96
   181aa:	e8a2                	sd	s0,80(sp)
   181ac:	f852                	sd	s4,48(sp)
   181ae:	e862                	sd	s8,16(sp)
   181b0:	ec86                	sd	ra,88(sp)
   181b2:	e4a6                	sd	s1,72(sp)
   181b4:	e0ca                	sd	s2,64(sp)
   181b6:	fc4e                	sd	s3,56(sp)
   181b8:	f456                	sd	s5,40(sp)
   181ba:	f05a                	sd	s6,32(sp)
   181bc:	ec5e                	sd	s7,24(sp)
   181be:	e466                	sd	s9,8(sp)
   181c0:	842a                	mv	s0,a0
   181c2:	8c32                	mv	s8,a2
   181c4:	8a36                	mv	s4,a3
   181c6:	002029f3          	frrm	s3
   181ca:	67a1                	lui	a5,0x8
   181cc:	0305db13          	srli	s6,a1,0x30
   181d0:	17fd                	addi	a5,a5,-1 # 7fff <exit-0x8121>
   181d2:	01059913          	slli	s2,a1,0x10
   181d6:	00fb7b33          	and	s6,s6,a5
   181da:	2981                	sext.w	s3,s3
   181dc:	01095913          	srli	s2,s2,0x10
   181e0:	03f5da93          	srli	s5,a1,0x3f
   181e4:	020b0563          	beqz	s6,1820e <__multf3+0x66>
   181e8:	08fb0363          	beq	s6,a5,1826e <__multf3+0xc6>
   181ec:	090e                	slli	s2,s2,0x3
   181ee:	03d55793          	srli	a5,a0,0x3d
   181f2:	0127e7b3          	or	a5,a5,s2
   181f6:	4905                	li	s2,1
   181f8:	194e                	slli	s2,s2,0x33
   181fa:	0127e933          	or	s2,a5,s2
   181fe:	77f1                	lui	a5,0xffffc
   18200:	0785                	addi	a5,a5,1 # ffffffffffffc001 <__BSS_END__+0xfffffffffffde3e9>
   18202:	00351b93          	slli	s7,a0,0x3
   18206:	9b3e                	add	s6,s6,a5
   18208:	4c81                	li	s9,0
   1820a:	4481                	li	s1,0
   1820c:	a8b5                	j	18288 <__multf3+0xe0>
   1820e:	01256bb3          	or	s7,a0,s2
   18212:	0e0b8963          	beqz	s7,18304 <__multf3+0x15c>
   18216:	02090d63          	beqz	s2,18250 <__multf3+0xa8>
   1821a:	854a                	mv	a0,s2
   1821c:	7a5000ef          	jal	191c0 <__clzdi2>
   18220:	2501                	sext.w	a0,a0
   18222:	ff150793          	addi	a5,a0,-15
   18226:	03d00713          	li	a4,61
   1822a:	0037869b          	addiw	a3,a5,3
   1822e:	40f707bb          	subw	a5,a4,a5
   18232:	00d91933          	sll	s2,s2,a3
   18236:	00f457b3          	srl	a5,s0,a5
   1823a:	0127e7b3          	or	a5,a5,s2
   1823e:	00d41933          	sll	s2,s0,a3
   18242:	7b71                	lui	s6,0xffffc
   18244:	0b45                	addi	s6,s6,17 # ffffffffffffc011 <__BSS_END__+0xfffffffffffde3f9>
   18246:	8bca                	mv	s7,s2
   18248:	40ab0b33          	sub	s6,s6,a0
   1824c:	893e                	mv	s2,a5
   1824e:	bf6d                	j	18208 <__multf3+0x60>
   18250:	771000ef          	jal	191c0 <__clzdi2>
   18254:	0405051b          	addiw	a0,a0,64
   18258:	ff150793          	addi	a5,a0,-15
   1825c:	03c00713          	li	a4,60
   18260:	fcf753e3          	bge	a4,a5,18226 <__multf3+0x7e>
   18264:	fc37879b          	addiw	a5,a5,-61
   18268:	00f417b3          	sll	a5,s0,a5
   1826c:	bfd9                	j	18242 <__multf3+0x9a>
   1826e:	01256bb3          	or	s7,a0,s2
   18272:	080b8d63          	beqz	s7,1830c <__multf3+0x164>
   18276:	4485                	li	s1,1
   18278:	14be                	slli	s1,s1,0x2f
   1827a:	009934b3          	sltu	s1,s2,s1
   1827e:	0044949b          	slliw	s1,s1,0x4
   18282:	8baa                	mv	s7,a0
   18284:	2b01                	sext.w	s6,s6
   18286:	4c8d                	li	s9,3
   18288:	56fd                	li	a3,-1
   1828a:	6621                	lui	a2,0x8
   1828c:	030a5713          	srli	a4,s4,0x30
   18290:	9636                	add	a2,a2,a3
   18292:	0106d413          	srli	s0,a3,0x10
   18296:	8f71                	and	a4,a4,a2
   18298:	008a7433          	and	s0,s4,s0
   1829c:	87e2                	mv	a5,s8
   1829e:	03fa5a13          	srli	s4,s4,0x3f
   182a2:	cb2d                	beqz	a4,18314 <__multf3+0x16c>
   182a4:	0cc70663          	beq	a4,a2,18370 <__multf3+0x1c8>
   182a8:	040e                	slli	s0,s0,0x3
   182aa:	03dc5693          	srli	a3,s8,0x3d
   182ae:	8ec1                	or	a3,a3,s0
   182b0:	4405                	li	s0,1
   182b2:	144e                	slli	s0,s0,0x33
   182b4:	8c55                	or	s0,s0,a3
   182b6:	76f1                	lui	a3,0xffffc
   182b8:	0685                	addi	a3,a3,1 # ffffffffffffc001 <__BSS_END__+0xfffffffffffde3e9>
   182ba:	003c1793          	slli	a5,s8,0x3
   182be:	9736                	add	a4,a4,a3
   182c0:	4881                	li	a7,0
   182c2:	002c9693          	slli	a3,s9,0x2
   182c6:	01670833          	add	a6,a4,s6
   182ca:	0116e6b3          	or	a3,a3,a7
   182ce:	4729                	li	a4,10
   182d0:	00180593          	addi	a1,a6,1
   182d4:	0cd74f63          	blt	a4,a3,183b2 <__multf3+0x20a>
   182d8:	4509                	li	a0,2
   182da:	014ac633          	xor	a2,s5,s4
   182de:	4705                	li	a4,1
   182e0:	0ad54b63          	blt	a0,a3,18396 <__multf3+0x1ee>
   182e4:	16fd                	addi	a3,a3,-1
   182e6:	0ed76063          	bltu	a4,a3,183c6 <__multf3+0x21e>
   182ea:	8cc6                	mv	s9,a7
   182ec:	4709                	li	a4,2
   182ee:	4cec8263          	beq	s9,a4,187b2 <__multf3+0x60a>
   182f2:	468d                	li	a3,3
   182f4:	4705                	li	a4,1
   182f6:	4adc8863          	beq	s9,a3,187a6 <__multf3+0x5fe>
   182fa:	26ec9763          	bne	s9,a4,18568 <__multf3+0x3c0>
   182fe:	4701                	li	a4,0
   18300:	4501                	li	a0,0
   18302:	a151                	j	18786 <__multf3+0x5de>
   18304:	4901                	li	s2,0
   18306:	4b01                	li	s6,0
   18308:	4c85                	li	s9,1
   1830a:	b701                	j	1820a <__multf3+0x62>
   1830c:	4901                	li	s2,0
   1830e:	2b01                	sext.w	s6,s6
   18310:	4c89                	li	s9,2
   18312:	bde5                	j	1820a <__multf3+0x62>
   18314:	008c67b3          	or	a5,s8,s0
   18318:	c7b5                	beqz	a5,18384 <__multf3+0x1dc>
   1831a:	c81d                	beqz	s0,18350 <__multf3+0x1a8>
   1831c:	8522                	mv	a0,s0
   1831e:	6a3000ef          	jal	191c0 <__clzdi2>
   18322:	2501                	sext.w	a0,a0
   18324:	ff150793          	addi	a5,a0,-15
   18328:	03d00713          	li	a4,61
   1832c:	0037861b          	addiw	a2,a5,3
   18330:	40f707bb          	subw	a5,a4,a5
   18334:	00c41433          	sll	s0,s0,a2
   18338:	00fc57b3          	srl	a5,s8,a5
   1833c:	0087e6b3          	or	a3,a5,s0
   18340:	00cc1433          	sll	s0,s8,a2
   18344:	7771                	lui	a4,0xffffc
   18346:	0745                	addi	a4,a4,17 # ffffffffffffc011 <__BSS_END__+0xfffffffffffde3f9>
   18348:	87a2                	mv	a5,s0
   1834a:	8f09                	sub	a4,a4,a0
   1834c:	8436                	mv	s0,a3
   1834e:	bf8d                	j	182c0 <__multf3+0x118>
   18350:	8562                	mv	a0,s8
   18352:	66f000ef          	jal	191c0 <__clzdi2>
   18356:	0405051b          	addiw	a0,a0,64
   1835a:	ff150793          	addi	a5,a0,-15
   1835e:	03c00713          	li	a4,60
   18362:	fcf753e3          	bge	a4,a5,18328 <__multf3+0x180>
   18366:	fc37879b          	addiw	a5,a5,-61
   1836a:	00fc16b3          	sll	a3,s8,a5
   1836e:	bfd9                	j	18344 <__multf3+0x19c>
   18370:	008c6633          	or	a2,s8,s0
   18374:	ce01                	beqz	a2,1838c <__multf3+0x1e4>
   18376:	82c5                	srli	a3,a3,0x11
   18378:	2701                	sext.w	a4,a4
   1837a:	488d                	li	a7,3
   1837c:	f486e3e3          	bltu	a3,s0,182c2 <__multf3+0x11a>
   18380:	44c1                	li	s1,16
   18382:	b781                	j	182c2 <__multf3+0x11a>
   18384:	4401                	li	s0,0
   18386:	4701                	li	a4,0
   18388:	4885                	li	a7,1
   1838a:	bf25                	j	182c2 <__multf3+0x11a>
   1838c:	4401                	li	s0,0
   1838e:	4781                	li	a5,0
   18390:	2701                	sext.w	a4,a4
   18392:	4889                	li	a7,2
   18394:	b73d                	j	182c2 <__multf3+0x11a>
   18396:	00d716b3          	sll	a3,a4,a3
   1839a:	5306f513          	andi	a0,a3,1328
   1839e:	e10d                	bnez	a0,183c0 <__multf3+0x218>
   183a0:	2406f313          	andi	t1,a3,576
   183a4:	3e031a63          	bnez	t1,18798 <__multf3+0x5f0>
   183a8:	0886f693          	andi	a3,a3,136
   183ac:	ce89                	beqz	a3,183c6 <__multf3+0x21e>
   183ae:	8652                	mv	a2,s4
   183b0:	bf2d                	j	182ea <__multf3+0x142>
   183b2:	473d                	li	a4,15
   183b4:	3ee68863          	beq	a3,a4,187a4 <__multf3+0x5fc>
   183b8:	472d                	li	a4,11
   183ba:	8656                	mv	a2,s5
   183bc:	fee689e3          	beq	a3,a4,183ae <__multf3+0x206>
   183c0:	844a                	mv	s0,s2
   183c2:	87de                	mv	a5,s7
   183c4:	b725                	j	182ec <__multf3+0x144>
   183c6:	008786b3          	add	a3,a5,s0
   183ca:	020bd513          	srli	a0,s7,0x20
   183ce:	0207d893          	srli	a7,a5,0x20
   183d2:	01790733          	add	a4,s2,s7
   183d6:	00f6bfb3          	sltu	t6,a3,a5
   183da:	1b82                	slli	s7,s7,0x20
   183dc:	1782                	slli	a5,a5,0x20
   183de:	020bdb93          	srli	s7,s7,0x20
   183e2:	9381                	srli	a5,a5,0x20
   183e4:	03778eb3          	mul	t4,a5,s7
   183e8:	01273f33          	sltu	t5,a4,s2
   183ec:	02f507b3          	mul	a5,a0,a5
   183f0:	03150533          	mul	a0,a0,a7
   183f4:	037888b3          	mul	a7,a7,s7
   183f8:	00f88333          	add	t1,a7,a5
   183fc:	020ed893          	srli	a7,t4,0x20
   18400:	989a                	add	a7,a7,t1
   18402:	00f8f563          	bgeu	a7,a5,1840c <__multf3+0x264>
   18406:	4785                	li	a5,1
   18408:	1782                	slli	a5,a5,0x20
   1840a:	953e                	add	a0,a0,a5
   1840c:	0208de13          	srli	t3,a7,0x20
   18410:	9e2a                	add	t3,t3,a0
   18412:	1e82                	slli	t4,t4,0x20
   18414:	02071313          	slli	t1,a4,0x20
   18418:	02069513          	slli	a0,a3,0x20
   1841c:	02035313          	srli	t1,t1,0x20
   18420:	020ede93          	srli	t4,t4,0x20
   18424:	02075293          	srli	t0,a4,0x20
   18428:	0206d793          	srli	a5,a3,0x20
   1842c:	9101                	srli	a0,a0,0x20
   1842e:	1882                	slli	a7,a7,0x20
   18430:	98f6                	add	a7,a7,t4
   18432:	02650eb3          	mul	t4,a0,t1
   18436:	02a28533          	mul	a0,t0,a0
   1843a:	02f282b3          	mul	t0,t0,a5
   1843e:	026787b3          	mul	a5,a5,t1
   18442:	020ed313          	srli	t1,t4,0x20
   18446:	97aa                	add	a5,a5,a0
   18448:	933e                	add	t1,t1,a5
   1844a:	00a37563          	bgeu	t1,a0,18454 <__multf3+0x2ac>
   1844e:	4785                	li	a5,1
   18450:	1782                	slli	a5,a5,0x20
   18452:	92be                	add	t0,t0,a5
   18454:	02095393          	srli	t2,s2,0x20
   18458:	02045793          	srli	a5,s0,0x20
   1845c:	1902                	slli	s2,s2,0x20
   1845e:	1402                	slli	s0,s0,0x20
   18460:	02095913          	srli	s2,s2,0x20
   18464:	9001                	srli	s0,s0,0x20
   18466:	03240a33          	mul	s4,s0,s2
   1846a:	1e82                	slli	t4,t4,0x20
   1846c:	020ede93          	srli	t4,t4,0x20
   18470:	02035513          	srli	a0,t1,0x20
   18474:	1302                	slli	t1,t1,0x20
   18476:	9376                	add	t1,t1,t4
   18478:	02838433          	mul	s0,t2,s0
   1847c:	02f383b3          	mul	t2,t2,a5
   18480:	032787b3          	mul	a5,a5,s2
   18484:	00878eb3          	add	t4,a5,s0
   18488:	020a5793          	srli	a5,s4,0x20
   1848c:	97f6                	add	a5,a5,t4
   1848e:	0087f563          	bgeu	a5,s0,18498 <__multf3+0x2f0>
   18492:	4e85                	li	t4,1
   18494:	1e82                	slli	t4,t4,0x20
   18496:	93f6                	add	t2,t2,t4
   18498:	0207de93          	srli	t4,a5,0x20
   1849c:	9e9e                	add	t4,t4,t2
   1849e:	020a1393          	slli	t2,s4,0x20
   184a2:	0203d393          	srli	t2,t2,0x20
   184a6:	1782                	slli	a5,a5,0x20
   184a8:	979e                	add	a5,a5,t2
   184aa:	41f003b3          	neg	t2,t6
   184ae:	00777733          	and	a4,a4,t2
   184b2:	41e003b3          	neg	t2,t5
   184b6:	0076f6b3          	and	a3,a3,t2
   184ba:	01c303b3          	add	t2,t1,t3
   184be:	0063b333          	sltu	t1,t2,t1
   184c2:	951a                	add	a0,a0,t1
   184c4:	9516                	add	a0,a0,t0
   184c6:	01ff7f33          	and	t5,t5,t6
   184ca:	00653333          	sltu	t1,a0,t1
   184ce:	972a                	add	a4,a4,a0
   184d0:	937a                	add	t1,t1,t5
   184d2:	00a73533          	sltu	a0,a4,a0
   184d6:	9736                	add	a4,a4,a3
   184d8:	951a                	add	a0,a0,t1
   184da:	00d736b3          	sltu	a3,a4,a3
   184de:	41c70fb3          	sub	t6,a4,t3
   184e2:	96aa                	add	a3,a3,a0
   184e4:	40ee0e33          	sub	t3,t3,a4
   184e8:	41138533          	sub	a0,t2,a7
   184ec:	00a3b333          	sltu	t1,t2,a0
   184f0:	001e3e13          	seqz	t3,t3
   184f4:	406f8f33          	sub	t5,t6,t1
   184f8:	01f73733          	sltu	a4,a4,t6
   184fc:	01c37333          	and	t1,t1,t3
   18500:	00676733          	or	a4,a4,t1
   18504:	40f50333          	sub	t1,a0,a5
   18508:	00653533          	sltu	a0,a0,t1
   1850c:	41df0fb3          	sub	t6,t5,t4
   18510:	40a78e33          	sub	t3,a5,a0
   18514:	9e7e                	add	t3,t3,t6
   18516:	8e99                	sub	a3,a3,a4
   18518:	00fe3733          	sltu	a4,t3,a5
   1851c:	001fb793          	seqz	a5,t6
   18520:	96f6                	add	a3,a3,t4
   18522:	8d7d                	and	a0,a0,a5
   18524:	01ff37b3          	sltu	a5,t5,t6
   18528:	9736                	add	a4,a4,a3
   1852a:	8fc9                	or	a5,a5,a0
   1852c:	8f1d                	sub	a4,a4,a5
   1852e:	00d31793          	slli	a5,t1,0xd
   18532:	0117e7b3          	or	a5,a5,a7
   18536:	00f037b3          	snez	a5,a5
   1853a:	03335313          	srli	t1,t1,0x33
   1853e:	0736                	slli	a4,a4,0xd
   18540:	00de1693          	slli	a3,t3,0xd
   18544:	0067e7b3          	or	a5,a5,t1
   18548:	033e5413          	srli	s0,t3,0x33
   1854c:	8fd5                	or	a5,a5,a3
   1854e:	00b71693          	slli	a3,a4,0xb
   18552:	8c59                	or	s0,s0,a4
   18554:	0406d963          	bgez	a3,185a6 <__multf3+0x3fe>
   18558:	0017d713          	srli	a4,a5,0x1
   1855c:	8b85                	andi	a5,a5,1
   1855e:	8f5d                	or	a4,a4,a5
   18560:	03f41793          	slli	a5,s0,0x3f
   18564:	8fd9                	or	a5,a5,a4
   18566:	8005                	srli	s0,s0,0x1
   18568:	6691                	lui	a3,0x4
   1856a:	16fd                	addi	a3,a3,-1 # 3fff <exit-0xc121>
   1856c:	96ae                	add	a3,a3,a1
   1856e:	0cd05663          	blez	a3,1863a <__multf3+0x492>
   18572:	0077f713          	andi	a4,a5,7
   18576:	cf1d                	beqz	a4,185b4 <__multf3+0x40c>
   18578:	0014e493          	ori	s1,s1,1
   1857c:	4709                	li	a4,2
   1857e:	2481                	sext.w	s1,s1
   18580:	02e98963          	beq	s3,a4,185b2 <__multf3+0x40a>
   18584:	470d                	li	a4,3
   18586:	02e98263          	beq	s3,a4,185aa <__multf3+0x402>
   1858a:	02099563          	bnez	s3,185b4 <__multf3+0x40c>
   1858e:	00f7f713          	andi	a4,a5,15
   18592:	4511                	li	a0,4
   18594:	02a70063          	beq	a4,a0,185b4 <__multf3+0x40c>
   18598:	00a78733          	add	a4,a5,a0
   1859c:	00f73533          	sltu	a0,a4,a5
   185a0:	942a                	add	s0,s0,a0
   185a2:	87ba                	mv	a5,a4
   185a4:	a801                	j	185b4 <__multf3+0x40c>
   185a6:	85c2                	mv	a1,a6
   185a8:	b7c1                	j	18568 <__multf3+0x3c0>
   185aa:	e609                	bnez	a2,185b4 <__multf3+0x40c>
   185ac:	00878713          	addi	a4,a5,8
   185b0:	b7f5                	j	1859c <__multf3+0x3f4>
   185b2:	fe6d                	bnez	a2,185ac <__multf3+0x404>
   185b4:	00b41713          	slli	a4,s0,0xb
   185b8:	00075863          	bgez	a4,185c8 <__multf3+0x420>
   185bc:	577d                	li	a4,-1
   185be:	1752                	slli	a4,a4,0x34
   185c0:	177d                	addi	a4,a4,-1
   185c2:	6691                	lui	a3,0x4
   185c4:	8c79                	and	s0,s0,a4
   185c6:	96ae                	add	a3,a3,a1
   185c8:	65a1                	lui	a1,0x8
   185ca:	ffe58713          	addi	a4,a1,-2 # 7ffe <exit-0x8122>
   185ce:	04d74063          	blt	a4,a3,1860e <__multf3+0x466>
   185d2:	838d                	srli	a5,a5,0x3
   185d4:	03d41513          	slli	a0,s0,0x3d
   185d8:	8d5d                	or	a0,a0,a5
   185da:	00345713          	srli	a4,s0,0x3
   185de:	00f6161b          	slliw	a2,a2,0xf
   185e2:	01071593          	slli	a1,a4,0x10
   185e6:	8e55                	or	a2,a2,a3
   185e8:	1642                	slli	a2,a2,0x30
   185ea:	81c1                	srli	a1,a1,0x10
   185ec:	8dd1                	or	a1,a1,a2
   185ee:	c099                	beqz	s1,185f4 <__multf3+0x44c>
   185f0:	0014a073          	csrs	fflags,s1
   185f4:	60e6                	ld	ra,88(sp)
   185f6:	6446                	ld	s0,80(sp)
   185f8:	64a6                	ld	s1,72(sp)
   185fa:	6906                	ld	s2,64(sp)
   185fc:	79e2                	ld	s3,56(sp)
   185fe:	7a42                	ld	s4,48(sp)
   18600:	7aa2                	ld	s5,40(sp)
   18602:	7b02                	ld	s6,32(sp)
   18604:	6be2                	ld	s7,24(sp)
   18606:	6c42                	ld	s8,16(sp)
   18608:	6ca2                	ld	s9,8(sp)
   1860a:	6125                	addi	sp,sp,96
   1860c:	8082                	ret
   1860e:	4789                	li	a5,2
   18610:	02f98363          	beq	s3,a5,18636 <__multf3+0x48e>
   18614:	478d                	li	a5,3
   18616:	00f98863          	beq	s3,a5,18626 <__multf3+0x47e>
   1861a:	00099763          	bnez	s3,18628 <__multf3+0x480>
   1861e:	4501                	li	a0,0
   18620:	fff58693          	addi	a3,a1,-1
   18624:	a021                	j	1862c <__multf3+0x484>
   18626:	de65                	beqz	a2,1861e <__multf3+0x476>
   18628:	557d                	li	a0,-1
   1862a:	86ba                	mv	a3,a4
   1862c:	0054e493          	ori	s1,s1,5
   18630:	2481                	sext.w	s1,s1
   18632:	872a                	mv	a4,a0
   18634:	b76d                	j	185de <__multf3+0x436>
   18636:	f665                	bnez	a2,1861e <__multf3+0x476>
   18638:	bfc5                	j	18628 <__multf3+0x480>
   1863a:	e2cd                	bnez	a3,186dc <__multf3+0x534>
   1863c:	0077f693          	andi	a3,a5,7
   18640:	8722                	mv	a4,s0
   18642:	ce85                	beqz	a3,1867a <__multf3+0x4d2>
   18644:	0014e493          	ori	s1,s1,1
   18648:	4689                	li	a3,2
   1864a:	2481                	sext.w	s1,s1
   1864c:	02d98663          	beq	s3,a3,18678 <__multf3+0x4d0>
   18650:	468d                	li	a3,3
   18652:	00d98f63          	beq	s3,a3,18670 <__multf3+0x4c8>
   18656:	02099263          	bnez	s3,1867a <__multf3+0x4d2>
   1865a:	00f7f693          	andi	a3,a5,15
   1865e:	4591                	li	a1,4
   18660:	00b68d63          	beq	a3,a1,1867a <__multf3+0x4d2>
   18664:	ffc7b713          	sltiu	a4,a5,-4
   18668:	00173713          	seqz	a4,a4
   1866c:	9722                	add	a4,a4,s0
   1866e:	a031                	j	1867a <__multf3+0x4d2>
   18670:	e609                	bnez	a2,1867a <__multf3+0x4d2>
   18672:	ff87b713          	sltiu	a4,a5,-8
   18676:	bfcd                	j	18668 <__multf3+0x4c0>
   18678:	fe6d                	bnez	a2,18672 <__multf3+0x4ca>
   1867a:	03475593          	srli	a1,a4,0x34
   1867e:	8985                	andi	a1,a1,1
   18680:	0015c593          	xori	a1,a1,1
   18684:	4705                	li	a4,1
   18686:	04000513          	li	a0,64
   1868a:	9d19                	subw	a0,a0,a4
   1868c:	00e7d833          	srl	a6,a5,a4
   18690:	00a416b3          	sll	a3,s0,a0
   18694:	00a79533          	sll	a0,a5,a0
   18698:	0106e6b3          	or	a3,a3,a6
   1869c:	00a03533          	snez	a0,a0
   186a0:	00a6e7b3          	or	a5,a3,a0
   186a4:	00e45733          	srl	a4,s0,a4
   186a8:	0077f693          	andi	a3,a5,7
   186ac:	ceb5                	beqz	a3,18728 <__multf3+0x580>
   186ae:	0014e493          	ori	s1,s1,1
   186b2:	4689                	li	a3,2
   186b4:	2481                	sext.w	s1,s1
   186b6:	06d98863          	beq	s3,a3,18726 <__multf3+0x57e>
   186ba:	468d                	li	a3,3
   186bc:	06d98163          	beq	s3,a3,1871e <__multf3+0x576>
   186c0:	06099463          	bnez	s3,18728 <__multf3+0x580>
   186c4:	00f7f693          	andi	a3,a5,15
   186c8:	4511                	li	a0,4
   186ca:	04a68f63          	beq	a3,a0,18728 <__multf3+0x580>
   186ce:	00a786b3          	add	a3,a5,a0
   186d2:	00f6b533          	sltu	a0,a3,a5
   186d6:	972a                	add	a4,a4,a0
   186d8:	87b6                	mv	a5,a3
   186da:	a0b9                	j	18728 <__multf3+0x580>
   186dc:	f8d00713          	li	a4,-115
   186e0:	06e6cf63          	blt	a3,a4,1875e <__multf3+0x5b6>
   186e4:	4585                	li	a1,1
   186e6:	fc200513          	li	a0,-62
   186ea:	40d58733          	sub	a4,a1,a3
   186ee:	f8a6dce3          	bge	a3,a0,18686 <__multf3+0x4de>
   186f2:	fc07059b          	addiw	a1,a4,-64
   186f6:	fc100813          	li	a6,-63
   186fa:	00b455b3          	srl	a1,s0,a1
   186fe:	4501                	li	a0,0
   18700:	01068763          	beq	a3,a6,1870e <__multf3+0x566>
   18704:	08000513          	li	a0,128
   18708:	9d19                	subw	a0,a0,a4
   1870a:	00a41533          	sll	a0,s0,a0
   1870e:	8d5d                	or	a0,a0,a5
   18710:	00a03533          	snez	a0,a0
   18714:	00a5e7b3          	or	a5,a1,a0
   18718:	4701                	li	a4,0
   1871a:	4585                	li	a1,1
   1871c:	b771                	j	186a8 <__multf3+0x500>
   1871e:	e609                	bnez	a2,18728 <__multf3+0x580>
   18720:	00878693          	addi	a3,a5,8
   18724:	b77d                	j	186d2 <__multf3+0x52a>
   18726:	fe6d                	bnez	a2,18720 <__multf3+0x578>
   18728:	00c71693          	slli	a3,a4,0xc
   1872c:	0206d263          	bgez	a3,18750 <__multf3+0x5a8>
   18730:	0014e493          	ori	s1,s1,1
   18734:	2481                	sext.w	s1,s1
   18736:	4701                	li	a4,0
   18738:	4501                	li	a0,0
   1873a:	4685                	li	a3,1
   1873c:	ea0581e3          	beqz	a1,185de <__multf3+0x436>
   18740:	0014f793          	andi	a5,s1,1
   18744:	0017979b          	slliw	a5,a5,0x1
   18748:	8fc5                	or	a5,a5,s1
   1874a:	0007849b          	sext.w	s1,a5
   1874e:	bd41                	j	185de <__multf3+0x436>
   18750:	03d71513          	slli	a0,a4,0x3d
   18754:	838d                	srli	a5,a5,0x3
   18756:	8d5d                	or	a0,a0,a5
   18758:	830d                	srli	a4,a4,0x3
   1875a:	4681                	li	a3,0
   1875c:	b7c5                	j	1873c <__multf3+0x594>
   1875e:	00f46533          	or	a0,s0,a5
   18762:	cd11                	beqz	a0,1877e <__multf3+0x5d6>
   18764:	4789                	li	a5,2
   18766:	0014e493          	ori	s1,s1,1
   1876a:	02f98463          	beq	s3,a5,18792 <__multf3+0x5ea>
   1876e:	478d                	li	a5,3
   18770:	00f98d63          	beq	s3,a5,1878a <__multf3+0x5e2>
   18774:	4505                	li	a0,1
   18776:	00099363          	bnez	s3,1877c <__multf3+0x5d4>
   1877a:	4515                	li	a0,5
   1877c:	810d                	srli	a0,a0,0x3
   1877e:	0024e493          	ori	s1,s1,2
   18782:	2481                	sext.w	s1,s1
   18784:	4701                	li	a4,0
   18786:	4681                	li	a3,0
   18788:	bd99                	j	185de <__multf3+0x436>
   1878a:	4525                	li	a0,9
   1878c:	da65                	beqz	a2,1877c <__multf3+0x5d4>
   1878e:	4505                	li	a0,1
   18790:	b7f5                	j	1877c <__multf3+0x5d4>
   18792:	4525                	li	a0,9
   18794:	f665                	bnez	a2,1877c <__multf3+0x5d4>
   18796:	bfe5                	j	1878e <__multf3+0x5e6>
   18798:	66a1                	lui	a3,0x8
   1879a:	173e                	slli	a4,a4,0x2f
   1879c:	16fd                	addi	a3,a3,-1 # 7fff <exit-0x8121>
   1879e:	4601                	li	a2,0
   187a0:	44c1                	li	s1,16
   187a2:	bd35                	j	185de <__multf3+0x436>
   187a4:	4705                	li	a4,1
   187a6:	66a1                	lui	a3,0x8
   187a8:	173e                	slli	a4,a4,0x2f
   187aa:	4501                	li	a0,0
   187ac:	16fd                	addi	a3,a3,-1 # 7fff <exit-0x8121>
   187ae:	4601                	li	a2,0
   187b0:	b53d                	j	185de <__multf3+0x436>
   187b2:	66a1                	lui	a3,0x8
   187b4:	4701                	li	a4,0
   187b6:	4501                	li	a0,0
   187b8:	16fd                	addi	a3,a3,-1 # 7fff <exit-0x8121>
   187ba:	b515                	j	185de <__multf3+0x436>

00000000000187bc <__subtf3>:
   187bc:	7179                	addi	sp,sp,-48
   187be:	f406                	sd	ra,40(sp)
   187c0:	f022                	sd	s0,32(sp)
   187c2:	ec26                	sd	s1,24(sp)
   187c4:	e84a                	sd	s2,16(sp)
   187c6:	e44e                	sd	s3,8(sp)
   187c8:	e052                	sd	s4,0(sp)
   187ca:	002029f3          	frrm	s3
   187ce:	577d                	li	a4,-1
   187d0:	8341                	srli	a4,a4,0x10
   187d2:	0305d813          	srli	a6,a1,0x30
   187d6:	03f5d913          	srli	s2,a1,0x3f
   187da:	8df9                	and	a1,a1,a4
   187dc:	058e                	slli	a1,a1,0x3
   187de:	03d55313          	srli	t1,a0,0x3d
   187e2:	67a1                	lui	a5,0x8
   187e4:	17fd                	addi	a5,a5,-1 # 7fff <exit-0x8121>
   187e6:	0306de93          	srli	t4,a3,0x30
   187ea:	00b36333          	or	t1,t1,a1
   187ee:	03f6d593          	srli	a1,a3,0x3f
   187f2:	8ef9                	and	a3,a3,a4
   187f4:	03d65e13          	srli	t3,a2,0x3d
   187f8:	00f87833          	and	a6,a6,a5
   187fc:	068e                	slli	a3,a3,0x3
   187fe:	00fefeb3          	and	t4,t4,a5
   18802:	2981                	sext.w	s3,s3
   18804:	84c2                	mv	s1,a6
   18806:	050e                	slli	a0,a0,0x3
   18808:	00de6e33          	or	t3,t3,a3
   1880c:	060e                	slli	a2,a2,0x3
   1880e:	00fe9563          	bne	t4,a5,18818 <__subtf3+0x5c>
   18812:	00ce67b3          	or	a5,t3,a2
   18816:	e399                	bnez	a5,1881c <__subtf3+0x60>
   18818:	0015c593          	xori	a1,a1,1
   1881c:	68a1                	lui	a7,0x8
   1881e:	41d807bb          	subw	a5,a6,t4
   18822:	18fd                	addi	a7,a7,-1 # 7fff <exit-0x8121>
   18824:	33259963          	bne	a1,s2,18b56 <__subtf3+0x39a>
   18828:	0ef05a63          	blez	a5,1891c <__subtf3+0x160>
   1882c:	060e9a63          	bnez	t4,188a0 <__subtf3+0xe4>
   18830:	00ce6733          	or	a4,t3,a2
   18834:	e711                	bnez	a4,18840 <__subtf3+0x84>
   18836:	862a                	mv	a2,a0
   18838:	05180763          	beq	a6,a7,18886 <__subtf3+0xca>
   1883c:	4781                	li	a5,0
   1883e:	a2dd                	j	18a24 <__subtf3+0x268>
   18840:	37fd                	addiw	a5,a5,-1
   18842:	e3a1                	bnez	a5,18882 <__subtf3+0xc6>
   18844:	962a                	add	a2,a2,a0
   18846:	9e1a                	add	t3,t3,t1
   18848:	00a63533          	sltu	a0,a2,a0
   1884c:	00ae0333          	add	t1,t3,a0
   18850:	00c31793          	slli	a5,t1,0xc
   18854:	0207d563          	bgez	a5,1887e <__subtf3+0xc2>
   18858:	67a1                	lui	a5,0x8
   1885a:	0485                	addi	s1,s1,1
   1885c:	17fd                	addi	a5,a5,-1 # 7fff <exit-0x8121>
   1885e:	2cf48863          	beq	s1,a5,18b2e <__subtf3+0x372>
   18862:	57fd                	li	a5,-1
   18864:	17ce                	slli	a5,a5,0x33
   18866:	17fd                	addi	a5,a5,-1
   18868:	00f377b3          	and	a5,t1,a5
   1886c:	00165713          	srli	a4,a2,0x1
   18870:	8a05                	andi	a2,a2,1
   18872:	8f51                	or	a4,a4,a2
   18874:	03f79613          	slli	a2,a5,0x3f
   18878:	8e59                	or	a2,a2,a4
   1887a:	0017d313          	srli	t1,a5,0x1
   1887e:	4781                	li	a5,0
   18880:	aca1                	j	18ad8 <__subtf3+0x31c>
   18882:	03181563          	bne	a6,a7,188ac <__subtf3+0xf0>
   18886:	00a36633          	or	a2,t1,a0
   1888a:	70060063          	beqz	a2,18f8a <__subtf3+0x7ce>
   1888e:	03235793          	srli	a5,t1,0x32
   18892:	8b85                	andi	a5,a5,1
   18894:	0017c793          	xori	a5,a5,1
   18898:	0047979b          	slliw	a5,a5,0x4
   1889c:	862a                	mv	a2,a0
   1889e:	a259                	j	18a24 <__subtf3+0x268>
   188a0:	ff1803e3          	beq	a6,a7,18886 <__subtf3+0xca>
   188a4:	4705                	li	a4,1
   188a6:	174e                	slli	a4,a4,0x33
   188a8:	00ee6e33          	or	t3,t3,a4
   188ac:	07400713          	li	a4,116
   188b0:	06f74163          	blt	a4,a5,18912 <__subtf3+0x156>
   188b4:	03f00713          	li	a4,63
   188b8:	02f74963          	blt	a4,a5,188ea <__subtf3+0x12e>
   188bc:	04000693          	li	a3,64
   188c0:	9e9d                	subw	a3,a3,a5
   188c2:	00de1733          	sll	a4,t3,a3
   188c6:	00f655b3          	srl	a1,a2,a5
   188ca:	00d616b3          	sll	a3,a2,a3
   188ce:	8f4d                	or	a4,a4,a1
   188d0:	00d036b3          	snez	a3,a3
   188d4:	8f55                	or	a4,a4,a3
   188d6:	00fe57b3          	srl	a5,t3,a5
   188da:	00a70633          	add	a2,a4,a0
   188de:	979a                	add	a5,a5,t1
   188e0:	00e63733          	sltu	a4,a2,a4
   188e4:	00e78333          	add	t1,a5,a4
   188e8:	b7a5                	j	18850 <__subtf3+0x94>
   188ea:	fc07871b          	addiw	a4,a5,-64
   188ee:	04000593          	li	a1,64
   188f2:	00ee5733          	srl	a4,t3,a4
   188f6:	4681                	li	a3,0
   188f8:	00b78763          	beq	a5,a1,18906 <__subtf3+0x14a>
   188fc:	08000693          	li	a3,128
   18900:	9e9d                	subw	a3,a3,a5
   18902:	00de16b3          	sll	a3,t3,a3
   18906:	8ed1                	or	a3,a3,a2
   18908:	00d036b3          	snez	a3,a3
   1890c:	8f55                	or	a4,a4,a3
   1890e:	4781                	li	a5,0
   18910:	b7e9                	j	188da <__subtf3+0x11e>
   18912:	00ce6733          	or	a4,t3,a2
   18916:	00e03733          	snez	a4,a4
   1891a:	bfd5                	j	1890e <__subtf3+0x152>
   1891c:	c7e1                	beqz	a5,189e4 <__subtf3+0x228>
   1891e:	08081163          	bnez	a6,189a0 <__subtf3+0x1e4>
   18922:	00a36733          	or	a4,t1,a0
   18926:	e30d                	bnez	a4,18948 <__subtf3+0x18c>
   18928:	671e9363          	bne	t4,a7,18f8e <__subtf3+0x7d2>
   1892c:	00ce6333          	or	t1,t3,a2
   18930:	66030363          	beqz	t1,18f96 <__subtf3+0x7da>
   18934:	032e5793          	srli	a5,t3,0x32
   18938:	8b85                	andi	a5,a5,1
   1893a:	0017c793          	xori	a5,a5,1
   1893e:	0047979b          	slliw	a5,a5,0x4
   18942:	8372                	mv	t1,t3
   18944:	84f6                	mv	s1,t4
   18946:	a8f9                	j	18a24 <__subtf3+0x268>
   18948:	fff7c793          	not	a5,a5
   1894c:	2781                	sext.w	a5,a5
   1894e:	eb89                	bnez	a5,18960 <__subtf3+0x1a4>
   18950:	962a                	add	a2,a2,a0
   18952:	9e1a                	add	t3,t3,t1
   18954:	00a63533          	sltu	a0,a2,a0
   18958:	00ae0333          	add	t1,t3,a0
   1895c:	84f6                	mv	s1,t4
   1895e:	bdcd                	j	18850 <__subtf3+0x94>
   18960:	fd1e86e3          	beq	t4,a7,1892c <__subtf3+0x170>
   18964:	07400713          	li	a4,116
   18968:	06f74963          	blt	a4,a5,189da <__subtf3+0x21e>
   1896c:	03f00713          	li	a4,63
   18970:	04f74163          	blt	a4,a5,189b2 <__subtf3+0x1f6>
   18974:	04000693          	li	a3,64
   18978:	9e9d                	subw	a3,a3,a5
   1897a:	00d31733          	sll	a4,t1,a3
   1897e:	00f555b3          	srl	a1,a0,a5
   18982:	00d516b3          	sll	a3,a0,a3
   18986:	8f4d                	or	a4,a4,a1
   18988:	00d036b3          	snez	a3,a3
   1898c:	8f55                	or	a4,a4,a3
   1898e:	00f357b3          	srl	a5,t1,a5
   18992:	963a                	add	a2,a2,a4
   18994:	97f2                	add	a5,a5,t3
   18996:	00e63733          	sltu	a4,a2,a4
   1899a:	00e78333          	add	t1,a5,a4
   1899e:	bf7d                	j	1895c <__subtf3+0x1a0>
   189a0:	f91e86e3          	beq	t4,a7,1892c <__subtf3+0x170>
   189a4:	4705                	li	a4,1
   189a6:	174e                	slli	a4,a4,0x33
   189a8:	40f007bb          	negw	a5,a5
   189ac:	00e36333          	or	t1,t1,a4
   189b0:	bf55                	j	18964 <__subtf3+0x1a8>
   189b2:	fc07871b          	addiw	a4,a5,-64
   189b6:	04000593          	li	a1,64
   189ba:	00e35733          	srl	a4,t1,a4
   189be:	4681                	li	a3,0
   189c0:	00b78763          	beq	a5,a1,189ce <__subtf3+0x212>
   189c4:	08000693          	li	a3,128
   189c8:	9e9d                	subw	a3,a3,a5
   189ca:	00d316b3          	sll	a3,t1,a3
   189ce:	8ec9                	or	a3,a3,a0
   189d0:	00d036b3          	snez	a3,a3
   189d4:	8f55                	or	a4,a4,a3
   189d6:	4781                	li	a5,0
   189d8:	bf6d                	j	18992 <__subtf3+0x1d6>
   189da:	00a36733          	or	a4,t1,a0
   189de:	00e03733          	snez	a4,a4
   189e2:	bfd5                	j	189d6 <__subtf3+0x21a>
   189e4:	00180713          	addi	a4,a6,1
   189e8:	03171693          	slli	a3,a4,0x31
   189ec:	92c9                	srli	a3,a3,0x32
   189ee:	e6f9                	bnez	a3,18abc <__subtf3+0x300>
   189f0:	00a36733          	or	a4,t1,a0
   189f4:	08081363          	bnez	a6,18a7a <__subtf3+0x2be>
   189f8:	4e070663          	beqz	a4,18ee4 <__subtf3+0x728>
   189fc:	00ce6733          	or	a4,t3,a2
   18a00:	4e070663          	beqz	a4,18eec <__subtf3+0x730>
   18a04:	962a                	add	a2,a2,a0
   18a06:	9e1a                	add	t3,t3,t1
   18a08:	00a63533          	sltu	a0,a2,a0
   18a0c:	00ae0333          	add	t1,t3,a0
   18a10:	00c31713          	slli	a4,t1,0xc
   18a14:	40075863          	bgez	a4,18e24 <__subtf3+0x668>
   18a18:	577d                	li	a4,-1
   18a1a:	174e                	slli	a4,a4,0x33
   18a1c:	177d                	addi	a4,a4,-1
   18a1e:	00e37333          	and	t1,t1,a4
   18a22:	4485                	li	s1,1
   18a24:	6721                	lui	a4,0x8
   18a26:	03d31513          	slli	a0,t1,0x3d
   18a2a:	820d                	srli	a2,a2,0x3
   18a2c:	177d                	addi	a4,a4,-1 # 7fff <exit-0x8121>
   18a2e:	8d51                	or	a0,a0,a2
   18a30:	00335313          	srli	t1,t1,0x3
   18a34:	00e49a63          	bne	s1,a4,18a48 <__subtf3+0x28c>
   18a38:	00656533          	or	a0,a0,t1
   18a3c:	4301                	li	t1,0
   18a3e:	c509                	beqz	a0,18a48 <__subtf3+0x28c>
   18a40:	4305                	li	t1,1
   18a42:	133e                	slli	t1,t1,0x2f
   18a44:	4501                	li	a0,0
   18a46:	4901                	li	s2,0
   18a48:	03149713          	slli	a4,s1,0x31
   18a4c:	00197913          	andi	s2,s2,1
   18a50:	9345                	srli	a4,a4,0x31
   18a52:	093e                	slli	s2,s2,0xf
   18a54:	01031593          	slli	a1,t1,0x10
   18a58:	00e96933          	or	s2,s2,a4
   18a5c:	1942                	slli	s2,s2,0x30
   18a5e:	81c1                	srli	a1,a1,0x10
   18a60:	0125e5b3          	or	a1,a1,s2
   18a64:	c399                	beqz	a5,18a6a <__subtf3+0x2ae>
   18a66:	0017a073          	csrs	fflags,a5
   18a6a:	70a2                	ld	ra,40(sp)
   18a6c:	7402                	ld	s0,32(sp)
   18a6e:	64e2                	ld	s1,24(sp)
   18a70:	6942                	ld	s2,16(sp)
   18a72:	69a2                	ld	s3,8(sp)
   18a74:	6a02                	ld	s4,0(sp)
   18a76:	6145                	addi	sp,sp,48
   18a78:	8082                	ret
   18a7a:	03181563          	bne	a6,a7,18aa4 <__subtf3+0x2e8>
   18a7e:	c31d                	beqz	a4,18aa4 <__subtf3+0x2e8>
   18a80:	03235793          	srli	a5,t1,0x32
   18a84:	8b85                	andi	a5,a5,1
   18a86:	0017c793          	xori	a5,a5,1
   18a8a:	0047979b          	slliw	a5,a5,0x4
   18a8e:	030e9163          	bne	t4,a6,18ab0 <__subtf3+0x2f4>
   18a92:	00ce66b3          	or	a3,t3,a2
   18a96:	ca99                	beqz	a3,18aac <__subtf3+0x2f0>
   18a98:	00de1693          	slli	a3,t3,0xd
   18a9c:	0006c863          	bltz	a3,18aac <__subtf3+0x2f0>
   18aa0:	47c1                	li	a5,16
   18aa2:	a029                	j	18aac <__subtf3+0x2f0>
   18aa4:	66a1                	lui	a3,0x8
   18aa6:	16fd                	addi	a3,a3,-1 # 7fff <exit-0x8121>
   18aa8:	fede85e3          	beq	t4,a3,18a92 <__subtf3+0x2d6>
   18aac:	2e070263          	beqz	a4,18d90 <__subtf3+0x5d4>
   18ab0:	00ce6e33          	or	t3,t3,a2
   18ab4:	2e0e1563          	bnez	t3,18d9e <__subtf3+0x5e2>
   18ab8:	862a                	mv	a2,a0
   18aba:	ace1                	j	18d92 <__subtf3+0x5d6>
   18abc:	03170063          	beq	a4,a7,18adc <__subtf3+0x320>
   18ac0:	962a                	add	a2,a2,a0
   18ac2:	9e1a                	add	t3,t3,t1
   18ac4:	00a63533          	sltu	a0,a2,a0
   18ac8:	9e2a                	add	t3,t3,a0
   18aca:	03fe1693          	slli	a3,t3,0x3f
   18ace:	8205                	srli	a2,a2,0x1
   18ad0:	8e55                	or	a2,a2,a3
   18ad2:	001e5313          	srli	t1,t3,0x1
   18ad6:	84ba                	mv	s1,a4
   18ad8:	4701                	li	a4,0
   18ada:	ae49                	j	18e6c <__subtf3+0x6b0>
   18adc:	4a098563          	beqz	s3,18f86 <__subtf3+0x7ca>
   18ae0:	468d                	li	a3,3
   18ae2:	02d99a63          	bne	s3,a3,18b16 <__subtf3+0x35a>
   18ae6:	4a090063          	beqz	s2,18f86 <__subtf3+0x7ca>
   18aea:	64a1                	lui	s1,0x8
   18aec:	14f9                	addi	s1,s1,-2 # 7ffe <exit-0x8122>
   18aee:	567d                	li	a2,-1
   18af0:	8332                	mv	t1,a2
   18af2:	4715                	li	a4,5
   18af4:	468d                	li	a3,3
   18af6:	40d98d63          	beq	s3,a3,18f10 <__subtf3+0x754>
   18afa:	42099363          	bnez	s3,18f20 <__subtf3+0x764>
   18afe:	00f67693          	andi	a3,a2,15
   18b02:	4591                	li	a1,4
   18b04:	40b68e63          	beq	a3,a1,18f20 <__subtf3+0x764>
   18b08:	00b606b3          	add	a3,a2,a1
   18b0c:	00c6b5b3          	sltu	a1,a3,a2
   18b10:	932e                	add	t1,t1,a1
   18b12:	8636                	mv	a2,a3
   18b14:	a131                	j	18f20 <__subtf3+0x764>
   18b16:	4789                	li	a5,2
   18b18:	42f99a63          	bne	s3,a5,18f4c <__subtf3+0x790>
   18b1c:	46091563          	bnez	s2,18f86 <__subtf3+0x7ca>
   18b20:	64a1                	lui	s1,0x8
   18b22:	567d                	li	a2,-1
   18b24:	14f9                	addi	s1,s1,-2 # 7ffe <exit-0x8122>
   18b26:	8332                	mv	t1,a2
   18b28:	4715                	li	a4,5
   18b2a:	87ba                	mv	a5,a4
   18b2c:	a109                	j	18f2e <__subtf3+0x772>
   18b2e:	02098063          	beqz	s3,18b4e <__subtf3+0x392>
   18b32:	478d                	li	a5,3
   18b34:	00f99863          	bne	s3,a5,18b44 <__subtf3+0x388>
   18b38:	00090b63          	beqz	s2,18b4e <__subtf3+0x392>
   18b3c:	64a1                	lui	s1,0x8
   18b3e:	14f9                	addi	s1,s1,-2 # 7ffe <exit-0x8122>
   18b40:	4781                	li	a5,0
   18b42:	b775                	j	18aee <__subtf3+0x332>
   18b44:	4789                	li	a5,2
   18b46:	40f99363          	bne	s3,a5,18f4c <__subtf3+0x790>
   18b4a:	fc090be3          	beqz	s2,18b20 <__subtf3+0x364>
   18b4e:	4301                	li	t1,0
   18b50:	4601                	li	a2,0
   18b52:	4795                	li	a5,5
   18b54:	bdc1                	j	18a24 <__subtf3+0x268>
   18b56:	0af05d63          	blez	a5,18c10 <__subtf3+0x454>
   18b5a:	060e9b63          	bnez	t4,18bd0 <__subtf3+0x414>
   18b5e:	00ce6733          	or	a4,t3,a2
   18b62:	cc070ae3          	beqz	a4,18836 <__subtf3+0x7a>
   18b66:	37fd                	addiw	a5,a5,-1
   18b68:	e395                	bnez	a5,18b8c <__subtf3+0x3d0>
   18b6a:	40c50633          	sub	a2,a0,a2
   18b6e:	41c30e33          	sub	t3,t1,t3
   18b72:	00c53533          	sltu	a0,a0,a2
   18b76:	40ae0333          	sub	t1,t3,a0
   18b7a:	00c31793          	slli	a5,t1,0xc
   18b7e:	d007d0e3          	bgez	a5,1887e <__subtf3+0xc2>
   18b82:	00d31413          	slli	s0,t1,0xd
   18b86:	8035                	srli	s0,s0,0xd
   18b88:	8a32                	mv	s4,a2
   18b8a:	a499                	j	18dd0 <__subtf3+0x614>
   18b8c:	cf180de3          	beq	a6,a7,18886 <__subtf3+0xca>
   18b90:	07400713          	li	a4,116
   18b94:	06f74963          	blt	a4,a5,18c06 <__subtf3+0x44a>
   18b98:	03f00713          	li	a4,63
   18b9c:	04f74163          	blt	a4,a5,18bde <__subtf3+0x422>
   18ba0:	04000693          	li	a3,64
   18ba4:	9e9d                	subw	a3,a3,a5
   18ba6:	00de1733          	sll	a4,t3,a3
   18baa:	00f655b3          	srl	a1,a2,a5
   18bae:	00d616b3          	sll	a3,a2,a3
   18bb2:	8f4d                	or	a4,a4,a1
   18bb4:	00d036b3          	snez	a3,a3
   18bb8:	8f55                	or	a4,a4,a3
   18bba:	00fe57b3          	srl	a5,t3,a5
   18bbe:	40e50633          	sub	a2,a0,a4
   18bc2:	40f307b3          	sub	a5,t1,a5
   18bc6:	00c53533          	sltu	a0,a0,a2
   18bca:	40a78333          	sub	t1,a5,a0
   18bce:	b775                	j	18b7a <__subtf3+0x3be>
   18bd0:	cb180be3          	beq	a6,a7,18886 <__subtf3+0xca>
   18bd4:	4705                	li	a4,1
   18bd6:	174e                	slli	a4,a4,0x33
   18bd8:	00ee6e33          	or	t3,t3,a4
   18bdc:	bf55                	j	18b90 <__subtf3+0x3d4>
   18bde:	fc07871b          	addiw	a4,a5,-64
   18be2:	04000593          	li	a1,64
   18be6:	00ee5733          	srl	a4,t3,a4
   18bea:	4681                	li	a3,0
   18bec:	00b78763          	beq	a5,a1,18bfa <__subtf3+0x43e>
   18bf0:	08000693          	li	a3,128
   18bf4:	9e9d                	subw	a3,a3,a5
   18bf6:	00de16b3          	sll	a3,t3,a3
   18bfa:	8ed1                	or	a3,a3,a2
   18bfc:	00d036b3          	snez	a3,a3
   18c00:	8f55                	or	a4,a4,a3
   18c02:	4781                	li	a5,0
   18c04:	bf6d                	j	18bbe <__subtf3+0x402>
   18c06:	00ce6733          	or	a4,t3,a2
   18c0a:	00e03733          	snez	a4,a4
   18c0e:	bfd5                	j	18c02 <__subtf3+0x446>
   18c10:	cfe1                	beqz	a5,18ce8 <__subtf3+0x52c>
   18c12:	08081963          	bnez	a6,18ca4 <__subtf3+0x4e8>
   18c16:	00a36733          	or	a4,t1,a0
   18c1a:	e30d                	bnez	a4,18c3c <__subtf3+0x480>
   18c1c:	892e                	mv	s2,a1
   18c1e:	371e9863          	bne	t4,a7,18f8e <__subtf3+0x7d2>
   18c22:	00ce6333          	or	t1,t3,a2
   18c26:	36030763          	beqz	t1,18f94 <__subtf3+0x7d8>
   18c2a:	032e5793          	srli	a5,t3,0x32
   18c2e:	8b85                	andi	a5,a5,1
   18c30:	0017c793          	xori	a5,a5,1
   18c34:	0047979b          	slliw	a5,a5,0x4
   18c38:	892e                	mv	s2,a1
   18c3a:	b321                	j	18942 <__subtf3+0x186>
   18c3c:	fff7c793          	not	a5,a5
   18c40:	2781                	sext.w	a5,a5
   18c42:	ef89                	bnez	a5,18c5c <__subtf3+0x4a0>
   18c44:	40a60533          	sub	a0,a2,a0
   18c48:	00a637b3          	sltu	a5,a2,a0
   18c4c:	406e0e33          	sub	t3,t3,t1
   18c50:	862a                	mv	a2,a0
   18c52:	40fe0333          	sub	t1,t3,a5
   18c56:	84f6                	mv	s1,t4
   18c58:	892e                	mv	s2,a1
   18c5a:	b705                	j	18b7a <__subtf3+0x3be>
   18c5c:	fd1e83e3          	beq	t4,a7,18c22 <__subtf3+0x466>
   18c60:	07400713          	li	a4,116
   18c64:	06f74d63          	blt	a4,a5,18cde <__subtf3+0x522>
   18c68:	03f00713          	li	a4,63
   18c6c:	04f74563          	blt	a4,a5,18cb6 <__subtf3+0x4fa>
   18c70:	04000693          	li	a3,64
   18c74:	9e9d                	subw	a3,a3,a5
   18c76:	00d31733          	sll	a4,t1,a3
   18c7a:	00f55833          	srl	a6,a0,a5
   18c7e:	00d516b3          	sll	a3,a0,a3
   18c82:	01076733          	or	a4,a4,a6
   18c86:	00d036b3          	snez	a3,a3
   18c8a:	8f55                	or	a4,a4,a3
   18c8c:	00f357b3          	srl	a5,t1,a5
   18c90:	40e60733          	sub	a4,a2,a4
   18c94:	00e63333          	sltu	t1,a2,a4
   18c98:	40fe07b3          	sub	a5,t3,a5
   18c9c:	863a                	mv	a2,a4
   18c9e:	40678333          	sub	t1,a5,t1
   18ca2:	bf55                	j	18c56 <__subtf3+0x49a>
   18ca4:	f71e8fe3          	beq	t4,a7,18c22 <__subtf3+0x466>
   18ca8:	4705                	li	a4,1
   18caa:	174e                	slli	a4,a4,0x33
   18cac:	40f007bb          	negw	a5,a5
   18cb0:	00e36333          	or	t1,t1,a4
   18cb4:	b775                	j	18c60 <__subtf3+0x4a4>
   18cb6:	fc07871b          	addiw	a4,a5,-64
   18cba:	04000813          	li	a6,64
   18cbe:	00e35733          	srl	a4,t1,a4
   18cc2:	4681                	li	a3,0
   18cc4:	01078763          	beq	a5,a6,18cd2 <__subtf3+0x516>
   18cc8:	08000693          	li	a3,128
   18ccc:	9e9d                	subw	a3,a3,a5
   18cce:	00d316b3          	sll	a3,t1,a3
   18cd2:	8ec9                	or	a3,a3,a0
   18cd4:	00d036b3          	snez	a3,a3
   18cd8:	8f55                	or	a4,a4,a3
   18cda:	4781                	li	a5,0
   18cdc:	bf55                	j	18c90 <__subtf3+0x4d4>
   18cde:	00a36733          	or	a4,t1,a0
   18ce2:	00e03733          	snez	a4,a4
   18ce6:	bfd5                	j	18cda <__subtf3+0x51e>
   18ce8:	00180713          	addi	a4,a6,1
   18cec:	03171693          	slli	a3,a4,0x31
   18cf0:	92c9                	srli	a3,a3,0x32
   18cf2:	eadd                	bnez	a3,18da8 <__subtf3+0x5ec>
   18cf4:	00ce6733          	or	a4,t3,a2
   18cf8:	00a366b3          	or	a3,t1,a0
   18cfc:	04081f63          	bnez	a6,18d5a <__subtf3+0x59e>
   18d00:	ea91                	bnez	a3,18d14 <__subtf3+0x558>
   18d02:	1e071363          	bnez	a4,18ee8 <__subtf3+0x72c>
   18d06:	ffe98913          	addi	s2,s3,-2
   18d0a:	00193913          	seqz	s2,s2
   18d0e:	4301                	li	t1,0
   18d10:	4601                	li	a2,0
   18d12:	bb09                	j	18a24 <__subtf3+0x268>
   18d14:	1c070c63          	beqz	a4,18eec <__subtf3+0x730>
   18d18:	40c506b3          	sub	a3,a0,a2
   18d1c:	00d53833          	sltu	a6,a0,a3
   18d20:	41c30733          	sub	a4,t1,t3
   18d24:	41070733          	sub	a4,a4,a6
   18d28:	00c71813          	slli	a6,a4,0xc
   18d2c:	00085d63          	bgez	a6,18d46 <__subtf3+0x58a>
   18d30:	40a60533          	sub	a0,a2,a0
   18d34:	00a637b3          	sltu	a5,a2,a0
   18d38:	406e0e33          	sub	t3,t3,t1
   18d3c:	862a                	mv	a2,a0
   18d3e:	40fe0333          	sub	t1,t3,a5
   18d42:	892e                	mv	s2,a1
   18d44:	a0c5                	j	18e24 <__subtf3+0x668>
   18d46:	00e6e633          	or	a2,a3,a4
   18d4a:	1a061363          	bnez	a2,18ef0 <__subtf3+0x734>
   18d4e:	ffe98913          	addi	s2,s3,-2
   18d52:	00193913          	seqz	s2,s2
   18d56:	4301                	li	t1,0
   18d58:	b1f1                	j	18a24 <__subtf3+0x268>
   18d5a:	03181563          	bne	a6,a7,18d84 <__subtf3+0x5c8>
   18d5e:	24068a63          	beqz	a3,18fb2 <__subtf3+0x7f6>
   18d62:	03235793          	srli	a5,t1,0x32
   18d66:	8b85                	andi	a5,a5,1
   18d68:	0017c793          	xori	a5,a5,1
   18d6c:	0047979b          	slliw	a5,a5,0x4
   18d70:	030e9563          	bne	t4,a6,18d9a <__subtf3+0x5de>
   18d74:	cb11                	beqz	a4,18d88 <__subtf3+0x5cc>
   18d76:	00de1813          	slli	a6,t3,0xd
   18d7a:	00084763          	bltz	a6,18d88 <__subtf3+0x5cc>
   18d7e:	47c1                	li	a5,16
   18d80:	c699                	beqz	a3,18d8e <__subtf3+0x5d2>
   18d82:	a831                	j	18d9e <__subtf3+0x5e2>
   18d84:	ff1e88e3          	beq	t4,a7,18d74 <__subtf3+0x5b8>
   18d88:	ea89                	bnez	a3,18d9a <__subtf3+0x5de>
   18d8a:	20070863          	beqz	a4,18f9a <__subtf3+0x7de>
   18d8e:	892e                	mv	s2,a1
   18d90:	8372                	mv	t1,t3
   18d92:	6721                	lui	a4,0x8
   18d94:	fff70493          	addi	s1,a4,-1 # 7fff <exit-0x8121>
   18d98:	b171                	j	18a24 <__subtf3+0x268>
   18d9a:	d0070fe3          	beqz	a4,18ab8 <__subtf3+0x2fc>
   18d9e:	4305                	li	t1,1
   18da0:	4901                	li	s2,0
   18da2:	134a                	slli	t1,t1,0x32
   18da4:	4601                	li	a2,0
   18da6:	b7f5                	j	18d92 <__subtf3+0x5d6>
   18da8:	40c50733          	sub	a4,a0,a2
   18dac:	00e536b3          	sltu	a3,a0,a4
   18db0:	41c30433          	sub	s0,t1,t3
   18db4:	8c15                	sub	s0,s0,a3
   18db6:	00c41693          	slli	a3,s0,0xc
   18dba:	8a3a                	mv	s4,a4
   18dbc:	0c06d063          	bgez	a3,18e7c <__subtf3+0x6c0>
   18dc0:	40a60a33          	sub	s4,a2,a0
   18dc4:	406e0433          	sub	s0,t3,t1
   18dc8:	01463633          	sltu	a2,a2,s4
   18dcc:	8c11                	sub	s0,s0,a2
   18dce:	892e                	mv	s2,a1
   18dd0:	c061                	beqz	s0,18e90 <__subtf3+0x6d4>
   18dd2:	8522                	mv	a0,s0
   18dd4:	3ec000ef          	jal	191c0 <__clzdi2>
   18dd8:	ff45061b          	addiw	a2,a0,-12
   18ddc:	04000313          	li	t1,64
   18de0:	40c3033b          	subw	t1,t1,a2
   18de4:	00c41433          	sll	s0,s0,a2
   18de8:	006a5333          	srl	t1,s4,t1
   18dec:	00836333          	or	t1,t1,s0
   18df0:	00ca1433          	sll	s0,s4,a2
   18df4:	0e964063          	blt	a2,s1,18ed4 <__subtf3+0x718>
   18df8:	9e05                	subw	a2,a2,s1
   18dfa:	0016071b          	addiw	a4,a2,1 # 8001 <exit-0x811f>
   18dfe:	03f00793          	li	a5,63
   18e02:	0ae7c563          	blt	a5,a4,18eac <__subtf3+0x6f0>
   18e06:	04000793          	li	a5,64
   18e0a:	9f99                	subw	a5,a5,a4
   18e0c:	00f31633          	sll	a2,t1,a5
   18e10:	00e456b3          	srl	a3,s0,a4
   18e14:	00f417b3          	sll	a5,s0,a5
   18e18:	8e55                	or	a2,a2,a3
   18e1a:	00f037b3          	snez	a5,a5
   18e1e:	8e5d                	or	a2,a2,a5
   18e20:	00e35333          	srl	t1,t1,a4
   18e24:	00c367b3          	or	a5,t1,a2
   18e28:	18078263          	beqz	a5,18fac <__subtf3+0x7f0>
   18e2c:	00161693          	slli	a3,a2,0x1
   18e30:	03f65713          	srli	a4,a2,0x3f
   18e34:	00131793          	slli	a5,t1,0x1
   18e38:	0076f593          	andi	a1,a3,7
   18e3c:	97ba                	add	a5,a5,a4
   18e3e:	4701                	li	a4,0
   18e40:	c18d                	beqz	a1,18e62 <__subtf3+0x6a6>
   18e42:	4709                	li	a4,2
   18e44:	0ce98263          	beq	s3,a4,18f08 <__subtf3+0x74c>
   18e48:	470d                	li	a4,3
   18e4a:	0ae98663          	beq	s3,a4,18ef6 <__subtf3+0x73a>
   18e4e:	4705                	li	a4,1
   18e50:	00099963          	bnez	s3,18e62 <__subtf3+0x6a6>
   18e54:	00f6f593          	andi	a1,a3,15
   18e58:	4511                	li	a0,4
   18e5a:	ffc6b693          	sltiu	a3,a3,-4
   18e5e:	0aa59163          	bne	a1,a0,18f00 <__subtf3+0x744>
   18e62:	93d1                	srli	a5,a5,0x34
   18e64:	8b85                	andi	a5,a5,1
   18e66:	0017c793          	xori	a5,a5,1
   18e6a:	4481                	li	s1,0
   18e6c:	00767693          	andi	a3,a2,7
   18e70:	cac5                	beqz	a3,18f20 <__subtf3+0x764>
   18e72:	4709                	li	a4,2
   18e74:	0ae98363          	beq	s3,a4,18f1a <__subtf3+0x75e>
   18e78:	4705                	li	a4,1
   18e7a:	b9ad                	j	18af4 <__subtf3+0x338>
   18e7c:	00876633          	or	a2,a4,s0
   18e80:	fa21                	bnez	a2,18dd0 <__subtf3+0x614>
   18e82:	ffe98913          	addi	s2,s3,-2
   18e86:	00193913          	seqz	s2,s2
   18e8a:	4301                	li	t1,0
   18e8c:	4481                	li	s1,0
   18e8e:	be59                	j	18a24 <__subtf3+0x268>
   18e90:	8552                	mv	a0,s4
   18e92:	32e000ef          	jal	191c0 <__clzdi2>
   18e96:	0345061b          	addiw	a2,a0,52
   18e9a:	03f00793          	li	a5,63
   18e9e:	f2c7dfe3          	bge	a5,a2,18ddc <__subtf3+0x620>
   18ea2:	ff45031b          	addiw	t1,a0,-12
   18ea6:	006a1333          	sll	t1,s4,t1
   18eaa:	b7a9                	j	18df4 <__subtf3+0x638>
   18eac:	fc16061b          	addiw	a2,a2,-63
   18eb0:	04000693          	li	a3,64
   18eb4:	00c35633          	srl	a2,t1,a2
   18eb8:	4781                	li	a5,0
   18eba:	00d70763          	beq	a4,a3,18ec8 <__subtf3+0x70c>
   18ebe:	08000793          	li	a5,128
   18ec2:	9f99                	subw	a5,a5,a4
   18ec4:	00f317b3          	sll	a5,t1,a5
   18ec8:	8fc1                	or	a5,a5,s0
   18eca:	00f037b3          	snez	a5,a5
   18ece:	8e5d                	or	a2,a2,a5
   18ed0:	4301                	li	t1,0
   18ed2:	bf89                	j	18e24 <__subtf3+0x668>
   18ed4:	57fd                	li	a5,-1
   18ed6:	17ce                	slli	a5,a5,0x33
   18ed8:	17fd                	addi	a5,a5,-1
   18eda:	8c91                	sub	s1,s1,a2
   18edc:	00f37333          	and	t1,t1,a5
   18ee0:	8622                	mv	a2,s0
   18ee2:	ba71                	j	1887e <__subtf3+0xc2>
   18ee4:	8372                	mv	t1,t3
   18ee6:	bf3d                	j	18e24 <__subtf3+0x668>
   18ee8:	8372                	mv	t1,t3
   18eea:	bda1                	j	18d42 <__subtf3+0x586>
   18eec:	862a                	mv	a2,a0
   18eee:	bf1d                	j	18e24 <__subtf3+0x668>
   18ef0:	833a                	mv	t1,a4
   18ef2:	8636                	mv	a2,a3
   18ef4:	bf05                	j	18e24 <__subtf3+0x668>
   18ef6:	4705                	li	a4,1
   18ef8:	f60915e3          	bnez	s2,18e62 <__subtf3+0x6a6>
   18efc:	ff86b693          	sltiu	a3,a3,-8
   18f00:	0016b693          	seqz	a3,a3
   18f04:	97b6                	add	a5,a5,a3
   18f06:	bfb1                	j	18e62 <__subtf3+0x6a6>
   18f08:	4705                	li	a4,1
   18f0a:	f4090ce3          	beqz	s2,18e62 <__subtf3+0x6a6>
   18f0e:	b7fd                	j	18efc <__subtf3+0x740>
   18f10:	00091863          	bnez	s2,18f20 <__subtf3+0x764>
   18f14:	00860693          	addi	a3,a2,8
   18f18:	bed5                	j	18b0c <__subtf3+0x350>
   18f1a:	4705                	li	a4,1
   18f1c:	fe091ce3          	bnez	s2,18f14 <__subtf3+0x758>
   18f20:	c00785e3          	beqz	a5,18b2a <__subtf3+0x36e>
   18f24:	00177793          	andi	a5,a4,1
   18f28:	0017979b          	slliw	a5,a5,0x1
   18f2c:	8fd9                	or	a5,a5,a4
   18f2e:	00c31713          	slli	a4,t1,0xc
   18f32:	ae0759e3          	bgez	a4,18a24 <__subtf3+0x268>
   18f36:	6721                	lui	a4,0x8
   18f38:	0485                	addi	s1,s1,1
   18f3a:	177d                	addi	a4,a4,-1 # 7fff <exit-0x8121>
   18f3c:	00e48e63          	beq	s1,a4,18f58 <__subtf3+0x79c>
   18f40:	577d                	li	a4,-1
   18f42:	174e                	slli	a4,a4,0x33
   18f44:	177d                	addi	a4,a4,-1
   18f46:	00e37333          	and	t1,t1,a4
   18f4a:	bce9                	j	18a24 <__subtf3+0x268>
   18f4c:	64a1                	lui	s1,0x8
   18f4e:	537d                	li	t1,-1
   18f50:	14f9                	addi	s1,s1,-2 # 7ffe <exit-0x8122>
   18f52:	861a                	mv	a2,t1
   18f54:	4795                	li	a5,5
   18f56:	bfe1                	j	18f2e <__subtf3+0x772>
   18f58:	4601                	li	a2,0
   18f5a:	02098163          	beqz	s3,18f7c <__subtf3+0x7c0>
   18f5e:	470d                	li	a4,3
   18f60:	00e99863          	bne	s3,a4,18f70 <__subtf3+0x7b4>
   18f64:	00090c63          	beqz	s2,18f7c <__subtf3+0x7c0>
   18f68:	64a1                	lui	s1,0x8
   18f6a:	567d                	li	a2,-1
   18f6c:	14f9                	addi	s1,s1,-2 # 7ffe <exit-0x8122>
   18f6e:	a039                	j	18f7c <__subtf3+0x7c0>
   18f70:	ffe98693          	addi	a3,s3,-2
   18f74:	faf5                	bnez	a3,18f68 <__subtf3+0x7ac>
   18f76:	00197713          	andi	a4,s2,1
   18f7a:	d77d                	beqz	a4,18f68 <__subtf3+0x7ac>
   18f7c:	0057e793          	ori	a5,a5,5
   18f80:	2781                	sext.w	a5,a5
   18f82:	8332                	mv	t1,a2
   18f84:	b445                	j	18a24 <__subtf3+0x268>
   18f86:	84ba                	mv	s1,a4
   18f88:	b6d9                	j	18b4e <__subtf3+0x392>
   18f8a:	4301                	li	t1,0
   18f8c:	b845                	j	1883c <__subtf3+0x80>
   18f8e:	8372                	mv	t1,t3
   18f90:	84f6                	mv	s1,t4
   18f92:	b06d                	j	1883c <__subtf3+0x80>
   18f94:	892e                	mv	s2,a1
   18f96:	4601                	li	a2,0
   18f98:	bfe5                	j	18f90 <__subtf3+0x7d4>
   18f9a:	4305                	li	t1,1
   18f9c:	6721                	lui	a4,0x8
   18f9e:	4901                	li	s2,0
   18fa0:	4601                	li	a2,0
   18fa2:	134a                	slli	t1,t1,0x32
   18fa4:	fff70493          	addi	s1,a4,-1 # 7fff <exit-0x8121>
   18fa8:	47c1                	li	a5,16
   18faa:	bcad                	j	18a24 <__subtf3+0x268>
   18fac:	4301                	li	t1,0
   18fae:	4601                	li	a2,0
   18fb0:	bdf1                	j	18e8c <__subtf3+0x6d0>
   18fb2:	dd0e9ce3          	bne	t4,a6,18d8a <__subtf3+0x5ce>
   18fb6:	bb7d                	j	18d74 <__subtf3+0x5b8>

0000000000018fb8 <__unordtf2>:
   18fb8:	882a                	mv	a6,a0
   18fba:	002027f3          	frrm	a5
   18fbe:	57fd                	li	a5,-1
   18fc0:	83c1                	srli	a5,a5,0x10
   18fc2:	6721                	lui	a4,0x8
   18fc4:	00f5f8b3          	and	a7,a1,a5
   18fc8:	177d                	addi	a4,a4,-1 # 7fff <exit-0x8121>
   18fca:	91c1                	srli	a1,a1,0x30
   18fcc:	8ff5                	and	a5,a5,a3
   18fce:	8df9                	and	a1,a1,a4
   18fd0:	92c1                	srli	a3,a3,0x30
   18fd2:	8ef9                	and	a3,a3,a4
   18fd4:	00e59563          	bne	a1,a4,18fde <__unordtf2+0x26>
   18fd8:	01156533          	or	a0,a0,a7
   18fdc:	e909                	bnez	a0,18fee <__unordtf2+0x36>
   18fde:	4501                	li	a0,0
   18fe0:	02e69d63          	bne	a3,a4,1901a <__unordtf2+0x62>
   18fe4:	00f66733          	or	a4,a2,a5
   18fe8:	cb0d                	beqz	a4,1901a <__unordtf2+0x62>
   18fea:	00d59f63          	bne	a1,a3,19008 <__unordtf2+0x50>
   18fee:	01186833          	or	a6,a6,a7
   18ff2:	00080663          	beqz	a6,18ffe <__unordtf2+0x46>
   18ff6:	4705                	li	a4,1
   18ff8:	173e                	slli	a4,a4,0x2f
   18ffa:	00e8ed63          	bltu	a7,a4,19014 <__unordtf2+0x5c>
   18ffe:	6721                	lui	a4,0x8
   19000:	177d                	addi	a4,a4,-1 # 7fff <exit-0x8121>
   19002:	4505                	li	a0,1
   19004:	00e69b63          	bne	a3,a4,1901a <__unordtf2+0x62>
   19008:	8e5d                	or	a2,a2,a5
   1900a:	c619                	beqz	a2,19018 <__unordtf2+0x60>
   1900c:	4705                	li	a4,1
   1900e:	173e                	slli	a4,a4,0x2f
   19010:	00e7f463          	bgeu	a5,a4,19018 <__unordtf2+0x60>
   19014:	00186073          	csrsi	fflags,16
   19018:	4505                	li	a0,1
   1901a:	8082                	ret

000000000001901c <__fixtfsi>:
   1901c:	862a                	mv	a2,a0
   1901e:	002027f3          	frrm	a5
   19022:	00159713          	slli	a4,a1,0x1
   19026:	03175693          	srli	a3,a4,0x31
   1902a:	6711                	lui	a4,0x4
   1902c:	01059793          	slli	a5,a1,0x10
   19030:	1779                	addi	a4,a4,-2 # 3ffe <exit-0xc122>
   19032:	83c1                	srli	a5,a5,0x10
   19034:	91fd                	srli	a1,a1,0x3f
   19036:	00d74863          	blt	a4,a3,19046 <__fixtfsi+0x2a>
   1903a:	e2a5                	bnez	a3,1909a <__fixtfsi+0x7e>
   1903c:	00f56633          	or	a2,a0,a5
   19040:	4501                	li	a0,0
   19042:	ea31                	bnez	a2,19096 <__fixtfsi+0x7a>
   19044:	8082                	ret
   19046:	6711                	lui	a4,0x4
   19048:	0775                	addi	a4,a4,29 # 401d <exit-0xc103>
   1904a:	02d75063          	bge	a4,a3,1906a <__fixtfsi+0x4e>
   1904e:	80000537          	lui	a0,0x80000
   19052:	c5b1                	beqz	a1,1909e <__fixtfsi+0x82>
   19054:	6711                	lui	a4,0x4
   19056:	0779                	addi	a4,a4,30 # 401e <exit-0xc102>
   19058:	04e69563          	bne	a3,a4,190a2 <__fixtfsi+0x86>
   1905c:	0117d713          	srli	a4,a5,0x11
   19060:	e329                	bnez	a4,190a2 <__fixtfsi+0x86>
   19062:	17be                	slli	a5,a5,0x2f
   19064:	8fd1                	or	a5,a5,a2
   19066:	eb85                	bnez	a5,19096 <__fixtfsi+0x7a>
   19068:	8082                	ret
   1906a:	4705                	li	a4,1
   1906c:	1742                	slli	a4,a4,0x30
   1906e:	8fd9                	or	a5,a5,a4
   19070:	6611                	lui	a2,0x4
   19072:	7771                	lui	a4,0xffffc
   19074:	2745                	addiw	a4,a4,17 # ffffffffffffc011 <__BSS_END__+0xfffffffffffde3f9>
   19076:	02f6061b          	addiw	a2,a2,47 # 402f <exit-0xc0f1>
   1907a:	9f35                	addw	a4,a4,a3
   1907c:	40d606bb          	subw	a3,a2,a3
   19080:	00e79733          	sll	a4,a5,a4
   19084:	00d7d7b3          	srl	a5,a5,a3
   19088:	8f49                	or	a4,a4,a0
   1908a:	0007851b          	sext.w	a0,a5
   1908e:	c199                	beqz	a1,19094 <__fixtfsi+0x78>
   19090:	40a0053b          	negw	a0,a0
   19094:	cb11                	beqz	a4,190a8 <__fixtfsi+0x8c>
   19096:	4785                	li	a5,1
   19098:	a031                	j	190a4 <__fixtfsi+0x88>
   1909a:	4501                	li	a0,0
   1909c:	bfed                	j	19096 <__fixtfsi+0x7a>
   1909e:	fff54513          	not	a0,a0
   190a2:	47c1                	li	a5,16
   190a4:	0017a073          	csrs	fflags,a5
   190a8:	8082                	ret

00000000000190aa <__floatsitf>:
   190aa:	1101                	addi	sp,sp,-32
   190ac:	ec06                	sd	ra,24(sp)
   190ae:	e822                	sd	s0,16(sp)
   190b0:	e426                	sd	s1,8(sp)
   190b2:	c129                	beqz	a0,190f4 <__floatsitf+0x4a>
   190b4:	41f5579b          	sraiw	a5,a0,0x1f
   190b8:	00f54433          	xor	s0,a0,a5
   190bc:	9c1d                	subw	s0,s0,a5
   190be:	1402                	slli	s0,s0,0x20
   190c0:	9001                	srli	s0,s0,0x20
   190c2:	01f5549b          	srliw	s1,a0,0x1f
   190c6:	8522                	mv	a0,s0
   190c8:	0f8000ef          	jal	191c0 <__clzdi2>
   190cc:	6791                	lui	a5,0x4
   190ce:	03e7879b          	addiw	a5,a5,62 # 403e <exit-0xc0e2>
   190d2:	9f89                	subw	a5,a5,a0
   190d4:	3545                	addiw	a0,a0,-15 # 7ffffff1 <__BSS_END__+0x7ffe23d9>
   190d6:	00a41433          	sll	s0,s0,a0
   190da:	00f4959b          	slliw	a1,s1,0xf
   190de:	0442                	slli	s0,s0,0x10
   190e0:	8ddd                	or	a1,a1,a5
   190e2:	8041                	srli	s0,s0,0x10
   190e4:	15c2                	slli	a1,a1,0x30
   190e6:	60e2                	ld	ra,24(sp)
   190e8:	8dc1                	or	a1,a1,s0
   190ea:	6442                	ld	s0,16(sp)
   190ec:	64a2                	ld	s1,8(sp)
   190ee:	4501                	li	a0,0
   190f0:	6105                	addi	sp,sp,32
   190f2:	8082                	ret
   190f4:	4481                	li	s1,0
   190f6:	4401                	li	s0,0
   190f8:	4781                	li	a5,0
   190fa:	b7c5                	j	190da <__floatsitf+0x30>

00000000000190fc <__extenddftf2>:
   190fc:	1101                	addi	sp,sp,-32
   190fe:	e20507d3          	fmv.x.d	a5,fa0
   19102:	ec06                	sd	ra,24(sp)
   19104:	e822                	sd	s0,16(sp)
   19106:	e426                	sd	s1,8(sp)
   19108:	00202773          	frrm	a4
   1910c:	0347d513          	srli	a0,a5,0x34
   19110:	7ff57513          	andi	a0,a0,2047
   19114:	00150713          	addi	a4,a0,1
   19118:	00c79413          	slli	s0,a5,0xc
   1911c:	7fe77713          	andi	a4,a4,2046
   19120:	8031                	srli	s0,s0,0xc
   19122:	03f7d493          	srli	s1,a5,0x3f
   19126:	cb11                	beqz	a4,1913a <__extenddftf2+0x3e>
   19128:	6711                	lui	a4,0x4
   1912a:	c0070713          	addi	a4,a4,-1024 # 3c00 <exit-0xc520>
   1912e:	00445793          	srli	a5,s0,0x4
   19132:	953a                	add	a0,a0,a4
   19134:	1472                	slli	s0,s0,0x3c
   19136:	4701                	li	a4,0
   19138:	a8b9                	j	19196 <__extenddftf2+0x9a>
   1913a:	ed1d                	bnez	a0,19178 <__extenddftf2+0x7c>
   1913c:	4781                	li	a5,0
   1913e:	dc65                	beqz	s0,19136 <__extenddftf2+0x3a>
   19140:	8522                	mv	a0,s0
   19142:	07e000ef          	jal	191c0 <__clzdi2>
   19146:	0005071b          	sext.w	a4,a0
   1914a:	47b9                	li	a5,14
   1914c:	02e7c063          	blt	a5,a4,1916c <__extenddftf2+0x70>
   19150:	47bd                	li	a5,15
   19152:	9f89                	subw	a5,a5,a0
   19154:	0315071b          	addiw	a4,a0,49
   19158:	00f457b3          	srl	a5,s0,a5
   1915c:	00e41433          	sll	s0,s0,a4
   19160:	6711                	lui	a4,0x4
   19162:	c0c7071b          	addiw	a4,a4,-1012 # 3c0c <exit-0xc514>
   19166:	40a7053b          	subw	a0,a4,a0
   1916a:	b7f1                	j	19136 <__extenddftf2+0x3a>
   1916c:	ff15079b          	addiw	a5,a0,-15
   19170:	00f417b3          	sll	a5,s0,a5
   19174:	4401                	li	s0,0
   19176:	b7ed                	j	19160 <__extenddftf2+0x64>
   19178:	c021                	beqz	s0,191b8 <__extenddftf2+0xbc>
   1917a:	4685                	li	a3,1
   1917c:	03369713          	slli	a4,a3,0x33
   19180:	00e43733          	sltu	a4,s0,a4
   19184:	00445793          	srli	a5,s0,0x4
   19188:	16be                	slli	a3,a3,0x2f
   1918a:	6521                	lui	a0,0x8
   1918c:	0047171b          	slliw	a4,a4,0x4
   19190:	8fd5                	or	a5,a5,a3
   19192:	1472                	slli	s0,s0,0x3c
   19194:	157d                	addi	a0,a0,-1 # 7fff <exit-0x8121>
   19196:	01079593          	slli	a1,a5,0x10
   1919a:	00f4979b          	slliw	a5,s1,0xf
   1919e:	8fc9                	or	a5,a5,a0
   191a0:	17c2                	slli	a5,a5,0x30
   191a2:	81c1                	srli	a1,a1,0x10
   191a4:	8ddd                	or	a1,a1,a5
   191a6:	c319                	beqz	a4,191ac <__extenddftf2+0xb0>
   191a8:	00186073          	csrsi	fflags,16
   191ac:	60e2                	ld	ra,24(sp)
   191ae:	8522                	mv	a0,s0
   191b0:	6442                	ld	s0,16(sp)
   191b2:	64a2                	ld	s1,8(sp)
   191b4:	6105                	addi	sp,sp,32
   191b6:	8082                	ret
   191b8:	6521                	lui	a0,0x8
   191ba:	4781                	li	a5,0
   191bc:	157d                	addi	a0,a0,-1 # 7fff <exit-0x8121>
   191be:	bfa5                	j	19136 <__extenddftf2+0x3a>

00000000000191c0 <__clzdi2>:
   191c0:	03800793          	li	a5,56
   191c4:	00f55733          	srl	a4,a0,a5
   191c8:	0ff77693          	zext.b	a3,a4
   191cc:	ee99                	bnez	a3,191ea <__clzdi2+0x2a>
   191ce:	17e1                	addi	a5,a5,-8
   191d0:	fbf5                	bnez	a5,191c4 <__clzdi2+0x4>
   191d2:	04000713          	li	a4,64
   191d6:	8f1d                	sub	a4,a4,a5
   191d8:	67e9                	lui	a5,0x1a
   191da:	93078793          	addi	a5,a5,-1744 # 19930 <__clz_tab>
   191de:	97aa                	add	a5,a5,a0
   191e0:	0007c503          	lbu	a0,0(a5)
   191e4:	40a7053b          	subw	a0,a4,a0
   191e8:	8082                	ret
   191ea:	853a                	mv	a0,a4
   191ec:	b7dd                	j	191d2 <__clzdi2+0x12>
