
unrolled_dot.riscv:     file format elf64-littleriscv


Disassembly of section .text:

0000000000010120 <exit>:
   10120:	1141                	addi	sp,sp,-16
   10122:	4581                	li	a1,0
   10124:	e022                	sd	s0,0(sp)
   10126:	e406                	sd	ra,8(sp)
   10128:	842a                	mv	s0,a0
   1012a:	7f6000ef          	jal	10920 <__call_exitprocs>
   1012e:	8901b783          	ld	a5,-1904(gp) # 1b648 <__stdio_exit_handler>
   10132:	c391                	beqz	a5,10136 <exit+0x16>
   10134:	9782                	jalr	a5
   10136:	8522                	mv	a0,s0
   10138:	4ab070ef          	jal	17de2 <_exit>

000000000001013c <main>:
   1013c:	0001f7b7          	lui	a5,0x1f
   10140:	1141                	addi	sp,sp,-16
   10142:	6c078793          	addi	a5,a5,1728 # 1f6c0 <a>
   10146:	6391                	lui	t2,0x4
   10148:	676d                	lui	a4,0x1b
   1014a:	e406                	sd	ra,8(sp)
   1014c:	93be                	add	t2,t2,a5
   1014e:	6c070713          	addi	a4,a4,1728 # 1b6c0 <b>
   10152:	4581                	li	a1,0
   10154:	4301                	li	t1,0
   10156:	4e01                	li	t3,0
   10158:	4881                	li	a7,0
   1015a:	0007a283          	lw	t0,0(a5)
   1015e:	00072803          	lw	a6,0(a4)
   10162:	0047af83          	lw	t6,4(a5)
   10166:	4348                	lw	a0,4(a4)
   10168:	0087af03          	lw	t5,8(a5)
   1016c:	4710                	lw	a2,8(a4)
   1016e:	00c7ae83          	lw	t4,12(a5)
   10172:	4754                	lw	a3,12(a4)
   10174:	0258083b          	mulw	a6,a6,t0
   10178:	07c1                	addi	a5,a5,16
   1017a:	0741                	addi	a4,a4,16
   1017c:	03f5053b          	mulw	a0,a0,t6
   10180:	011808bb          	addw	a7,a6,a7
   10184:	03e6063b          	mulw	a2,a2,t5
   10188:	01c50e3b          	addw	t3,a0,t3
   1018c:	03d686bb          	mulw	a3,a3,t4
   10190:	0066033b          	addw	t1,a2,t1
   10194:	9db5                	addw	a1,a1,a3
   10196:	fcf392e3          	bne	t2,a5,1015a <main+0x1e>
   1019a:	01c887bb          	addw	a5,a7,t3
   1019e:	006787bb          	addw	a5,a5,t1
   101a2:	6565                	lui	a0,0x19
   101a4:	9dbd                	addw	a1,a1,a5
   101a6:	21050513          	addi	a0,a0,528 # 19210 <__clzdi2+0x34>
   101aa:	3f8000ef          	jal	105a2 <printf>
   101ae:	60a2                	ld	ra,8(sp)
   101b0:	4501                	li	a0,0
   101b2:	0141                	addi	sp,sp,16
   101b4:	8082                	ret

00000000000101b6 <register_fini>:
   101b6:	00000793          	li	a5,0
   101ba:	c791                	beqz	a5,101c6 <register_fini+0x10>
   101bc:	6551                	lui	a0,0x14
   101be:	cc050513          	addi	a0,a0,-832 # 13cc0 <__libc_fini_array>
   101c2:	0470006f          	j	10a08 <atexit>
   101c6:	8082                	ret

00000000000101c8 <_start>:
   101c8:	0000c197          	auipc	gp,0xc
   101cc:	bf018193          	addi	gp,gp,-1040 # 1bdb8 <__global_pointer$>
   101d0:	00000513          	li	a0,0
   101d4:	c119                	beqz	a0,101da <_start+0x12>
   101d6:	01751073          	csrw	jvt,a0
   101da:	0000b517          	auipc	a0,0xb
   101de:	46e50513          	addi	a0,a0,1134 # 1b648 <__stdio_exit_handler>
   101e2:	00014617          	auipc	a2,0x14
   101e6:	a5660613          	addi	a2,a2,-1450 # 23c38 <__BSS_END__>
   101ea:	8e09                	sub	a2,a2,a0
   101ec:	4581                	li	a1,0
   101ee:	688000ef          	jal	10876 <memset>
   101f2:	00001517          	auipc	a0,0x1
   101f6:	81650513          	addi	a0,a0,-2026 # 10a08 <atexit>
   101fa:	c519                	beqz	a0,10208 <_start+0x40>
   101fc:	00004517          	auipc	a0,0x4
   10200:	ac450513          	addi	a0,a0,-1340 # 13cc0 <__libc_fini_array>
   10204:	005000ef          	jal	10a08 <atexit>
   10208:	60c000ef          	jal	10814 <__libc_init_array>
   1020c:	4502                	lw	a0,0(sp)
   1020e:	002c                	addi	a1,sp,8
   10210:	00351613          	slli	a2,a0,0x3
   10214:	0621                	addi	a2,a2,8
   10216:	962e                	add	a2,a2,a1
   10218:	f25ff0ef          	jal	1013c <main>
   1021c:	b711                	j	10120 <exit>

000000000001021e <__do_global_dtors_aux>:
   1021e:	1141                	addi	sp,sp,-16
   10220:	e022                	sd	s0,0(sp)
   10222:	8d01c783          	lbu	a5,-1840(gp) # 1b688 <completed.1>
   10226:	e406                	sd	ra,8(sp)
   10228:	ef91                	bnez	a5,10244 <__do_global_dtors_aux+0x26>
   1022a:	00000793          	li	a5,0
   1022e:	cb81                	beqz	a5,1023e <__do_global_dtors_aux+0x20>
   10230:	6569                	lui	a0,0x1a
   10232:	a5050513          	addi	a0,a0,-1456 # 19a50 <__EH_FRAME_BEGIN__>
   10236:	00000097          	auipc	ra,0x0
   1023a:	000000e7          	jalr	zero # 0 <exit-0x10120>
   1023e:	4785                	li	a5,1
   10240:	8cf18823          	sb	a5,-1840(gp) # 1b688 <completed.1>
   10244:	60a2                	ld	ra,8(sp)
   10246:	6402                	ld	s0,0(sp)
   10248:	0141                	addi	sp,sp,16
   1024a:	8082                	ret

000000000001024c <frame_dummy>:
   1024c:	00000793          	li	a5,0
   10250:	cb91                	beqz	a5,10264 <frame_dummy+0x18>
   10252:	6569                	lui	a0,0x1a
   10254:	8d818593          	addi	a1,gp,-1832 # 1b690 <object.0>
   10258:	a5050513          	addi	a0,a0,-1456 # 19a50 <__EH_FRAME_BEGIN__>
   1025c:	00000317          	auipc	t1,0x0
   10260:	00000067          	jr	zero # 0 <exit-0x10120>
   10264:	8082                	ret

0000000000010266 <__fp_lock>:
   10266:	4501                	li	a0,0
   10268:	8082                	ret

000000000001026a <stdio_exit_handler>:
   1026a:	666d                	lui	a2,0x1b
   1026c:	65cd                	lui	a1,0x13
   1026e:	656d                	lui	a0,0x1b
   10270:	a7060613          	addi	a2,a2,-1424 # 1aa70 <__sglue>
   10274:	43a58593          	addi	a1,a1,1082 # 1343a <_fclose_r>
   10278:	a8850513          	addi	a0,a0,-1400 # 1aa88 <_impure_data>
   1027c:	acb5                	j	104f8 <_fwalk_sglue>

000000000001027e <cleanup_stdio>:
   1027e:	650c                	ld	a1,8(a0)
   10280:	1141                	addi	sp,sp,-16
   10282:	000237b7          	lui	a5,0x23
   10286:	e022                	sd	s0,0(sp)
   10288:	e406                	sd	ra,8(sp)
   1028a:	6c078793          	addi	a5,a5,1728 # 236c0 <__sf>
   1028e:	842a                	mv	s0,a0
   10290:	00f58463          	beq	a1,a5,10298 <cleanup_stdio+0x1a>
   10294:	1a6030ef          	jal	1343a <_fclose_r>
   10298:	680c                	ld	a1,16(s0)
   1029a:	000237b7          	lui	a5,0x23
   1029e:	77078793          	addi	a5,a5,1904 # 23770 <__sf+0xb0>
   102a2:	00f58563          	beq	a1,a5,102ac <cleanup_stdio+0x2e>
   102a6:	8522                	mv	a0,s0
   102a8:	192030ef          	jal	1343a <_fclose_r>
   102ac:	6c0c                	ld	a1,24(s0)
   102ae:	000247b7          	lui	a5,0x24
   102b2:	82078793          	addi	a5,a5,-2016 # 23820 <__sf+0x160>
   102b6:	00f58863          	beq	a1,a5,102c6 <cleanup_stdio+0x48>
   102ba:	8522                	mv	a0,s0
   102bc:	6402                	ld	s0,0(sp)
   102be:	60a2                	ld	ra,8(sp)
   102c0:	0141                	addi	sp,sp,16
   102c2:	1780306f          	j	1343a <_fclose_r>
   102c6:	60a2                	ld	ra,8(sp)
   102c8:	6402                	ld	s0,0(sp)
   102ca:	0141                	addi	sp,sp,16
   102cc:	8082                	ret

00000000000102ce <__fp_unlock>:
   102ce:	4501                	li	a0,0
   102d0:	8082                	ret

00000000000102d2 <global_stdio_init.part.0>:
   102d2:	7179                	addi	sp,sp,-48
   102d4:	67c1                	lui	a5,0x10
   102d6:	f022                	sd	s0,32(sp)
   102d8:	26a78793          	addi	a5,a5,618 # 1026a <stdio_exit_handler>
   102dc:	00023437          	lui	s0,0x23
   102e0:	00023537          	lui	a0,0x23
   102e4:	6c040413          	addi	s0,s0,1728 # 236c0 <__sf>
   102e8:	f406                	sd	ra,40(sp)
   102ea:	ec26                	sd	s1,24(sp)
   102ec:	e84a                	sd	s2,16(sp)
   102ee:	e44e                	sd	s3,8(sp)
   102f0:	e052                	sd	s4,0(sp)
   102f2:	88f1b823          	sd	a5,-1904(gp) # 1b648 <__stdio_exit_handler>
   102f6:	4621                	li	a2,8
   102f8:	4791                	li	a5,4
   102fa:	4581                	li	a1,0
   102fc:	76450513          	addi	a0,a0,1892 # 23764 <__sf+0xa4>
   10300:	c81c                	sw	a5,16(s0)
   10302:	00043023          	sd	zero,0(s0)
   10306:	00043423          	sd	zero,8(s0)
   1030a:	0a042623          	sw	zero,172(s0)
   1030e:	00043c23          	sd	zero,24(s0)
   10312:	02042023          	sw	zero,32(s0)
   10316:	02042423          	sw	zero,40(s0)
   1031a:	55c000ef          	jal	10876 <memset>
   1031e:	6a41                	lui	s4,0x10
   10320:	69c1                	lui	s3,0x10
   10322:	6941                	lui	s2,0x10
   10324:	64c1                	lui	s1,0x10
   10326:	00024537          	lui	a0,0x24
   1032a:	67c1                	lui	a5,0x10
   1032c:	5cea0a13          	addi	s4,s4,1486 # 105ce <__sread>
   10330:	60a98993          	addi	s3,s3,1546 # 1060a <__swrite>
   10334:	65c90913          	addi	s2,s2,1628 # 1065c <__sseek>
   10338:	69e48493          	addi	s1,s1,1694 # 1069e <__sclose>
   1033c:	07a5                	addi	a5,a5,9 # 10009 <exit-0x117>
   1033e:	4621                	li	a2,8
   10340:	4581                	li	a1,0
   10342:	81450513          	addi	a0,a0,-2028 # 23814 <__sf+0x154>
   10346:	0cf42023          	sw	a5,192(s0)
   1034a:	03443c23          	sd	s4,56(s0)
   1034e:	05343023          	sd	s3,64(s0)
   10352:	05243423          	sd	s2,72(s0)
   10356:	e824                	sd	s1,80(s0)
   10358:	f800                	sd	s0,48(s0)
   1035a:	0a043823          	sd	zero,176(s0)
   1035e:	0a043c23          	sd	zero,184(s0)
   10362:	14042e23          	sw	zero,348(s0)
   10366:	0c043423          	sd	zero,200(s0)
   1036a:	0c042823          	sw	zero,208(s0)
   1036e:	0c042c23          	sw	zero,216(s0)
   10372:	504000ef          	jal	10876 <memset>
   10376:	00023737          	lui	a4,0x23
   1037a:	00024537          	lui	a0,0x24
   1037e:	000207b7          	lui	a5,0x20
   10382:	07c9                	addi	a5,a5,18 # 20012 <a+0x952>
   10384:	77070713          	addi	a4,a4,1904 # 23770 <__sf+0xb0>
   10388:	8c450513          	addi	a0,a0,-1852 # 238c4 <__sf+0x204>
   1038c:	4621                	li	a2,8
   1038e:	4581                	li	a1,0
   10390:	0f443423          	sd	s4,232(s0)
   10394:	0f343823          	sd	s3,240(s0)
   10398:	0f243c23          	sd	s2,248(s0)
   1039c:	10943023          	sd	s1,256(s0)
   103a0:	16f42823          	sw	a5,368(s0)
   103a4:	16043023          	sd	zero,352(s0)
   103a8:	16043423          	sd	zero,360(s0)
   103ac:	20042623          	sw	zero,524(s0)
   103b0:	16043c23          	sd	zero,376(s0)
   103b4:	18042023          	sw	zero,384(s0)
   103b8:	18042423          	sw	zero,392(s0)
   103bc:	f078                	sd	a4,224(s0)
   103be:	4b8000ef          	jal	10876 <memset>
   103c2:	000247b7          	lui	a5,0x24
   103c6:	82078793          	addi	a5,a5,-2016 # 23820 <__sf+0x160>
   103ca:	19443c23          	sd	s4,408(s0)
   103ce:	1b343023          	sd	s3,416(s0)
   103d2:	1b243423          	sd	s2,424(s0)
   103d6:	1a943823          	sd	s1,432(s0)
   103da:	70a2                	ld	ra,40(sp)
   103dc:	18f43823          	sd	a5,400(s0)
   103e0:	7402                	ld	s0,32(sp)
   103e2:	64e2                	ld	s1,24(sp)
   103e4:	6942                	ld	s2,16(sp)
   103e6:	69a2                	ld	s3,8(sp)
   103e8:	6a02                	ld	s4,0(sp)
   103ea:	6145                	addi	sp,sp,48
   103ec:	8082                	ret

00000000000103ee <__sfp>:
   103ee:	8901b783          	ld	a5,-1904(gp) # 1b648 <__stdio_exit_handler>
   103f2:	7179                	addi	sp,sp,-48
   103f4:	ec26                	sd	s1,24(sp)
   103f6:	f406                	sd	ra,40(sp)
   103f8:	f022                	sd	s0,32(sp)
   103fa:	84aa                	mv	s1,a0
   103fc:	cbcd                	beqz	a5,104ae <__sfp+0xc0>
   103fe:	66ed                	lui	a3,0x1b
   10400:	a7068693          	addi	a3,a3,-1424 # 1aa70 <__sglue>
   10404:	0b000813          	li	a6,176
   10408:	4698                	lw	a4,8(a3)
   1040a:	06e05363          	blez	a4,10470 <__sfp+0x82>
   1040e:	1702                	slli	a4,a4,0x20
   10410:	9301                	srli	a4,a4,0x20
   10412:	03070733          	mul	a4,a4,a6
   10416:	6a80                	ld	s0,16(a3)
   10418:	9722                	add	a4,a4,s0
   1041a:	a029                	j	10424 <__sfp+0x36>
   1041c:	0b040413          	addi	s0,s0,176
   10420:	04e40863          	beq	s0,a4,10470 <__sfp+0x82>
   10424:	01041783          	lh	a5,16(s0)
   10428:	fbf5                	bnez	a5,1041c <__sfp+0x2e>
   1042a:	77c1                	lui	a5,0xffff0
   1042c:	0785                	addi	a5,a5,1 # ffffffffffff0001 <__BSS_END__+0xfffffffffffcc3c9>
   1042e:	c81c                	sw	a5,16(s0)
   10430:	0a042623          	sw	zero,172(s0)
   10434:	00043023          	sd	zero,0(s0)
   10438:	00043423          	sd	zero,8(s0)
   1043c:	00043c23          	sd	zero,24(s0)
   10440:	02042023          	sw	zero,32(s0)
   10444:	02042423          	sw	zero,40(s0)
   10448:	4621                	li	a2,8
   1044a:	4581                	li	a1,0
   1044c:	0a440513          	addi	a0,s0,164
   10450:	426000ef          	jal	10876 <memset>
   10454:	04043c23          	sd	zero,88(s0)
   10458:	06042023          	sw	zero,96(s0)
   1045c:	06043c23          	sd	zero,120(s0)
   10460:	08042023          	sw	zero,128(s0)
   10464:	70a2                	ld	ra,40(sp)
   10466:	8522                	mv	a0,s0
   10468:	7402                	ld	s0,32(sp)
   1046a:	64e2                	ld	s1,24(sp)
   1046c:	6145                	addi	sp,sp,48
   1046e:	8082                	ret
   10470:	6280                	ld	s0,0(a3)
   10472:	c019                	beqz	s0,10478 <__sfp+0x8a>
   10474:	86a2                	mv	a3,s0
   10476:	bf49                	j	10408 <__sfp+0x1a>
   10478:	2d800593          	li	a1,728
   1047c:	8526                	mv	a0,s1
   1047e:	e436                	sd	a3,8(sp)
   10480:	09b000ef          	jal	10d1a <_malloc_r>
   10484:	66a2                	ld	a3,8(sp)
   10486:	842a                	mv	s0,a0
   10488:	c515                	beqz	a0,104b4 <__sfp+0xc6>
   1048a:	4791                	li	a5,4
   1048c:	c51c                	sw	a5,8(a0)
   1048e:	0561                	addi	a0,a0,24
   10490:	00043023          	sd	zero,0(s0)
   10494:	e808                	sd	a0,16(s0)
   10496:	2c000613          	li	a2,704
   1049a:	4581                	li	a1,0
   1049c:	e436                	sd	a3,8(sp)
   1049e:	3d8000ef          	jal	10876 <memset>
   104a2:	66a2                	ld	a3,8(sp)
   104a4:	0b000813          	li	a6,176
   104a8:	e280                	sd	s0,0(a3)
   104aa:	86a2                	mv	a3,s0
   104ac:	bfb1                	j	10408 <__sfp+0x1a>
   104ae:	e25ff0ef          	jal	102d2 <global_stdio_init.part.0>
   104b2:	b7b1                	j	103fe <__sfp+0x10>
   104b4:	0006b023          	sd	zero,0(a3)
   104b8:	47b1                	li	a5,12
   104ba:	c09c                	sw	a5,0(s1)
   104bc:	b765                	j	10464 <__sfp+0x76>

00000000000104be <__sinit>:
   104be:	653c                	ld	a5,72(a0)
   104c0:	c391                	beqz	a5,104c4 <__sinit+0x6>
   104c2:	8082                	ret
   104c4:	67c1                	lui	a5,0x10
   104c6:	8901b703          	ld	a4,-1904(gp) # 1b648 <__stdio_exit_handler>
   104ca:	27e78793          	addi	a5,a5,638 # 1027e <cleanup_stdio>
   104ce:	e53c                	sd	a5,72(a0)
   104d0:	fb6d                	bnez	a4,104c2 <__sinit+0x4>
   104d2:	b501                	j	102d2 <global_stdio_init.part.0>

00000000000104d4 <__sfp_lock_acquire>:
   104d4:	8082                	ret

00000000000104d6 <__sfp_lock_release>:
   104d6:	8082                	ret

00000000000104d8 <__fp_lock_all>:
   104d8:	666d                	lui	a2,0x1b
   104da:	65c1                	lui	a1,0x10
   104dc:	a7060613          	addi	a2,a2,-1424 # 1aa70 <__sglue>
   104e0:	26658593          	addi	a1,a1,614 # 10266 <__fp_lock>
   104e4:	4501                	li	a0,0
   104e6:	a809                	j	104f8 <_fwalk_sglue>

00000000000104e8 <__fp_unlock_all>:
   104e8:	666d                	lui	a2,0x1b
   104ea:	65c1                	lui	a1,0x10
   104ec:	a7060613          	addi	a2,a2,-1424 # 1aa70 <__sglue>
   104f0:	2ce58593          	addi	a1,a1,718 # 102ce <__fp_unlock>
   104f4:	4501                	li	a0,0
   104f6:	a009                	j	104f8 <_fwalk_sglue>

00000000000104f8 <_fwalk_sglue>:
   104f8:	715d                	addi	sp,sp,-80
   104fa:	f84a                	sd	s2,48(sp)
   104fc:	f44e                	sd	s3,40(sp)
   104fe:	f052                	sd	s4,32(sp)
   10500:	ec56                	sd	s5,24(sp)
   10502:	e85a                	sd	s6,16(sp)
   10504:	e45e                	sd	s7,8(sp)
   10506:	e062                	sd	s8,0(sp)
   10508:	e486                	sd	ra,72(sp)
   1050a:	e0a2                	sd	s0,64(sp)
   1050c:	fc26                	sd	s1,56(sp)
   1050e:	89b2                	mv	s3,a2
   10510:	8aaa                	mv	s5,a0
   10512:	8b2e                	mv	s6,a1
   10514:	4901                	li	s2,0
   10516:	0b000b93          	li	s7,176
   1051a:	4c05                	li	s8,1
   1051c:	5a7d                	li	s4,-1
   1051e:	0089a483          	lw	s1,8(s3)
   10522:	02905b63          	blez	s1,10558 <_fwalk_sglue+0x60>
   10526:	1482                	slli	s1,s1,0x20
   10528:	9081                	srli	s1,s1,0x20
   1052a:	037484b3          	mul	s1,s1,s7
   1052e:	0109b403          	ld	s0,16(s3)
   10532:	94a2                	add	s1,s1,s0
   10534:	01045783          	lhu	a5,16(s0)
   10538:	00fc7c63          	bgeu	s8,a5,10550 <_fwalk_sglue+0x58>
   1053c:	01241783          	lh	a5,18(s0)
   10540:	85a2                	mv	a1,s0
   10542:	8556                	mv	a0,s5
   10544:	01478663          	beq	a5,s4,10550 <_fwalk_sglue+0x58>
   10548:	9b02                	jalr	s6
   1054a:	01256933          	or	s2,a0,s2
   1054e:	2901                	sext.w	s2,s2
   10550:	0b040413          	addi	s0,s0,176
   10554:	fe9410e3          	bne	s0,s1,10534 <_fwalk_sglue+0x3c>
   10558:	0009b983          	ld	s3,0(s3)
   1055c:	fc0991e3          	bnez	s3,1051e <_fwalk_sglue+0x26>
   10560:	60a6                	ld	ra,72(sp)
   10562:	6406                	ld	s0,64(sp)
   10564:	74e2                	ld	s1,56(sp)
   10566:	79a2                	ld	s3,40(sp)
   10568:	7a02                	ld	s4,32(sp)
   1056a:	6ae2                	ld	s5,24(sp)
   1056c:	6b42                	ld	s6,16(sp)
   1056e:	6ba2                	ld	s7,8(sp)
   10570:	6c02                	ld	s8,0(sp)
   10572:	854a                	mv	a0,s2
   10574:	7942                	ld	s2,48(sp)
   10576:	6161                	addi	sp,sp,80
   10578:	8082                	ret

000000000001057a <_printf_r>:
   1057a:	715d                	addi	sp,sp,-80
   1057c:	8e2e                	mv	t3,a1
   1057e:	690c                	ld	a1,16(a0)
   10580:	02010313          	addi	t1,sp,32
   10584:	f032                	sd	a2,32(sp)
   10586:	f436                	sd	a3,40(sp)
   10588:	8672                	mv	a2,t3
   1058a:	869a                	mv	a3,t1
   1058c:	ec06                	sd	ra,24(sp)
   1058e:	f83a                	sd	a4,48(sp)
   10590:	fc3e                	sd	a5,56(sp)
   10592:	e0c2                	sd	a6,64(sp)
   10594:	e4c6                	sd	a7,72(sp)
   10596:	e41a                	sd	t1,8(sp)
   10598:	5f1000ef          	jal	11388 <_vfprintf_r>
   1059c:	60e2                	ld	ra,24(sp)
   1059e:	6161                	addi	sp,sp,80
   105a0:	8082                	ret

00000000000105a2 <printf>:
   105a2:	8781b303          	ld	t1,-1928(gp) # 1b630 <_impure_ptr>
   105a6:	711d                	addi	sp,sp,-96
   105a8:	f832                	sd	a2,48(sp)
   105aa:	fc36                	sd	a3,56(sp)
   105ac:	f42e                	sd	a1,40(sp)
   105ae:	e0ba                	sd	a4,64(sp)
   105b0:	e4be                	sd	a5,72(sp)
   105b2:	e8c2                	sd	a6,80(sp)
   105b4:	ecc6                	sd	a7,88(sp)
   105b6:	01033583          	ld	a1,16(t1) # 1026c <stdio_exit_handler+0x2>
   105ba:	1034                	addi	a3,sp,40
   105bc:	862a                	mv	a2,a0
   105be:	851a                	mv	a0,t1
   105c0:	ec06                	sd	ra,24(sp)
   105c2:	e436                	sd	a3,8(sp)
   105c4:	5c5000ef          	jal	11388 <_vfprintf_r>
   105c8:	60e2                	ld	ra,24(sp)
   105ca:	6125                	addi	sp,sp,96
   105cc:	8082                	ret

00000000000105ce <__sread>:
   105ce:	1141                	addi	sp,sp,-16
   105d0:	e022                	sd	s0,0(sp)
   105d2:	842e                	mv	s0,a1
   105d4:	01259583          	lh	a1,18(a1)
   105d8:	e406                	sd	ra,8(sp)
   105da:	1c2000ef          	jal	1079c <_read_r>
   105de:	00054963          	bltz	a0,105f0 <__sread+0x22>
   105e2:	685c                	ld	a5,144(s0)
   105e4:	60a2                	ld	ra,8(sp)
   105e6:	97aa                	add	a5,a5,a0
   105e8:	e85c                	sd	a5,144(s0)
   105ea:	6402                	ld	s0,0(sp)
   105ec:	0141                	addi	sp,sp,16
   105ee:	8082                	ret
   105f0:	01045783          	lhu	a5,16(s0)
   105f4:	777d                	lui	a4,0xfffff
   105f6:	177d                	addi	a4,a4,-1 # ffffffffffffefff <__BSS_END__+0xfffffffffffdb3c7>
   105f8:	8ff9                	and	a5,a5,a4
   105fa:	60a2                	ld	ra,8(sp)
   105fc:	00f41823          	sh	a5,16(s0)
   10600:	6402                	ld	s0,0(sp)
   10602:	0141                	addi	sp,sp,16
   10604:	8082                	ret

0000000000010606 <__seofread>:
   10606:	4501                	li	a0,0
   10608:	8082                	ret

000000000001060a <__swrite>:
   1060a:	01059783          	lh	a5,16(a1)
   1060e:	7179                	addi	sp,sp,-48
   10610:	8336                	mv	t1,a3
   10612:	f406                	sd	ra,40(sp)
   10614:	1007f693          	andi	a3,a5,256
   10618:	872e                	mv	a4,a1
   1061a:	88b2                	mv	a7,a2
   1061c:	882a                	mv	a6,a0
   1061e:	ee91                	bnez	a3,1063a <__swrite+0x30>
   10620:	76fd                	lui	a3,0xfffff
   10622:	16fd                	addi	a3,a3,-1 # ffffffffffffefff <__BSS_END__+0xfffffffffffdb3c7>
   10624:	70a2                	ld	ra,40(sp)
   10626:	8ff5                	and	a5,a5,a3
   10628:	01271583          	lh	a1,18(a4)
   1062c:	00f71823          	sh	a5,16(a4)
   10630:	869a                	mv	a3,t1
   10632:	8646                	mv	a2,a7
   10634:	8542                	mv	a0,a6
   10636:	6145                	addi	sp,sp,48
   10638:	a245                	j	107d8 <_write_r>
   1063a:	01259583          	lh	a1,18(a1)
   1063e:	e832                	sd	a2,16(sp)
   10640:	4689                	li	a3,2
   10642:	4601                	li	a2,0
   10644:	ec1a                	sd	t1,24(sp)
   10646:	e03a                	sd	a4,0(sp)
   10648:	e42a                	sd	a0,8(sp)
   1064a:	116000ef          	jal	10760 <_lseek_r>
   1064e:	6702                	ld	a4,0(sp)
   10650:	6362                	ld	t1,24(sp)
   10652:	68c2                	ld	a7,16(sp)
   10654:	01071783          	lh	a5,16(a4)
   10658:	6822                	ld	a6,8(sp)
   1065a:	b7d9                	j	10620 <__swrite+0x16>

000000000001065c <__sseek>:
   1065c:	1141                	addi	sp,sp,-16
   1065e:	e022                	sd	s0,0(sp)
   10660:	842e                	mv	s0,a1
   10662:	01259583          	lh	a1,18(a1)
   10666:	e406                	sd	ra,8(sp)
   10668:	0f8000ef          	jal	10760 <_lseek_r>
   1066c:	577d                	li	a4,-1
   1066e:	01041783          	lh	a5,16(s0)
   10672:	00e50b63          	beq	a0,a4,10688 <__sseek+0x2c>
   10676:	6705                	lui	a4,0x1
   10678:	8fd9                	or	a5,a5,a4
   1067a:	60a2                	ld	ra,8(sp)
   1067c:	e848                	sd	a0,144(s0)
   1067e:	00f41823          	sh	a5,16(s0)
   10682:	6402                	ld	s0,0(sp)
   10684:	0141                	addi	sp,sp,16
   10686:	8082                	ret
   10688:	80050713          	addi	a4,a0,-2048
   1068c:	80070713          	addi	a4,a4,-2048 # 800 <exit-0xf920>
   10690:	8ff9                	and	a5,a5,a4
   10692:	60a2                	ld	ra,8(sp)
   10694:	00f41823          	sh	a5,16(s0)
   10698:	6402                	ld	s0,0(sp)
   1069a:	0141                	addi	sp,sp,16
   1069c:	8082                	ret

000000000001069e <__sclose>:
   1069e:	01259583          	lh	a1,18(a1)
   106a2:	a009                	j	106a4 <_close_r>

00000000000106a4 <_close_r>:
   106a4:	1101                	addi	sp,sp,-32
   106a6:	e822                	sd	s0,16(sp)
   106a8:	e426                	sd	s1,8(sp)
   106aa:	84aa                	mv	s1,a0
   106ac:	852e                	mv	a0,a1
   106ae:	ec06                	sd	ra,24(sp)
   106b0:	8801ac23          	sw	zero,-1896(gp) # 1b650 <errno>
   106b4:	704070ef          	jal	17db8 <_close>
   106b8:	57fd                	li	a5,-1
   106ba:	00f50763          	beq	a0,a5,106c8 <_close_r+0x24>
   106be:	60e2                	ld	ra,24(sp)
   106c0:	6442                	ld	s0,16(sp)
   106c2:	64a2                	ld	s1,8(sp)
   106c4:	6105                	addi	sp,sp,32
   106c6:	8082                	ret
   106c8:	8981a783          	lw	a5,-1896(gp) # 1b650 <errno>
   106cc:	dbed                	beqz	a5,106be <_close_r+0x1a>
   106ce:	60e2                	ld	ra,24(sp)
   106d0:	6442                	ld	s0,16(sp)
   106d2:	c09c                	sw	a5,0(s1)
   106d4:	64a2                	ld	s1,8(sp)
   106d6:	6105                	addi	sp,sp,32
   106d8:	8082                	ret

00000000000106da <_reclaim_reent>:
   106da:	8781b783          	ld	a5,-1928(gp) # 1b630 <_impure_ptr>
   106de:	08a78063          	beq	a5,a0,1075e <_reclaim_reent+0x84>
   106e2:	752c                	ld	a1,104(a0)
   106e4:	7179                	addi	sp,sp,-48
   106e6:	ec26                	sd	s1,24(sp)
   106e8:	f406                	sd	ra,40(sp)
   106ea:	f022                	sd	s0,32(sp)
   106ec:	84aa                	mv	s1,a0
   106ee:	c98d                	beqz	a1,10720 <_reclaim_reent+0x46>
   106f0:	e84a                	sd	s2,16(sp)
   106f2:	e44e                	sd	s3,8(sp)
   106f4:	4901                	li	s2,0
   106f6:	20000993          	li	s3,512
   106fa:	012587b3          	add	a5,a1,s2
   106fe:	6380                	ld	s0,0(a5)
   10700:	c801                	beqz	s0,10710 <_reclaim_reent+0x36>
   10702:	85a2                	mv	a1,s0
   10704:	6000                	ld	s0,0(s0)
   10706:	8526                	mv	a0,s1
   10708:	3da000ef          	jal	10ae2 <_free_r>
   1070c:	f87d                	bnez	s0,10702 <_reclaim_reent+0x28>
   1070e:	74ac                	ld	a1,104(s1)
   10710:	0921                	addi	s2,s2,8
   10712:	ff3914e3          	bne	s2,s3,106fa <_reclaim_reent+0x20>
   10716:	8526                	mv	a0,s1
   10718:	3ca000ef          	jal	10ae2 <_free_r>
   1071c:	6942                	ld	s2,16(sp)
   1071e:	69a2                	ld	s3,8(sp)
   10720:	68ac                	ld	a1,80(s1)
   10722:	c581                	beqz	a1,1072a <_reclaim_reent+0x50>
   10724:	8526                	mv	a0,s1
   10726:	3bc000ef          	jal	10ae2 <_free_r>
   1072a:	70a0                	ld	s0,96(s1)
   1072c:	c419                	beqz	s0,1073a <_reclaim_reent+0x60>
   1072e:	85a2                	mv	a1,s0
   10730:	6000                	ld	s0,0(s0)
   10732:	8526                	mv	a0,s1
   10734:	3ae000ef          	jal	10ae2 <_free_r>
   10738:	f87d                	bnez	s0,1072e <_reclaim_reent+0x54>
   1073a:	7cac                	ld	a1,120(s1)
   1073c:	c581                	beqz	a1,10744 <_reclaim_reent+0x6a>
   1073e:	8526                	mv	a0,s1
   10740:	3a2000ef          	jal	10ae2 <_free_r>
   10744:	64bc                	ld	a5,72(s1)
   10746:	c799                	beqz	a5,10754 <_reclaim_reent+0x7a>
   10748:	7402                	ld	s0,32(sp)
   1074a:	70a2                	ld	ra,40(sp)
   1074c:	8526                	mv	a0,s1
   1074e:	64e2                	ld	s1,24(sp)
   10750:	6145                	addi	sp,sp,48
   10752:	8782                	jr	a5
   10754:	70a2                	ld	ra,40(sp)
   10756:	7402                	ld	s0,32(sp)
   10758:	64e2                	ld	s1,24(sp)
   1075a:	6145                	addi	sp,sp,48
   1075c:	8082                	ret
   1075e:	8082                	ret

0000000000010760 <_lseek_r>:
   10760:	1101                	addi	sp,sp,-32
   10762:	87ae                	mv	a5,a1
   10764:	e822                	sd	s0,16(sp)
   10766:	e426                	sd	s1,8(sp)
   10768:	85b2                	mv	a1,a2
   1076a:	84aa                	mv	s1,a0
   1076c:	8636                	mv	a2,a3
   1076e:	853e                	mv	a0,a5
   10770:	ec06                	sd	ra,24(sp)
   10772:	8801ac23          	sw	zero,-1896(gp) # 1b650 <errno>
   10776:	70e070ef          	jal	17e84 <_lseek>
   1077a:	57fd                	li	a5,-1
   1077c:	00f50763          	beq	a0,a5,1078a <_lseek_r+0x2a>
   10780:	60e2                	ld	ra,24(sp)
   10782:	6442                	ld	s0,16(sp)
   10784:	64a2                	ld	s1,8(sp)
   10786:	6105                	addi	sp,sp,32
   10788:	8082                	ret
   1078a:	8981a783          	lw	a5,-1896(gp) # 1b650 <errno>
   1078e:	dbed                	beqz	a5,10780 <_lseek_r+0x20>
   10790:	60e2                	ld	ra,24(sp)
   10792:	6442                	ld	s0,16(sp)
   10794:	c09c                	sw	a5,0(s1)
   10796:	64a2                	ld	s1,8(sp)
   10798:	6105                	addi	sp,sp,32
   1079a:	8082                	ret

000000000001079c <_read_r>:
   1079c:	1101                	addi	sp,sp,-32
   1079e:	87ae                	mv	a5,a1
   107a0:	e822                	sd	s0,16(sp)
   107a2:	e426                	sd	s1,8(sp)
   107a4:	85b2                	mv	a1,a2
   107a6:	84aa                	mv	s1,a0
   107a8:	8636                	mv	a2,a3
   107aa:	853e                	mv	a0,a5
   107ac:	ec06                	sd	ra,24(sp)
   107ae:	8801ac23          	sw	zero,-1896(gp) # 1b650 <errno>
   107b2:	6fc070ef          	jal	17eae <_read>
   107b6:	57fd                	li	a5,-1
   107b8:	00f50763          	beq	a0,a5,107c6 <_read_r+0x2a>
   107bc:	60e2                	ld	ra,24(sp)
   107be:	6442                	ld	s0,16(sp)
   107c0:	64a2                	ld	s1,8(sp)
   107c2:	6105                	addi	sp,sp,32
   107c4:	8082                	ret
   107c6:	8981a783          	lw	a5,-1896(gp) # 1b650 <errno>
   107ca:	dbed                	beqz	a5,107bc <_read_r+0x20>
   107cc:	60e2                	ld	ra,24(sp)
   107ce:	6442                	ld	s0,16(sp)
   107d0:	c09c                	sw	a5,0(s1)
   107d2:	64a2                	ld	s1,8(sp)
   107d4:	6105                	addi	sp,sp,32
   107d6:	8082                	ret

00000000000107d8 <_write_r>:
   107d8:	1101                	addi	sp,sp,-32
   107da:	87ae                	mv	a5,a1
   107dc:	e822                	sd	s0,16(sp)
   107de:	e426                	sd	s1,8(sp)
   107e0:	85b2                	mv	a1,a2
   107e2:	84aa                	mv	s1,a0
   107e4:	8636                	mv	a2,a3
   107e6:	853e                	mv	a0,a5
   107e8:	ec06                	sd	ra,24(sp)
   107ea:	8801ac23          	sw	zero,-1896(gp) # 1b650 <errno>
   107ee:	73e070ef          	jal	17f2c <_write>
   107f2:	57fd                	li	a5,-1
   107f4:	00f50763          	beq	a0,a5,10802 <_write_r+0x2a>
   107f8:	60e2                	ld	ra,24(sp)
   107fa:	6442                	ld	s0,16(sp)
   107fc:	64a2                	ld	s1,8(sp)
   107fe:	6105                	addi	sp,sp,32
   10800:	8082                	ret
   10802:	8981a783          	lw	a5,-1896(gp) # 1b650 <errno>
   10806:	dbed                	beqz	a5,107f8 <_write_r+0x20>
   10808:	60e2                	ld	ra,24(sp)
   1080a:	6442                	ld	s0,16(sp)
   1080c:	c09c                	sw	a5,0(s1)
   1080e:	64a2                	ld	s1,8(sp)
   10810:	6105                	addi	sp,sp,32
   10812:	8082                	ret

0000000000010814 <__libc_init_array>:
   10814:	1101                	addi	sp,sp,-32
   10816:	e822                	sd	s0,16(sp)
   10818:	e04a                	sd	s2,0(sp)
   1081a:	646d                	lui	s0,0x1b
   1081c:	696d                	lui	s2,0x1b
   1081e:	ec06                	sd	ra,24(sp)
   10820:	e426                	sd	s1,8(sp)
   10822:	a5490913          	addi	s2,s2,-1452 # 1aa54 <__preinit_array_end>
   10826:	a5440413          	addi	s0,s0,-1452 # 1aa54 <__preinit_array_end>
   1082a:	00890d63          	beq	s2,s0,10844 <__libc_init_array+0x30>
   1082e:	40890933          	sub	s2,s2,s0
   10832:	40395913          	srai	s2,s2,0x3
   10836:	4481                	li	s1,0
   10838:	601c                	ld	a5,0(s0)
   1083a:	0485                	addi	s1,s1,1
   1083c:	0421                	addi	s0,s0,8
   1083e:	9782                	jalr	a5
   10840:	ff24ece3          	bltu	s1,s2,10838 <__libc_init_array+0x24>
   10844:	696d                	lui	s2,0x1b
   10846:	646d                	lui	s0,0x1b
   10848:	a6890913          	addi	s2,s2,-1432 # 1aa68 <__do_global_dtors_aux_fini_array_entry>
   1084c:	a5840413          	addi	s0,s0,-1448 # 1aa58 <__init_array_start>
   10850:	00890d63          	beq	s2,s0,1086a <__libc_init_array+0x56>
   10854:	40890933          	sub	s2,s2,s0
   10858:	40395913          	srai	s2,s2,0x3
   1085c:	4481                	li	s1,0
   1085e:	601c                	ld	a5,0(s0)
   10860:	0485                	addi	s1,s1,1
   10862:	0421                	addi	s0,s0,8
   10864:	9782                	jalr	a5
   10866:	ff24ece3          	bltu	s1,s2,1085e <__libc_init_array+0x4a>
   1086a:	60e2                	ld	ra,24(sp)
   1086c:	6442                	ld	s0,16(sp)
   1086e:	64a2                	ld	s1,8(sp)
   10870:	6902                	ld	s2,0(sp)
   10872:	6105                	addi	sp,sp,32
   10874:	8082                	ret

0000000000010876 <memset>:
   10876:	433d                	li	t1,15
   10878:	872a                	mv	a4,a0
   1087a:	02c37163          	bgeu	t1,a2,1089c <memset+0x26>
   1087e:	00f77793          	andi	a5,a4,15
   10882:	e3c1                	bnez	a5,10902 <memset+0x8c>
   10884:	e1bd                	bnez	a1,108ea <memset+0x74>
   10886:	ff067693          	andi	a3,a2,-16
   1088a:	8a3d                	andi	a2,a2,15
   1088c:	96ba                	add	a3,a3,a4
   1088e:	e30c                	sd	a1,0(a4)
   10890:	e70c                	sd	a1,8(a4)
   10892:	0741                	addi	a4,a4,16
   10894:	fed76de3          	bltu	a4,a3,1088e <memset+0x18>
   10898:	e211                	bnez	a2,1089c <memset+0x26>
   1089a:	8082                	ret
   1089c:	40c306b3          	sub	a3,t1,a2
   108a0:	068a                	slli	a3,a3,0x2
   108a2:	00000297          	auipc	t0,0x0
   108a6:	9696                	add	a3,a3,t0
   108a8:	00a68067          	jr	10(a3)
   108ac:	00b70723          	sb	a1,14(a4)
   108b0:	00b706a3          	sb	a1,13(a4)
   108b4:	00b70623          	sb	a1,12(a4)
   108b8:	00b705a3          	sb	a1,11(a4)
   108bc:	00b70523          	sb	a1,10(a4)
   108c0:	00b704a3          	sb	a1,9(a4)
   108c4:	00b70423          	sb	a1,8(a4)
   108c8:	00b703a3          	sb	a1,7(a4)
   108cc:	00b70323          	sb	a1,6(a4)
   108d0:	00b702a3          	sb	a1,5(a4)
   108d4:	00b70223          	sb	a1,4(a4)
   108d8:	00b701a3          	sb	a1,3(a4)
   108dc:	00b70123          	sb	a1,2(a4)
   108e0:	00b700a3          	sb	a1,1(a4)
   108e4:	00b70023          	sb	a1,0(a4)
   108e8:	8082                	ret
   108ea:	0ff5f593          	zext.b	a1,a1
   108ee:	00859693          	slli	a3,a1,0x8
   108f2:	8dd5                	or	a1,a1,a3
   108f4:	01059693          	slli	a3,a1,0x10
   108f8:	8dd5                	or	a1,a1,a3
   108fa:	02059693          	slli	a3,a1,0x20
   108fe:	8dd5                	or	a1,a1,a3
   10900:	b759                	j	10886 <memset+0x10>
   10902:	00279693          	slli	a3,a5,0x2
   10906:	00000297          	auipc	t0,0x0
   1090a:	9696                	add	a3,a3,t0
   1090c:	8286                	mv	t0,ra
   1090e:	fa2680e7          	jalr	-94(a3)
   10912:	8096                	mv	ra,t0
   10914:	17c1                	addi	a5,a5,-16
   10916:	8f1d                	sub	a4,a4,a5
   10918:	963e                	add	a2,a2,a5
   1091a:	f8c371e3          	bgeu	t1,a2,1089c <memset+0x26>
   1091e:	b79d                	j	10884 <memset+0xe>

0000000000010920 <__call_exitprocs>:
   10920:	715d                	addi	sp,sp,-80
   10922:	f052                	sd	s4,32(sp)
   10924:	f84a                	sd	s2,48(sp)
   10926:	8a01b903          	ld	s2,-1888(gp) # 1b658 <__atexit>
   1092a:	e486                	sd	ra,72(sp)
   1092c:	06090e63          	beqz	s2,109a8 <__call_exitprocs+0x88>
   10930:	f44e                	sd	s3,40(sp)
   10932:	ec56                	sd	s5,24(sp)
   10934:	e85a                	sd	s6,16(sp)
   10936:	e45e                	sd	s7,8(sp)
   10938:	e0a2                	sd	s0,64(sp)
   1093a:	fc26                	sd	s1,56(sp)
   1093c:	e062                	sd	s8,0(sp)
   1093e:	8b2a                	mv	s6,a0
   10940:	8bae                	mv	s7,a1
   10942:	59fd                	li	s3,-1
   10944:	4a85                	li	s5,1
   10946:	00892403          	lw	s0,8(s2)
   1094a:	347d                	addiw	s0,s0,-1
   1094c:	04044763          	bltz	s0,1099a <__call_exitprocs+0x7a>
   10950:	01090493          	addi	s1,s2,16
   10954:	00341793          	slli	a5,s0,0x3
   10958:	94be                	add	s1,s1,a5
   1095a:	040b9c63          	bnez	s7,109b2 <__call_exitprocs+0x92>
   1095e:	00892783          	lw	a5,8(s2)
   10962:	6094                	ld	a3,0(s1)
   10964:	37fd                	addiw	a5,a5,-1
   10966:	08878863          	beq	a5,s0,109f6 <__call_exitprocs+0xd6>
   1096a:	0004b023          	sd	zero,0(s1)
   1096e:	c295                	beqz	a3,10992 <__call_exitprocs+0x72>
   10970:	31092783          	lw	a5,784(s2)
   10974:	008a973b          	sllw	a4,s5,s0
   10978:	00892c03          	lw	s8,8(s2)
   1097c:	8ff9                	and	a5,a5,a4
   1097e:	ebb9                	bnez	a5,109d4 <__call_exitprocs+0xb4>
   10980:	9682                	jalr	a3
   10982:	00892703          	lw	a4,8(s2)
   10986:	8a01b783          	ld	a5,-1888(gp) # 1b658 <__atexit>
   1098a:	07871363          	bne	a4,s8,109f0 <__call_exitprocs+0xd0>
   1098e:	07279163          	bne	a5,s2,109f0 <__call_exitprocs+0xd0>
   10992:	347d                	addiw	s0,s0,-1
   10994:	14e1                	addi	s1,s1,-8
   10996:	fd3412e3          	bne	s0,s3,1095a <__call_exitprocs+0x3a>
   1099a:	6406                	ld	s0,64(sp)
   1099c:	74e2                	ld	s1,56(sp)
   1099e:	79a2                	ld	s3,40(sp)
   109a0:	6ae2                	ld	s5,24(sp)
   109a2:	6b42                	ld	s6,16(sp)
   109a4:	6ba2                	ld	s7,8(sp)
   109a6:	6c02                	ld	s8,0(sp)
   109a8:	60a6                	ld	ra,72(sp)
   109aa:	7942                	ld	s2,48(sp)
   109ac:	7a02                	ld	s4,32(sp)
   109ae:	6161                	addi	sp,sp,80
   109b0:	8082                	ret
   109b2:	2004b783          	ld	a5,512(s1)
   109b6:	fff4071b          	addiw	a4,s0,-1
   109ba:	fafb82e3          	beq	s7,a5,1095e <__call_exitprocs+0x3e>
   109be:	3479                	addiw	s0,s0,-2
   109c0:	fd370de3          	beq	a4,s3,1099a <__call_exitprocs+0x7a>
   109c4:	1f84b783          	ld	a5,504(s1)
   109c8:	03778a63          	beq	a5,s7,109fc <__call_exitprocs+0xdc>
   109cc:	14c1                	addi	s1,s1,-16
   109ce:	ff3412e3          	bne	s0,s3,109b2 <__call_exitprocs+0x92>
   109d2:	b7e1                	j	1099a <__call_exitprocs+0x7a>
   109d4:	31492783          	lw	a5,788(s2)
   109d8:	1004b583          	ld	a1,256(s1)
   109dc:	8f7d                	and	a4,a4,a5
   109de:	e315                	bnez	a4,10a02 <__call_exitprocs+0xe2>
   109e0:	855a                	mv	a0,s6
   109e2:	9682                	jalr	a3
   109e4:	00892703          	lw	a4,8(s2)
   109e8:	8a01b783          	ld	a5,-1888(gp) # 1b658 <__atexit>
   109ec:	fb8701e3          	beq	a4,s8,1098e <__call_exitprocs+0x6e>
   109f0:	d7cd                	beqz	a5,1099a <__call_exitprocs+0x7a>
   109f2:	893e                	mv	s2,a5
   109f4:	bf89                	j	10946 <__call_exitprocs+0x26>
   109f6:	00892423          	sw	s0,8(s2)
   109fa:	bf95                	j	1096e <__call_exitprocs+0x4e>
   109fc:	843a                	mv	s0,a4
   109fe:	14e1                	addi	s1,s1,-8
   10a00:	bfb9                	j	1095e <__call_exitprocs+0x3e>
   10a02:	852e                	mv	a0,a1
   10a04:	9682                	jalr	a3
   10a06:	bfb5                	j	10982 <__call_exitprocs+0x62>

0000000000010a08 <atexit>:
   10a08:	85aa                	mv	a1,a0
   10a0a:	4681                	li	a3,0
   10a0c:	4601                	li	a2,0
   10a0e:	4501                	li	a0,0
   10a10:	5e00306f          	j	13ff0 <__register_exitproc>

0000000000010a14 <_malloc_trim_r>:
   10a14:	7179                	addi	sp,sp,-48
   10a16:	e84a                	sd	s2,16(sp)
   10a18:	696d                	lui	s2,0x1b
   10a1a:	f022                	sd	s0,32(sp)
   10a1c:	ec26                	sd	s1,24(sp)
   10a1e:	e44e                	sd	s3,8(sp)
   10a20:	842e                	mv	s0,a1
   10a22:	f406                	sd	ra,40(sp)
   10a24:	89aa                	mv	s3,a0
   10a26:	c0090913          	addi	s2,s2,-1024 # 1ac00 <__malloc_av_>
   10a2a:	15b000ef          	jal	11384 <__malloc_lock>
   10a2e:	01093783          	ld	a5,16(s2)
   10a32:	6705                	lui	a4,0x1
   10a34:	6784                	ld	s1,8(a5)
   10a36:	98f1                	andi	s1,s1,-4
   10a38:	7ff48793          	addi	a5,s1,2047
   10a3c:	7e078793          	addi	a5,a5,2016
   10a40:	40878433          	sub	s0,a5,s0
   10a44:	8031                	srli	s0,s0,0xc
   10a46:	147d                	addi	s0,s0,-1
   10a48:	0432                	slli	s0,s0,0xc
   10a4a:	00e44b63          	blt	s0,a4,10a60 <_malloc_trim_r+0x4c>
   10a4e:	4581                	li	a1,0
   10a50:	854e                	mv	a0,s3
   10a52:	238030ef          	jal	13c8a <_sbrk_r>
   10a56:	01093783          	ld	a5,16(s2)
   10a5a:	97a6                	add	a5,a5,s1
   10a5c:	00f50d63          	beq	a0,a5,10a76 <_malloc_trim_r+0x62>
   10a60:	854e                	mv	a0,s3
   10a62:	125000ef          	jal	11386 <__malloc_unlock>
   10a66:	70a2                	ld	ra,40(sp)
   10a68:	7402                	ld	s0,32(sp)
   10a6a:	64e2                	ld	s1,24(sp)
   10a6c:	6942                	ld	s2,16(sp)
   10a6e:	69a2                	ld	s3,8(sp)
   10a70:	4501                	li	a0,0
   10a72:	6145                	addi	sp,sp,48
   10a74:	8082                	ret
   10a76:	408005b3          	neg	a1,s0
   10a7a:	854e                	mv	a0,s3
   10a7c:	20e030ef          	jal	13c8a <_sbrk_r>
   10a80:	57fd                	li	a5,-1
   10a82:	02f50a63          	beq	a0,a5,10ab6 <_malloc_trim_r+0xa2>
   10a86:	00024737          	lui	a4,0x24
   10a8a:	01093683          	ld	a3,16(s2)
   10a8e:	8d073783          	ld	a5,-1840(a4) # 238d0 <__malloc_current_mallinfo>
   10a92:	8c81                	sub	s1,s1,s0
   10a94:	0014e493          	ori	s1,s1,1
   10a98:	854e                	mv	a0,s3
   10a9a:	8f81                	sub	a5,a5,s0
   10a9c:	e684                	sd	s1,8(a3)
   10a9e:	8cf73823          	sd	a5,-1840(a4)
   10aa2:	0e5000ef          	jal	11386 <__malloc_unlock>
   10aa6:	70a2                	ld	ra,40(sp)
   10aa8:	7402                	ld	s0,32(sp)
   10aaa:	64e2                	ld	s1,24(sp)
   10aac:	6942                	ld	s2,16(sp)
   10aae:	69a2                	ld	s3,8(sp)
   10ab0:	4505                	li	a0,1
   10ab2:	6145                	addi	sp,sp,48
   10ab4:	8082                	ret
   10ab6:	4581                	li	a1,0
   10ab8:	854e                	mv	a0,s3
   10aba:	1d0030ef          	jal	13c8a <_sbrk_r>
   10abe:	01093703          	ld	a4,16(s2)
   10ac2:	46fd                	li	a3,31
   10ac4:	40e507b3          	sub	a5,a0,a4
   10ac8:	f8f6dce3          	bge	a3,a5,10a60 <_malloc_trim_r+0x4c>
   10acc:	8801b603          	ld	a2,-1920(gp) # 1b638 <__malloc_sbrk_base>
   10ad0:	0017e793          	ori	a5,a5,1
   10ad4:	000246b7          	lui	a3,0x24
   10ad8:	8d11                	sub	a0,a0,a2
   10ada:	e71c                	sd	a5,8(a4)
   10adc:	8ca6b823          	sd	a0,-1840(a3) # 238d0 <__malloc_current_mallinfo>
   10ae0:	b741                	j	10a60 <_malloc_trim_r+0x4c>

0000000000010ae2 <_free_r>:
   10ae2:	c1e5                	beqz	a1,10bc2 <_free_r+0xe0>
   10ae4:	1101                	addi	sp,sp,-32
   10ae6:	e822                	sd	s0,16(sp)
   10ae8:	e42e                	sd	a1,8(sp)
   10aea:	842a                	mv	s0,a0
   10aec:	ec06                	sd	ra,24(sp)
   10aee:	097000ef          	jal	11384 <__malloc_lock>
   10af2:	65a2                	ld	a1,8(sp)
   10af4:	686d                	lui	a6,0x1b
   10af6:	c0080813          	addi	a6,a6,-1024 # 1ac00 <__malloc_av_>
   10afa:	ff85b503          	ld	a0,-8(a1)
   10afe:	ff058713          	addi	a4,a1,-16
   10b02:	01083883          	ld	a7,16(a6)
   10b06:	ffe57793          	andi	a5,a0,-2
   10b0a:	00f70633          	add	a2,a4,a5
   10b0e:	6614                	ld	a3,8(a2)
   10b10:	00157313          	andi	t1,a0,1
   10b14:	9af1                	andi	a3,a3,-4
   10b16:	12c88263          	beq	a7,a2,10c3a <_free_r+0x158>
   10b1a:	e614                	sd	a3,8(a2)
   10b1c:	00d608b3          	add	a7,a2,a3
   10b20:	0088b883          	ld	a7,8(a7)
   10b24:	0018f893          	andi	a7,a7,1
   10b28:	06031963          	bnez	t1,10b9a <_free_r+0xb8>
   10b2c:	ff05b303          	ld	t1,-16(a1)
   10b30:	65ed                	lui	a1,0x1b
   10b32:	c1058593          	addi	a1,a1,-1008 # 1ac10 <__malloc_av_+0x10>
   10b36:	40670733          	sub	a4,a4,t1
   10b3a:	6b08                	ld	a0,16(a4)
   10b3c:	979a                	add	a5,a5,t1
   10b3e:	0eb50163          	beq	a0,a1,10c20 <_free_r+0x13e>
   10b42:	01873303          	ld	t1,24(a4)
   10b46:	00653c23          	sd	t1,24(a0)
   10b4a:	00a33823          	sd	a0,16(t1)
   10b4e:	12088063          	beqz	a7,10c6e <_free_r+0x18c>
   10b52:	0017e693          	ori	a3,a5,1
   10b56:	e714                	sd	a3,8(a4)
   10b58:	e21c                	sd	a5,0(a2)
   10b5a:	1ff00693          	li	a3,511
   10b5e:	06f6ec63          	bltu	a3,a5,10bd6 <_free_r+0xf4>
   10b62:	838d                	srli	a5,a5,0x3
   10b64:	00179693          	slli	a3,a5,0x1
   10b68:	2689                	addiw	a3,a3,2
   10b6a:	068e                	slli	a3,a3,0x3
   10b6c:	00883503          	ld	a0,8(a6)
   10b70:	96c2                	add	a3,a3,a6
   10b72:	628c                	ld	a1,0(a3)
   10b74:	4027d61b          	sraiw	a2,a5,0x2
   10b78:	4785                	li	a5,1
   10b7a:	00c797b3          	sll	a5,a5,a2
   10b7e:	8fc9                	or	a5,a5,a0
   10b80:	ff068613          	addi	a2,a3,-16
   10b84:	eb0c                	sd	a1,16(a4)
   10b86:	ef10                	sd	a2,24(a4)
   10b88:	00f83423          	sd	a5,8(a6)
   10b8c:	e298                	sd	a4,0(a3)
   10b8e:	ed98                	sd	a4,24(a1)
   10b90:	8522                	mv	a0,s0
   10b92:	6442                	ld	s0,16(sp)
   10b94:	60e2                	ld	ra,24(sp)
   10b96:	6105                	addi	sp,sp,32
   10b98:	a7fd                	j	11386 <__malloc_unlock>
   10b9a:	02089563          	bnez	a7,10bc4 <_free_r+0xe2>
   10b9e:	65ed                	lui	a1,0x1b
   10ba0:	97b6                	add	a5,a5,a3
   10ba2:	c1058593          	addi	a1,a1,-1008 # 1ac10 <__malloc_av_+0x10>
   10ba6:	6a14                	ld	a3,16(a2)
   10ba8:	0017e893          	ori	a7,a5,1
   10bac:	00f70533          	add	a0,a4,a5
   10bb0:	0eb68f63          	beq	a3,a1,10cae <_free_r+0x1cc>
   10bb4:	6e10                	ld	a2,24(a2)
   10bb6:	ee90                	sd	a2,24(a3)
   10bb8:	ea14                	sd	a3,16(a2)
   10bba:	01173423          	sd	a7,8(a4)
   10bbe:	e11c                	sd	a5,0(a0)
   10bc0:	bf69                	j	10b5a <_free_r+0x78>
   10bc2:	8082                	ret
   10bc4:	00156513          	ori	a0,a0,1
   10bc8:	fea5bc23          	sd	a0,-8(a1)
   10bcc:	e21c                	sd	a5,0(a2)
   10bce:	1ff00693          	li	a3,511
   10bd2:	f8f6f8e3          	bgeu	a3,a5,10b62 <_free_r+0x80>
   10bd6:	0097d693          	srli	a3,a5,0x9
   10bda:	4611                	li	a2,4
   10bdc:	08d66b63          	bltu	a2,a3,10c72 <_free_r+0x190>
   10be0:	0067d693          	srli	a3,a5,0x6
   10be4:	00169593          	slli	a1,a3,0x1
   10be8:	0725859b          	addiw	a1,a1,114
   10bec:	058e                	slli	a1,a1,0x3
   10bee:	0386861b          	addiw	a2,a3,56
   10bf2:	95c2                	add	a1,a1,a6
   10bf4:	6194                	ld	a3,0(a1)
   10bf6:	15c1                	addi	a1,a1,-16
   10bf8:	00d59663          	bne	a1,a3,10c04 <_free_r+0x122>
   10bfc:	a0d9                	j	10cc2 <_free_r+0x1e0>
   10bfe:	6a94                	ld	a3,16(a3)
   10c00:	00d58663          	beq	a1,a3,10c0c <_free_r+0x12a>
   10c04:	6690                	ld	a2,8(a3)
   10c06:	9a71                	andi	a2,a2,-4
   10c08:	fec7ebe3          	bltu	a5,a2,10bfe <_free_r+0x11c>
   10c0c:	6e8c                	ld	a1,24(a3)
   10c0e:	ef0c                	sd	a1,24(a4)
   10c10:	eb14                	sd	a3,16(a4)
   10c12:	8522                	mv	a0,s0
   10c14:	6442                	ld	s0,16(sp)
   10c16:	60e2                	ld	ra,24(sp)
   10c18:	e998                	sd	a4,16(a1)
   10c1a:	ee98                	sd	a4,24(a3)
   10c1c:	6105                	addi	sp,sp,32
   10c1e:	a7a5                	j	11386 <__malloc_unlock>
   10c20:	06089a63          	bnez	a7,10c94 <_free_r+0x1b2>
   10c24:	6e0c                	ld	a1,24(a2)
   10c26:	6a10                	ld	a2,16(a2)
   10c28:	96be                	add	a3,a3,a5
   10c2a:	0016e793          	ori	a5,a3,1
   10c2e:	ee0c                	sd	a1,24(a2)
   10c30:	e990                	sd	a2,16(a1)
   10c32:	e71c                	sd	a5,8(a4)
   10c34:	9736                	add	a4,a4,a3
   10c36:	e314                	sd	a3,0(a4)
   10c38:	bfa1                	j	10b90 <_free_r+0xae>
   10c3a:	96be                	add	a3,a3,a5
   10c3c:	00031a63          	bnez	t1,10c50 <_free_r+0x16e>
   10c40:	ff05b783          	ld	a5,-16(a1)
   10c44:	8f1d                	sub	a4,a4,a5
   10c46:	6b10                	ld	a2,16(a4)
   10c48:	96be                	add	a3,a3,a5
   10c4a:	6f1c                	ld	a5,24(a4)
   10c4c:	ee1c                	sd	a5,24(a2)
   10c4e:	eb90                	sd	a2,16(a5)
   10c50:	0016e613          	ori	a2,a3,1
   10c54:	8881b783          	ld	a5,-1912(gp) # 1b640 <__malloc_trim_threshold>
   10c58:	e710                	sd	a2,8(a4)
   10c5a:	00e83823          	sd	a4,16(a6)
   10c5e:	f2f6e9e3          	bltu	a3,a5,10b90 <_free_r+0xae>
   10c62:	8b81b583          	ld	a1,-1864(gp) # 1b670 <__malloc_top_pad>
   10c66:	8522                	mv	a0,s0
   10c68:	dadff0ef          	jal	10a14 <_malloc_trim_r>
   10c6c:	b715                	j	10b90 <_free_r+0xae>
   10c6e:	97b6                	add	a5,a5,a3
   10c70:	bf1d                	j	10ba6 <_free_r+0xc4>
   10c72:	4651                	li	a2,20
   10c74:	02d67563          	bgeu	a2,a3,10c9e <_free_r+0x1bc>
   10c78:	05400613          	li	a2,84
   10c7c:	04d66e63          	bltu	a2,a3,10cd8 <_free_r+0x1f6>
   10c80:	00c7d693          	srli	a3,a5,0xc
   10c84:	00169593          	slli	a1,a3,0x1
   10c88:	0de5859b          	addiw	a1,a1,222
   10c8c:	058e                	slli	a1,a1,0x3
   10c8e:	06e6861b          	addiw	a2,a3,110
   10c92:	b785                	j	10bf2 <_free_r+0x110>
   10c94:	0017e693          	ori	a3,a5,1
   10c98:	e714                	sd	a3,8(a4)
   10c9a:	e21c                	sd	a5,0(a2)
   10c9c:	bdd5                	j	10b90 <_free_r+0xae>
   10c9e:	00169593          	slli	a1,a3,0x1
   10ca2:	0b85859b          	addiw	a1,a1,184
   10ca6:	058e                	slli	a1,a1,0x3
   10ca8:	05b6861b          	addiw	a2,a3,91
   10cac:	b799                	j	10bf2 <_free_r+0x110>
   10cae:	02e83423          	sd	a4,40(a6)
   10cb2:	02e83023          	sd	a4,32(a6)
   10cb6:	ef0c                	sd	a1,24(a4)
   10cb8:	eb0c                	sd	a1,16(a4)
   10cba:	01173423          	sd	a7,8(a4)
   10cbe:	e11c                	sd	a5,0(a0)
   10cc0:	bdc1                	j	10b90 <_free_r+0xae>
   10cc2:	00883503          	ld	a0,8(a6)
   10cc6:	4026561b          	sraiw	a2,a2,0x2
   10cca:	4785                	li	a5,1
   10ccc:	00c797b3          	sll	a5,a5,a2
   10cd0:	8fc9                	or	a5,a5,a0
   10cd2:	00f83423          	sd	a5,8(a6)
   10cd6:	bf25                	j	10c0e <_free_r+0x12c>
   10cd8:	15400613          	li	a2,340
   10cdc:	00d66c63          	bltu	a2,a3,10cf4 <_free_r+0x212>
   10ce0:	00f7d693          	srli	a3,a5,0xf
   10ce4:	00169593          	slli	a1,a3,0x1
   10ce8:	0f05859b          	addiw	a1,a1,240
   10cec:	058e                	slli	a1,a1,0x3
   10cee:	0776861b          	addiw	a2,a3,119
   10cf2:	b701                	j	10bf2 <_free_r+0x110>
   10cf4:	55400613          	li	a2,1364
   10cf8:	00d66c63          	bltu	a2,a3,10d10 <_free_r+0x22e>
   10cfc:	0127d693          	srli	a3,a5,0x12
   10d00:	00169593          	slli	a1,a3,0x1
   10d04:	0fa5859b          	addiw	a1,a1,250
   10d08:	058e                	slli	a1,a1,0x3
   10d0a:	07c6861b          	addiw	a2,a3,124
   10d0e:	b5d5                	j	10bf2 <_free_r+0x110>
   10d10:	7f000593          	li	a1,2032
   10d14:	07e00613          	li	a2,126
   10d18:	bde9                	j	10bf2 <_free_r+0x110>

0000000000010d1a <_malloc_r>:
   10d1a:	711d                	addi	sp,sp,-96
   10d1c:	e8a2                	sd	s0,80(sp)
   10d1e:	ec86                	sd	ra,88(sp)
   10d20:	01758713          	addi	a4,a1,23
   10d24:	02e00793          	li	a5,46
   10d28:	842a                	mv	s0,a0
   10d2a:	06e7e363          	bltu	a5,a4,10d90 <_malloc_r+0x76>
   10d2e:	02000713          	li	a4,32
   10d32:	04b76863          	bltu	a4,a1,10d82 <_malloc_r+0x68>
   10d36:	64e000ef          	jal	11384 <__malloc_lock>
   10d3a:	02000713          	li	a4,32
   10d3e:	05000693          	li	a3,80
   10d42:	4891                	li	a7,4
   10d44:	686d                	lui	a6,0x1b
   10d46:	c0080813          	addi	a6,a6,-1024 # 1ac00 <__malloc_av_>
   10d4a:	96c2                	add	a3,a3,a6
   10d4c:	669c                	ld	a5,8(a3)
   10d4e:	ff068613          	addi	a2,a3,-16
   10d52:	32c78563          	beq	a5,a2,1107c <_malloc_r+0x362>
   10d56:	6798                	ld	a4,8(a5)
   10d58:	6f90                	ld	a2,24(a5)
   10d5a:	6b8c                	ld	a1,16(a5)
   10d5c:	9b71                	andi	a4,a4,-4
   10d5e:	973e                	add	a4,a4,a5
   10d60:	6714                	ld	a3,8(a4)
   10d62:	ed90                	sd	a2,24(a1)
   10d64:	ea0c                	sd	a1,16(a2)
   10d66:	0016e693          	ori	a3,a3,1
   10d6a:	8522                	mv	a0,s0
   10d6c:	e714                	sd	a3,8(a4)
   10d6e:	e43e                	sd	a5,8(sp)
   10d70:	616000ef          	jal	11386 <__malloc_unlock>
   10d74:	67a2                	ld	a5,8(sp)
   10d76:	60e6                	ld	ra,88(sp)
   10d78:	6446                	ld	s0,80(sp)
   10d7a:	01078513          	addi	a0,a5,16
   10d7e:	6125                	addi	sp,sp,96
   10d80:	8082                	ret
   10d82:	47b1                	li	a5,12
   10d84:	c01c                	sw	a5,0(s0)
   10d86:	4501                	li	a0,0
   10d88:	60e6                	ld	ra,88(sp)
   10d8a:	6446                	ld	s0,80(sp)
   10d8c:	6125                	addi	sp,sp,96
   10d8e:	8082                	ret
   10d90:	4785                	li	a5,1
   10d92:	9b41                	andi	a4,a4,-16
   10d94:	07fe                	slli	a5,a5,0x1f
   10d96:	fef776e3          	bgeu	a4,a5,10d82 <_malloc_r+0x68>
   10d9a:	feb764e3          	bltu	a4,a1,10d82 <_malloc_r+0x68>
   10d9e:	e43a                	sd	a4,8(sp)
   10da0:	5e4000ef          	jal	11384 <__malloc_lock>
   10da4:	6722                	ld	a4,8(sp)
   10da6:	1f700793          	li	a5,503
   10daa:	38e7f763          	bgeu	a5,a4,11138 <_malloc_r+0x41e>
   10dae:	00975793          	srli	a5,a4,0x9
   10db2:	12078463          	beqz	a5,10eda <_malloc_r+0x1c0>
   10db6:	4691                	li	a3,4
   10db8:	30f6e963          	bltu	a3,a5,110ca <_malloc_r+0x3b0>
   10dbc:	00675793          	srli	a5,a4,0x6
   10dc0:	0397889b          	addiw	a7,a5,57
   10dc4:	0018951b          	slliw	a0,a7,0x1
   10dc8:	03878e1b          	addiw	t3,a5,56
   10dcc:	050e                	slli	a0,a0,0x3
   10dce:	686d                	lui	a6,0x1b
   10dd0:	c0080813          	addi	a6,a6,-1024 # 1ac00 <__malloc_av_>
   10dd4:	9542                	add	a0,a0,a6
   10dd6:	651c                	ld	a5,8(a0)
   10dd8:	1541                	addi	a0,a0,-16
   10dda:	02f50163          	beq	a0,a5,10dfc <_malloc_r+0xe2>
   10dde:	437d                	li	t1,31
   10de0:	a039                	j	10dee <_malloc_r+0xd4>
   10de2:	6f8c                	ld	a1,24(a5)
   10de4:	26065963          	bgez	a2,11056 <_malloc_r+0x33c>
   10de8:	00b50a63          	beq	a0,a1,10dfc <_malloc_r+0xe2>
   10dec:	87ae                	mv	a5,a1
   10dee:	6794                	ld	a3,8(a5)
   10df0:	9af1                	andi	a3,a3,-4
   10df2:	40e68633          	sub	a2,a3,a4
   10df6:	fec356e3          	bge	t1,a2,10de2 <_malloc_r+0xc8>
   10dfa:	88f2                	mv	a7,t3
   10dfc:	02083783          	ld	a5,32(a6)
   10e00:	6e6d                	lui	t3,0x1b
   10e02:	c10e0e13          	addi	t3,t3,-1008 # 1ac10 <__malloc_av_+0x10>
   10e06:	23c78163          	beq	a5,t3,11028 <_malloc_r+0x30e>
   10e0a:	0087b303          	ld	t1,8(a5)
   10e0e:	467d                	li	a2,31
   10e10:	ffc37313          	andi	t1,t1,-4
   10e14:	40e306b3          	sub	a3,t1,a4
   10e18:	34d64663          	blt	a2,a3,11164 <_malloc_r+0x44a>
   10e1c:	03c83423          	sd	t3,40(a6)
   10e20:	03c83023          	sd	t3,32(a6)
   10e24:	3206d163          	bgez	a3,11146 <_malloc_r+0x42c>
   10e28:	1ff00693          	li	a3,511
   10e2c:	00883583          	ld	a1,8(a6)
   10e30:	2466eb63          	bltu	a3,t1,11086 <_malloc_r+0x36c>
   10e34:	00335313          	srli	t1,t1,0x3
   10e38:	00131693          	slli	a3,t1,0x1
   10e3c:	2689                	addiw	a3,a3,2
   10e3e:	068e                	slli	a3,a3,0x3
   10e40:	96c2                	add	a3,a3,a6
   10e42:	6288                	ld	a0,0(a3)
   10e44:	4023531b          	sraiw	t1,t1,0x2
   10e48:	4605                	li	a2,1
   10e4a:	00661633          	sll	a2,a2,t1
   10e4e:	8dd1                	or	a1,a1,a2
   10e50:	ff068613          	addi	a2,a3,-16
   10e54:	eb88                	sd	a0,16(a5)
   10e56:	ef90                	sd	a2,24(a5)
   10e58:	00b83423          	sd	a1,8(a6)
   10e5c:	e29c                	sd	a5,0(a3)
   10e5e:	ed1c                	sd	a5,24(a0)
   10e60:	4028d79b          	sraiw	a5,a7,0x2
   10e64:	4505                	li	a0,1
   10e66:	00f51533          	sll	a0,a0,a5
   10e6a:	06a5ef63          	bltu	a1,a0,10ee8 <_malloc_r+0x1ce>
   10e6e:	00b577b3          	and	a5,a0,a1
   10e72:	ef89                	bnez	a5,10e8c <_malloc_r+0x172>
   10e74:	0506                	slli	a0,a0,0x1
   10e76:	ffc8f893          	andi	a7,a7,-4
   10e7a:	00b577b3          	and	a5,a0,a1
   10e7e:	2891                	addiw	a7,a7,4
   10e80:	e791                	bnez	a5,10e8c <_malloc_r+0x172>
   10e82:	0506                	slli	a0,a0,0x1
   10e84:	00b577b3          	and	a5,a0,a1
   10e88:	2891                	addiw	a7,a7,4
   10e8a:	dfe5                	beqz	a5,10e82 <_malloc_r+0x168>
   10e8c:	4efd                	li	t4,31
   10e8e:	00189f13          	slli	t5,a7,0x1
   10e92:	2f09                	addiw	t5,t5,2
   10e94:	0f0e                	slli	t5,t5,0x3
   10e96:	1f41                	addi	t5,t5,-16
   10e98:	9f42                	add	t5,t5,a6
   10e9a:	837a                	mv	t1,t5
   10e9c:	01833683          	ld	a3,24(t1)
   10ea0:	8fc6                	mv	t6,a7
   10ea2:	24d30563          	beq	t1,a3,110ec <_malloc_r+0x3d2>
   10ea6:	6690                	ld	a2,8(a3)
   10ea8:	87b6                	mv	a5,a3
   10eaa:	6e94                	ld	a3,24(a3)
   10eac:	9a71                	andi	a2,a2,-4
   10eae:	40e605b3          	sub	a1,a2,a4
   10eb2:	24bec663          	blt	t4,a1,110fe <_malloc_r+0x3e4>
   10eb6:	fe05c6e3          	bltz	a1,10ea2 <_malloc_r+0x188>
   10eba:	963e                	add	a2,a2,a5
   10ebc:	6618                	ld	a4,8(a2)
   10ebe:	6b8c                	ld	a1,16(a5)
   10ec0:	8522                	mv	a0,s0
   10ec2:	00176713          	ori	a4,a4,1
   10ec6:	e618                	sd	a4,8(a2)
   10ec8:	ed94                	sd	a3,24(a1)
   10eca:	ea8c                	sd	a1,16(a3)
   10ecc:	e43e                	sd	a5,8(sp)
   10ece:	4b8000ef          	jal	11386 <__malloc_unlock>
   10ed2:	67a2                	ld	a5,8(sp)
   10ed4:	01078513          	addi	a0,a5,16
   10ed8:	bd45                	j	10d88 <_malloc_r+0x6e>
   10eda:	40000513          	li	a0,1024
   10ede:	04000893          	li	a7,64
   10ee2:	03f00e13          	li	t3,63
   10ee6:	b5e5                	j	10dce <_malloc_r+0xb4>
   10ee8:	01083783          	ld	a5,16(a6)
   10eec:	6794                	ld	a3,8(a5)
   10eee:	ffc6f313          	andi	t1,a3,-4
   10ef2:	40e30633          	sub	a2,t1,a4
   10ef6:	00e36663          	bltu	t1,a4,10f02 <_malloc_r+0x1e8>
   10efa:	02062693          	slti	a3,a2,32
   10efe:	12068863          	beqz	a3,1102e <_malloc_r+0x314>
   10f02:	8b81b583          	ld	a1,-1864(gp) # 1b670 <__malloc_top_pad>
   10f06:	8801b603          	ld	a2,-1920(gp) # 1b638 <__malloc_sbrk_base>
   10f0a:	56fd                	li	a3,-1
   10f0c:	95ba                	add	a1,a1,a4
   10f0e:	30d60863          	beq	a2,a3,1121e <_malloc_r+0x504>
   10f12:	6685                	lui	a3,0x1
   10f14:	06fd                	addi	a3,a3,31 # 101f <exit-0xf101>
   10f16:	95b6                	add	a1,a1,a3
   10f18:	76fd                	lui	a3,0xfffff
   10f1a:	8df5                	and	a1,a1,a3
   10f1c:	8522                	mv	a0,s0
   10f1e:	f442                	sd	a6,40(sp)
   10f20:	f03e                	sd	a5,32(sp)
   10f22:	ec3a                	sd	a4,24(sp)
   10f24:	e81a                	sd	t1,16(sp)
   10f26:	e42e                	sd	a1,8(sp)
   10f28:	563020ef          	jal	13c8a <_sbrk_r>
   10f2c:	56fd                	li	a3,-1
   10f2e:	65a2                	ld	a1,8(sp)
   10f30:	6342                	ld	t1,16(sp)
   10f32:	6762                	ld	a4,24(sp)
   10f34:	7782                	ld	a5,32(sp)
   10f36:	7822                	ld	a6,40(sp)
   10f38:	8e2a                	mv	t3,a0
   10f3a:	26d50b63          	beq	a0,a3,111b0 <_malloc_r+0x496>
   10f3e:	006786b3          	add	a3,a5,t1
   10f42:	26d56563          	bltu	a0,a3,111ac <_malloc_r+0x492>
   10f46:	00024eb7          	lui	t4,0x24
   10f4a:	8d0e8e93          	addi	t4,t4,-1840 # 238d0 <__malloc_current_mallinfo>
   10f4e:	000eb603          	ld	a2,0(t4)
   10f52:	962e                	add	a2,a2,a1
   10f54:	00ceb023          	sd	a2,0(t4)
   10f58:	36a68463          	beq	a3,a0,112c0 <_malloc_r+0x5a6>
   10f5c:	8801bf03          	ld	t5,-1920(gp) # 1b638 <__malloc_sbrk_base>
   10f60:	557d                	li	a0,-1
   10f62:	36af0a63          	beq	t5,a0,112d6 <_malloc_r+0x5bc>
   10f66:	40de06b3          	sub	a3,t3,a3
   10f6a:	96b2                	add	a3,a3,a2
   10f6c:	00deb023          	sd	a3,0(t4)
   10f70:	00fe7f13          	andi	t5,t3,15
   10f74:	2c0f0163          	beqz	t5,11236 <_malloc_r+0x51c>
   10f78:	ff0e7e13          	andi	t3,t3,-16
   10f7c:	6885                	lui	a7,0x1
   10f7e:	0e41                	addi	t3,t3,16
   10f80:	08c1                	addi	a7,a7,16 # 1010 <exit-0xf110>
   10f82:	00be0633          	add	a2,t3,a1
   10f86:	41e885b3          	sub	a1,a7,t5
   10f8a:	8d91                	sub	a1,a1,a2
   10f8c:	15d2                	slli	a1,a1,0x34
   10f8e:	91d1                	srli	a1,a1,0x34
   10f90:	8522                	mv	a0,s0
   10f92:	e4c2                	sd	a6,72(sp)
   10f94:	e0f6                	sd	t4,64(sp)
   10f96:	fc3e                	sd	a5,56(sp)
   10f98:	f83a                	sd	a4,48(sp)
   10f9a:	f41a                	sd	t1,40(sp)
   10f9c:	f072                	sd	t3,32(sp)
   10f9e:	ec7a                	sd	t5,24(sp)
   10fa0:	e832                	sd	a2,16(sp)
   10fa2:	e42e                	sd	a1,8(sp)
   10fa4:	4e7020ef          	jal	13c8a <_sbrk_r>
   10fa8:	86aa                	mv	a3,a0
   10faa:	557d                	li	a0,-1
   10fac:	65a2                	ld	a1,8(sp)
   10fae:	6642                	ld	a2,16(sp)
   10fb0:	6f62                	ld	t5,24(sp)
   10fb2:	7e02                	ld	t3,32(sp)
   10fb4:	7322                	ld	t1,40(sp)
   10fb6:	7742                	ld	a4,48(sp)
   10fb8:	77e2                	ld	a5,56(sp)
   10fba:	6e86                	ld	t4,64(sp)
   10fbc:	6826                	ld	a6,72(sp)
   10fbe:	34a68f63          	beq	a3,a0,1131c <_malloc_r+0x602>
   10fc2:	000eb603          	ld	a2,0(t4)
   10fc6:	41c686b3          	sub	a3,a3,t3
   10fca:	96ae                	add	a3,a3,a1
   10fcc:	0016e693          	ori	a3,a3,1
   10fd0:	01c83823          	sd	t3,16(a6)
   10fd4:	962e                	add	a2,a2,a1
   10fd6:	00de3423          	sd	a3,8(t3)
   10fda:	00ceb023          	sd	a2,0(t4)
   10fde:	03078763          	beq	a5,a6,1100c <_malloc_r+0x2f2>
   10fe2:	457d                	li	a0,31
   10fe4:	2e657c63          	bgeu	a0,t1,112dc <_malloc_r+0x5c2>
   10fe8:	678c                	ld	a1,8(a5)
   10fea:	fe830693          	addi	a3,t1,-24
   10fee:	9ac1                	andi	a3,a3,-16
   10ff0:	8985                	andi	a1,a1,1
   10ff2:	8dd5                	or	a1,a1,a3
   10ff4:	e78c                	sd	a1,8(a5)
   10ff6:	48a5                	li	a7,9
   10ff8:	00d785b3          	add	a1,a5,a3
   10ffc:	0115b423          	sd	a7,8(a1)
   11000:	0115b823          	sd	a7,16(a1)
   11004:	32d56163          	bltu	a0,a3,11326 <_malloc_r+0x60c>
   11008:	008e3683          	ld	a3,8(t3)
   1100c:	8b01b583          	ld	a1,-1872(gp) # 1b668 <__malloc_max_sbrked_mem>
   11010:	00c5f463          	bgeu	a1,a2,11018 <_malloc_r+0x2fe>
   11014:	8ac1b823          	sd	a2,-1872(gp) # 1b668 <__malloc_max_sbrked_mem>
   11018:	8a81b583          	ld	a1,-1880(gp) # 1b660 <__malloc_max_total_mem>
   1101c:	00c5f463          	bgeu	a1,a2,11024 <_malloc_r+0x30a>
   11020:	8ac1b423          	sd	a2,-1880(gp) # 1b660 <__malloc_max_total_mem>
   11024:	87f2                	mv	a5,t3
   11026:	aa41                	j	111b6 <_malloc_r+0x49c>
   11028:	00883583          	ld	a1,8(a6)
   1102c:	bd15                	j	10e60 <_malloc_r+0x146>
   1102e:	00176693          	ori	a3,a4,1
   11032:	e794                	sd	a3,8(a5)
   11034:	973e                	add	a4,a4,a5
   11036:	00166613          	ori	a2,a2,1
   1103a:	00e83823          	sd	a4,16(a6)
   1103e:	8522                	mv	a0,s0
   11040:	e710                	sd	a2,8(a4)
   11042:	e43e                	sd	a5,8(sp)
   11044:	342000ef          	jal	11386 <__malloc_unlock>
   11048:	67a2                	ld	a5,8(sp)
   1104a:	60e6                	ld	ra,88(sp)
   1104c:	6446                	ld	s0,80(sp)
   1104e:	01078513          	addi	a0,a5,16
   11052:	6125                	addi	sp,sp,96
   11054:	8082                	ret
   11056:	6b90                	ld	a2,16(a5)
   11058:	96be                	add	a3,a3,a5
   1105a:	6698                	ld	a4,8(a3)
   1105c:	ee0c                	sd	a1,24(a2)
   1105e:	e990                	sd	a2,16(a1)
   11060:	00176713          	ori	a4,a4,1
   11064:	8522                	mv	a0,s0
   11066:	e698                	sd	a4,8(a3)
   11068:	e43e                	sd	a5,8(sp)
   1106a:	31c000ef          	jal	11386 <__malloc_unlock>
   1106e:	67a2                	ld	a5,8(sp)
   11070:	60e6                	ld	ra,88(sp)
   11072:	6446                	ld	s0,80(sp)
   11074:	01078513          	addi	a0,a5,16
   11078:	6125                	addi	sp,sp,96
   1107a:	8082                	ret
   1107c:	6e9c                	ld	a5,24(a3)
   1107e:	2889                	addiw	a7,a7,2
   11080:	d6f68ee3          	beq	a3,a5,10dfc <_malloc_r+0xe2>
   11084:	b9c9                	j	10d56 <_malloc_r+0x3c>
   11086:	00935693          	srli	a3,t1,0x9
   1108a:	4611                	li	a2,4
   1108c:	10d67663          	bgeu	a2,a3,11198 <_malloc_r+0x47e>
   11090:	4651                	li	a2,20
   11092:	1ed66163          	bltu	a2,a3,11274 <_malloc_r+0x55a>
   11096:	00169513          	slli	a0,a3,0x1
   1109a:	0b85051b          	addiw	a0,a0,184
   1109e:	050e                	slli	a0,a0,0x3
   110a0:	05b6861b          	addiw	a2,a3,91 # fffffffffffff05b <__BSS_END__+0xfffffffffffdb423>
   110a4:	9542                	add	a0,a0,a6
   110a6:	6114                	ld	a3,0(a0)
   110a8:	1541                	addi	a0,a0,-16
   110aa:	00d51663          	bne	a0,a3,110b6 <_malloc_r+0x39c>
   110ae:	aa9d                	j	11224 <_malloc_r+0x50a>
   110b0:	6a94                	ld	a3,16(a3)
   110b2:	00d50663          	beq	a0,a3,110be <_malloc_r+0x3a4>
   110b6:	6690                	ld	a2,8(a3)
   110b8:	9a71                	andi	a2,a2,-4
   110ba:	fec36be3          	bltu	t1,a2,110b0 <_malloc_r+0x396>
   110be:	6e88                	ld	a0,24(a3)
   110c0:	ef88                	sd	a0,24(a5)
   110c2:	eb94                	sd	a3,16(a5)
   110c4:	e91c                	sd	a5,16(a0)
   110c6:	ee9c                	sd	a5,24(a3)
   110c8:	bb61                	j	10e60 <_malloc_r+0x146>
   110ca:	46d1                	li	a3,20
   110cc:	10f6f263          	bgeu	a3,a5,111d0 <_malloc_r+0x4b6>
   110d0:	05400693          	li	a3,84
   110d4:	1af6ee63          	bltu	a3,a5,11290 <_malloc_r+0x576>
   110d8:	00c75793          	srli	a5,a4,0xc
   110dc:	06f7889b          	addiw	a7,a5,111
   110e0:	0018951b          	slliw	a0,a7,0x1
   110e4:	06e78e1b          	addiw	t3,a5,110
   110e8:	050e                	slli	a0,a0,0x3
   110ea:	b1d5                	j	10dce <_malloc_r+0xb4>
   110ec:	2f85                	addiw	t6,t6,1
   110ee:	003ff793          	andi	a5,t6,3
   110f2:	0341                	addi	t1,t1,16
   110f4:	0e078b63          	beqz	a5,111ea <_malloc_r+0x4d0>
   110f8:	01833683          	ld	a3,24(t1)
   110fc:	b35d                	j	10ea2 <_malloc_r+0x188>
   110fe:	6b88                	ld	a0,16(a5)
   11100:	00176893          	ori	a7,a4,1
   11104:	0117b423          	sd	a7,8(a5)
   11108:	ed14                	sd	a3,24(a0)
   1110a:	ea88                	sd	a0,16(a3)
   1110c:	973e                	add	a4,a4,a5
   1110e:	02e83423          	sd	a4,40(a6)
   11112:	02e83023          	sd	a4,32(a6)
   11116:	0015e693          	ori	a3,a1,1
   1111a:	963e                	add	a2,a2,a5
   1111c:	01c73c23          	sd	t3,24(a4)
   11120:	01c73823          	sd	t3,16(a4)
   11124:	e714                	sd	a3,8(a4)
   11126:	8522                	mv	a0,s0
   11128:	e20c                	sd	a1,0(a2)
   1112a:	e43e                	sd	a5,8(sp)
   1112c:	25a000ef          	jal	11386 <__malloc_unlock>
   11130:	67a2                	ld	a5,8(sp)
   11132:	01078513          	addi	a0,a5,16
   11136:	b989                	j	10d88 <_malloc_r+0x6e>
   11138:	00375893          	srli	a7,a4,0x3
   1113c:	00189693          	slli	a3,a7,0x1
   11140:	2689                	addiw	a3,a3,2
   11142:	068e                	slli	a3,a3,0x3
   11144:	b101                	j	10d44 <_malloc_r+0x2a>
   11146:	933e                	add	t1,t1,a5
   11148:	00833703          	ld	a4,8(t1)
   1114c:	8522                	mv	a0,s0
   1114e:	e43e                	sd	a5,8(sp)
   11150:	00176713          	ori	a4,a4,1
   11154:	00e33423          	sd	a4,8(t1)
   11158:	22e000ef          	jal	11386 <__malloc_unlock>
   1115c:	67a2                	ld	a5,8(sp)
   1115e:	01078513          	addi	a0,a5,16
   11162:	b11d                	j	10d88 <_malloc_r+0x6e>
   11164:	00176613          	ori	a2,a4,1
   11168:	e790                	sd	a2,8(a5)
   1116a:	973e                	add	a4,a4,a5
   1116c:	02e83423          	sd	a4,40(a6)
   11170:	02e83023          	sd	a4,32(a6)
   11174:	0016e613          	ori	a2,a3,1
   11178:	933e                	add	t1,t1,a5
   1117a:	01c73c23          	sd	t3,24(a4)
   1117e:	01c73823          	sd	t3,16(a4)
   11182:	e710                	sd	a2,8(a4)
   11184:	8522                	mv	a0,s0
   11186:	00d33023          	sd	a3,0(t1)
   1118a:	e43e                	sd	a5,8(sp)
   1118c:	1fa000ef          	jal	11386 <__malloc_unlock>
   11190:	67a2                	ld	a5,8(sp)
   11192:	01078513          	addi	a0,a5,16
   11196:	becd                	j	10d88 <_malloc_r+0x6e>
   11198:	00635693          	srli	a3,t1,0x6
   1119c:	00169513          	slli	a0,a3,0x1
   111a0:	0725051b          	addiw	a0,a0,114
   111a4:	050e                	slli	a0,a0,0x3
   111a6:	0386861b          	addiw	a2,a3,56
   111aa:	bded                	j	110a4 <_malloc_r+0x38a>
   111ac:	11078063          	beq	a5,a6,112ac <_malloc_r+0x592>
   111b0:	01083783          	ld	a5,16(a6)
   111b4:	6794                	ld	a3,8(a5)
   111b6:	9af1                	andi	a3,a3,-4
   111b8:	40e68633          	sub	a2,a3,a4
   111bc:	00e6e663          	bltu	a3,a4,111c8 <_malloc_r+0x4ae>
   111c0:	02062693          	slti	a3,a2,32
   111c4:	e60685e3          	beqz	a3,1102e <_malloc_r+0x314>
   111c8:	8522                	mv	a0,s0
   111ca:	1bc000ef          	jal	11386 <__malloc_unlock>
   111ce:	be65                	j	10d86 <_malloc_r+0x6c>
   111d0:	05c7889b          	addiw	a7,a5,92
   111d4:	0018951b          	slliw	a0,a7,0x1
   111d8:	05b78e1b          	addiw	t3,a5,91
   111dc:	050e                	slli	a0,a0,0x3
   111de:	bec5                	j	10dce <_malloc_r+0xb4>
   111e0:	010f3783          	ld	a5,16(t5)
   111e4:	38fd                	addiw	a7,a7,-1
   111e6:	19e79c63          	bne	a5,t5,1137e <_malloc_r+0x664>
   111ea:	0038f793          	andi	a5,a7,3
   111ee:	1f41                	addi	t5,t5,-16
   111f0:	fbe5                	bnez	a5,111e0 <_malloc_r+0x4c6>
   111f2:	00883683          	ld	a3,8(a6)
   111f6:	fff54793          	not	a5,a0
   111fa:	8ff5                	and	a5,a5,a3
   111fc:	00f83423          	sd	a5,8(a6)
   11200:	0506                	slli	a0,a0,0x1
   11202:	fff50693          	addi	a3,a0,-1
   11206:	cef6f1e3          	bgeu	a3,a5,10ee8 <_malloc_r+0x1ce>
   1120a:	00f576b3          	and	a3,a0,a5
   1120e:	e691                	bnez	a3,1121a <_malloc_r+0x500>
   11210:	0506                	slli	a0,a0,0x1
   11212:	00f576b3          	and	a3,a0,a5
   11216:	2f91                	addiw	t6,t6,4
   11218:	dee5                	beqz	a3,11210 <_malloc_r+0x4f6>
   1121a:	88fe                	mv	a7,t6
   1121c:	b98d                	j	10e8e <_malloc_r+0x174>
   1121e:	02058593          	addi	a1,a1,32
   11222:	b9ed                	j	10f1c <_malloc_r+0x202>
   11224:	4026561b          	sraiw	a2,a2,0x2
   11228:	4305                	li	t1,1
   1122a:	00c31633          	sll	a2,t1,a2
   1122e:	8dd1                	or	a1,a1,a2
   11230:	00b83423          	sd	a1,8(a6)
   11234:	b571                	j	110c0 <_malloc_r+0x3a6>
   11236:	00be0633          	add	a2,t3,a1
   1123a:	40c005b3          	neg	a1,a2
   1123e:	15d2                	slli	a1,a1,0x34
   11240:	91d1                	srli	a1,a1,0x34
   11242:	8522                	mv	a0,s0
   11244:	e0c2                	sd	a6,64(sp)
   11246:	fc76                	sd	t4,56(sp)
   11248:	f83e                	sd	a5,48(sp)
   1124a:	f43a                	sd	a4,40(sp)
   1124c:	f01a                	sd	t1,32(sp)
   1124e:	ec72                	sd	t3,24(sp)
   11250:	e42e                	sd	a1,8(sp)
   11252:	e832                	sd	a2,16(sp)
   11254:	237020ef          	jal	13c8a <_sbrk_r>
   11258:	86aa                	mv	a3,a0
   1125a:	557d                	li	a0,-1
   1125c:	65a2                	ld	a1,8(sp)
   1125e:	6e62                	ld	t3,24(sp)
   11260:	7302                	ld	t1,32(sp)
   11262:	7722                	ld	a4,40(sp)
   11264:	77c2                	ld	a5,48(sp)
   11266:	7ee2                	ld	t4,56(sp)
   11268:	6806                	ld	a6,64(sp)
   1126a:	d4a69ce3          	bne	a3,a0,10fc2 <_malloc_r+0x2a8>
   1126e:	66c2                	ld	a3,16(sp)
   11270:	4581                	li	a1,0
   11272:	bb81                	j	10fc2 <_malloc_r+0x2a8>
   11274:	05400613          	li	a2,84
   11278:	06d66663          	bltu	a2,a3,112e4 <_malloc_r+0x5ca>
   1127c:	00c35693          	srli	a3,t1,0xc
   11280:	00169513          	slli	a0,a3,0x1
   11284:	0de5051b          	addiw	a0,a0,222
   11288:	050e                	slli	a0,a0,0x3
   1128a:	06e6861b          	addiw	a2,a3,110
   1128e:	bd19                	j	110a4 <_malloc_r+0x38a>
   11290:	15400693          	li	a3,340
   11294:	06f6e663          	bltu	a3,a5,11300 <_malloc_r+0x5e6>
   11298:	00f75793          	srli	a5,a4,0xf
   1129c:	0787889b          	addiw	a7,a5,120
   112a0:	0018951b          	slliw	a0,a7,0x1
   112a4:	07778e1b          	addiw	t3,a5,119
   112a8:	050e                	slli	a0,a0,0x3
   112aa:	b615                	j	10dce <_malloc_r+0xb4>
   112ac:	00024eb7          	lui	t4,0x24
   112b0:	8d0e8e93          	addi	t4,t4,-1840 # 238d0 <__malloc_current_mallinfo>
   112b4:	000eb603          	ld	a2,0(t4)
   112b8:	962e                	add	a2,a2,a1
   112ba:	00ceb023          	sd	a2,0(t4)
   112be:	b979                	j	10f5c <_malloc_r+0x242>
   112c0:	1552                	slli	a0,a0,0x34
   112c2:	c8051de3          	bnez	a0,10f5c <_malloc_r+0x242>
   112c6:	01083e03          	ld	t3,16(a6)
   112ca:	959a                	add	a1,a1,t1
   112cc:	0015e693          	ori	a3,a1,1
   112d0:	00de3423          	sd	a3,8(t3)
   112d4:	bb25                	j	1100c <_malloc_r+0x2f2>
   112d6:	89c1b023          	sd	t3,-1920(gp) # 1b638 <__malloc_sbrk_base>
   112da:	b959                	j	10f70 <_malloc_r+0x256>
   112dc:	4785                	li	a5,1
   112de:	00fe3423          	sd	a5,8(t3)
   112e2:	b5dd                	j	111c8 <_malloc_r+0x4ae>
   112e4:	15400613          	li	a2,340
   112e8:	06d66163          	bltu	a2,a3,1134a <_malloc_r+0x630>
   112ec:	00f35693          	srli	a3,t1,0xf
   112f0:	00169513          	slli	a0,a3,0x1
   112f4:	0f05051b          	addiw	a0,a0,240
   112f8:	050e                	slli	a0,a0,0x3
   112fa:	0776861b          	addiw	a2,a3,119
   112fe:	b35d                	j	110a4 <_malloc_r+0x38a>
   11300:	55400693          	li	a3,1364
   11304:	06f6e163          	bltu	a3,a5,11366 <_malloc_r+0x64c>
   11308:	01275793          	srli	a5,a4,0x12
   1130c:	07d7889b          	addiw	a7,a5,125
   11310:	0018951b          	slliw	a0,a7,0x1
   11314:	07c78e1b          	addiw	t3,a5,124
   11318:	050e                	slli	a0,a0,0x3
   1131a:	bc55                	j	10dce <_malloc_r+0xb4>
   1131c:	1f41                	addi	t5,t5,-16
   1131e:	01e606b3          	add	a3,a2,t5
   11322:	4581                	li	a1,0
   11324:	b979                	j	10fc2 <_malloc_r+0x2a8>
   11326:	01078593          	addi	a1,a5,16
   1132a:	8522                	mv	a0,s0
   1132c:	ec42                	sd	a6,24(sp)
   1132e:	e876                	sd	t4,16(sp)
   11330:	e43a                	sd	a4,8(sp)
   11332:	fb0ff0ef          	jal	10ae2 <_free_r>
   11336:	6862                	ld	a6,24(sp)
   11338:	6ec2                	ld	t4,16(sp)
   1133a:	6722                	ld	a4,8(sp)
   1133c:	01083e03          	ld	t3,16(a6)
   11340:	000eb603          	ld	a2,0(t4)
   11344:	008e3683          	ld	a3,8(t3)
   11348:	b1d1                	j	1100c <_malloc_r+0x2f2>
   1134a:	55400613          	li	a2,1364
   1134e:	02d66363          	bltu	a2,a3,11374 <_malloc_r+0x65a>
   11352:	01235693          	srli	a3,t1,0x12
   11356:	00169513          	slli	a0,a3,0x1
   1135a:	0fa5051b          	addiw	a0,a0,250
   1135e:	050e                	slli	a0,a0,0x3
   11360:	07c6861b          	addiw	a2,a3,124
   11364:	b381                	j	110a4 <_malloc_r+0x38a>
   11366:	7f000513          	li	a0,2032
   1136a:	07f00893          	li	a7,127
   1136e:	07e00e13          	li	t3,126
   11372:	bcb1                	j	10dce <_malloc_r+0xb4>
   11374:	7f000513          	li	a0,2032
   11378:	07e00613          	li	a2,126
   1137c:	b325                	j	110a4 <_malloc_r+0x38a>
   1137e:	00883783          	ld	a5,8(a6)
   11382:	bdbd                	j	11200 <_malloc_r+0x4e6>

0000000000011384 <__malloc_lock>:
   11384:	8082                	ret

0000000000011386 <__malloc_unlock>:
   11386:	8082                	ret

0000000000011388 <_vfprintf_r>:
   11388:	db010113          	addi	sp,sp,-592
   1138c:	24113423          	sd	ra,584(sp)
   11390:	24813023          	sd	s0,576(sp)
   11394:	22913c23          	sd	s1,568(sp)
   11398:	21613823          	sd	s6,528(sp)
   1139c:	ec36                	sd	a3,24(sp)
   1139e:	8b32                	mv	s6,a2
   113a0:	84ae                	mv	s1,a1
   113a2:	842a                	mv	s0,a0
   113a4:	e02a                	sd	a0,0(sp)
   113a6:	0d5020ef          	jal	13c7a <_localeconv_r>
   113aa:	611c                	ld	a5,0(a0)
   113ac:	853e                	mv	a0,a5
   113ae:	e8be                	sd	a5,80(sp)
   113b0:	30f020ef          	jal	13ebe <strlen>
   113b4:	e4aa                	sd	a0,72(sp)
   113b6:	e982                	sd	zero,208(sp)
   113b8:	ed82                	sd	zero,216(sp)
   113ba:	c409                	beqz	s0,113c4 <_vfprintf_r+0x3c>
   113bc:	643c                	ld	a5,72(s0)
   113be:	e399                	bnez	a5,113c4 <_vfprintf_r+0x3c>
   113c0:	3760106f          	j	12736 <_vfprintf_r+0x13ae>
   113c4:	01049703          	lh	a4,16(s1)
   113c8:	0ac4a783          	lw	a5,172(s1)
   113cc:	6609                	lui	a2,0x2
   113ce:	03271693          	slli	a3,a4,0x32
   113d2:	0006ca63          	bltz	a3,113e6 <_vfprintf_r+0x5e>
   113d6:	76f9                	lui	a3,0xffffe
   113d8:	16fd                	addi	a3,a3,-1 # ffffffffffffdfff <__BSS_END__+0xfffffffffffda3c7>
   113da:	8f51                	or	a4,a4,a2
   113dc:	8ff5                	and	a5,a5,a3
   113de:	00e49823          	sh	a4,16(s1)
   113e2:	0af4a623          	sw	a5,172(s1)
   113e6:	03279713          	slli	a4,a5,0x32
   113ea:	00075463          	bgez	a4,113f2 <_vfprintf_r+0x6a>
   113ee:	3d70106f          	j	12fc4 <_vfprintf_r+0x1c3c>
   113f2:	01049783          	lh	a5,16(s1)
   113f6:	0087f713          	andi	a4,a5,8
   113fa:	20070363          	beqz	a4,11600 <_vfprintf_r+0x278>
   113fe:	6c98                	ld	a4,24(s1)
   11400:	20070063          	beqz	a4,11600 <_vfprintf_r+0x278>
   11404:	8be9                	andi	a5,a5,26
   11406:	4729                	li	a4,10
   11408:	20e78963          	beq	a5,a4,1161a <_vfprintf_r+0x292>
   1140c:	67e5                	lui	a5,0x19
   1140e:	23313423          	sd	s3,552(sp)
   11412:	23413023          	sd	s4,544(sp)
   11416:	16010993          	addi	s3,sp,352
   1141a:	6a65                	lui	s4,0x19
   1141c:	3d878793          	addi	a5,a5,984 # 193d8 <__clzdi2+0x1fc>
   11420:	21713423          	sd	s7,520(sp)
   11424:	ffe6                	sd	s9,504(sp)
   11426:	23213823          	sd	s2,560(sp)
   1142a:	21513c23          	sd	s5,536(sp)
   1142e:	21813023          	sd	s8,512(sp)
   11432:	fbea                	sd	s10,496(sp)
   11434:	f7ee                	sd	s11,488(sp)
   11436:	f982                	sd	zero,240(sp)
   11438:	d582                	sw	zero,232(sp)
   1143a:	f1ce                	sd	s3,224(sp)
   1143c:	8bce                	mv	s7,s3
   1143e:	f43e                	sd	a5,40(sp)
   11440:	548a0a13          	addi	s4,s4,1352 # 19548 <zeroes.0>
   11444:	f802                	sd	zero,48(sp)
   11446:	f482                	sd	zero,104(sp)
   11448:	fc82                	sd	zero,120(sp)
   1144a:	e502                	sd	zero,136(sp)
   1144c:	f882                	sd	zero,112(sp)
   1144e:	e802                	sd	zero,16(sp)
   11450:	4441                	li	s0,16
   11452:	8cda                	mv	s9,s6
   11454:	e426                	sd	s1,8(sp)
   11456:	000cc703          	lbu	a4,0(s9)
   1145a:	8966                	mv	s2,s9
   1145c:	fdb70793          	addi	a5,a4,-37
   11460:	0007069b          	sext.w	a3,a4
   11464:	c7a1                	beqz	a5,114ac <_vfprintf_r+0x124>
   11466:	c2b9                	beqz	a3,114ac <_vfprintf_r+0x124>
   11468:	8aca                	mv	s5,s2
   1146a:	00194703          	lbu	a4,1(s2)
   1146e:	0905                	addi	s2,s2,1
   11470:	0007079b          	sext.w	a5,a4
   11474:	c701                	beqz	a4,1147c <_vfprintf_r+0xf4>
   11476:	fdb78793          	addi	a5,a5,-37
   1147a:	f7fd                	bnez	a5,11468 <_vfprintf_r+0xe0>
   1147c:	41990b3b          	subw	s6,s2,s9
   11480:	020b0663          	beqz	s6,114ac <_vfprintf_r+0x124>
   11484:	774e                	ld	a4,240(sp)
   11486:	57ae                	lw	a5,232(sp)
   11488:	019bb023          	sd	s9,0(s7)
   1148c:	975a                	add	a4,a4,s6
   1148e:	2785                	addiw	a5,a5,1
   11490:	016bb423          	sd	s6,8(s7)
   11494:	f9ba                	sd	a4,240(sp)
   11496:	d5be                	sw	a5,232(sp)
   11498:	471d                	li	a4,7
   1149a:	0bc1                	addi	s7,s7,16
   1149c:	18f74c63          	blt	a4,a5,11634 <_vfprintf_r+0x2ac>
   114a0:	67c2                	ld	a5,16(sp)
   114a2:	001ac703          	lbu	a4,1(s5)
   114a6:	016787bb          	addw	a5,a5,s6
   114aa:	e83e                	sd	a5,16(sp)
   114ac:	e319                	bnez	a4,114b2 <_vfprintf_r+0x12a>
   114ae:	3240106f          	j	127d2 <_vfprintf_r+0x144a>
   114b2:	00194303          	lbu	t1,1(s2)
   114b6:	00190c93          	addi	s9,s2,1
   114ba:	0a0103a3          	sb	zero,167(sp)
   114be:	5afd                	li	s5,-1
   114c0:	4d01                	li	s10,0
   114c2:	05a00913          	li	s2,90
   114c6:	4481                	li	s1,0
   114c8:	0c85                	addi	s9,s9,1
   114ca:	00030d9b          	sext.w	s11,t1
   114ce:	fe0d879b          	addiw	a5,s11,-32
   114d2:	04f96363          	bltu	s2,a5,11518 <_vfprintf_r+0x190>
   114d6:	02079713          	slli	a4,a5,0x20
   114da:	01e75793          	srli	a5,a4,0x1e
   114de:	7722                	ld	a4,40(sp)
   114e0:	97ba                	add	a5,a5,a4
   114e2:	439c                	lw	a5,0(a5)
   114e4:	8782                	jr	a5
   114e6:	4d01                	li	s10,0
   114e8:	46a5                	li	a3,9
   114ea:	002d179b          	slliw	a5,s10,0x2
   114ee:	0c85                	addi	s9,s9,1
   114f0:	01a78d3b          	addw	s10,a5,s10
   114f4:	fffcc783          	lbu	a5,-1(s9)
   114f8:	fd0d8d9b          	addiw	s11,s11,-48
   114fc:	001d1d1b          	slliw	s10,s10,0x1
   11500:	fd07871b          	addiw	a4,a5,-48
   11504:	01ad8d3b          	addw	s10,s11,s10
   11508:	00078d9b          	sext.w	s11,a5
   1150c:	fce6ffe3          	bgeu	a3,a4,114ea <_vfprintf_r+0x162>
   11510:	fe0d879b          	addiw	a5,s11,-32
   11514:	fcf971e3          	bgeu	s2,a5,114d6 <_vfprintf_r+0x14e>
   11518:	8e26                	mv	t3,s1
   1151a:	000d9463          	bnez	s11,11522 <_vfprintf_r+0x19a>
   1151e:	2b40106f          	j	127d2 <_vfprintf_r+0x144a>
   11522:	4885                	li	a7,1
   11524:	0fb10c23          	sb	s11,248(sp)
   11528:	0a0103a3          	sb	zero,167(sp)
   1152c:	8846                	mv	a6,a7
   1152e:	f002                	sd	zero,32(sp)
   11530:	4a81                	li	s5,0
   11532:	e082                	sd	zero,64(sp)
   11534:	fc02                	sd	zero,56(sp)
   11536:	4481                	li	s1,0
   11538:	19bc                	addi	a5,sp,248
   1153a:	794e                	ld	s2,240(sp)
   1153c:	084e7b13          	andi	s6,t3,132
   11540:	85ca                	mv	a1,s2
   11542:	700b0c63          	beqz	s6,11c5a <_vfprintf_r+0x8d2>
   11546:	0a714703          	lbu	a4,167(sp)
   1154a:	c339                	beqz	a4,11590 <_vfprintf_r+0x208>
   1154c:	562e                	lw	a2,232(sp)
   1154e:	4381                	li	t2,0
   11550:	0a710713          	addi	a4,sp,167
   11554:	00ebb023          	sd	a4,0(s7)
   11558:	0905                	addi	s2,s2,1
   1155a:	4705                	li	a4,1
   1155c:	2605                	addiw	a2,a2,1 # 2001 <exit-0xe11f>
   1155e:	00ebb423          	sd	a4,8(s7)
   11562:	f9ca                	sd	s2,240(sp)
   11564:	d5b2                	sw	a2,232(sp)
   11566:	471d                	li	a4,7
   11568:	0bc1                	addi	s7,s7,16
   1156a:	2cc74963          	blt	a4,a2,1183c <_vfprintf_r+0x4b4>
   1156e:	02038163          	beqz	t2,11590 <_vfprintf_r+0x208>
   11572:	562e                	lw	a2,232(sp)
   11574:	1138                	addi	a4,sp,168
   11576:	00ebb023          	sd	a4,0(s7)
   1157a:	0909                	addi	s2,s2,2
   1157c:	4709                	li	a4,2
   1157e:	2605                	addiw	a2,a2,1
   11580:	00ebb423          	sd	a4,8(s7)
   11584:	f9ca                	sd	s2,240(sp)
   11586:	d5b2                	sw	a2,232(sp)
   11588:	471d                	li	a4,7
   1158a:	0bc1                	addi	s7,s7,16
   1158c:	30c74ce3          	blt	a4,a2,120a4 <_vfprintf_r+0xd1c>
   11590:	08000713          	li	a4,128
   11594:	12eb05e3          	beq	s6,a4,11ebe <_vfprintf_r+0xb36>
   11598:	411a8abb          	subw	s5,s5,a7
   1159c:	6d504b63          	bgtz	s5,11c72 <_vfprintf_r+0x8ea>
   115a0:	100e7713          	andi	a4,t3,256
   115a4:	76071e63          	bnez	a4,11d20 <_vfprintf_r+0x998>
   115a8:	00fbb023          	sd	a5,0(s7)
   115ac:	57ae                	lw	a5,232(sp)
   115ae:	9946                	add	s2,s2,a7
   115b0:	f9ca                	sd	s2,240(sp)
   115b2:	2785                	addiw	a5,a5,1
   115b4:	011bb423          	sd	a7,8(s7)
   115b8:	471d                	li	a4,7
   115ba:	d5be                	sw	a5,232(sp)
   115bc:	30f74d63          	blt	a4,a5,118d6 <_vfprintf_r+0x54e>
   115c0:	0bc1                	addi	s7,s7,16
   115c2:	004e7f13          	andi	t5,t3,4
   115c6:	000f0663          	beqz	t5,115d2 <_vfprintf_r+0x24a>
   115ca:	410d0abb          	subw	s5,s10,a6
   115ce:	2f504ee3          	bgtz	s5,120ca <_vfprintf_r+0xd42>
   115d2:	87ea                	mv	a5,s10
   115d4:	010d5363          	bge	s10,a6,115da <_vfprintf_r+0x252>
   115d8:	87c2                	mv	a5,a6
   115da:	6742                	ld	a4,16(sp)
   115dc:	9fb9                	addw	a5,a5,a4
   115de:	e83e                	sd	a5,16(sp)
   115e0:	180919e3          	bnez	s2,11f72 <_vfprintf_r+0xbea>
   115e4:	7782                	ld	a5,32(sp)
   115e6:	d582                	sw	zero,232(sp)
   115e8:	c789                	beqz	a5,115f2 <_vfprintf_r+0x26a>
   115ea:	7582                	ld	a1,32(sp)
   115ec:	6502                	ld	a0,0(sp)
   115ee:	cf4ff0ef          	jal	10ae2 <_free_r>
   115f2:	8bce                	mv	s7,s3
   115f4:	b58d                	j	11456 <_vfprintf_r+0xce>
   115f6:	000cc303          	lbu	t1,0(s9)
   115fa:	0104e493          	ori	s1,s1,16
   115fe:	b5e9                	j	114c8 <_vfprintf_r+0x140>
   11600:	6502                	ld	a0,0(sp)
   11602:	85a6                	mv	a1,s1
   11604:	46a020ef          	jal	13a6e <__swsetup_r>
   11608:	c119                	beqz	a0,1160e <_vfprintf_r+0x286>
   1160a:	1bb0106f          	j	12fc4 <_vfprintf_r+0x1c3c>
   1160e:	01049783          	lh	a5,16(s1)
   11612:	4729                	li	a4,10
   11614:	8be9                	andi	a5,a5,26
   11616:	dee79be3          	bne	a5,a4,1140c <_vfprintf_r+0x84>
   1161a:	01249783          	lh	a5,18(s1)
   1161e:	de07c7e3          	bltz	a5,1140c <_vfprintf_r+0x84>
   11622:	66e2                	ld	a3,24(sp)
   11624:	6502                	ld	a0,0(sp)
   11626:	865a                	mv	a2,s6
   11628:	85a6                	mv	a1,s1
   1162a:	559010ef          	jal	13382 <__sbprintf>
   1162e:	e82a                	sd	a0,16(sp)
   11630:	1890006f          	j	11fb8 <_vfprintf_r+0xc30>
   11634:	65a2                	ld	a1,8(sp)
   11636:	6502                	ld	a0,0(sp)
   11638:	1190                	addi	a2,sp,224
   1163a:	5db010ef          	jal	13414 <__sprint_r>
   1163e:	c119                	beqz	a0,11644 <_vfprintf_r+0x2bc>
   11640:	3570106f          	j	13196 <_vfprintf_r+0x1e0e>
   11644:	8bce                	mv	s7,s3
   11646:	bda9                	j	114a0 <_vfprintf_r+0x118>
   11648:	0084f793          	andi	a5,s1,8
   1164c:	8e26                	mv	t3,s1
   1164e:	620796e3          	bnez	a5,1247a <_vfprintf_r+0x10f2>
   11652:	f026                	sd	s1,32(sp)
   11654:	64e2                	ld	s1,24(sp)
   11656:	2088                	fld	fa0,0(s1)
   11658:	2c1070ef          	jal	19118 <__extenddftf2>
   1165c:	7e02                	ld	t3,32(sp)
   1165e:	00848793          	addi	a5,s1,8
   11662:	ec3e                	sd	a5,24(sp)
   11664:	e9aa                	sd	a0,208(sp)
   11666:	0988                	addi	a0,sp,208
   11668:	f072                	sd	t3,32(sp)
   1166a:	edae                	sd	a1,216(sp)
   1166c:	35b020ef          	jal	141c6 <_ldcheck>
   11670:	d92a                	sw	a0,176(sp)
   11672:	4789                	li	a5,2
   11674:	7e02                	ld	t3,32(sp)
   11676:	00f51463          	bne	a0,a5,1167e <_vfprintf_r+0x2f6>
   1167a:	1160106f          	j	12790 <_vfprintf_r+0x1408>
   1167e:	4785                	li	a5,1
   11680:	00f51463          	bne	a0,a5,11688 <_vfprintf_r+0x300>
   11684:	21c0106f          	j	128a0 <_vfprintf_r+0x1518>
   11688:	fdfdf913          	andi	s2,s11,-33
   1168c:	04100793          	li	a5,65
   11690:	00f90463          	beq	s2,a5,11698 <_vfprintf_r+0x310>
   11694:	1c80106f          	j	1285c <_vfprintf_r+0x14d4>
   11698:	03000793          	li	a5,48
   1169c:	0af10423          	sb	a5,168(sp)
   116a0:	06100713          	li	a4,97
   116a4:	05800793          	li	a5,88
   116a8:	00ed9463          	bne	s11,a4,116b0 <_vfprintf_r+0x328>
   116ac:	5d20106f          	j	12c7e <_vfprintf_r+0x18f6>
   116b0:	0af104a3          	sb	a5,169(sp)
   116b4:	06300793          	li	a5,99
   116b8:	0157d463          	bge	a5,s5,116c0 <_vfprintf_r+0x338>
   116bc:	5ca0106f          	j	12c86 <_vfprintf_r+0x18fe>
   116c0:	65ee                	ld	a1,216(sp)
   116c2:	654e                	ld	a0,208(sp)
   116c4:	0005d463          	bgez	a1,116cc <_vfprintf_r+0x344>
   116c8:	2610106f          	j	13128 <_vfprintf_r+0x1da0>
   116cc:	ec82                	sd	zero,88(sp)
   116ce:	f002                	sd	zero,32(sp)
   116d0:	19bc                	addi	a5,sp,248
   116d2:	f83e                	sd	a5,48(sp)
   116d4:	1910                	addi	a2,sp,176
   116d6:	002e6793          	ori	a5,t3,2
   116da:	fc3e                	sd	a5,56(sp)
   116dc:	07d020ef          	jal	13f58 <frexpl>
   116e0:	00fff6b7          	lui	a3,0xfff
   116e4:	169a                	slli	a3,a3,0x26
   116e6:	4601                	li	a2,0
   116e8:	2dd060ef          	jal	181c4 <__multf3>
   116ec:	4601                	li	a2,0
   116ee:	4681                	li	a3,0
   116f0:	84aa                	mv	s1,a0
   116f2:	892e                	mv	s2,a1
   116f4:	0bd060ef          	jal	17fb0 <__eqtf2>
   116f8:	77c2                	ld	a5,48(sp)
   116fa:	e119                	bnez	a0,11700 <_vfprintf_r+0x378>
   116fc:	4705                	li	a4,1
   116fe:	d93a                	sw	a4,176(sp)
   11700:	06100713          	li	a4,97
   11704:	00ed9463          	bne	s11,a4,1170c <_vfprintf_r+0x384>
   11708:	3d90106f          	j	132e0 <_vfprintf_r+0x1f58>
   1170c:	6765                	lui	a4,0x19
   1170e:	25070713          	addi	a4,a4,592 # 19250 <__clzdi2+0x74>
   11712:	f83a                	sd	a4,48(sp)
   11714:	e0de                	sd	s7,64(sp)
   11716:	f0e6                	sd	s9,96(sp)
   11718:	7bc2                	ld	s7,48(sp)
   1171a:	8b3e                	mv	s6,a5
   1171c:	8cbe                	mv	s9,a5
   1171e:	a809                	j	11730 <_vfprintf_r+0x3a8>
   11720:	4601                	li	a2,0
   11722:	4681                	li	a3,0
   11724:	08d060ef          	jal	17fb0 <__eqtf2>
   11728:	e119                	bnez	a0,1172e <_vfprintf_r+0x3a6>
   1172a:	2990106f          	j	131c2 <_vfprintf_r+0x1e3a>
   1172e:	3afd                	addiw	s5,s5,-1
   11730:	040036b7          	lui	a3,0x4003
   11734:	1692                	slli	a3,a3,0x24
   11736:	4601                	li	a2,0
   11738:	8526                	mv	a0,s1
   1173a:	85ca                	mv	a1,s2
   1173c:	289060ef          	jal	181c4 <__multf3>
   11740:	84ae                	mv	s1,a1
   11742:	892a                	mv	s2,a0
   11744:	0f5070ef          	jal	19038 <__fixtfsi>
   11748:	00050c1b          	sext.w	s8,a0
   1174c:	8562                	mv	a0,s8
   1174e:	179070ef          	jal	190c6 <__floatsitf>
   11752:	862a                	mv	a2,a0
   11754:	86ae                	mv	a3,a1
   11756:	854a                	mv	a0,s2
   11758:	85a6                	mv	a1,s1
   1175a:	07e070ef          	jal	187d8 <__subtf3>
   1175e:	018b86b3          	add	a3,s7,s8
   11762:	0006c683          	lbu	a3,0(a3) # 4003000 <__BSS_END__+0x3fdf3c8>
   11766:	865a                	mv	a2,s6
   11768:	84aa                	mv	s1,a0
   1176a:	00db0023          	sb	a3,0(s6)
   1176e:	0b05                	addi	s6,s6,1
   11770:	892e                	mv	s2,a1
   11772:	fa0a97e3          	bnez	s5,11720 <_vfprintf_r+0x398>
   11776:	01fff6b7          	lui	a3,0x1fff
   1177a:	875a                	mv	a4,s6
   1177c:	84b2                	mv	s1,a2
   1177e:	1696                	slli	a3,a3,0x25
   11780:	4601                	li	a2,0
   11782:	6b86                	ld	s7,64(sp)
   11784:	8b62                	mv	s6,s8
   11786:	e0e6                	sd	s9,64(sp)
   11788:	8aaa                	mv	s5,a0
   1178a:	8c3a                	mv	s8,a4
   1178c:	0cd060ef          	jal	18058 <__getf2>
   11790:	7c86                	ld	s9,96(sp)
   11792:	6786                	ld	a5,64(sp)
   11794:	00a04f63          	bgtz	a0,117b2 <_vfprintf_r+0x42a>
   11798:	01fff6b7          	lui	a3,0x1fff
   1179c:	8556                	mv	a0,s5
   1179e:	85ca                	mv	a1,s2
   117a0:	1696                	slli	a3,a3,0x25
   117a2:	4601                	li	a2,0
   117a4:	00d060ef          	jal	17fb0 <__eqtf2>
   117a8:	6786                	ld	a5,64(sp)
   117aa:	e521                	bnez	a0,117f2 <_vfprintf_r+0x46a>
   117ac:	001b7713          	andi	a4,s6,1
   117b0:	c329                	beqz	a4,117f2 <_vfprintf_r+0x46a>
   117b2:	7742                	ld	a4,48(sp)
   117b4:	e5a6                	sd	s1,200(sp)
   117b6:	fffc4683          	lbu	a3,-1(s8)
   117ba:	00f74603          	lbu	a2,15(a4)
   117be:	8762                	mv	a4,s8
   117c0:	00d61e63          	bne	a2,a3,117dc <_vfprintf_r+0x454>
   117c4:	03000593          	li	a1,48
   117c8:	feb70fa3          	sb	a1,-1(a4)
   117cc:	672e                	ld	a4,200(sp)
   117ce:	fff70693          	addi	a3,a4,-1
   117d2:	e5b6                	sd	a3,200(sp)
   117d4:	fff74683          	lbu	a3,-1(a4)
   117d8:	fec688e3          	beq	a3,a2,117c8 <_vfprintf_r+0x440>
   117dc:	03900613          	li	a2,57
   117e0:	00c69463          	bne	a3,a2,117e8 <_vfprintf_r+0x460>
   117e4:	3250106f          	j	13308 <_vfprintf_r+0x1f80>
   117e8:	2685                	addiw	a3,a3,1 # 1fff001 <__BSS_END__+0x1fdb3c9>
   117ea:	0ff6f693          	zext.b	a3,a3
   117ee:	fed70fa3          	sb	a3,-1(a4)
   117f2:	56ca                	lw	a3,176(sp)
   117f4:	00fd871b          	addiw	a4,s11,15
   117f8:	0ae10c23          	sb	a4,184(sp)
   117fc:	40fc063b          	subw	a2,s8,a5
   11800:	fff6871b          	addiw	a4,a3,-1
   11804:	d93a                	sw	a4,176(sp)
   11806:	f832                	sd	a2,48(sp)
   11808:	00075463          	bgez	a4,11810 <_vfprintf_r+0x488>
   1180c:	2af0106f          	j	132ba <_vfprintf_r+0x1f32>
   11810:	02b00693          	li	a3,43
   11814:	0ad10ca3          	sb	a3,185(sp)
   11818:	46a5                	li	a3,9
   1181a:	00e6d463          	bge	a3,a4,11822 <_vfprintf_r+0x49a>
   1181e:	52e0106f          	j	12d4c <_vfprintf_r+0x19c4>
   11822:	0ba10693          	addi	a3,sp,186
   11826:	0307071b          	addiw	a4,a4,48
   1182a:	00e68023          	sb	a4,0(a3)
   1182e:	1398                	addi	a4,sp,480
   11830:	8e99                	sub	a3,a3,a4
   11832:	1296871b          	addiw	a4,a3,297
   11836:	f4ba                	sd	a4,104(sp)
   11838:	5840106f          	j	12dbc <_vfprintf_r+0x1a34>
   1183c:	65a2                	ld	a1,8(sp)
   1183e:	6502                	ld	a0,0(sp)
   11840:	1190                	addi	a2,sp,224
   11842:	ed46                	sd	a7,152(sp)
   11844:	e942                	sd	a6,144(sp)
   11846:	e172                	sd	t3,128(sp)
   11848:	f0be                	sd	a5,96(sp)
   1184a:	ec9e                	sd	t2,88(sp)
   1184c:	3c9010ef          	jal	13414 <__sprint_r>
   11850:	72051863          	bnez	a0,11f80 <_vfprintf_r+0xbf8>
   11854:	794e                	ld	s2,240(sp)
   11856:	68ea                	ld	a7,152(sp)
   11858:	684a                	ld	a6,144(sp)
   1185a:	6e0a                	ld	t3,128(sp)
   1185c:	7786                	ld	a5,96(sp)
   1185e:	63e6                	ld	t2,88(sp)
   11860:	8bce                	mv	s7,s3
   11862:	b331                	j	1156e <_vfprintf_r+0x1e6>
   11864:	572e                	lw	a4,232(sp)
   11866:	66e5                	lui	a3,0x19
   11868:	27068693          	addi	a3,a3,624 # 19270 <__clzdi2+0x94>
   1186c:	00dbb023          	sd	a3,0(s7)
   11870:	0905                	addi	s2,s2,1
   11872:	4685                	li	a3,1
   11874:	2705                	addiw	a4,a4,1
   11876:	00dbb423          	sd	a3,8(s7)
   1187a:	f9ca                	sd	s2,240(sp)
   1187c:	d5ba                	sw	a4,232(sp)
   1187e:	469d                	li	a3,7
   11880:	0bc1                	addi	s7,s7,16
   11882:	00e6d463          	bge	a3,a4,1188a <_vfprintf_r+0x502>
   11886:	5d20106f          	j	12e58 <_vfprintf_r+0x1ad0>
   1188a:	7742                	ld	a4,48(sp)
   1188c:	8f51                	or	a4,a4,a2
   1188e:	e319                	bnez	a4,11894 <_vfprintf_r+0x50c>
   11890:	22a0106f          	j	12aba <_vfprintf_r+0x1732>
   11894:	66a6                	ld	a3,72(sp)
   11896:	572e                	lw	a4,232(sp)
   11898:	65c6                	ld	a1,80(sp)
   1189a:	9936                	add	s2,s2,a3
   1189c:	2705                	addiw	a4,a4,1
   1189e:	00dbb423          	sd	a3,8(s7)
   118a2:	00bbb023          	sd	a1,0(s7)
   118a6:	f9ca                	sd	s2,240(sp)
   118a8:	d5ba                	sw	a4,232(sp)
   118aa:	469d                	li	a3,7
   118ac:	0bc1                	addi	s7,s7,16
   118ae:	00e6d463          	bge	a3,a4,118b6 <_vfprintf_r+0x52e>
   118b2:	22e0106f          	j	12ae0 <_vfprintf_r+0x1758>
   118b6:	00065463          	bgez	a2,118be <_vfprintf_r+0x536>
   118ba:	7540106f          	j	1300e <_vfprintf_r+0x1c86>
   118be:	76c2                	ld	a3,48(sp)
   118c0:	2705                	addiw	a4,a4,1
   118c2:	00fbb023          	sd	a5,0(s7)
   118c6:	9936                	add	s2,s2,a3
   118c8:	f9ca                	sd	s2,240(sp)
   118ca:	d5ba                	sw	a4,232(sp)
   118cc:	00dbb423          	sd	a3,8(s7)
   118d0:	479d                	li	a5,7
   118d2:	cee7d7e3          	bge	a5,a4,115c0 <_vfprintf_r+0x238>
   118d6:	65a2                	ld	a1,8(sp)
   118d8:	6502                	ld	a0,0(sp)
   118da:	1190                	addi	a2,sp,224
   118dc:	e0c2                	sd	a6,64(sp)
   118de:	fc72                	sd	t3,56(sp)
   118e0:	335010ef          	jal	13414 <__sprint_r>
   118e4:	68051e63          	bnez	a0,11f80 <_vfprintf_r+0xbf8>
   118e8:	794e                	ld	s2,240(sp)
   118ea:	7e62                	ld	t3,56(sp)
   118ec:	6806                	ld	a6,64(sp)
   118ee:	8bce                	mv	s7,s3
   118f0:	b9c9                	j	115c2 <_vfprintf_r+0x23a>
   118f2:	6762                	ld	a4,24(sp)
   118f4:	8e26                	mv	t3,s1
   118f6:	4885                	li	a7,1
   118f8:	431c                	lw	a5,0(a4)
   118fa:	0a0103a3          	sb	zero,167(sp)
   118fe:	0ef10c23          	sb	a5,248(sp)
   11902:	00870793          	addi	a5,a4,8
   11906:	ec3e                	sd	a5,24(sp)
   11908:	b115                	j	1152c <_vfprintf_r+0x1a4>
   1190a:	6762                	ld	a4,24(sp)
   1190c:	0a0103a3          	sb	zero,167(sp)
   11910:	8e26                	mv	t3,s1
   11912:	631c                	ld	a5,0(a4)
   11914:	00870493          	addi	s1,a4,8
   11918:	4c0780e3          	beqz	a5,125d8 <_vfprintf_r+0x1250>
   1191c:	6c0ac6e3          	bltz	s5,127e8 <_vfprintf_r+0x1460>
   11920:	853e                	mv	a0,a5
   11922:	8656                	mv	a2,s5
   11924:	4581                	li	a1,0
   11926:	fc72                	sd	t3,56(sp)
   11928:	ec3e                	sd	a5,24(sp)
   1192a:	234020ef          	jal	13b5e <memchr>
   1192e:	f02a                	sd	a0,32(sp)
   11930:	0a714703          	lbu	a4,167(sp)
   11934:	67e2                	ld	a5,24(sp)
   11936:	7e62                	ld	t3,56(sp)
   11938:	e119                	bnez	a0,1193e <_vfprintf_r+0x5b6>
   1193a:	6720106f          	j	12fac <_vfprintf_r+0x1c24>
   1193e:	40f508bb          	subw	a7,a0,a5
   11942:	86c6                	mv	a3,a7
   11944:	0008d463          	bgez	a7,1194c <_vfprintf_r+0x5c4>
   11948:	24a0106f          	j	12b92 <_vfprintf_r+0x180a>
   1194c:	0006881b          	sext.w	a6,a3
   11950:	c319                	beqz	a4,11956 <_vfprintf_r+0x5ce>
   11952:	0016881b          	addiw	a6,a3,1
   11956:	ec26                	sd	s1,24(sp)
   11958:	4950006f          	j	125ec <_vfprintf_r+0x1264>
   1195c:	6762                	ld	a4,24(sp)
   1195e:	0204f793          	andi	a5,s1,32
   11962:	8e26                	mv	t3,s1
   11964:	0721                	addi	a4,a4,8
   11966:	e7c9                	bnez	a5,119f0 <_vfprintf_r+0x668>
   11968:	0104f793          	andi	a5,s1,16
   1196c:	c399                	beqz	a5,11972 <_vfprintf_r+0x5ea>
   1196e:	6f20106f          	j	13060 <_vfprintf_r+0x1cd8>
   11972:	66e2                	ld	a3,24(sp)
   11974:	0404f793          	andi	a5,s1,64
   11978:	0006a903          	lw	s2,0(a3)
   1197c:	6a078ae3          	beqz	a5,12830 <_vfprintf_r+0x14a8>
   11980:	0109191b          	slliw	s2,s2,0x10
   11984:	4109591b          	sraiw	s2,s2,0x10
   11988:	ec3a                	sd	a4,24(sp)
   1198a:	87ca                	mv	a5,s2
   1198c:	0607c863          	bltz	a5,119fc <_vfprintf_r+0x674>
   11990:	080ac063          	bltz	s5,11a10 <_vfprintf_r+0x688>
   11994:	f7fe7e13          	andi	t3,t3,-129
   11998:	06091c63          	bnez	s2,11a10 <_vfprintf_r+0x688>
   1199c:	060a9a63          	bnez	s5,11a10 <_vfprintf_r+0x688>
   119a0:	0a714503          	lbu	a0,167(sp)
   119a4:	6e0505e3          	beqz	a0,1288e <_vfprintf_r+0x1506>
   119a8:	4801                	li	a6,0
   119aa:	4481                	li	s1,0
   119ac:	f002                	sd	zero,32(sp)
   119ae:	4881                	li	a7,0
   119b0:	4a81                	li	s5,0
   119b2:	0afc                	addi	a5,sp,348
   119b4:	2805                	addiw	a6,a6,1
   119b6:	e099                	bnez	s1,119bc <_vfprintf_r+0x634>
   119b8:	1970106f          	j	1334e <_vfprintf_r+0x1fc6>
   119bc:	794e                	ld	s2,240(sp)
   119be:	562e                	lw	a2,232(sp)
   119c0:	084e7b13          	andi	s6,t3,132
   119c4:	2809                	addiw	a6,a6,2
   119c6:	85ca                	mv	a1,s2
   119c8:	86b2                	mv	a3,a2
   119ca:	600b0363          	beqz	s6,11fd0 <_vfprintf_r+0xc48>
   119ce:	e082                	sd	zero,64(sp)
   119d0:	fc02                	sd	zero,56(sp)
   119d2:	4481                	li	s1,0
   119d4:	ba0500e3          	beqz	a0,11574 <_vfprintf_r+0x1ec>
   119d8:	4389                	li	t2,2
   119da:	be9d                	j	11550 <_vfprintf_r+0x1c8>
   119dc:	0204f793          	andi	a5,s1,32
   119e0:	0104ef13          	ori	t5,s1,16
   119e4:	2a0785e3          	beqz	a5,1248e <_vfprintf_r+0x1106>
   119e8:	67e2                	ld	a5,24(sp)
   119ea:	8e7a                	mv	t3,t5
   119ec:	00878713          	addi	a4,a5,8
   119f0:	67e2                	ld	a5,24(sp)
   119f2:	ec3a                	sd	a4,24(sp)
   119f4:	639c                	ld	a5,0(a5)
   119f6:	893e                	mv	s2,a5
   119f8:	f807dce3          	bgez	a5,11990 <_vfprintf_r+0x608>
   119fc:	02d00793          	li	a5,45
   11a00:	0af103a3          	sb	a5,167(sp)
   11a04:	41200933          	neg	s2,s2
   11a08:	000ac463          	bltz	s5,11a10 <_vfprintf_r+0x688>
   11a0c:	f7fe7e13          	andi	t3,t3,-129
   11a10:	4c25                	li	s8,9
   11a12:	112c6463          	bltu	s8,s2,11b1a <_vfprintf_r+0x792>
   11a16:	0309091b          	addiw	s2,s2,48
   11a1a:	15210da3          	sb	s2,347(sp)
   11a1e:	000a881b          	sext.w	a6,s5
   11a22:	295050e3          	blez	s5,124a2 <_vfprintf_r+0x111a>
   11a26:	0a714503          	lbu	a0,167(sp)
   11a2a:	4481                	li	s1,0
   11a2c:	4885                	li	a7,1
   11a2e:	15b10793          	addi	a5,sp,347
   11a32:	f002                	sd	zero,32(sp)
   11a34:	d149                	beqz	a0,119b6 <_vfprintf_r+0x62e>
   11a36:	2805                	addiw	a6,a6,1
   11a38:	bfbd                	j	119b6 <_vfprintf_r+0x62e>
   11a3a:	67e2                	ld	a5,24(sp)
   11a3c:	0007ad03          	lw	s10,0(a5)
   11a40:	1a0d55e3          	bgez	s10,123ea <_vfprintf_r+0x1062>
   11a44:	67e2                	ld	a5,24(sp)
   11a46:	41a00d3b          	negw	s10,s10
   11a4a:	07a1                	addi	a5,a5,8
   11a4c:	ec3e                	sd	a5,24(sp)
   11a4e:	000cc303          	lbu	t1,0(s9)
   11a52:	0044e493          	ori	s1,s1,4
   11a56:	bc8d                	j	114c8 <_vfprintf_r+0x140>
   11a58:	02b00793          	li	a5,43
   11a5c:	000cc303          	lbu	t1,0(s9)
   11a60:	0af103a3          	sb	a5,167(sp)
   11a64:	b495                	j	114c8 <_vfprintf_r+0x140>
   11a66:	000cc303          	lbu	t1,0(s9)
   11a6a:	0804e493          	ori	s1,s1,128
   11a6e:	bca9                	j	114c8 <_vfprintf_r+0x140>
   11a70:	000ccd83          	lbu	s11,0(s9)
   11a74:	02a00793          	li	a5,42
   11a78:	001c8613          	addi	a2,s9,1
   11a7c:	00fd9463          	bne	s11,a5,11a84 <_vfprintf_r+0x6fc>
   11a80:	7f80106f          	j	13278 <_vfprintf_r+0x1ef0>
   11a84:	fd0d871b          	addiw	a4,s11,-48
   11a88:	45a5                	li	a1,9
   11a8a:	4681                	li	a3,0
   11a8c:	8cb2                	mv	s9,a2
   11a8e:	4a81                	li	s5,0
   11a90:	a2e5efe3          	bltu	a1,a4,114ce <_vfprintf_r+0x146>
   11a94:	0026979b          	slliw	a5,a3,0x2
   11a98:	00064d83          	lbu	s11,0(a2)
   11a9c:	9fb5                	addw	a5,a5,a3
   11a9e:	0017979b          	slliw	a5,a5,0x1
   11aa2:	00e786bb          	addw	a3,a5,a4
   11aa6:	fd0d871b          	addiw	a4,s11,-48
   11aaa:	0605                	addi	a2,a2,1
   11aac:	fee5f4e3          	bgeu	a1,a4,11a94 <_vfprintf_r+0x70c>
   11ab0:	00068a9b          	sext.w	s5,a3
   11ab4:	2806cbe3          	bltz	a3,1254a <_vfprintf_r+0x11c2>
   11ab8:	8cb2                	mv	s9,a2
   11aba:	bc11                	j	114ce <_vfprintf_r+0x146>
   11abc:	0204f793          	andi	a5,s1,32
   11ac0:	0104ef13          	ori	t5,s1,16
   11ac4:	eb8d                	bnez	a5,11af6 <_vfprintf_r+0x76e>
   11ac6:	6762                	ld	a4,24(sp)
   11ac8:	0a0103a3          	sb	zero,167(sp)
   11acc:	00073903          	ld	s2,0(a4)
   11ad0:	00870793          	addi	a5,a4,8
   11ad4:	1e0ac0e3          	bltz	s5,124b4 <_vfprintf_r+0x112c>
   11ad8:	ec3e                	sd	a5,24(sp)
   11ada:	f7ff7e13          	andi	t3,t5,-129
   11ade:	f20919e3          	bnez	s2,11a10 <_vfprintf_r+0x688>
   11ae2:	f20a97e3          	bnez	s5,11a10 <_vfprintf_r+0x688>
   11ae6:	4481                	li	s1,0
   11ae8:	ae81                	j	11e38 <_vfprintf_r+0xab0>
   11aea:	0204f793          	andi	a5,s1,32
   11aee:	8e26                	mv	t3,s1
   11af0:	140787e3          	beqz	a5,1243e <_vfprintf_r+0x10b6>
   11af4:	8f26                	mv	t5,s1
   11af6:	6762                	ld	a4,24(sp)
   11af8:	0a0103a3          	sb	zero,167(sp)
   11afc:	00073903          	ld	s2,0(a4)
   11b00:	00870793          	addi	a5,a4,8
   11b04:	1a0ac8e3          	bltz	s5,124b4 <_vfprintf_r+0x112c>
   11b08:	ec3e                	sd	a5,24(sp)
   11b0a:	f7ff7e13          	andi	t3,t5,-129
   11b0e:	f00a91e3          	bnez	s5,11a10 <_vfprintf_r+0x688>
   11b12:	ee091fe3          	bnez	s2,11a10 <_vfprintf_r+0x688>
   11b16:	4481                	li	s1,0
   11b18:	a605                	j	11e38 <_vfprintf_r+0xab0>
   11b1a:	ccccd7b7          	lui	a5,0xccccd
   11b1e:	ccd78793          	addi	a5,a5,-819 # ffffffffcccccccd <__BSS_END__+0xffffffffccca9095>
   11b22:	02079b13          	slli	s6,a5,0x20
   11b26:	15c10893          	addi	a7,sp,348
   11b2a:	74e6                	ld	s1,120(sp)
   11b2c:	9b3e                	add	s6,s6,a5
   11b2e:	8646                	mv	a2,a7
   11b30:	4581                	li	a1,0
   11b32:	400e7813          	andi	a6,t3,1024
   11b36:	a809                	j	11b48 <_vfprintf_r+0x7c0>
   11b38:	874a                	mv	a4,s2
   11b3a:	03693933          	mulhu	s2,s2,s6
   11b3e:	863e                	mv	a2,a5
   11b40:	00395913          	srli	s2,s2,0x3
   11b44:	02ec7f63          	bgeu	s8,a4,11b82 <_vfprintf_r+0x7fa>
   11b48:	036936b3          	mulhu	a3,s2,s6
   11b4c:	2585                	addiw	a1,a1,1
   11b4e:	fff60793          	addi	a5,a2,-1
   11b52:	828d                	srli	a3,a3,0x3
   11b54:	00269713          	slli	a4,a3,0x2
   11b58:	9736                	add	a4,a4,a3
   11b5a:	0706                	slli	a4,a4,0x1
   11b5c:	40e90733          	sub	a4,s2,a4
   11b60:	0307071b          	addiw	a4,a4,48
   11b64:	fee60fa3          	sb	a4,-1(a2)
   11b68:	fc0808e3          	beqz	a6,11b38 <_vfprintf_r+0x7b0>
   11b6c:	0004c703          	lbu	a4,0(s1)
   11b70:	f0170693          	addi	a3,a4,-255
   11b74:	d2f1                	beqz	a3,11b38 <_vfprintf_r+0x7b0>
   11b76:	fcb711e3          	bne	a4,a1,11b38 <_vfprintf_r+0x7b0>
   11b7a:	012c7463          	bgeu	s8,s2,11b82 <_vfprintf_r+0x7fa>
   11b7e:	3ca0106f          	j	12f48 <_vfprintf_r+0x1bc0>
   11b82:	fca6                	sd	s1,120(sp)
   11b84:	f82e                	sd	a1,48(sp)
   11b86:	40f888bb          	subw	a7,a7,a5
   11b8a:	000a881b          	sext.w	a6,s5
   11b8e:	011ad463          	bge	s5,a7,11b96 <_vfprintf_r+0x80e>
   11b92:	0008881b          	sext.w	a6,a7
   11b96:	0a714503          	lbu	a0,167(sp)
   11b9a:	4481                	li	s1,0
   11b9c:	f002                	sd	zero,32(sp)
   11b9e:	bd59                	j	11a34 <_vfprintf_r+0x6ac>
   11ba0:	6b02                	ld	s6,0(sp)
   11ba2:	855a                	mv	a0,s6
   11ba4:	0d6020ef          	jal	13c7a <_localeconv_r>
   11ba8:	651c                	ld	a5,8(a0)
   11baa:	853e                	mv	a0,a5
   11bac:	f8be                	sd	a5,112(sp)
   11bae:	310020ef          	jal	13ebe <strlen>
   11bb2:	87aa                	mv	a5,a0
   11bb4:	855a                	mv	a0,s6
   11bb6:	e53e                	sd	a5,136(sp)
   11bb8:	8b3e                	mv	s6,a5
   11bba:	0c0020ef          	jal	13c7a <_localeconv_r>
   11bbe:	6918                	ld	a4,16(a0)
   11bc0:	000cc303          	lbu	t1,0(s9)
   11bc4:	fcba                	sd	a4,120(sp)
   11bc6:	900b01e3          	beqz	s6,114c8 <_vfprintf_r+0x140>
   11bca:	8e070fe3          	beqz	a4,114c8 <_vfprintf_r+0x140>
   11bce:	00074783          	lbu	a5,0(a4)
   11bd2:	8e078be3          	beqz	a5,114c8 <_vfprintf_r+0x140>
   11bd6:	4004e493          	ori	s1,s1,1024
   11bda:	b0fd                	j	114c8 <_vfprintf_r+0x140>
   11bdc:	000cc303          	lbu	t1,0(s9)
   11be0:	0014e493          	ori	s1,s1,1
   11be4:	b0d5                	j	114c8 <_vfprintf_r+0x140>
   11be6:	0a714783          	lbu	a5,167(sp)
   11bea:	000cc303          	lbu	t1,0(s9)
   11bee:	8c079de3          	bnez	a5,114c8 <_vfprintf_r+0x140>
   11bf2:	02000793          	li	a5,32
   11bf6:	0af103a3          	sb	a5,167(sp)
   11bfa:	b0f9                	j	114c8 <_vfprintf_r+0x140>
   11bfc:	000cc303          	lbu	t1,0(s9)
   11c00:	0084e493          	ori	s1,s1,8
   11c04:	b0d1                	j	114c8 <_vfprintf_r+0x140>
   11c06:	67e2                	ld	a5,24(sp)
   11c08:	0104e813          	ori	a6,s1,16
   11c0c:	00878713          	addi	a4,a5,8
   11c10:	67e2                	ld	a5,24(sp)
   11c12:	6394                	ld	a3,0(a5)
   11c14:	ec3a                	sd	a4,24(sp)
   11c16:	0a0103a3          	sb	zero,167(sp)
   11c1a:	bff87e13          	andi	t3,a6,-1025
   11c1e:	520ac963          	bltz	s5,12150 <_vfprintf_r+0xdc8>
   11c22:	b7f87e13          	andi	t3,a6,-1153
   11c26:	520a9563          	bnez	s5,12150 <_vfprintf_r+0xdc8>
   11c2a:	52069363          	bnez	a3,12150 <_vfprintf_r+0xdc8>
   11c2e:	00187813          	andi	a6,a6,1
   11c32:	70080763          	beqz	a6,12340 <_vfprintf_r+0xfb8>
   11c36:	794e                	ld	s2,240(sp)
   11c38:	03000793          	li	a5,48
   11c3c:	14f10da3          	sb	a5,347(sp)
   11c40:	f002                	sd	zero,32(sp)
   11c42:	e082                	sd	zero,64(sp)
   11c44:	fc02                	sd	zero,56(sp)
   11c46:	084e7b13          	andi	s6,t3,132
   11c4a:	88c2                	mv	a7,a6
   11c4c:	4a81                	li	s5,0
   11c4e:	4481                	li	s1,0
   11c50:	15b10793          	addi	a5,sp,347
   11c54:	85ca                	mv	a1,s2
   11c56:	8e0b18e3          	bnez	s6,11546 <_vfprintf_r+0x1be>
   11c5a:	410d073b          	subw	a4,s10,a6
   11c5e:	6ce04d63          	bgtz	a4,12338 <_vfprintf_r+0xfb0>
   11c62:	0a714703          	lbu	a4,167(sp)
   11c66:	8e0713e3          	bnez	a4,1154c <_vfprintf_r+0x1c4>
   11c6a:	411a8abb          	subw	s5,s5,a7
   11c6e:	935059e3          	blez	s5,115a0 <_vfprintf_r+0x218>
   11c72:	66e5                	lui	a3,0x19
   11c74:	562e                	lw	a2,232(sp)
   11c76:	54868693          	addi	a3,a3,1352 # 19548 <zeroes.0>
   11c7a:	07545263          	bge	s0,s5,11cde <_vfprintf_r+0x956>
   11c7e:	85a6                	mv	a1,s1
   11c80:	ecbe                	sd	a5,88(sp)
   11c82:	84d6                	mv	s1,s5
   11c84:	87de                	mv	a5,s7
   11c86:	874a                	mv	a4,s2
   11c88:	4b1d                	li	s6,7
   11c8a:	8c72                	mv	s8,t3
   11c8c:	f0c2                	sd	a6,96(sp)
   11c8e:	8946                	mv	s2,a7
   11c90:	8bd2                	mv	s7,s4
   11c92:	8aae                	mv	s5,a1
   11c94:	a021                	j	11c9c <_vfprintf_r+0x914>
   11c96:	34c1                	addiw	s1,s1,-16
   11c98:	02945963          	bge	s0,s1,11cca <_vfprintf_r+0x942>
   11c9c:	0741                	addi	a4,a4,16
   11c9e:	2605                	addiw	a2,a2,1
   11ca0:	0147b023          	sd	s4,0(a5)
   11ca4:	e780                	sd	s0,8(a5)
   11ca6:	f9ba                	sd	a4,240(sp)
   11ca8:	d5b2                	sw	a2,232(sp)
   11caa:	07c1                	addi	a5,a5,16
   11cac:	fecb55e3          	bge	s6,a2,11c96 <_vfprintf_r+0x90e>
   11cb0:	65a2                	ld	a1,8(sp)
   11cb2:	6502                	ld	a0,0(sp)
   11cb4:	1190                	addi	a2,sp,224
   11cb6:	75e010ef          	jal	13414 <__sprint_r>
   11cba:	2c051363          	bnez	a0,11f80 <_vfprintf_r+0xbf8>
   11cbe:	34c1                	addiw	s1,s1,-16
   11cc0:	774e                	ld	a4,240(sp)
   11cc2:	562e                	lw	a2,232(sp)
   11cc4:	87ce                	mv	a5,s3
   11cc6:	fc944be3          	blt	s0,s1,11c9c <_vfprintf_r+0x914>
   11cca:	86de                	mv	a3,s7
   11ccc:	7806                	ld	a6,96(sp)
   11cce:	8bbe                	mv	s7,a5
   11cd0:	67e6                	ld	a5,88(sp)
   11cd2:	85d6                	mv	a1,s5
   11cd4:	88ca                	mv	a7,s2
   11cd6:	8aa6                	mv	s5,s1
   11cd8:	8e62                	mv	t3,s8
   11cda:	893a                	mv	s2,a4
   11cdc:	84ae                	mv	s1,a1
   11cde:	9956                	add	s2,s2,s5
   11ce0:	2605                	addiw	a2,a2,1
   11ce2:	00dbb023          	sd	a3,0(s7)
   11ce6:	015bb423          	sd	s5,8(s7)
   11cea:	f9ca                	sd	s2,240(sp)
   11cec:	d5b2                	sw	a2,232(sp)
   11cee:	471d                	li	a4,7
   11cf0:	0bc1                	addi	s7,s7,16
   11cf2:	8ac757e3          	bge	a4,a2,115a0 <_vfprintf_r+0x218>
   11cf6:	65a2                	ld	a1,8(sp)
   11cf8:	6502                	ld	a0,0(sp)
   11cfa:	1190                	addi	a2,sp,224
   11cfc:	e946                	sd	a7,144(sp)
   11cfe:	e142                	sd	a6,128(sp)
   11d00:	f0f2                	sd	t3,96(sp)
   11d02:	ecbe                	sd	a5,88(sp)
   11d04:	710010ef          	jal	13414 <__sprint_r>
   11d08:	26051c63          	bnez	a0,11f80 <_vfprintf_r+0xbf8>
   11d0c:	7e06                	ld	t3,96(sp)
   11d0e:	794e                	ld	s2,240(sp)
   11d10:	68ca                	ld	a7,144(sp)
   11d12:	100e7713          	andi	a4,t3,256
   11d16:	680a                	ld	a6,128(sp)
   11d18:	67e6                	ld	a5,88(sp)
   11d1a:	8bce                	mv	s7,s3
   11d1c:	880706e3          	beqz	a4,115a8 <_vfprintf_r+0x220>
   11d20:	06500713          	li	a4,101
   11d24:	2db75263          	bge	a4,s11,11fe8 <_vfprintf_r+0xc60>
   11d28:	654e                	ld	a0,208(sp)
   11d2a:	65ee                	ld	a1,216(sp)
   11d2c:	4601                	li	a2,0
   11d2e:	4681                	li	a3,0
   11d30:	e142                	sd	a6,128(sp)
   11d32:	f0f2                	sd	t3,96(sp)
   11d34:	ecbe                	sd	a5,88(sp)
   11d36:	27a060ef          	jal	17fb0 <__eqtf2>
   11d3a:	67e6                	ld	a5,88(sp)
   11d3c:	7e06                	ld	t3,96(sp)
   11d3e:	680a                	ld	a6,128(sp)
   11d40:	44051a63          	bnez	a0,12194 <_vfprintf_r+0xe0c>
   11d44:	57ae                	lw	a5,232(sp)
   11d46:	6765                	lui	a4,0x19
   11d48:	27070713          	addi	a4,a4,624 # 19270 <__clzdi2+0x94>
   11d4c:	00ebb023          	sd	a4,0(s7)
   11d50:	0905                	addi	s2,s2,1
   11d52:	4705                	li	a4,1
   11d54:	2785                	addiw	a5,a5,1
   11d56:	00ebb423          	sd	a4,8(s7)
   11d5a:	f9ca                	sd	s2,240(sp)
   11d5c:	d5be                	sw	a5,232(sp)
   11d5e:	471d                	li	a4,7
   11d60:	0bc1                	addi	s7,s7,16
   11d62:	1ef741e3          	blt	a4,a5,12744 <_vfprintf_r+0x13bc>
   11d66:	57ca                	lw	a5,176(sp)
   11d68:	7742                	ld	a4,48(sp)
   11d6a:	66e7db63          	bge	a5,a4,123e0 <_vfprintf_r+0x1058>
   11d6e:	6726                	ld	a4,72(sp)
   11d70:	57ae                	lw	a5,232(sp)
   11d72:	66c6                	ld	a3,80(sp)
   11d74:	993a                	add	s2,s2,a4
   11d76:	2785                	addiw	a5,a5,1
   11d78:	00ebb423          	sd	a4,8(s7)
   11d7c:	00dbb023          	sd	a3,0(s7)
   11d80:	f9ca                	sd	s2,240(sp)
   11d82:	d5be                	sw	a5,232(sp)
   11d84:	471d                	li	a4,7
   11d86:	0bc1                	addi	s7,s7,16
   11d88:	7cf74563          	blt	a4,a5,12552 <_vfprintf_r+0x11ca>
   11d8c:	77c2                	ld	a5,48(sp)
   11d8e:	fff78a9b          	addiw	s5,a5,-1
   11d92:	835058e3          	blez	s5,115c2 <_vfprintf_r+0x23a>
   11d96:	4b41                	li	s6,16
   11d98:	57ae                	lw	a5,232(sp)
   11d9a:	66e5                	lui	a3,0x19
   11d9c:	015b4463          	blt	s6,s5,11da4 <_vfprintf_r+0xa1c>
   11da0:	0b20106f          	j	12e52 <_vfprintf_r+0x1aca>
   11da4:	84d6                	mv	s1,s5
   11da6:	874a                	mv	a4,s2
   11da8:	4d9d                	li	s11,7
   11daa:	8ac2                	mv	s5,a6
   11dac:	8972                	mv	s2,t3
   11dae:	54868c13          	addi	s8,a3,1352 # 19548 <zeroes.0>
   11db2:	a021                	j	11dba <_vfprintf_r+0xa32>
   11db4:	34c1                	addiw	s1,s1,-16
   11db6:	1a9b59e3          	bge	s6,s1,12768 <_vfprintf_r+0x13e0>
   11dba:	0741                	addi	a4,a4,16
   11dbc:	2785                	addiw	a5,a5,1
   11dbe:	018bb023          	sd	s8,0(s7)
   11dc2:	016bb423          	sd	s6,8(s7)
   11dc6:	f9ba                	sd	a4,240(sp)
   11dc8:	d5be                	sw	a5,232(sp)
   11dca:	0bc1                	addi	s7,s7,16
   11dcc:	fefdd4e3          	bge	s11,a5,11db4 <_vfprintf_r+0xa2c>
   11dd0:	65a2                	ld	a1,8(sp)
   11dd2:	6502                	ld	a0,0(sp)
   11dd4:	1190                	addi	a2,sp,224
   11dd6:	63e010ef          	jal	13414 <__sprint_r>
   11dda:	1a051363          	bnez	a0,11f80 <_vfprintf_r+0xbf8>
   11dde:	774e                	ld	a4,240(sp)
   11de0:	57ae                	lw	a5,232(sp)
   11de2:	8bce                	mv	s7,s3
   11de4:	bfc1                	j	11db4 <_vfprintf_r+0xa2c>
   11de6:	000cc303          	lbu	t1,0(s9)
   11dea:	06800793          	li	a5,104
   11dee:	78f30863          	beq	t1,a5,1257e <_vfprintf_r+0x11f6>
   11df2:	0404e493          	ori	s1,s1,64
   11df6:	ed2ff06f          	j	114c8 <_vfprintf_r+0x140>
   11dfa:	000cc303          	lbu	t1,0(s9)
   11dfe:	0204e493          	ori	s1,s1,32
   11e02:	ec6ff06f          	j	114c8 <_vfprintf_r+0x140>
   11e06:	67a1                	lui	a5,0x8
   11e08:	83078793          	addi	a5,a5,-2000 # 7830 <exit-0x88f0>
   11e0c:	0af11423          	sh	a5,168(sp)
   11e10:	67e2                	ld	a5,24(sp)
   11e12:	0a0103a3          	sb	zero,167(sp)
   11e16:	6398                	ld	a4,0(a5)
   11e18:	00878593          	addi	a1,a5,8
   11e1c:	6a0ac063          	bltz	s5,124bc <_vfprintf_r+0x1134>
   11e20:	f7f4ff13          	andi	t5,s1,-129
   11e24:	002f6e13          	ori	t3,t5,2
   11e28:	18071ee3          	bnez	a4,127c4 <_vfprintf_r+0x143c>
   11e2c:	180a9ce3          	bnez	s5,127c4 <_vfprintf_r+0x143c>
   11e30:	ec2e                	sd	a1,24(sp)
   11e32:	4489                	li	s1,2
   11e34:	07800d93          	li	s11,120
   11e38:	0a714503          	lbu	a0,167(sp)
   11e3c:	4a81                	li	s5,0
   11e3e:	4801                	li	a6,0
   11e40:	4881                	li	a7,0
   11e42:	0afc                	addi	a5,sp,348
   11e44:	f002                	sd	zero,32(sp)
   11e46:	b6fd                	j	11a34 <_vfprintf_r+0x6ac>
   11e48:	6762                	ld	a4,24(sp)
   11e4a:	0204f793          	andi	a5,s1,32
   11e4e:	8e26                	mv	t3,s1
   11e50:	0721                	addi	a4,a4,8
   11e52:	5c079163          	bnez	a5,12414 <_vfprintf_r+0x108c>
   11e56:	0104f793          	andi	a5,s1,16
   11e5a:	5a079d63          	bnez	a5,12414 <_vfprintf_r+0x108c>
   11e5e:	66e2                	ld	a3,24(sp)
   11e60:	0404f793          	andi	a5,s1,64
   11e64:	4294                	lw	a3,0(a3)
   11e66:	1e0781e3          	beqz	a5,12848 <_vfprintf_r+0x14c0>
   11e6a:	16c2                	slli	a3,a3,0x30
   11e6c:	92c1                	srli	a3,a3,0x30
   11e6e:	ec3a                	sd	a4,24(sp)
   11e70:	8826                	mv	a6,s1
   11e72:	b355                	j	11c16 <_vfprintf_r+0x88e>
   11e74:	66e2                	ld	a3,24(sp)
   11e76:	0204f793          	andi	a5,s1,32
   11e7a:	6298                	ld	a4,0(a3)
   11e7c:	06a1                	addi	a3,a3,8
   11e7e:	ec36                	sd	a3,24(sp)
   11e80:	58079663          	bnez	a5,1240c <_vfprintf_r+0x1084>
   11e84:	0104f793          	andi	a5,s1,16
   11e88:	58079263          	bnez	a5,1240c <_vfprintf_r+0x1084>
   11e8c:	0404f793          	andi	a5,s1,64
   11e90:	4a079ce3          	bnez	a5,12b48 <_vfprintf_r+0x17c0>
   11e94:	2004ff13          	andi	t5,s1,512
   11e98:	67c2                	ld	a5,16(sp)
   11e9a:	000f1463          	bnez	t5,11ea2 <_vfprintf_r+0xb1a>
   11e9e:	21a0106f          	j	130b8 <_vfprintf_r+0x1d30>
   11ea2:	00f70023          	sb	a5,0(a4)
   11ea6:	db0ff06f          	j	11456 <_vfprintf_r+0xce>
   11eaa:	000cc303          	lbu	t1,0(s9)
   11eae:	06c00793          	li	a5,108
   11eb2:	6af30f63          	beq	t1,a5,12570 <_vfprintf_r+0x11e8>
   11eb6:	0104e493          	ori	s1,s1,16
   11eba:	e0eff06f          	j	114c8 <_vfprintf_r+0x140>
   11ebe:	410d0b3b          	subw	s6,s10,a6
   11ec2:	ed605b63          	blez	s6,11598 <_vfprintf_r+0x210>
   11ec6:	42c1                	li	t0,16
   11ec8:	562e                	lw	a2,232(sp)
   11eca:	66e5                	lui	a3,0x19
   11ecc:	0162c463          	blt	t0,s6,11ed4 <_vfprintf_r+0xb4c>
   11ed0:	1d00106f          	j	130a0 <_vfprintf_r+0x1d18>
   11ed4:	8c3e                	mv	s8,a5
   11ed6:	874a                	mv	a4,s2
   11ed8:	87de                	mv	a5,s7
   11eda:	439d                	li	t2,7
   11edc:	8ba6                	mv	s7,s1
   11ede:	ecf2                	sd	t3,88(sp)
   11ee0:	84da                	mv	s1,s6
   11ee2:	f0c2                	sd	a6,96(sp)
   11ee4:	8b46                	mv	s6,a7
   11ee6:	54868913          	addi	s2,a3,1352 # 19548 <zeroes.0>
   11eea:	a021                	j	11ef2 <_vfprintf_r+0xb6a>
   11eec:	34c1                	addiw	s1,s1,-16
   11eee:	0292db63          	bge	t0,s1,11f24 <_vfprintf_r+0xb9c>
   11ef2:	0741                	addi	a4,a4,16
   11ef4:	2605                	addiw	a2,a2,1
   11ef6:	0127b023          	sd	s2,0(a5)
   11efa:	0057b423          	sd	t0,8(a5)
   11efe:	f9ba                	sd	a4,240(sp)
   11f00:	d5b2                	sw	a2,232(sp)
   11f02:	07c1                	addi	a5,a5,16
   11f04:	fec3d4e3          	bge	t2,a2,11eec <_vfprintf_r+0xb64>
   11f08:	65a2                	ld	a1,8(sp)
   11f0a:	6502                	ld	a0,0(sp)
   11f0c:	1190                	addi	a2,sp,224
   11f0e:	506010ef          	jal	13414 <__sprint_r>
   11f12:	e53d                	bnez	a0,11f80 <_vfprintf_r+0xbf8>
   11f14:	42c1                	li	t0,16
   11f16:	34c1                	addiw	s1,s1,-16
   11f18:	774e                	ld	a4,240(sp)
   11f1a:	562e                	lw	a2,232(sp)
   11f1c:	87ce                	mv	a5,s3
   11f1e:	439d                	li	t2,7
   11f20:	fc92c9e3          	blt	t0,s1,11ef2 <_vfprintf_r+0xb6a>
   11f24:	6e66                	ld	t3,88(sp)
   11f26:	7806                	ld	a6,96(sp)
   11f28:	88da                	mv	a7,s6
   11f2a:	86ca                	mv	a3,s2
   11f2c:	8b26                	mv	s6,s1
   11f2e:	893a                	mv	s2,a4
   11f30:	84de                	mv	s1,s7
   11f32:	8bbe                	mv	s7,a5
   11f34:	87e2                	mv	a5,s8
   11f36:	995a                	add	s2,s2,s6
   11f38:	2605                	addiw	a2,a2,1
   11f3a:	00dbb023          	sd	a3,0(s7)
   11f3e:	016bb423          	sd	s6,8(s7)
   11f42:	f9ca                	sd	s2,240(sp)
   11f44:	d5b2                	sw	a2,232(sp)
   11f46:	471d                	li	a4,7
   11f48:	0bc1                	addi	s7,s7,16
   11f4a:	e4c75763          	bge	a4,a2,11598 <_vfprintf_r+0x210>
   11f4e:	65a2                	ld	a1,8(sp)
   11f50:	6502                	ld	a0,0(sp)
   11f52:	1190                	addi	a2,sp,224
   11f54:	e946                	sd	a7,144(sp)
   11f56:	e142                	sd	a6,128(sp)
   11f58:	f0f2                	sd	t3,96(sp)
   11f5a:	ecbe                	sd	a5,88(sp)
   11f5c:	4b8010ef          	jal	13414 <__sprint_r>
   11f60:	e105                	bnez	a0,11f80 <_vfprintf_r+0xbf8>
   11f62:	794e                	ld	s2,240(sp)
   11f64:	67e6                	ld	a5,88(sp)
   11f66:	7e06                	ld	t3,96(sp)
   11f68:	680a                	ld	a6,128(sp)
   11f6a:	68ca                	ld	a7,144(sp)
   11f6c:	8bce                	mv	s7,s3
   11f6e:	e2aff06f          	j	11598 <_vfprintf_r+0x210>
   11f72:	65a2                	ld	a1,8(sp)
   11f74:	6502                	ld	a0,0(sp)
   11f76:	1190                	addi	a2,sp,224
   11f78:	49c010ef          	jal	13414 <__sprint_r>
   11f7c:	e6050463          	beqz	a0,115e4 <_vfprintf_r+0x25c>
   11f80:	64a2                	ld	s1,8(sp)
   11f82:	7582                	ld	a1,32(sp)
   11f84:	c581                	beqz	a1,11f8c <_vfprintf_r+0xc04>
   11f86:	6502                	ld	a0,0(sp)
   11f88:	b5bfe0ef          	jal	10ae2 <_free_r>
   11f8c:	0104d783          	lhu	a5,16(s1)
   11f90:	23013903          	ld	s2,560(sp)
   11f94:	22813983          	ld	s3,552(sp)
   11f98:	0407f793          	andi	a5,a5,64
   11f9c:	22013a03          	ld	s4,544(sp)
   11fa0:	21813a83          	ld	s5,536(sp)
   11fa4:	20813b83          	ld	s7,520(sp)
   11fa8:	20013c03          	ld	s8,512(sp)
   11fac:	7cfe                	ld	s9,504(sp)
   11fae:	7d5e                	ld	s10,496(sp)
   11fb0:	7dbe                	ld	s11,488(sp)
   11fb2:	c399                	beqz	a5,11fb8 <_vfprintf_r+0xc30>
   11fb4:	0100106f          	j	12fc4 <_vfprintf_r+0x1c3c>
   11fb8:	24813083          	ld	ra,584(sp)
   11fbc:	24013403          	ld	s0,576(sp)
   11fc0:	6542                	ld	a0,16(sp)
   11fc2:	23813483          	ld	s1,568(sp)
   11fc6:	21013b03          	ld	s6,528(sp)
   11fca:	25010113          	addi	sp,sp,592
   11fce:	8082                	ret
   11fd0:	410d073b          	subw	a4,s10,a6
   11fd4:	e082                	sd	zero,64(sp)
   11fd6:	fc02                	sd	zero,56(sp)
   11fd8:	2ce04363          	bgtz	a4,1229e <_vfprintf_r+0xf16>
   11fdc:	4481                	li	s1,0
   11fde:	d8050b63          	beqz	a0,11574 <_vfprintf_r+0x1ec>
   11fe2:	4389                	li	t2,2
   11fe4:	d6cff06f          	j	11550 <_vfprintf_r+0x1c8>
   11fe8:	5aae                	lw	s5,232(sp)
   11fea:	7642                	ld	a2,48(sp)
   11fec:	4685                	li	a3,1
   11fee:	2a85                	addiw	s5,s5,1
   11ff0:	9936                	add	s2,s2,a3
   11ff2:	8756                	mv	a4,s5
   11ff4:	010b8b13          	addi	s6,s7,16
   11ff8:	34c6dd63          	bge	a3,a2,12352 <_vfprintf_r+0xfca>
   11ffc:	4685                	li	a3,1
   11ffe:	00dbb423          	sd	a3,8(s7)
   12002:	00fbb023          	sd	a5,0(s7)
   12006:	f9ca                	sd	s2,240(sp)
   12008:	d5ba                	sw	a4,232(sp)
   1200a:	469d                	li	a3,7
   1200c:	68e6c663          	blt	a3,a4,12698 <_vfprintf_r+0x1310>
   12010:	6726                	ld	a4,72(sp)
   12012:	66c6                	ld	a3,80(sp)
   12014:	2a85                	addiw	s5,s5,1
   12016:	993a                	add	s2,s2,a4
   12018:	00eb3423          	sd	a4,8(s6)
   1201c:	00db3023          	sd	a3,0(s6)
   12020:	f9ca                	sd	s2,240(sp)
   12022:	d5d6                	sw	s5,232(sp)
   12024:	471d                	li	a4,7
   12026:	0b41                	addi	s6,s6,16
   12028:	65574763          	blt	a4,s5,12676 <_vfprintf_r+0x12ee>
   1202c:	ecbe                	sd	a5,88(sp)
   1202e:	654e                	ld	a0,208(sp)
   12030:	77c2                	ld	a5,48(sp)
   12032:	65ee                	ld	a1,216(sp)
   12034:	4601                	li	a2,0
   12036:	4681                	li	a3,0
   12038:	e0c2                	sd	a6,64(sp)
   1203a:	fc72                	sd	t3,56(sp)
   1203c:	fff78b9b          	addiw	s7,a5,-1
   12040:	771050ef          	jal	17fb0 <__eqtf2>
   12044:	7e62                	ld	t3,56(sp)
   12046:	6806                	ld	a6,64(sp)
   12048:	34050163          	beqz	a0,1238a <_vfprintf_r+0x1002>
   1204c:	67e6                	ld	a5,88(sp)
   1204e:	2a85                	addiw	s5,s5,1
   12050:	995e                	add	s2,s2,s7
   12052:	0785                	addi	a5,a5,1
   12054:	d5d6                	sw	s5,232(sp)
   12056:	f9ca                	sd	s2,240(sp)
   12058:	00fb3023          	sd	a5,0(s6)
   1205c:	017b3423          	sd	s7,8(s6)
   12060:	479d                	li	a5,7
   12062:	4d57c563          	blt	a5,s5,1252c <_vfprintf_r+0x11a4>
   12066:	0b41                	addi	s6,s6,16
   12068:	7726                	ld	a4,104(sp)
   1206a:	193c                	addi	a5,sp,184
   1206c:	2a85                	addiw	s5,s5,1
   1206e:	993a                	add	s2,s2,a4
   12070:	00fb3023          	sd	a5,0(s6)
   12074:	f9ca                	sd	s2,240(sp)
   12076:	d5d6                	sw	s5,232(sp)
   12078:	00eb3423          	sd	a4,8(s6)
   1207c:	479d                	li	a5,7
   1207e:	010b0b93          	addi	s7,s6,16
   12082:	d557d063          	bge	a5,s5,115c2 <_vfprintf_r+0x23a>
   12086:	65a2                	ld	a1,8(sp)
   12088:	6502                	ld	a0,0(sp)
   1208a:	1190                	addi	a2,sp,224
   1208c:	e0c2                	sd	a6,64(sp)
   1208e:	fc72                	sd	t3,56(sp)
   12090:	384010ef          	jal	13414 <__sprint_r>
   12094:	ee0516e3          	bnez	a0,11f80 <_vfprintf_r+0xbf8>
   12098:	794e                	ld	s2,240(sp)
   1209a:	6806                	ld	a6,64(sp)
   1209c:	7e62                	ld	t3,56(sp)
   1209e:	8bce                	mv	s7,s3
   120a0:	d22ff06f          	j	115c2 <_vfprintf_r+0x23a>
   120a4:	65a2                	ld	a1,8(sp)
   120a6:	6502                	ld	a0,0(sp)
   120a8:	1190                	addi	a2,sp,224
   120aa:	e946                	sd	a7,144(sp)
   120ac:	e142                	sd	a6,128(sp)
   120ae:	f0f2                	sd	t3,96(sp)
   120b0:	ecbe                	sd	a5,88(sp)
   120b2:	362010ef          	jal	13414 <__sprint_r>
   120b6:	ec0515e3          	bnez	a0,11f80 <_vfprintf_r+0xbf8>
   120ba:	794e                	ld	s2,240(sp)
   120bc:	68ca                	ld	a7,144(sp)
   120be:	680a                	ld	a6,128(sp)
   120c0:	7e06                	ld	t3,96(sp)
   120c2:	67e6                	ld	a5,88(sp)
   120c4:	8bce                	mv	s7,s3
   120c6:	ccaff06f          	j	11590 <_vfprintf_r+0x208>
   120ca:	4b41                	li	s6,16
   120cc:	57ae                	lw	a5,232(sp)
   120ce:	66e5                	lui	a3,0x19
   120d0:	015b4463          	blt	s6,s5,120d8 <_vfprintf_r+0xd50>
   120d4:	7930006f          	j	13066 <_vfprintf_r+0x1cde>
   120d8:	874a                	mv	a4,s2
   120da:	6c22                	ld	s8,8(sp)
   120dc:	4d9d                	li	s11,7
   120de:	8942                	mv	s2,a6
   120e0:	55868493          	addi	s1,a3,1368 # 19558 <blanks.1>
   120e4:	a021                	j	120ec <_vfprintf_r+0xd64>
   120e6:	3ac1                	addiw	s5,s5,-16
   120e8:	035b5a63          	bge	s6,s5,1211c <_vfprintf_r+0xd94>
   120ec:	0741                	addi	a4,a4,16
   120ee:	2785                	addiw	a5,a5,1
   120f0:	009bb023          	sd	s1,0(s7)
   120f4:	016bb423          	sd	s6,8(s7)
   120f8:	f9ba                	sd	a4,240(sp)
   120fa:	d5be                	sw	a5,232(sp)
   120fc:	0bc1                	addi	s7,s7,16
   120fe:	fefdd4e3          	bge	s11,a5,120e6 <_vfprintf_r+0xd5e>
   12102:	6502                	ld	a0,0(sp)
   12104:	1190                	addi	a2,sp,224
   12106:	85e2                	mv	a1,s8
   12108:	30c010ef          	jal	13414 <__sprint_r>
   1210c:	64051b63          	bnez	a0,12762 <_vfprintf_r+0x13da>
   12110:	3ac1                	addiw	s5,s5,-16
   12112:	774e                	ld	a4,240(sp)
   12114:	57ae                	lw	a5,232(sp)
   12116:	8bce                	mv	s7,s3
   12118:	fd5b4ae3          	blt	s6,s5,120ec <_vfprintf_r+0xd64>
   1211c:	884a                	mv	a6,s2
   1211e:	86a6                	mv	a3,s1
   12120:	893a                	mv	s2,a4
   12122:	9956                	add	s2,s2,s5
   12124:	2785                	addiw	a5,a5,1
   12126:	f9ca                	sd	s2,240(sp)
   12128:	d5be                	sw	a5,232(sp)
   1212a:	00dbb023          	sd	a3,0(s7)
   1212e:	015bb423          	sd	s5,8(s7)
   12132:	471d                	li	a4,7
   12134:	c8f75f63          	bge	a4,a5,115d2 <_vfprintf_r+0x24a>
   12138:	65a2                	ld	a1,8(sp)
   1213a:	6502                	ld	a0,0(sp)
   1213c:	1190                	addi	a2,sp,224
   1213e:	fc42                	sd	a6,56(sp)
   12140:	2d4010ef          	jal	13414 <__sprint_r>
   12144:	e2051ee3          	bnez	a0,11f80 <_vfprintf_r+0xbf8>
   12148:	794e                	ld	s2,240(sp)
   1214a:	7862                	ld	a6,56(sp)
   1214c:	c86ff06f          	j	115d2 <_vfprintf_r+0x24a>
   12150:	15c10893          	addi	a7,sp,348
   12154:	87c6                	mv	a5,a7
   12156:	0076f713          	andi	a4,a3,7
   1215a:	863e                	mv	a2,a5
   1215c:	03070713          	addi	a4,a4,48
   12160:	828d                	srli	a3,a3,0x3
   12162:	fee78fa3          	sb	a4,-1(a5)
   12166:	17fd                	addi	a5,a5,-1
   12168:	f6fd                	bnez	a3,12156 <_vfprintf_r+0xdce>
   1216a:	fd070713          	addi	a4,a4,-48
   1216e:	03000693          	li	a3,48
   12172:	c709                	beqz	a4,1217c <_vfprintf_r+0xdf4>
   12174:	001e7713          	andi	a4,t3,1
   12178:	2a071163          	bnez	a4,1241a <_vfprintf_r+0x1092>
   1217c:	40f888bb          	subw	a7,a7,a5
   12180:	000a881b          	sext.w	a6,s5
   12184:	271acc63          	blt	s5,a7,123fc <_vfprintf_r+0x1074>
   12188:	f002                	sd	zero,32(sp)
   1218a:	e082                	sd	zero,64(sp)
   1218c:	fc02                	sd	zero,56(sp)
   1218e:	4481                	li	s1,0
   12190:	baaff06f          	j	1153a <_vfprintf_r+0x1b2>
   12194:	564a                	lw	a2,176(sp)
   12196:	ecc05763          	blez	a2,11864 <_vfprintf_r+0x4dc>
   1219a:	76c2                	ld	a3,48(sp)
   1219c:	8726                	mv	a4,s1
   1219e:	3696c163          	blt	a3,s1,12500 <_vfprintf_r+0x1178>
   121a2:	00070d9b          	sext.w	s11,a4
   121a6:	01b05f63          	blez	s11,121c4 <_vfprintf_r+0xe3c>
   121aa:	572e                	lw	a4,232(sp)
   121ac:	996e                	add	s2,s2,s11
   121ae:	00fbb023          	sd	a5,0(s7)
   121b2:	2705                	addiw	a4,a4,1
   121b4:	01bbb423          	sd	s11,8(s7)
   121b8:	f9ca                	sd	s2,240(sp)
   121ba:	d5ba                	sw	a4,232(sp)
   121bc:	469d                	li	a3,7
   121be:	0bc1                	addi	s7,s7,16
   121c0:	0ce6cce3          	blt	a3,a4,12a98 <_vfprintf_r+0x1710>
   121c4:	8aee                	mv	s5,s11
   121c6:	400dc263          	bltz	s11,125ca <_vfprintf_r+0x1242>
   121ca:	41548abb          	subw	s5,s1,s5
   121ce:	43504663          	bgtz	s5,125fa <_vfprintf_r+0x1272>
   121d2:	400e7713          	andi	a4,t3,1024
   121d6:	00978db3          	add	s11,a5,s1
   121da:	70071663          	bnez	a4,128e6 <_vfprintf_r+0x155e>
   121de:	5aca                	lw	s5,176(sp)
   121e0:	76c2                	ld	a3,48(sp)
   121e2:	00dac663          	blt	s5,a3,121ee <_vfprintf_r+0xe66>
   121e6:	001e7713          	andi	a4,t3,1
   121ea:	10070ee3          	beqz	a4,12b06 <_vfprintf_r+0x177e>
   121ee:	66a6                	ld	a3,72(sp)
   121f0:	572e                	lw	a4,232(sp)
   121f2:	6646                	ld	a2,80(sp)
   121f4:	9936                	add	s2,s2,a3
   121f6:	2705                	addiw	a4,a4,1
   121f8:	00dbb423          	sd	a3,8(s7)
   121fc:	00cbb023          	sd	a2,0(s7)
   12200:	f9ca                	sd	s2,240(sp)
   12202:	d5ba                	sw	a4,232(sp)
   12204:	469d                	li	a3,7
   12206:	0bc1                	addi	s7,s7,16
   12208:	48e6cce3          	blt	a3,a4,12ea0 <_vfprintf_r+0x1b18>
   1220c:	7742                	ld	a4,48(sp)
   1220e:	97ba                	add	a5,a5,a4
   12210:	41b78b33          	sub	s6,a5,s11
   12214:	41570abb          	subw	s5,a4,s5
   12218:	000b079b          	sext.w	a5,s6
   1221c:	00fad363          	bge	s5,a5,12222 <_vfprintf_r+0xe9a>
   12220:	8b56                	mv	s6,s5
   12222:	2b01                	sext.w	s6,s6
   12224:	01605f63          	blez	s6,12242 <_vfprintf_r+0xeba>
   12228:	57ae                	lw	a5,232(sp)
   1222a:	995a                	add	s2,s2,s6
   1222c:	01bbb023          	sd	s11,0(s7)
   12230:	2785                	addiw	a5,a5,1
   12232:	016bb423          	sd	s6,8(s7)
   12236:	f9ca                	sd	s2,240(sp)
   12238:	d5be                	sw	a5,232(sp)
   1223a:	471d                	li	a4,7
   1223c:	0bc1                	addi	s7,s7,16
   1223e:	58f74be3          	blt	a4,a5,12fd4 <_vfprintf_r+0x1c4c>
   12242:	87da                	mv	a5,s6
   12244:	000b5363          	bgez	s6,1224a <_vfprintf_r+0xec2>
   12248:	4781                	li	a5,0
   1224a:	40fa8abb          	subw	s5,s5,a5
   1224e:	b7505a63          	blez	s5,115c2 <_vfprintf_r+0x23a>
   12252:	4b41                	li	s6,16
   12254:	57ae                	lw	a5,232(sp)
   12256:	66e5                	lui	a3,0x19
   12258:	3f5b5de3          	bge	s6,s5,12e52 <_vfprintf_r+0x1aca>
   1225c:	84d6                	mv	s1,s5
   1225e:	874a                	mv	a4,s2
   12260:	4d9d                	li	s11,7
   12262:	8ac2                	mv	s5,a6
   12264:	8972                	mv	s2,t3
   12266:	54868c13          	addi	s8,a3,1352 # 19548 <zeroes.0>
   1226a:	a021                	j	12272 <_vfprintf_r+0xeea>
   1226c:	34c1                	addiw	s1,s1,-16
   1226e:	4e9b5d63          	bge	s6,s1,12768 <_vfprintf_r+0x13e0>
   12272:	0741                	addi	a4,a4,16
   12274:	2785                	addiw	a5,a5,1
   12276:	018bb023          	sd	s8,0(s7)
   1227a:	016bb423          	sd	s6,8(s7)
   1227e:	f9ba                	sd	a4,240(sp)
   12280:	d5be                	sw	a5,232(sp)
   12282:	0bc1                	addi	s7,s7,16
   12284:	fefdd4e3          	bge	s11,a5,1226c <_vfprintf_r+0xee4>
   12288:	65a2                	ld	a1,8(sp)
   1228a:	6502                	ld	a0,0(sp)
   1228c:	1190                	addi	a2,sp,224
   1228e:	186010ef          	jal	13414 <__sprint_r>
   12292:	ce0517e3          	bnez	a0,11f80 <_vfprintf_r+0xbf8>
   12296:	774e                	ld	a4,240(sp)
   12298:	57ae                	lw	a5,232(sp)
   1229a:	8bce                	mv	s7,s3
   1229c:	bfc1                	j	1226c <_vfprintf_r+0xee4>
   1229e:	4389                	li	t2,2
   122a0:	4941                	li	s2,16
   122a2:	8636                	mv	a2,a3
   122a4:	66e5                	lui	a3,0x19
   122a6:	52e953e3          	bge	s2,a4,12fcc <_vfprintf_r+0x1c44>
   122aa:	f0be                	sd	a5,96(sp)
   122ac:	e956                	sd	s5,144(sp)
   122ae:	87de                	mv	a5,s7
   122b0:	4f9d                	li	t6,7
   122b2:	84ba                	mv	s1,a4
   122b4:	ec9e                	sd	t2,88(sp)
   122b6:	e172                	sd	t3,128(sp)
   122b8:	8c42                	mv	s8,a6
   122ba:	8bc6                	mv	s7,a7
   122bc:	55868a93          	addi	s5,a3,1368 # 19558 <blanks.1>
   122c0:	a021                	j	122c8 <_vfprintf_r+0xf40>
   122c2:	34c1                	addiw	s1,s1,-16
   122c4:	02995b63          	bge	s2,s1,122fa <_vfprintf_r+0xf72>
   122c8:	05c1                	addi	a1,a1,16
   122ca:	2605                	addiw	a2,a2,1
   122cc:	0157b023          	sd	s5,0(a5)
   122d0:	0127b423          	sd	s2,8(a5)
   122d4:	f9ae                	sd	a1,240(sp)
   122d6:	d5b2                	sw	a2,232(sp)
   122d8:	07c1                	addi	a5,a5,16
   122da:	fecfd4e3          	bge	t6,a2,122c2 <_vfprintf_r+0xf3a>
   122de:	65a2                	ld	a1,8(sp)
   122e0:	6502                	ld	a0,0(sp)
   122e2:	1190                	addi	a2,sp,224
   122e4:	130010ef          	jal	13414 <__sprint_r>
   122e8:	c8051ce3          	bnez	a0,11f80 <_vfprintf_r+0xbf8>
   122ec:	34c1                	addiw	s1,s1,-16
   122ee:	75ce                	ld	a1,240(sp)
   122f0:	562e                	lw	a2,232(sp)
   122f2:	87ce                	mv	a5,s3
   122f4:	4f9d                	li	t6,7
   122f6:	fc9949e3          	blt	s2,s1,122c8 <_vfprintf_r+0xf40>
   122fa:	88de                	mv	a7,s7
   122fc:	86d6                	mv	a3,s5
   122fe:	8bbe                	mv	s7,a5
   12300:	63e6                	ld	t2,88(sp)
   12302:	6e0a                	ld	t3,128(sp)
   12304:	7786                	ld	a5,96(sp)
   12306:	6aca                	ld	s5,144(sp)
   12308:	8726                	mv	a4,s1
   1230a:	8862                	mv	a6,s8
   1230c:	00b70933          	add	s2,a4,a1
   12310:	2605                	addiw	a2,a2,1
   12312:	00ebb423          	sd	a4,8(s7)
   12316:	f9ca                	sd	s2,240(sp)
   12318:	d5b2                	sw	a2,232(sp)
   1231a:	00dbb023          	sd	a3,0(s7)
   1231e:	471d                	li	a4,7
   12320:	3ac74363          	blt	a4,a2,126c6 <_vfprintf_r+0x133e>
   12324:	0a714703          	lbu	a4,167(sp)
   12328:	0bc1                	addi	s7,s7,16
   1232a:	84da                	mv	s1,s6
   1232c:	e769                	bnez	a4,123f6 <_vfprintf_r+0x106e>
   1232e:	a6038563          	beqz	t2,11598 <_vfprintf_r+0x210>
   12332:	4b01                	li	s6,0
   12334:	a40ff06f          	j	11574 <_vfprintf_r+0x1ec>
   12338:	56ae                	lw	a3,232(sp)
   1233a:	8b26                	mv	s6,s1
   1233c:	4381                	li	t2,0
   1233e:	b78d                	j	122a0 <_vfprintf_r+0xf18>
   12340:	4881                	li	a7,0
   12342:	4a81                	li	s5,0
   12344:	e082                	sd	zero,64(sp)
   12346:	fc02                	sd	zero,56(sp)
   12348:	4481                	li	s1,0
   1234a:	f002                	sd	zero,32(sp)
   1234c:	0afc                	addi	a5,sp,348
   1234e:	9ecff06f          	j	1153a <_vfprintf_r+0x1b2>
   12352:	00de7633          	and	a2,t3,a3
   12356:	ca0613e3          	bnez	a2,11ffc <_vfprintf_r+0xc74>
   1235a:	00fbb023          	sd	a5,0(s7)
   1235e:	00dbb423          	sd	a3,8(s7)
   12362:	f9ca                	sd	s2,240(sp)
   12364:	d5d6                	sw	s5,232(sp)
   12366:	479d                	li	a5,7
   12368:	d157d0e3          	bge	a5,s5,12068 <_vfprintf_r+0xce0>
   1236c:	65a2                	ld	a1,8(sp)
   1236e:	6502                	ld	a0,0(sp)
   12370:	1190                	addi	a2,sp,224
   12372:	e0c2                	sd	a6,64(sp)
   12374:	fc72                	sd	t3,56(sp)
   12376:	09e010ef          	jal	13414 <__sprint_r>
   1237a:	c00513e3          	bnez	a0,11f80 <_vfprintf_r+0xbf8>
   1237e:	794e                	ld	s2,240(sp)
   12380:	5aae                	lw	s5,232(sp)
   12382:	6806                	ld	a6,64(sp)
   12384:	7e62                	ld	t3,56(sp)
   12386:	8b4e                	mv	s6,s3
   12388:	b1c5                	j	12068 <_vfprintf_r+0xce0>
   1238a:	7742                	ld	a4,48(sp)
   1238c:	4785                	li	a5,1
   1238e:	cce7dde3          	bge	a5,a4,12068 <_vfprintf_r+0xce0>
   12392:	47c5                	li	a5,17
   12394:	66e5                	lui	a3,0x19
   12396:	6ce7d8e3          	bge	a5,a4,13266 <_vfprintf_r+0x1ede>
   1239a:	874a                	mv	a4,s2
   1239c:	84de                	mv	s1,s7
   1239e:	4dc1                	li	s11,16
   123a0:	479d                	li	a5,7
   123a2:	8972                	mv	s2,t3
   123a4:	8bc2                	mv	s7,a6
   123a6:	54868c13          	addi	s8,a3,1352 # 19548 <zeroes.0>
   123aa:	a021                	j	123b2 <_vfprintf_r+0x102a>
   123ac:	34c1                	addiw	s1,s1,-16
   123ae:	149ddf63          	bge	s11,s1,1250c <_vfprintf_r+0x1184>
   123b2:	0741                	addi	a4,a4,16
   123b4:	2a85                	addiw	s5,s5,1
   123b6:	018b3023          	sd	s8,0(s6)
   123ba:	01bb3423          	sd	s11,8(s6)
   123be:	f9ba                	sd	a4,240(sp)
   123c0:	d5d6                	sw	s5,232(sp)
   123c2:	0b41                	addi	s6,s6,16
   123c4:	ff57d4e3          	bge	a5,s5,123ac <_vfprintf_r+0x1024>
   123c8:	65a2                	ld	a1,8(sp)
   123ca:	6502                	ld	a0,0(sp)
   123cc:	1190                	addi	a2,sp,224
   123ce:	046010ef          	jal	13414 <__sprint_r>
   123d2:	ba0517e3          	bnez	a0,11f80 <_vfprintf_r+0xbf8>
   123d6:	774e                	ld	a4,240(sp)
   123d8:	5aae                	lw	s5,232(sp)
   123da:	8b4e                	mv	s6,s3
   123dc:	479d                	li	a5,7
   123de:	b7f9                	j	123ac <_vfprintf_r+0x1024>
   123e0:	001e7793          	andi	a5,t3,1
   123e4:	9c078f63          	beqz	a5,115c2 <_vfprintf_r+0x23a>
   123e8:	b259                	j	11d6e <_vfprintf_r+0x9e6>
   123ea:	07a1                	addi	a5,a5,8
   123ec:	000cc303          	lbu	t1,0(s9)
   123f0:	ec3e                	sd	a5,24(sp)
   123f2:	8d6ff06f          	j	114c8 <_vfprintf_r+0x140>
   123f6:	4b01                	li	s6,0
   123f8:	958ff06f          	j	11550 <_vfprintf_r+0x1c8>
   123fc:	0008881b          	sext.w	a6,a7
   12400:	f002                	sd	zero,32(sp)
   12402:	e082                	sd	zero,64(sp)
   12404:	fc02                	sd	zero,56(sp)
   12406:	4481                	li	s1,0
   12408:	932ff06f          	j	1153a <_vfprintf_r+0x1b2>
   1240c:	67c2                	ld	a5,16(sp)
   1240e:	e31c                	sd	a5,0(a4)
   12410:	846ff06f          	j	11456 <_vfprintf_r+0xce>
   12414:	8872                	mv	a6,t3
   12416:	ffaff06f          	j	11c10 <_vfprintf_r+0x888>
   1241a:	1679                	addi	a2,a2,-2
   1241c:	40c888bb          	subw	a7,a7,a2
   12420:	fed78fa3          	sb	a3,-1(a5)
   12424:	000a881b          	sext.w	a6,s5
   12428:	011ad463          	bge	s5,a7,12430 <_vfprintf_r+0x10a8>
   1242c:	0008881b          	sext.w	a6,a7
   12430:	87b2                	mv	a5,a2
   12432:	f002                	sd	zero,32(sp)
   12434:	e082                	sd	zero,64(sp)
   12436:	fc02                	sd	zero,56(sp)
   12438:	4481                	li	s1,0
   1243a:	900ff06f          	j	1153a <_vfprintf_r+0x1b2>
   1243e:	0104f793          	andi	a5,s1,16
   12442:	3c0793e3          	bnez	a5,13008 <_vfprintf_r+0x1c80>
   12446:	66e2                	ld	a3,24(sp)
   12448:	0404f793          	andi	a5,s1,64
   1244c:	0006a903          	lw	s2,0(a3)
   12450:	00868713          	addi	a4,a3,8
   12454:	1e078e63          	beqz	a5,12650 <_vfprintf_r+0x12c8>
   12458:	1942                	slli	s2,s2,0x30
   1245a:	0a0103a3          	sb	zero,167(sp)
   1245e:	03095913          	srli	s2,s2,0x30
   12462:	200ac163          	bltz	s5,12664 <_vfprintf_r+0x12dc>
   12466:	012aefb3          	or	t6,s5,s2
   1246a:	000f849b          	sext.w	s1,t6
   1246e:	ec3a                	sd	a4,24(sp)
   12470:	f7fe7e13          	andi	t3,t3,-129
   12474:	d8049e63          	bnez	s1,11a10 <_vfprintf_r+0x688>
   12478:	b2c1                	j	11e38 <_vfprintf_r+0xab0>
   1247a:	67e2                	ld	a5,24(sp)
   1247c:	07bd                	addi	a5,a5,15
   1247e:	9bc1                	andi	a5,a5,-16
   12480:	01078713          	addi	a4,a5,16
   12484:	6388                	ld	a0,0(a5)
   12486:	678c                	ld	a1,8(a5)
   12488:	ec3a                	sd	a4,24(sp)
   1248a:	9daff06f          	j	11664 <_vfprintf_r+0x2dc>
   1248e:	67e2                	ld	a5,24(sp)
   12490:	00878713          	addi	a4,a5,8
   12494:	67e2                	ld	a5,24(sp)
   12496:	8e7a                	mv	t3,t5
   12498:	ec3a                	sd	a4,24(sp)
   1249a:	639c                	ld	a5,0(a5)
   1249c:	893e                	mv	s2,a5
   1249e:	ceeff06f          	j	1198c <_vfprintf_r+0x604>
   124a2:	0a714503          	lbu	a0,167(sp)
   124a6:	4805                	li	a6,1
   124a8:	4481                	li	s1,0
   124aa:	4885                	li	a7,1
   124ac:	15b10793          	addi	a5,sp,347
   124b0:	d82ff06f          	j	11a32 <_vfprintf_r+0x6aa>
   124b4:	ec3e                	sd	a5,24(sp)
   124b6:	8e7a                	mv	t3,t5
   124b8:	d58ff06f          	j	11a10 <_vfprintf_r+0x688>
   124bc:	6665                	lui	a2,0x19
   124be:	0024ee13          	ori	t3,s1,2
   124c2:	ec2e                	sd	a1,24(sp)
   124c4:	23860613          	addi	a2,a2,568 # 19238 <__clzdi2+0x5c>
   124c8:	4489                	li	s1,2
   124ca:	4501                	li	a0,0
   124cc:	07800d93          	li	s11,120
   124d0:	15c10893          	addi	a7,sp,348
   124d4:	87c6                	mv	a5,a7
   124d6:	00f77693          	andi	a3,a4,15
   124da:	96b2                	add	a3,a3,a2
   124dc:	0006c683          	lbu	a3,0(a3)
   124e0:	8311                	srli	a4,a4,0x4
   124e2:	17fd                	addi	a5,a5,-1
   124e4:	00d78023          	sb	a3,0(a5)
   124e8:	f77d                	bnez	a4,124d6 <_vfprintf_r+0x114e>
   124ea:	40f888bb          	subw	a7,a7,a5
   124ee:	000a881b          	sext.w	a6,s5
   124f2:	d51ad063          	bge	s5,a7,11a32 <_vfprintf_r+0x6aa>
   124f6:	0008881b          	sext.w	a6,a7
   124fa:	f002                	sd	zero,32(sp)
   124fc:	d38ff06f          	j	11a34 <_vfprintf_r+0x6ac>
   12500:	8736                	mv	a4,a3
   12502:	00070d9b          	sext.w	s11,a4
   12506:	cbb042e3          	bgtz	s11,121aa <_vfprintf_r+0xe22>
   1250a:	b96d                	j	121c4 <_vfprintf_r+0xe3c>
   1250c:	8e4a                	mv	t3,s2
   1250e:	885e                	mv	a6,s7
   12510:	893a                	mv	s2,a4
   12512:	8ba6                	mv	s7,s1
   12514:	86e2                	mv	a3,s8
   12516:	995e                	add	s2,s2,s7
   12518:	2a85                	addiw	s5,s5,1
   1251a:	f9ca                	sd	s2,240(sp)
   1251c:	d5d6                	sw	s5,232(sp)
   1251e:	00db3023          	sd	a3,0(s6)
   12522:	017b3423          	sd	s7,8(s6)
   12526:	479d                	li	a5,7
   12528:	b357dfe3          	bge	a5,s5,12066 <_vfprintf_r+0xcde>
   1252c:	65a2                	ld	a1,8(sp)
   1252e:	6502                	ld	a0,0(sp)
   12530:	1190                	addi	a2,sp,224
   12532:	e0c2                	sd	a6,64(sp)
   12534:	fc72                	sd	t3,56(sp)
   12536:	6df000ef          	jal	13414 <__sprint_r>
   1253a:	a40513e3          	bnez	a0,11f80 <_vfprintf_r+0xbf8>
   1253e:	794e                	ld	s2,240(sp)
   12540:	5aae                	lw	s5,232(sp)
   12542:	7e62                	ld	t3,56(sp)
   12544:	6806                	ld	a6,64(sp)
   12546:	8b4e                	mv	s6,s3
   12548:	b605                	j	12068 <_vfprintf_r+0xce0>
   1254a:	5afd                	li	s5,-1
   1254c:	8cb2                	mv	s9,a2
   1254e:	f81fe06f          	j	114ce <_vfprintf_r+0x146>
   12552:	65a2                	ld	a1,8(sp)
   12554:	6502                	ld	a0,0(sp)
   12556:	1190                	addi	a2,sp,224
   12558:	e0c2                	sd	a6,64(sp)
   1255a:	fc72                	sd	t3,56(sp)
   1255c:	6b9000ef          	jal	13414 <__sprint_r>
   12560:	a20510e3          	bnez	a0,11f80 <_vfprintf_r+0xbf8>
   12564:	794e                	ld	s2,240(sp)
   12566:	6806                	ld	a6,64(sp)
   12568:	7e62                	ld	t3,56(sp)
   1256a:	8bce                	mv	s7,s3
   1256c:	821ff06f          	j	11d8c <_vfprintf_r+0xa04>
   12570:	001cc303          	lbu	t1,1(s9)
   12574:	0204e493          	ori	s1,s1,32
   12578:	0c85                	addi	s9,s9,1
   1257a:	f4ffe06f          	j	114c8 <_vfprintf_r+0x140>
   1257e:	001cc303          	lbu	t1,1(s9)
   12582:	2004e493          	ori	s1,s1,512
   12586:	0c85                	addi	s9,s9,1
   12588:	f41fe06f          	j	114c8 <_vfprintf_r+0x140>
   1258c:	6665                	lui	a2,0x19
   1258e:	8e26                	mv	t3,s1
   12590:	25060613          	addi	a2,a2,592 # 19250 <__clzdi2+0x74>
   12594:	6762                	ld	a4,24(sp)
   12596:	020e7793          	andi	a5,t3,32
   1259a:	00870593          	addi	a1,a4,8
   1259e:	c7f1                	beqz	a5,1266a <_vfprintf_r+0x12e2>
   125a0:	6318                	ld	a4,0(a4)
   125a2:	001e7793          	andi	a5,t3,1
   125a6:	00e036b3          	snez	a3,a4
   125aa:	c399                	beqz	a5,125b0 <_vfprintf_r+0x1228>
   125ac:	16069263          	bnez	a3,12710 <_vfprintf_r+0x1388>
   125b0:	0a0103a3          	sb	zero,167(sp)
   125b4:	100ac363          	bltz	s5,126ba <_vfprintf_r+0x1332>
   125b8:	b7fe7e13          	andi	t3,t3,-1153
   125bc:	180a9263          	bnez	s5,12740 <_vfprintf_r+0x13b8>
   125c0:	18069063          	bnez	a3,12740 <_vfprintf_r+0x13b8>
   125c4:	ec2e                	sd	a1,24(sp)
   125c6:	4481                	li	s1,0
   125c8:	b885                	j	11e38 <_vfprintf_r+0xab0>
   125ca:	4a81                	li	s5,0
   125cc:	befd                	j	121ca <_vfprintf_r+0xe42>
   125ce:	6665                	lui	a2,0x19
   125d0:	8e26                	mv	t3,s1
   125d2:	23860613          	addi	a2,a2,568 # 19238 <__clzdi2+0x5c>
   125d6:	bf7d                	j	12594 <_vfprintf_r+0x120c>
   125d8:	4799                	li	a5,6
   125da:	000a881b          	sext.w	a6,s5
   125de:	4b57ea63          	bltu	a5,s5,12a92 <_vfprintf_r+0x170a>
   125e2:	67e5                	lui	a5,0x19
   125e4:	ec26                	sd	s1,24(sp)
   125e6:	88c2                	mv	a7,a6
   125e8:	26878793          	addi	a5,a5,616 # 19268 <__clzdi2+0x8c>
   125ec:	f002                	sd	zero,32(sp)
   125ee:	4a81                	li	s5,0
   125f0:	e082                	sd	zero,64(sp)
   125f2:	fc02                	sd	zero,56(sp)
   125f4:	4481                	li	s1,0
   125f6:	f45fe06f          	j	1153a <_vfprintf_r+0x1b2>
   125fa:	48c1                	li	a7,16
   125fc:	572e                	lw	a4,232(sp)
   125fe:	66e5                	lui	a3,0x19
   12600:	5158d0e3          	bge	a7,s5,13300 <_vfprintf_r+0x1f78>
   12604:	85a6                	mv	a1,s1
   12606:	8b56                	mv	s6,s5
   12608:	84be                	mv	s1,a5
   1260a:	864a                	mv	a2,s2
   1260c:	87de                	mv	a5,s7
   1260e:	4d9d                	li	s11,7
   12610:	8ac2                	mv	s5,a6
   12612:	8972                	mv	s2,t3
   12614:	54868c13          	addi	s8,a3,1352 # 19548 <zeroes.0>
   12618:	8bae                	mv	s7,a1
   1261a:	a021                	j	12622 <_vfprintf_r+0x129a>
   1261c:	3b41                	addiw	s6,s6,-16
   1261e:	4368d463          	bge	a7,s6,12a46 <_vfprintf_r+0x16be>
   12622:	0641                	addi	a2,a2,16
   12624:	2705                	addiw	a4,a4,1
   12626:	0187b023          	sd	s8,0(a5)
   1262a:	0117b423          	sd	a7,8(a5)
   1262e:	f9b2                	sd	a2,240(sp)
   12630:	d5ba                	sw	a4,232(sp)
   12632:	07c1                	addi	a5,a5,16
   12634:	feedd4e3          	bge	s11,a4,1261c <_vfprintf_r+0x1294>
   12638:	65a2                	ld	a1,8(sp)
   1263a:	6502                	ld	a0,0(sp)
   1263c:	1190                	addi	a2,sp,224
   1263e:	5d7000ef          	jal	13414 <__sprint_r>
   12642:	92051fe3          	bnez	a0,11f80 <_vfprintf_r+0xbf8>
   12646:	764e                	ld	a2,240(sp)
   12648:	572e                	lw	a4,232(sp)
   1264a:	87ce                	mv	a5,s3
   1264c:	48c1                	li	a7,16
   1264e:	b7f9                	j	1261c <_vfprintf_r+0x1294>
   12650:	2004f493          	andi	s1,s1,512
   12654:	0a0103a3          	sb	zero,167(sp)
   12658:	4c048863          	beqz	s1,12b28 <_vfprintf_r+0x17a0>
   1265c:	0ff97913          	zext.b	s2,s2
   12660:	e00ad3e3          	bgez	s5,12466 <_vfprintf_r+0x10de>
   12664:	ec3a                	sd	a4,24(sp)
   12666:	baaff06f          	j	11a10 <_vfprintf_r+0x688>
   1266a:	010e7793          	andi	a5,t3,16
   1266e:	cbc1                	beqz	a5,126fe <_vfprintf_r+0x1376>
   12670:	67e2                	ld	a5,24(sp)
   12672:	6398                	ld	a4,0(a5)
   12674:	b73d                	j	125a2 <_vfprintf_r+0x121a>
   12676:	65a2                	ld	a1,8(sp)
   12678:	6502                	ld	a0,0(sp)
   1267a:	1190                	addi	a2,sp,224
   1267c:	ecc2                	sd	a6,88(sp)
   1267e:	e0f2                	sd	t3,64(sp)
   12680:	fc3e                	sd	a5,56(sp)
   12682:	593000ef          	jal	13414 <__sprint_r>
   12686:	8e051de3          	bnez	a0,11f80 <_vfprintf_r+0xbf8>
   1268a:	794e                	ld	s2,240(sp)
   1268c:	5aae                	lw	s5,232(sp)
   1268e:	6866                	ld	a6,88(sp)
   12690:	6e06                	ld	t3,64(sp)
   12692:	77e2                	ld	a5,56(sp)
   12694:	8b4e                	mv	s6,s3
   12696:	ba59                	j	1202c <_vfprintf_r+0xca4>
   12698:	65a2                	ld	a1,8(sp)
   1269a:	6502                	ld	a0,0(sp)
   1269c:	1190                	addi	a2,sp,224
   1269e:	ecc2                	sd	a6,88(sp)
   126a0:	e0f2                	sd	t3,64(sp)
   126a2:	fc3e                	sd	a5,56(sp)
   126a4:	571000ef          	jal	13414 <__sprint_r>
   126a8:	8c051ce3          	bnez	a0,11f80 <_vfprintf_r+0xbf8>
   126ac:	794e                	ld	s2,240(sp)
   126ae:	5aae                	lw	s5,232(sp)
   126b0:	6866                	ld	a6,88(sp)
   126b2:	6e06                	ld	t3,64(sp)
   126b4:	77e2                	ld	a5,56(sp)
   126b6:	8b4e                	mv	s6,s3
   126b8:	baa1                	j	12010 <_vfprintf_r+0xc88>
   126ba:	bffe7e13          	andi	t3,t3,-1025
   126be:	ec2e                	sd	a1,24(sp)
   126c0:	4481                	li	s1,0
   126c2:	4501                	li	a0,0
   126c4:	b531                	j	124d0 <_vfprintf_r+0x1148>
   126c6:	65a2                	ld	a1,8(sp)
   126c8:	6502                	ld	a0,0(sp)
   126ca:	1190                	addi	a2,sp,224
   126cc:	ed46                	sd	a7,152(sp)
   126ce:	e942                	sd	a6,144(sp)
   126d0:	e172                	sd	t3,128(sp)
   126d2:	f0be                	sd	a5,96(sp)
   126d4:	ec9e                	sd	t2,88(sp)
   126d6:	53f000ef          	jal	13414 <__sprint_r>
   126da:	8a0513e3          	bnez	a0,11f80 <_vfprintf_r+0xbf8>
   126de:	0a714703          	lbu	a4,167(sp)
   126e2:	794e                	ld	s2,240(sp)
   126e4:	63e6                	ld	t2,88(sp)
   126e6:	7786                	ld	a5,96(sp)
   126e8:	6e0a                	ld	t3,128(sp)
   126ea:	684a                	ld	a6,144(sp)
   126ec:	68ea                	ld	a7,152(sp)
   126ee:	84da                	mv	s1,s6
   126f0:	12070263          	beqz	a4,12814 <_vfprintf_r+0x148c>
   126f4:	562e                	lw	a2,232(sp)
   126f6:	4b01                	li	s6,0
   126f8:	8bce                	mv	s7,s3
   126fa:	e57fe06f          	j	11550 <_vfprintf_r+0x1c8>
   126fe:	6762                	ld	a4,24(sp)
   12700:	040e7793          	andi	a5,t3,64
   12704:	4318                	lw	a4,0(a4)
   12706:	10078e63          	beqz	a5,12822 <_vfprintf_r+0x149a>
   1270a:	1742                	slli	a4,a4,0x30
   1270c:	9341                	srli	a4,a4,0x30
   1270e:	bd51                	j	125a2 <_vfprintf_r+0x121a>
   12710:	03000793          	li	a5,48
   12714:	0bb104a3          	sb	s11,169(sp)
   12718:	0a0103a3          	sb	zero,167(sp)
   1271c:	0af10423          	sb	a5,168(sp)
   12720:	1a0acb63          	bltz	s5,128d6 <_vfprintf_r+0x154e>
   12724:	b7fe7f13          	andi	t5,t3,-1153
   12728:	002f6e13          	ori	t3,t5,2
   1272c:	4489                	li	s1,2
   1272e:	0a714503          	lbu	a0,167(sp)
   12732:	ec2e                	sd	a1,24(sp)
   12734:	bb71                	j	124d0 <_vfprintf_r+0x1148>
   12736:	6502                	ld	a0,0(sp)
   12738:	d87fd0ef          	jal	104be <__sinit>
   1273c:	c89fe06f          	j	113c4 <_vfprintf_r+0x3c>
   12740:	4481                	li	s1,0
   12742:	b7f5                	j	1272e <_vfprintf_r+0x13a6>
   12744:	65a2                	ld	a1,8(sp)
   12746:	6502                	ld	a0,0(sp)
   12748:	1190                	addi	a2,sp,224
   1274a:	e0c2                	sd	a6,64(sp)
   1274c:	fc72                	sd	t3,56(sp)
   1274e:	4c7000ef          	jal	13414 <__sprint_r>
   12752:	820517e3          	bnez	a0,11f80 <_vfprintf_r+0xbf8>
   12756:	794e                	ld	s2,240(sp)
   12758:	6806                	ld	a6,64(sp)
   1275a:	7e62                	ld	t3,56(sp)
   1275c:	8bce                	mv	s7,s3
   1275e:	e08ff06f          	j	11d66 <_vfprintf_r+0x9de>
   12762:	84e2                	mv	s1,s8
   12764:	81fff06f          	j	11f82 <_vfprintf_r+0xbfa>
   12768:	8e4a                	mv	t3,s2
   1276a:	8856                	mv	a6,s5
   1276c:	893a                	mv	s2,a4
   1276e:	8aa6                	mv	s5,s1
   12770:	86e2                	mv	a3,s8
   12772:	9956                	add	s2,s2,s5
   12774:	2785                	addiw	a5,a5,1
   12776:	f9ca                	sd	s2,240(sp)
   12778:	d5be                	sw	a5,232(sp)
   1277a:	00dbb023          	sd	a3,0(s7)
   1277e:	015bb423          	sd	s5,8(s7)
   12782:	471d                	li	a4,7
   12784:	00f74463          	blt	a4,a5,1278c <_vfprintf_r+0x1404>
   12788:	e39fe06f          	j	115c0 <_vfprintf_r+0x238>
   1278c:	94aff06f          	j	118d6 <_vfprintf_r+0x54e>
   12790:	654e                	ld	a0,208(sp)
   12792:	65ee                	ld	a1,216(sp)
   12794:	f7fe7e13          	andi	t3,t3,-129
   12798:	4601                	li	a2,0
   1279a:	4681                	li	a3,0
   1279c:	f072                	sd	t3,32(sp)
   1279e:	171050ef          	jal	1810e <__letf2>
   127a2:	7e02                	ld	t3,32(sp)
   127a4:	6e054263          	bltz	a0,12e88 <_vfprintf_r+0x1b00>
   127a8:	04700793          	li	a5,71
   127ac:	0a714703          	lbu	a4,167(sp)
   127b0:	3fb7c663          	blt	a5,s11,12b9c <_vfprintf_r+0x1814>
   127b4:	67e5                	lui	a5,0x19
   127b6:	21878793          	addi	a5,a5,536 # 19218 <__clzdi2+0x3c>
   127ba:	10071563          	bnez	a4,128c4 <_vfprintf_r+0x153c>
   127be:	488d                	li	a7,3
   127c0:	8846                	mv	a6,a7
   127c2:	b52d                	j	125ec <_vfprintf_r+0x1264>
   127c4:	6665                	lui	a2,0x19
   127c6:	23860613          	addi	a2,a2,568 # 19238 <__clzdi2+0x5c>
   127ca:	4489                	li	s1,2
   127cc:	07800d93          	li	s11,120
   127d0:	bfb9                	j	1272e <_vfprintf_r+0x13a6>
   127d2:	77ce                	ld	a5,240(sp)
   127d4:	64a2                	ld	s1,8(sp)
   127d6:	fa078b63          	beqz	a5,11f8c <_vfprintf_r+0xc04>
   127da:	6502                	ld	a0,0(sp)
   127dc:	1190                	addi	a2,sp,224
   127de:	85a6                	mv	a1,s1
   127e0:	435000ef          	jal	13414 <__sprint_r>
   127e4:	fa8ff06f          	j	11f8c <_vfprintf_r+0xc04>
   127e8:	853e                	mv	a0,a5
   127ea:	f072                	sd	t3,32(sp)
   127ec:	ec3e                	sd	a5,24(sp)
   127ee:	6d0010ef          	jal	13ebe <strlen>
   127f2:	0005089b          	sext.w	a7,a0
   127f6:	67e2                	ld	a5,24(sp)
   127f8:	7e02                	ld	t3,32(sp)
   127fa:	8746                	mv	a4,a7
   127fc:	3808ce63          	bltz	a7,12b98 <_vfprintf_r+0x1810>
   12800:	0a714683          	lbu	a3,167(sp)
   12804:	0007081b          	sext.w	a6,a4
   12808:	94068763          	beqz	a3,11956 <_vfprintf_r+0x5ce>
   1280c:	0017081b          	addiw	a6,a4,1
   12810:	ec26                	sd	s1,24(sp)
   12812:	bbe9                	j	125ec <_vfprintf_r+0x1264>
   12814:	30038763          	beqz	t2,12b22 <_vfprintf_r+0x179a>
   12818:	562e                	lw	a2,232(sp)
   1281a:	4b01                	li	s6,0
   1281c:	8bce                	mv	s7,s3
   1281e:	d57fe06f          	j	11574 <_vfprintf_r+0x1ec>
   12822:	200e7793          	andi	a5,t3,512
   12826:	32078a63          	beqz	a5,12b5a <_vfprintf_r+0x17d2>
   1282a:	0ff77713          	zext.b	a4,a4
   1282e:	bb95                	j	125a2 <_vfprintf_r+0x121a>
   12830:	2004f793          	andi	a5,s1,512
   12834:	30078f63          	beqz	a5,12b52 <_vfprintf_r+0x17ca>
   12838:	0189191b          	slliw	s2,s2,0x18
   1283c:	4189591b          	sraiw	s2,s2,0x18
   12840:	ec3a                	sd	a4,24(sp)
   12842:	87ca                	mv	a5,s2
   12844:	948ff06f          	j	1198c <_vfprintf_r+0x604>
   12848:	2004f793          	andi	a5,s1,512
   1284c:	30078a63          	beqz	a5,12b60 <_vfprintf_r+0x17d8>
   12850:	0ff6f693          	zext.b	a3,a3
   12854:	ec3a                	sd	a4,24(sp)
   12856:	8826                	mv	a6,s1
   12858:	bbeff06f          	j	11c16 <_vfprintf_r+0x88e>
   1285c:	100e6713          	ori	a4,t3,256
   12860:	57fd                	li	a5,-1
   12862:	f03a                	sd	a4,32(sp)
   12864:	64ce                	ld	s1,208(sp)
   12866:	6b6e                	ld	s6,216(sp)
   12868:	32fa8e63          	beq	s5,a5,12ba4 <_vfprintf_r+0x181c>
   1286c:	ec82                	sd	zero,88(sp)
   1286e:	000a9663          	bnez	s5,1287a <_vfprintf_r+0x14f2>
   12872:	fb990713          	addi	a4,s2,-71
   12876:	46070163          	beqz	a4,12cd8 <_vfprintf_r+0x1950>
   1287a:	320b5963          	bgez	s6,12bac <_vfprintf_r+0x1824>
   1287e:	57fd                	li	a5,-1
   12880:	17fe                	slli	a5,a5,0x3f
   12882:	00fb4b33          	xor	s6,s6,a5
   12886:	02d00793          	li	a5,45
   1288a:	ecbe                	sd	a5,88(sp)
   1288c:	a605                	j	12bac <_vfprintf_r+0x1824>
   1288e:	f002                	sd	zero,32(sp)
   12890:	4881                	li	a7,0
   12892:	e082                	sd	zero,64(sp)
   12894:	fc02                	sd	zero,56(sp)
   12896:	4481                	li	s1,0
   12898:	0afc                	addi	a5,sp,348
   1289a:	4801                	li	a6,0
   1289c:	c9ffe06f          	j	1153a <_vfprintf_r+0x1b2>
   128a0:	67ee                	ld	a5,216(sp)
   128a2:	f7fe7e13          	andi	t3,t3,-129
   128a6:	03f7d493          	srli	s1,a5,0x3f
   128aa:	2c07d163          	bgez	a5,12b6c <_vfprintf_r+0x17e4>
   128ae:	02d00793          	li	a5,45
   128b2:	0af103a3          	sb	a5,167(sp)
   128b6:	04700793          	li	a5,71
   128ba:	0db7d4e3          	bge	a5,s11,13182 <_vfprintf_r+0x1dfa>
   128be:	67e5                	lui	a5,0x19
   128c0:	23078793          	addi	a5,a5,560 # 19230 <__clzdi2+0x54>
   128c4:	f002                	sd	zero,32(sp)
   128c6:	488d                	li	a7,3
   128c8:	4a81                	li	s5,0
   128ca:	e082                	sd	zero,64(sp)
   128cc:	fc02                	sd	zero,56(sp)
   128ce:	4481                	li	s1,0
   128d0:	4811                	li	a6,4
   128d2:	c69fe06f          	j	1153a <_vfprintf_r+0x1b2>
   128d6:	bffe7f13          	andi	t5,t3,-1025
   128da:	002f6e13          	ori	t3,t5,2
   128de:	ec2e                	sd	a1,24(sp)
   128e0:	4489                	li	s1,2
   128e2:	4501                	li	a0,0
   128e4:	b6f5                	j	124d0 <_vfprintf_r+0x1148>
   128e6:	7662                	ld	a2,56(sp)
   128e8:	6586                	ld	a1,64(sp)
   128ea:	00b66733          	or	a4,a2,a1
   128ee:	26070ce3          	beqz	a4,13366 <_vfprintf_r+0x1fde>
   128f2:	7742                	ld	a4,48(sp)
   128f4:	ecea                	sd	s10,88(sp)
   128f6:	ed66                	sd	s9,152(sp)
   128f8:	7d66                	ld	s10,120(sp)
   128fa:	6caa                	ld	s9,136(sp)
   128fc:	6aa2                	ld	s5,8(sp)
   128fe:	00e78333          	add	t1,a5,a4
   12902:	68e5                	lui	a7,0x19
   12904:	8c6e                	mv	s8,s11
   12906:	f0be                	sd	a5,96(sp)
   12908:	874a                	mv	a4,s2
   1290a:	87de                	mv	a5,s7
   1290c:	54888893          	addi	a7,a7,1352 # 19548 <zeroes.0>
   12910:	469d                	li	a3,7
   12912:	4b41                	li	s6,16
   12914:	e172                	sd	t3,128(sp)
   12916:	8dae                	mv	s11,a1
   12918:	e942                	sd	a6,144(sp)
   1291a:	8932                	mv	s2,a2
   1291c:	8b9a                	mv	s7,t1
   1291e:	07b04b63          	bgtz	s11,12994 <_vfprintf_r+0x160c>
   12922:	1d7d                	addi	s10,s10,-1
   12924:	397d                	addiw	s2,s2,-1
   12926:	562e                	lw	a2,232(sp)
   12928:	75c6                	ld	a1,112(sp)
   1292a:	9766                	add	a4,a4,s9
   1292c:	2605                	addiw	a2,a2,1
   1292e:	e38c                	sd	a1,0(a5)
   12930:	0197b423          	sd	s9,8(a5)
   12934:	f9ba                	sd	a4,240(sp)
   12936:	d5b2                	sw	a2,232(sp)
   12938:	07c1                	addi	a5,a5,16
   1293a:	0cc6c563          	blt	a3,a2,12a04 <_vfprintf_r+0x167c>
   1293e:	000d4603          	lbu	a2,0(s10)
   12942:	418b83b3          	sub	t2,s7,s8
   12946:	0003859b          	sext.w	a1,t2
   1294a:	0006081b          	sext.w	a6,a2
   1294e:	82de                	mv	t0,s7
   12950:	00b65363          	bge	a2,a1,12956 <_vfprintf_r+0x15ce>
   12954:	83c2                	mv	t2,a6
   12956:	0003849b          	sext.w	s1,t2
   1295a:	02905063          	blez	s1,1297a <_vfprintf_r+0x15f2>
   1295e:	562e                	lw	a2,232(sp)
   12960:	9726                	add	a4,a4,s1
   12962:	f9ba                	sd	a4,240(sp)
   12964:	2605                	addiw	a2,a2,1
   12966:	0187b023          	sd	s8,0(a5)
   1296a:	e784                	sd	s1,8(a5)
   1296c:	d5b2                	sw	a2,232(sp)
   1296e:	0ac6c963          	blt	a3,a2,12a20 <_vfprintf_r+0x1698>
   12972:	000d4603          	lbu	a2,0(s10)
   12976:	07c1                	addi	a5,a5,16
   12978:	8832                	mv	a6,a2
   1297a:	85a6                	mv	a1,s1
   1297c:	0004d363          	bgez	s1,12982 <_vfprintf_r+0x15fa>
   12980:	4581                	li	a1,0
   12982:	40b804bb          	subw	s1,a6,a1
   12986:	00904963          	bgtz	s1,12998 <_vfprintf_r+0x1610>
   1298a:	9c32                	add	s8,s8,a2
   1298c:	f92049e3          	bgtz	s2,1291e <_vfprintf_r+0x1596>
   12990:	33b05563          	blez	s11,12cba <_vfprintf_r+0x1932>
   12994:	3dfd                	addiw	s11,s11,-1
   12996:	bf41                	j	12926 <_vfprintf_r+0x159e>
   12998:	65e5                	lui	a1,0x19
   1299a:	562e                	lw	a2,232(sp)
   1299c:	54858593          	addi	a1,a1,1352 # 19548 <zeroes.0>
   129a0:	049b5663          	bge	s6,s1,129ec <_vfprintf_r+0x1664>
   129a4:	fc16                	sd	t0,56(sp)
   129a6:	e0c6                	sd	a7,64(sp)
   129a8:	a021                	j	129b0 <_vfprintf_r+0x1628>
   129aa:	34c1                	addiw	s1,s1,-16
   129ac:	029b5e63          	bge	s6,s1,129e8 <_vfprintf_r+0x1660>
   129b0:	0741                	addi	a4,a4,16
   129b2:	2605                	addiw	a2,a2,1
   129b4:	0117b023          	sd	a7,0(a5)
   129b8:	0167b423          	sd	s6,8(a5)
   129bc:	f9ba                	sd	a4,240(sp)
   129be:	d5b2                	sw	a2,232(sp)
   129c0:	07c1                	addi	a5,a5,16
   129c2:	fec6d4e3          	bge	a3,a2,129aa <_vfprintf_r+0x1622>
   129c6:	6502                	ld	a0,0(sp)
   129c8:	1190                	addi	a2,sp,224
   129ca:	85d6                	mv	a1,s5
   129cc:	249000ef          	jal	13414 <__sprint_r>
   129d0:	4a051663          	bnez	a0,12e7c <_vfprintf_r+0x1af4>
   129d4:	66e5                	lui	a3,0x19
   129d6:	34c1                	addiw	s1,s1,-16
   129d8:	54868893          	addi	a7,a3,1352 # 19548 <zeroes.0>
   129dc:	774e                	ld	a4,240(sp)
   129de:	562e                	lw	a2,232(sp)
   129e0:	87ce                	mv	a5,s3
   129e2:	469d                	li	a3,7
   129e4:	fc9b46e3          	blt	s6,s1,129b0 <_vfprintf_r+0x1628>
   129e8:	72e2                	ld	t0,56(sp)
   129ea:	6586                	ld	a1,64(sp)
   129ec:	9726                	add	a4,a4,s1
   129ee:	2605                	addiw	a2,a2,1
   129f0:	f9ba                	sd	a4,240(sp)
   129f2:	d5b2                	sw	a2,232(sp)
   129f4:	e38c                	sd	a1,0(a5)
   129f6:	e784                	sd	s1,8(a5)
   129f8:	52c6c763          	blt	a3,a2,12f26 <_vfprintf_r+0x1b9e>
   129fc:	000d4603          	lbu	a2,0(s10)
   12a00:	07c1                	addi	a5,a5,16
   12a02:	b761                	j	1298a <_vfprintf_r+0x1602>
   12a04:	6502                	ld	a0,0(sp)
   12a06:	1190                	addi	a2,sp,224
   12a08:	85d6                	mv	a1,s5
   12a0a:	20b000ef          	jal	13414 <__sprint_r>
   12a0e:	46051763          	bnez	a0,12e7c <_vfprintf_r+0x1af4>
   12a12:	66e5                	lui	a3,0x19
   12a14:	54868893          	addi	a7,a3,1352 # 19548 <zeroes.0>
   12a18:	774e                	ld	a4,240(sp)
   12a1a:	87ce                	mv	a5,s3
   12a1c:	469d                	li	a3,7
   12a1e:	b705                	j	1293e <_vfprintf_r+0x15b6>
   12a20:	6502                	ld	a0,0(sp)
   12a22:	1190                	addi	a2,sp,224
   12a24:	85d6                	mv	a1,s5
   12a26:	fc16                	sd	t0,56(sp)
   12a28:	1ed000ef          	jal	13414 <__sprint_r>
   12a2c:	44051863          	bnez	a0,12e7c <_vfprintf_r+0x1af4>
   12a30:	000d4603          	lbu	a2,0(s10)
   12a34:	66e5                	lui	a3,0x19
   12a36:	54868893          	addi	a7,a3,1352 # 19548 <zeroes.0>
   12a3a:	774e                	ld	a4,240(sp)
   12a3c:	72e2                	ld	t0,56(sp)
   12a3e:	87ce                	mv	a5,s3
   12a40:	8832                	mv	a6,a2
   12a42:	469d                	li	a3,7
   12a44:	bf1d                	j	1297a <_vfprintf_r+0x15f2>
   12a46:	85de                	mv	a1,s7
   12a48:	8e4a                	mv	t3,s2
   12a4a:	8856                	mv	a6,s5
   12a4c:	8bbe                	mv	s7,a5
   12a4e:	8ada                	mv	s5,s6
   12a50:	87a6                	mv	a5,s1
   12a52:	8932                	mv	s2,a2
   12a54:	86e2                	mv	a3,s8
   12a56:	84ae                	mv	s1,a1
   12a58:	9956                	add	s2,s2,s5
   12a5a:	2705                	addiw	a4,a4,1
   12a5c:	00dbb023          	sd	a3,0(s7)
   12a60:	015bb423          	sd	s5,8(s7)
   12a64:	f9ca                	sd	s2,240(sp)
   12a66:	d5ba                	sw	a4,232(sp)
   12a68:	469d                	li	a3,7
   12a6a:	0bc1                	addi	s7,s7,16
   12a6c:	f6e6d363          	bge	a3,a4,121d2 <_vfprintf_r+0xe4a>
   12a70:	65a2                	ld	a1,8(sp)
   12a72:	6502                	ld	a0,0(sp)
   12a74:	1190                	addi	a2,sp,224
   12a76:	e142                	sd	a6,128(sp)
   12a78:	f0f2                	sd	t3,96(sp)
   12a7a:	ecbe                	sd	a5,88(sp)
   12a7c:	199000ef          	jal	13414 <__sprint_r>
   12a80:	d0051063          	bnez	a0,11f80 <_vfprintf_r+0xbf8>
   12a84:	794e                	ld	s2,240(sp)
   12a86:	680a                	ld	a6,128(sp)
   12a88:	7e06                	ld	t3,96(sp)
   12a8a:	67e6                	ld	a5,88(sp)
   12a8c:	8bce                	mv	s7,s3
   12a8e:	f44ff06f          	j	121d2 <_vfprintf_r+0xe4a>
   12a92:	0007881b          	sext.w	a6,a5
   12a96:	b6b1                	j	125e2 <_vfprintf_r+0x125a>
   12a98:	65a2                	ld	a1,8(sp)
   12a9a:	6502                	ld	a0,0(sp)
   12a9c:	1190                	addi	a2,sp,224
   12a9e:	e142                	sd	a6,128(sp)
   12aa0:	f0f2                	sd	t3,96(sp)
   12aa2:	ecbe                	sd	a5,88(sp)
   12aa4:	171000ef          	jal	13414 <__sprint_r>
   12aa8:	cc051c63          	bnez	a0,11f80 <_vfprintf_r+0xbf8>
   12aac:	794e                	ld	s2,240(sp)
   12aae:	680a                	ld	a6,128(sp)
   12ab0:	7e06                	ld	t3,96(sp)
   12ab2:	67e6                	ld	a5,88(sp)
   12ab4:	8bce                	mv	s7,s3
   12ab6:	f0eff06f          	j	121c4 <_vfprintf_r+0xe3c>
   12aba:	001e7713          	andi	a4,t3,1
   12abe:	e319                	bnez	a4,12ac4 <_vfprintf_r+0x173c>
   12ac0:	b03fe06f          	j	115c2 <_vfprintf_r+0x23a>
   12ac4:	66a6                	ld	a3,72(sp)
   12ac6:	572e                	lw	a4,232(sp)
   12ac8:	6646                	ld	a2,80(sp)
   12aca:	9936                	add	s2,s2,a3
   12acc:	2705                	addiw	a4,a4,1
   12ace:	00dbb423          	sd	a3,8(s7)
   12ad2:	f9ca                	sd	s2,240(sp)
   12ad4:	00cbb023          	sd	a2,0(s7)
   12ad8:	d5ba                	sw	a4,232(sp)
   12ada:	469d                	li	a3,7
   12adc:	3ae6d363          	bge	a3,a4,12e82 <_vfprintf_r+0x1afa>
   12ae0:	65a2                	ld	a1,8(sp)
   12ae2:	6502                	ld	a0,0(sp)
   12ae4:	1190                	addi	a2,sp,224
   12ae6:	ecc2                	sd	a6,88(sp)
   12ae8:	e0f2                	sd	t3,64(sp)
   12aea:	fc3e                	sd	a5,56(sp)
   12aec:	129000ef          	jal	13414 <__sprint_r>
   12af0:	c8051863          	bnez	a0,11f80 <_vfprintf_r+0xbf8>
   12af4:	564a                	lw	a2,176(sp)
   12af6:	794e                	ld	s2,240(sp)
   12af8:	572e                	lw	a4,232(sp)
   12afa:	6866                	ld	a6,88(sp)
   12afc:	6e06                	ld	t3,64(sp)
   12afe:	77e2                	ld	a5,56(sp)
   12b00:	8bce                	mv	s7,s3
   12b02:	db5fe06f          	j	118b6 <_vfprintf_r+0x52e>
   12b06:	00d78b33          	add	s6,a5,a3
   12b0a:	41bb0b33          	sub	s6,s6,s11
   12b0e:	41568abb          	subw	s5,a3,s5
   12b12:	000b079b          	sext.w	a5,s6
   12b16:	00fad363          	bge	s5,a5,12b1c <_vfprintf_r+0x1794>
   12b1a:	8b56                	mv	s6,s5
   12b1c:	2b01                	sext.w	s6,s6
   12b1e:	f24ff06f          	j	12242 <_vfprintf_r+0xeba>
   12b22:	8bce                	mv	s7,s3
   12b24:	a75fe06f          	j	11598 <_vfprintf_r+0x210>
   12b28:	1902                	slli	s2,s2,0x20
   12b2a:	02095913          	srli	s2,s2,0x20
   12b2e:	b20acbe3          	bltz	s5,12664 <_vfprintf_r+0x12dc>
   12b32:	ec3a                	sd	a4,24(sp)
   12b34:	f7fe7e13          	andi	t3,t3,-129
   12b38:	000a8463          	beqz	s5,12b40 <_vfprintf_r+0x17b8>
   12b3c:	ed5fe06f          	j	11a10 <_vfprintf_r+0x688>
   12b40:	ae090c63          	beqz	s2,11e38 <_vfprintf_r+0xab0>
   12b44:	ecdfe06f          	j	11a10 <_vfprintf_r+0x688>
   12b48:	67c2                	ld	a5,16(sp)
   12b4a:	00f71023          	sh	a5,0(a4)
   12b4e:	909fe06f          	j	11456 <_vfprintf_r+0xce>
   12b52:	ec3a                	sd	a4,24(sp)
   12b54:	87ca                	mv	a5,s2
   12b56:	e37fe06f          	j	1198c <_vfprintf_r+0x604>
   12b5a:	1702                	slli	a4,a4,0x20
   12b5c:	9301                	srli	a4,a4,0x20
   12b5e:	b491                	j	125a2 <_vfprintf_r+0x121a>
   12b60:	1682                	slli	a3,a3,0x20
   12b62:	9281                	srli	a3,a3,0x20
   12b64:	ec3a                	sd	a4,24(sp)
   12b66:	8826                	mv	a6,s1
   12b68:	8aeff06f          	j	11c16 <_vfprintf_r+0x88e>
   12b6c:	04700793          	li	a5,71
   12b70:	0a714703          	lbu	a4,167(sp)
   12b74:	5db7d463          	bge	a5,s11,1313c <_vfprintf_r+0x1db4>
   12b78:	67e5                	lui	a5,0x19
   12b7a:	23078793          	addi	a5,a5,560 # 19230 <__clzdi2+0x54>
   12b7e:	7c071063          	bnez	a4,1333e <_vfprintf_r+0x1fb6>
   12b82:	488d                	li	a7,3
   12b84:	8846                	mv	a6,a7
   12b86:	4a81                	li	s5,0
   12b88:	e082                	sd	zero,64(sp)
   12b8a:	fc02                	sd	zero,56(sp)
   12b8c:	f002                	sd	zero,32(sp)
   12b8e:	9adfe06f          	j	1153a <_vfprintf_r+0x1b2>
   12b92:	4681                	li	a3,0
   12b94:	db9fe06f          	j	1194c <_vfprintf_r+0x5c4>
   12b98:	4701                	li	a4,0
   12b9a:	b19d                	j	12800 <_vfprintf_r+0x1478>
   12b9c:	67e5                	lui	a5,0x19
   12b9e:	22078793          	addi	a5,a5,544 # 19220 <__clzdi2+0x44>
   12ba2:	b921                	j	127ba <_vfprintf_r+0x1432>
   12ba4:	720b4663          	bltz	s6,132d0 <_vfprintf_r+0x1f48>
   12ba8:	ec82                	sd	zero,88(sp)
   12baa:	4a99                	li	s5,6
   12bac:	04600793          	li	a5,70
   12bb0:	30f91a63          	bne	s2,a5,12ec4 <_vfprintf_r+0x1b3c>
   12bb4:	6502                	ld	a0,0(sp)
   12bb6:	191c                	addi	a5,sp,176
   12bb8:	8756                	mv	a4,s5
   12bba:	468d                	li	a3,3
   12bbc:	865a                	mv	a2,s6
   12bbe:	0c810893          	addi	a7,sp,200
   12bc2:	0b410813          	addi	a6,sp,180
   12bc6:	85a6                	mv	a1,s1
   12bc8:	f872                	sd	t3,48(sp)
   12bca:	498010ef          	jal	14062 <_ldtoa_r>
   12bce:	00054603          	lbu	a2,0(a0)
   12bd2:	03000693          	li	a3,48
   12bd6:	7e42                	ld	t3,48(sp)
   12bd8:	87aa                	mv	a5,a0
   12bda:	01550733          	add	a4,a0,s5
   12bde:	60d60b63          	beq	a2,a3,131f4 <_vfprintf_r+0x1e6c>
   12be2:	56ca                	lw	a3,176(sp)
   12be4:	00d70c33          	add	s8,a4,a3
   12be8:	8526                	mv	a0,s1
   12bea:	85da                	mv	a1,s6
   12bec:	4601                	li	a2,0
   12bee:	4681                	li	a3,0
   12bf0:	fc72                	sd	t3,56(sp)
   12bf2:	f83e                	sd	a5,48(sp)
   12bf4:	3bc050ef          	jal	17fb0 <__eqtf2>
   12bf8:	77c2                	ld	a5,48(sp)
   12bfa:	7e62                	ld	t3,56(sp)
   12bfc:	58050863          	beqz	a0,1318c <_vfprintf_r+0x1e04>
   12c00:	68ae                	ld	a7,200(sp)
   12c02:	7388f063          	bgeu	a7,s8,13322 <_vfprintf_r+0x1f9a>
   12c06:	03000693          	li	a3,48
   12c0a:	00188713          	addi	a4,a7,1
   12c0e:	e5ba                	sd	a4,200(sp)
   12c10:	00d88023          	sb	a3,0(a7)
   12c14:	68ae                	ld	a7,200(sp)
   12c16:	ff88eae3          	bltu	a7,s8,12c0a <_vfprintf_r+0x1882>
   12c1a:	40f888b3          	sub	a7,a7,a5
   12c1e:	0008869b          	sext.w	a3,a7
   12c22:	04700713          	li	a4,71
   12c26:	f836                	sd	a3,48(sp)
   12c28:	54ca                	lw	s1,176(sp)
   12c2a:	0ee90b63          	beq	s2,a4,12d20 <_vfprintf_r+0x1998>
   12c2e:	04600713          	li	a4,70
   12c32:	0ee91d63          	bne	s2,a4,12d2c <_vfprintf_r+0x19a4>
   12c36:	001e7713          	andi	a4,t3,1
   12c3a:	00eae733          	or	a4,s5,a4
   12c3e:	2701                	sext.w	a4,a4
   12c40:	64905a63          	blez	s1,13294 <_vfprintf_r+0x1f0c>
   12c44:	60071963          	bnez	a4,13256 <_vfprintf_r+0x1ece>
   12c48:	88a6                	mv	a7,s1
   12c4a:	06600d93          	li	s11,102
   12c4e:	400e7f13          	andi	t5,t3,1024
   12c52:	4e0f1b63          	bnez	t5,13148 <_vfprintf_r+0x1dc0>
   12c56:	0008881b          	sext.w	a6,a7
   12c5a:	0008d363          	bgez	a7,12c60 <_vfprintf_r+0x18d8>
   12c5e:	4801                	li	a6,0
   12c60:	6766                	ld	a4,88(sp)
   12c62:	38070d63          	beqz	a4,12ffc <_vfprintf_r+0x1c74>
   12c66:	02d00713          	li	a4,45
   12c6a:	0ae103a3          	sb	a4,167(sp)
   12c6e:	2805                	addiw	a6,a6,1
   12c70:	7e02                	ld	t3,32(sp)
   12c72:	4a81                	li	s5,0
   12c74:	f002                	sd	zero,32(sp)
   12c76:	e082                	sd	zero,64(sp)
   12c78:	fc02                	sd	zero,56(sp)
   12c7a:	8c1fe06f          	j	1153a <_vfprintf_r+0x1b2>
   12c7e:	07800793          	li	a5,120
   12c82:	a2ffe06f          	j	116b0 <_vfprintf_r+0x328>
   12c86:	6502                	ld	a0,0(sp)
   12c88:	001a859b          	addiw	a1,s5,1
   12c8c:	f072                	sd	t3,32(sp)
   12c8e:	88cfe0ef          	jal	10d1a <_malloc_r>
   12c92:	7e02                	ld	t3,32(sp)
   12c94:	87aa                	mv	a5,a0
   12c96:	68050b63          	beqz	a0,1332c <_vfprintf_r+0x1fa4>
   12c9a:	65ee                	ld	a1,216(sp)
   12c9c:	f03e                	sd	a5,32(sp)
   12c9e:	ec82                	sd	zero,88(sp)
   12ca0:	654e                	ld	a0,208(sp)
   12ca2:	0005c463          	bltz	a1,12caa <_vfprintf_r+0x1922>
   12ca6:	a2dfe06f          	j	116d2 <_vfprintf_r+0x34a>
   12caa:	577d                	li	a4,-1
   12cac:	177e                	slli	a4,a4,0x3f
   12cae:	8db9                	xor	a1,a1,a4
   12cb0:	02d00713          	li	a4,45
   12cb4:	ecba                	sd	a4,88(sp)
   12cb6:	a1dfe06f          	j	116d2 <_vfprintf_r+0x34a>
   12cba:	8bbe                	mv	s7,a5
   12cbc:	fcea                	sd	s10,120(sp)
   12cbe:	7786                	ld	a5,96(sp)
   12cc0:	6e0a                	ld	t3,128(sp)
   12cc2:	6d66                	ld	s10,88(sp)
   12cc4:	684a                	ld	a6,144(sp)
   12cc6:	6cea                	ld	s9,152(sp)
   12cc8:	8de2                	mv	s11,s8
   12cca:	893a                	mv	s2,a4
   12ccc:	8c16                	mv	s8,t0
   12cce:	d1bc7863          	bgeu	s8,s11,121de <_vfprintf_r+0xe56>
   12cd2:	8de2                	mv	s11,s8
   12cd4:	d0aff06f          	j	121de <_vfprintf_r+0xe56>
   12cd8:	000b5863          	bgez	s6,12ce8 <_vfprintf_r+0x1960>
   12cdc:	17fe                	slli	a5,a5,0x3f
   12cde:	00fb4b33          	xor	s6,s6,a5
   12ce2:	02d00793          	li	a5,45
   12ce6:	ecbe                	sd	a5,88(sp)
   12ce8:	6502                	ld	a0,0(sp)
   12cea:	191c                	addi	a5,sp,176
   12cec:	0c810893          	addi	a7,sp,200
   12cf0:	0b410813          	addi	a6,sp,180
   12cf4:	4705                	li	a4,1
   12cf6:	4689                	li	a3,2
   12cf8:	85a6                	mv	a1,s1
   12cfa:	865a                	mv	a2,s6
   12cfc:	fc72                	sd	t3,56(sp)
   12cfe:	364010ef          	jal	14062 <_ldtoa_r>
   12d02:	7e62                	ld	t3,56(sp)
   12d04:	4a85                	li	s5,1
   12d06:	87aa                	mv	a5,a0
   12d08:	f856                	sd	s5,48(sp)
   12d0a:	001e7713          	andi	a4,t3,1
   12d0e:	36071063          	bnez	a4,1306e <_vfprintf_r+0x1ce6>
   12d12:	68ae                	ld	a7,200(sp)
   12d14:	54ca                	lw	s1,176(sp)
   12d16:	40f888b3          	sub	a7,a7,a5
   12d1a:	0008871b          	sext.w	a4,a7
   12d1e:	f83a                	sd	a4,48(sp)
   12d20:	ffd4a713          	slti	a4,s1,-3
   12d24:	e319                	bnez	a4,12d2a <_vfprintf_r+0x19a2>
   12d26:	0c9add63          	bge	s5,s1,12e00 <_vfprintf_r+0x1a78>
   12d2a:	3df9                	addiw	s11,s11,-2
   12d2c:	fff4871b          	addiw	a4,s1,-1
   12d30:	0bb10c23          	sb	s11,184(sp)
   12d34:	d93a                	sw	a4,176(sp)
   12d36:	46074363          	bltz	a4,1319c <_vfprintf_r+0x1e14>
   12d3a:	02b00693          	li	a3,43
   12d3e:	0ad10ca3          	sb	a3,185(sp)
   12d42:	46a5                	li	a3,9
   12d44:	46e6d563          	bge	a3,a4,131ae <_vfprintf_r+0x1e26>
   12d48:	fc72                	sd	t3,56(sp)
   12d4a:	f002                	sd	zero,32(sp)
   12d4c:	0c710f13          	addi	t5,sp,199
   12d50:	666668b7          	lui	a7,0x66666
   12d54:	857a                	mv	a0,t5
   12d56:	66788893          	addi	a7,a7,1639 # 66666667 <__BSS_END__+0x66642a2f>
   12d5a:	06300f93          	li	t6,99
   12d5e:	031706b3          	mul	a3,a4,a7
   12d62:	41f7561b          	sraiw	a2,a4,0x1f
   12d66:	883a                	mv	a6,a4
   12d68:	85aa                	mv	a1,a0
   12d6a:	157d                	addi	a0,a0,-1
   12d6c:	9689                	srai	a3,a3,0x22
   12d6e:	9e91                	subw	a3,a3,a2
   12d70:	0026961b          	slliw	a2,a3,0x2
   12d74:	9e35                	addw	a2,a2,a3
   12d76:	0016161b          	slliw	a2,a2,0x1
   12d7a:	9f11                	subw	a4,a4,a2
   12d7c:	0307071b          	addiw	a4,a4,48
   12d80:	fee58fa3          	sb	a4,-1(a1)
   12d84:	8736                	mv	a4,a3
   12d86:	fd0fcce3          	blt	t6,a6,12d5e <_vfprintf_r+0x19d6>
   12d8a:	0306871b          	addiw	a4,a3,48
   12d8e:	fee50fa3          	sb	a4,-1(a0)
   12d92:	ffe58713          	addi	a4,a1,-2
   12d96:	57e77e63          	bgeu	a4,t5,13312 <_vfprintf_r+0x1f8a>
   12d9a:	0ba10513          	addi	a0,sp,186
   12d9e:	86aa                	mv	a3,a0
   12da0:	00074603          	lbu	a2,0(a4)
   12da4:	0705                	addi	a4,a4,1
   12da6:	0685                	addi	a3,a3,1
   12da8:	fec68fa3          	sb	a2,-1(a3)
   12dac:	ffe71ae3          	bne	a4,t5,12da0 <_vfprintf_r+0x1a18>
   12db0:	972a                	add	a4,a4,a0
   12db2:	0709                	addi	a4,a4,2
   12db4:	8f0d                	sub	a4,a4,a1
   12db6:	1934                	addi	a3,sp,184
   12db8:	9f15                	subw	a4,a4,a3
   12dba:	f4ba                	sd	a4,104(sp)
   12dbc:	7642                	ld	a2,48(sp)
   12dbe:	7726                	ld	a4,104(sp)
   12dc0:	4685                	li	a3,1
   12dc2:	9f31                	addw	a4,a4,a2
   12dc4:	88ba                	mv	a7,a4
   12dc6:	30c6d963          	bge	a3,a2,130d8 <_vfprintf_r+0x1d50>
   12dca:	66a6                	ld	a3,72(sp)
   12dcc:	00e688bb          	addw	a7,a3,a4
   12dd0:	7762                	ld	a4,56(sp)
   12dd2:	0008881b          	sext.w	a6,a7
   12dd6:	bff77f13          	andi	t5,a4,-1025
   12dda:	100f6e13          	ori	t3,t5,256
   12dde:	0008d363          	bgez	a7,12de4 <_vfprintf_r+0x1a5c>
   12de2:	4801                	li	a6,0
   12de4:	7762                	ld	a4,56(sp)
   12de6:	00277493          	andi	s1,a4,2
   12dea:	6766                	ld	a4,88(sp)
   12dec:	2a070e63          	beqz	a4,130a8 <_vfprintf_r+0x1d20>
   12df0:	02d00513          	li	a0,45
   12df4:	0aa103a3          	sb	a0,167(sp)
   12df8:	4a81                	li	s5,0
   12dfa:	2805                	addiw	a6,a6,1
   12dfc:	bbbfe06f          	j	119b6 <_vfprintf_r+0x62e>
   12e00:	7742                	ld	a4,48(sp)
   12e02:	02e4c663          	blt	s1,a4,12e2e <_vfprintf_r+0x1aa6>
   12e06:	001e7713          	andi	a4,t3,1
   12e0a:	88a6                	mv	a7,s1
   12e0c:	c701                	beqz	a4,12e14 <_vfprintf_r+0x1a8c>
   12e0e:	6726                	ld	a4,72(sp)
   12e10:	009708bb          	addw	a7,a4,s1
   12e14:	400e7f13          	andi	t5,t3,1024
   12e18:	000f0463          	beqz	t5,12e20 <_vfprintf_r+0x1a98>
   12e1c:	32904463          	bgtz	s1,13144 <_vfprintf_r+0x1dbc>
   12e20:	0008881b          	sext.w	a6,a7
   12e24:	0208c363          	bltz	a7,12e4a <_vfprintf_r+0x1ac2>
   12e28:	06700d93          	li	s11,103
   12e2c:	bd15                	j	12c60 <_vfprintf_r+0x18d8>
   12e2e:	6726                	ld	a4,72(sp)
   12e30:	06700d93          	li	s11,103
   12e34:	011708bb          	addw	a7,a4,a7
   12e38:	e0904be3          	bgtz	s1,12c4e <_vfprintf_r+0x18c6>
   12e3c:	409888bb          	subw	a7,a7,s1
   12e40:	2885                	addiw	a7,a7,1
   12e42:	0008881b          	sext.w	a6,a7
   12e46:	fe08d1e3          	bgez	a7,12e28 <_vfprintf_r+0x1aa0>
   12e4a:	4801                	li	a6,0
   12e4c:	06700d93          	li	s11,103
   12e50:	bd01                	j	12c60 <_vfprintf_r+0x18d8>
   12e52:	54868693          	addi	a3,a3,1352
   12e56:	ba31                	j	12772 <_vfprintf_r+0x13ea>
   12e58:	65a2                	ld	a1,8(sp)
   12e5a:	6502                	ld	a0,0(sp)
   12e5c:	1190                	addi	a2,sp,224
   12e5e:	ecc2                	sd	a6,88(sp)
   12e60:	e0f2                	sd	t3,64(sp)
   12e62:	fc3e                	sd	a5,56(sp)
   12e64:	5b0000ef          	jal	13414 <__sprint_r>
   12e68:	90051c63          	bnez	a0,11f80 <_vfprintf_r+0xbf8>
   12e6c:	564a                	lw	a2,176(sp)
   12e6e:	794e                	ld	s2,240(sp)
   12e70:	6866                	ld	a6,88(sp)
   12e72:	6e06                	ld	t3,64(sp)
   12e74:	77e2                	ld	a5,56(sp)
   12e76:	8bce                	mv	s7,s3
   12e78:	a13fe06f          	j	1188a <_vfprintf_r+0x502>
   12e7c:	84d6                	mv	s1,s5
   12e7e:	904ff06f          	j	11f82 <_vfprintf_r+0xbfa>
   12e82:	0bc1                	addi	s7,s7,16
   12e84:	a3bfe06f          	j	118be <_vfprintf_r+0x536>
   12e88:	02d00793          	li	a5,45
   12e8c:	0af103a3          	sb	a5,167(sp)
   12e90:	04700793          	li	a5,71
   12e94:	23b7dd63          	bge	a5,s11,130ce <_vfprintf_r+0x1d46>
   12e98:	67e5                	lui	a5,0x19
   12e9a:	22078793          	addi	a5,a5,544 # 19220 <__clzdi2+0x44>
   12e9e:	b41d                	j	128c4 <_vfprintf_r+0x153c>
   12ea0:	65a2                	ld	a1,8(sp)
   12ea2:	6502                	ld	a0,0(sp)
   12ea4:	1190                	addi	a2,sp,224
   12ea6:	ecc2                	sd	a6,88(sp)
   12ea8:	e0f2                	sd	t3,64(sp)
   12eaa:	fc3e                	sd	a5,56(sp)
   12eac:	568000ef          	jal	13414 <__sprint_r>
   12eb0:	8c051863          	bnez	a0,11f80 <_vfprintf_r+0xbf8>
   12eb4:	5aca                	lw	s5,176(sp)
   12eb6:	794e                	ld	s2,240(sp)
   12eb8:	6866                	ld	a6,88(sp)
   12eba:	6e06                	ld	t3,64(sp)
   12ebc:	77e2                	ld	a5,56(sp)
   12ebe:	8bce                	mv	s7,s3
   12ec0:	b4cff06f          	j	1220c <_vfprintf_r+0xe84>
   12ec4:	fbb90793          	addi	a5,s2,-69
   12ec8:	6502                	ld	a0,0(sp)
   12eca:	0017b793          	seqz	a5,a5
   12ece:	015787bb          	addw	a5,a5,s5
   12ed2:	873e                	mv	a4,a5
   12ed4:	f83e                	sd	a5,48(sp)
   12ed6:	0c810893          	addi	a7,sp,200
   12eda:	191c                	addi	a5,sp,176
   12edc:	0b410813          	addi	a6,sp,180
   12ee0:	4689                	li	a3,2
   12ee2:	85a6                	mv	a1,s1
   12ee4:	865a                	mv	a2,s6
   12ee6:	fc72                	sd	t3,56(sp)
   12ee8:	17a010ef          	jal	14062 <_ldtoa_r>
   12eec:	04700713          	li	a4,71
   12ef0:	7e62                	ld	t3,56(sp)
   12ef2:	87aa                	mv	a5,a0
   12ef4:	e0e90be3          	beq	s2,a4,12d0a <_vfprintf_r+0x1982>
   12ef8:	fc2a                	sd	a0,56(sp)
   12efa:	85da                	mv	a1,s6
   12efc:	8526                	mv	a0,s1
   12efe:	4601                	li	a2,0
   12f00:	4681                	li	a3,0
   12f02:	e0f2                	sd	t3,64(sp)
   12f04:	0ac050ef          	jal	17fb0 <__eqtf2>
   12f08:	77e2                	ld	a5,56(sp)
   12f0a:	6e06                	ld	t3,64(sp)
   12f0c:	46050163          	beqz	a0,1336e <_vfprintf_r+0x1fe6>
   12f10:	7742                	ld	a4,48(sp)
   12f12:	68ae                	ld	a7,200(sp)
   12f14:	00e78c33          	add	s8,a5,a4
   12f18:	cf88e7e3          	bltu	a7,s8,12c06 <_vfprintf_r+0x187e>
   12f1c:	40f8873b          	subw	a4,a7,a5
   12f20:	54ca                	lw	s1,176(sp)
   12f22:	f83a                	sd	a4,48(sp)
   12f24:	b521                	j	12d2c <_vfprintf_r+0x19a4>
   12f26:	6502                	ld	a0,0(sp)
   12f28:	1190                	addi	a2,sp,224
   12f2a:	85d6                	mv	a1,s5
   12f2c:	fc16                	sd	t0,56(sp)
   12f2e:	4e6000ef          	jal	13414 <__sprint_r>
   12f32:	f529                	bnez	a0,12e7c <_vfprintf_r+0x1af4>
   12f34:	66e5                	lui	a3,0x19
   12f36:	54868893          	addi	a7,a3,1352 # 19548 <zeroes.0>
   12f3a:	000d4603          	lbu	a2,0(s10)
   12f3e:	774e                	ld	a4,240(sp)
   12f40:	72e2                	ld	t0,56(sp)
   12f42:	87ce                	mv	a5,s3
   12f44:	469d                	li	a3,7
   12f46:	b491                	j	1298a <_vfprintf_r+0x1602>
   12f48:	662a                	ld	a2,136(sp)
   12f4a:	75c6                	ld	a1,112(sp)
   12f4c:	e0c6                	sd	a7,64(sp)
   12f4e:	40c78333          	sub	t1,a5,a2
   12f52:	851a                	mv	a0,t1
   12f54:	fc42                	sd	a6,56(sp)
   12f56:	f872                	sd	t3,48(sp)
   12f58:	f01a                	sd	t1,32(sp)
   12f5a:	493000ef          	jal	13bec <strncpy>
   12f5e:	ccccd7b7          	lui	a5,0xccccd
   12f62:	ccd78793          	addi	a5,a5,-819 # ffffffffcccccccd <__BSS_END__+0xffffffffccca9095>
   12f66:	02079713          	slli	a4,a5,0x20
   12f6a:	973e                	add	a4,a4,a5
   12f6c:	02e93933          	mulhu	s2,s2,a4
   12f70:	0014c683          	lbu	a3,1(s1)
   12f74:	7302                	ld	t1,32(sp)
   12f76:	7e42                	ld	t3,48(sp)
   12f78:	00d036b3          	snez	a3,a3
   12f7c:	94b6                	add	s1,s1,a3
   12f7e:	7862                	ld	a6,56(sp)
   12f80:	6886                	ld	a7,64(sp)
   12f82:	fff30793          	addi	a5,t1,-1
   12f86:	4585                	li	a1,1
   12f88:	00395913          	srli	s2,s2,0x3
   12f8c:	02e93733          	mulhu	a4,s2,a4
   12f90:	00375693          	srli	a3,a4,0x3
   12f94:	00269713          	slli	a4,a3,0x2
   12f98:	9736                	add	a4,a4,a3
   12f9a:	0706                	slli	a4,a4,0x1
   12f9c:	40e90733          	sub	a4,s2,a4
   12fa0:	0307071b          	addiw	a4,a4,48
   12fa4:	fee30fa3          	sb	a4,-1(t1)
   12fa8:	bc5fe06f          	j	11b6c <_vfprintf_r+0x7e4>
   12fac:	ec26                	sd	s1,24(sp)
   12fae:	10070863          	beqz	a4,130be <_vfprintf_r+0x1d36>
   12fb2:	001a881b          	addiw	a6,s5,1
   12fb6:	88d6                	mv	a7,s5
   12fb8:	e082                	sd	zero,64(sp)
   12fba:	4a81                	li	s5,0
   12fbc:	fc02                	sd	zero,56(sp)
   12fbe:	4481                	li	s1,0
   12fc0:	d7afe06f          	j	1153a <_vfprintf_r+0x1b2>
   12fc4:	57fd                	li	a5,-1
   12fc6:	e83e                	sd	a5,16(sp)
   12fc8:	ff1fe06f          	j	11fb8 <_vfprintf_r+0xc30>
   12fcc:	55868693          	addi	a3,a3,1368
   12fd0:	b3cff06f          	j	1230c <_vfprintf_r+0xf84>
   12fd4:	65a2                	ld	a1,8(sp)
   12fd6:	6502                	ld	a0,0(sp)
   12fd8:	1190                	addi	a2,sp,224
   12fda:	e0c2                	sd	a6,64(sp)
   12fdc:	fc72                	sd	t3,56(sp)
   12fde:	436000ef          	jal	13414 <__sprint_r>
   12fe2:	c119                	beqz	a0,12fe8 <_vfprintf_r+0x1c60>
   12fe4:	f9dfe06f          	j	11f80 <_vfprintf_r+0xbf8>
   12fe8:	5aca                	lw	s5,176(sp)
   12fea:	77c2                	ld	a5,48(sp)
   12fec:	794e                	ld	s2,240(sp)
   12fee:	6806                	ld	a6,64(sp)
   12ff0:	7e62                	ld	t3,56(sp)
   12ff2:	8bce                	mv	s7,s3
   12ff4:	41578abb          	subw	s5,a5,s5
   12ff8:	a4aff06f          	j	12242 <_vfprintf_r+0xeba>
   12ffc:	0a714703          	lbu	a4,167(sp)
   13000:	c60708e3          	beqz	a4,12c70 <_vfprintf_r+0x18e8>
   13004:	2805                	addiw	a6,a6,1
   13006:	b1ad                	j	12c70 <_vfprintf_r+0x18e8>
   13008:	8f26                	mv	t5,s1
   1300a:	abdfe06f          	j	11ac6 <_vfprintf_r+0x73e>
   1300e:	56c1                	li	a3,-16
   13010:	40c00abb          	negw	s5,a2
   13014:	34d65163          	bge	a2,a3,13356 <_vfprintf_r+0x1fce>
   13018:	66e5                	lui	a3,0x19
   1301a:	fc3e                	sd	a5,56(sp)
   1301c:	4b41                	li	s6,16
   1301e:	87ca                	mv	a5,s2
   13020:	4d9d                	li	s11,7
   13022:	8c72                	mv	s8,t3
   13024:	8942                	mv	s2,a6
   13026:	54868493          	addi	s1,a3,1352 # 19548 <zeroes.0>
   1302a:	a021                	j	13032 <_vfprintf_r+0x1caa>
   1302c:	3ac1                	addiw	s5,s5,-16
   1302e:	0b5b5a63          	bge	s6,s5,130e2 <_vfprintf_r+0x1d5a>
   13032:	07c1                	addi	a5,a5,16
   13034:	2705                	addiw	a4,a4,1
   13036:	009bb023          	sd	s1,0(s7)
   1303a:	016bb423          	sd	s6,8(s7)
   1303e:	f9be                	sd	a5,240(sp)
   13040:	d5ba                	sw	a4,232(sp)
   13042:	0bc1                	addi	s7,s7,16
   13044:	feedd4e3          	bge	s11,a4,1302c <_vfprintf_r+0x1ca4>
   13048:	65a2                	ld	a1,8(sp)
   1304a:	6502                	ld	a0,0(sp)
   1304c:	1190                	addi	a2,sp,224
   1304e:	3c6000ef          	jal	13414 <__sprint_r>
   13052:	c119                	beqz	a0,13058 <_vfprintf_r+0x1cd0>
   13054:	f2dfe06f          	j	11f80 <_vfprintf_r+0xbf8>
   13058:	77ce                	ld	a5,240(sp)
   1305a:	572e                	lw	a4,232(sp)
   1305c:	8bce                	mv	s7,s3
   1305e:	b7f9                	j	1302c <_vfprintf_r+0x1ca4>
   13060:	8f26                	mv	t5,s1
   13062:	c32ff06f          	j	12494 <_vfprintf_r+0x110c>
   13066:	55868693          	addi	a3,a3,1368
   1306a:	8b8ff06f          	j	12122 <_vfprintf_r+0xd9a>
   1306e:	8526                	mv	a0,s1
   13070:	85da                	mv	a1,s6
   13072:	4601                	li	a2,0
   13074:	4681                	li	a3,0
   13076:	e0f2                	sd	t3,64(sp)
   13078:	fc3e                	sd	a5,56(sp)
   1307a:	737040ef          	jal	17fb0 <__eqtf2>
   1307e:	77e2                	ld	a5,56(sp)
   13080:	6e06                	ld	t3,64(sp)
   13082:	18050b63          	beqz	a0,13218 <_vfprintf_r+0x1e90>
   13086:	7742                	ld	a4,48(sp)
   13088:	68ae                	ld	a7,200(sp)
   1308a:	00e78c33          	add	s8,a5,a4
   1308e:	b788ece3          	bltu	a7,s8,12c06 <_vfprintf_r+0x187e>
   13092:	40f888b3          	sub	a7,a7,a5
   13096:	0008871b          	sext.w	a4,a7
   1309a:	54ca                	lw	s1,176(sp)
   1309c:	f83a                	sd	a4,48(sp)
   1309e:	b149                	j	12d20 <_vfprintf_r+0x1998>
   130a0:	54868693          	addi	a3,a3,1352
   130a4:	e93fe06f          	j	11f36 <_vfprintf_r+0xbae>
   130a8:	0a714503          	lbu	a0,167(sp)
   130ac:	4a81                	li	s5,0
   130ae:	c119                	beqz	a0,130b4 <_vfprintf_r+0x1d2c>
   130b0:	987fe06f          	j	11a36 <_vfprintf_r+0x6ae>
   130b4:	903fe06f          	j	119b6 <_vfprintf_r+0x62e>
   130b8:	c31c                	sw	a5,0(a4)
   130ba:	b9cfe06f          	j	11456 <_vfprintf_r+0xce>
   130be:	88d6                	mv	a7,s5
   130c0:	8856                	mv	a6,s5
   130c2:	e082                	sd	zero,64(sp)
   130c4:	4a81                	li	s5,0
   130c6:	fc02                	sd	zero,56(sp)
   130c8:	4481                	li	s1,0
   130ca:	c70fe06f          	j	1153a <_vfprintf_r+0x1b2>
   130ce:	67e5                	lui	a5,0x19
   130d0:	21878793          	addi	a5,a5,536 # 19218 <__clzdi2+0x3c>
   130d4:	ff0ff06f          	j	128c4 <_vfprintf_r+0x153c>
   130d8:	76e2                	ld	a3,56(sp)
   130da:	8a85                	andi	a3,a3,1
   130dc:	ce068ae3          	beqz	a3,12dd0 <_vfprintf_r+0x1a48>
   130e0:	b1ed                	j	12dca <_vfprintf_r+0x1a42>
   130e2:	884a                	mv	a6,s2
   130e4:	893e                	mv	s2,a5
   130e6:	77e2                	ld	a5,56(sp)
   130e8:	8e62                	mv	t3,s8
   130ea:	86a6                	mv	a3,s1
   130ec:	9956                	add	s2,s2,s5
   130ee:	2705                	addiw	a4,a4,1
   130f0:	00dbb023          	sd	a3,0(s7)
   130f4:	f9ca                	sd	s2,240(sp)
   130f6:	d5ba                	sw	a4,232(sp)
   130f8:	015bb423          	sd	s5,8(s7)
   130fc:	469d                	li	a3,7
   130fe:	d8e6d2e3          	bge	a3,a4,12e82 <_vfprintf_r+0x1afa>
   13102:	65a2                	ld	a1,8(sp)
   13104:	6502                	ld	a0,0(sp)
   13106:	1190                	addi	a2,sp,224
   13108:	ecc2                	sd	a6,88(sp)
   1310a:	e0f2                	sd	t3,64(sp)
   1310c:	fc3e                	sd	a5,56(sp)
   1310e:	306000ef          	jal	13414 <__sprint_r>
   13112:	c119                	beqz	a0,13118 <_vfprintf_r+0x1d90>
   13114:	e6dfe06f          	j	11f80 <_vfprintf_r+0xbf8>
   13118:	794e                	ld	s2,240(sp)
   1311a:	572e                	lw	a4,232(sp)
   1311c:	6866                	ld	a6,88(sp)
   1311e:	6e06                	ld	t3,64(sp)
   13120:	77e2                	ld	a5,56(sp)
   13122:	8bce                	mv	s7,s3
   13124:	f9afe06f          	j	118be <_vfprintf_r+0x536>
   13128:	57fd                	li	a5,-1
   1312a:	17fe                	slli	a5,a5,0x3f
   1312c:	8dbd                	xor	a1,a1,a5
   1312e:	02d00793          	li	a5,45
   13132:	ecbe                	sd	a5,88(sp)
   13134:	f002                	sd	zero,32(sp)
   13136:	19bc                	addi	a5,sp,248
   13138:	d9afe06f          	j	116d2 <_vfprintf_r+0x34a>
   1313c:	67e5                	lui	a5,0x19
   1313e:	22878793          	addi	a5,a5,552 # 19228 <__clzdi2+0x4c>
   13142:	bc35                	j	12b7e <_vfprintf_r+0x17f6>
   13144:	06700d93          	li	s11,103
   13148:	7666                	ld	a2,120(sp)
   1314a:	00064703          	lbu	a4,0(a2)
   1314e:	f0170693          	addi	a3,a4,-255
   13152:	20068663          	beqz	a3,1335e <_vfprintf_r+0x1fd6>
   13156:	20975463          	bge	a4,s1,1335e <_vfprintf_r+0x1fd6>
   1315a:	66aa                	ld	a3,136(sp)
   1315c:	4801                	li	a6,0
   1315e:	4501                	li	a0,0
   13160:	a809                	j	13172 <_vfprintf_r+0x1dea>
   13162:	2505                	addiw	a0,a0,1
   13164:	0605                	addi	a2,a2,1
   13166:	f0170593          	addi	a1,a4,-255
   1316a:	2701                	sext.w	a4,a4
   1316c:	c9cd                	beqz	a1,1321e <_vfprintf_r+0x1e96>
   1316e:	0a975863          	bge	a4,s1,1321e <_vfprintf_r+0x1e96>
   13172:	9c99                	subw	s1,s1,a4
   13174:	00164703          	lbu	a4,1(a2)
   13178:	f76d                	bnez	a4,13162 <_vfprintf_r+0x1dda>
   1317a:	00064703          	lbu	a4,0(a2)
   1317e:	2805                	addiw	a6,a6,1
   13180:	b7dd                	j	13166 <_vfprintf_r+0x1dde>
   13182:	67e5                	lui	a5,0x19
   13184:	22878793          	addi	a5,a5,552 # 19228 <__clzdi2+0x4c>
   13188:	f3cff06f          	j	128c4 <_vfprintf_r+0x153c>
   1318c:	40fc073b          	subw	a4,s8,a5
   13190:	54ca                	lw	s1,176(sp)
   13192:	f83a                	sd	a4,48(sp)
   13194:	b44d                	j	12c36 <_vfprintf_r+0x18ae>
   13196:	64a2                	ld	s1,8(sp)
   13198:	df5fe06f          	j	11f8c <_vfprintf_r+0xc04>
   1319c:	02d00713          	li	a4,45
   131a0:	0ae10ca3          	sb	a4,185(sp)
   131a4:	56e1                	li	a3,-8
   131a6:	4705                	li	a4,1
   131a8:	9f05                	subw	a4,a4,s1
   131aa:	b8d4cfe3          	blt	s1,a3,12d48 <_vfprintf_r+0x19c0>
   131ae:	03000693          	li	a3,48
   131b2:	0ad10d23          	sb	a3,186(sp)
   131b6:	fc72                	sd	t3,56(sp)
   131b8:	f002                	sd	zero,32(sp)
   131ba:	0bb10693          	addi	a3,sp,187
   131be:	e68fe06f          	j	11826 <_vfprintf_r+0x49e>
   131c2:	8c5a                	mv	s8,s6
   131c4:	fffa8b1b          	addiw	s6,s5,-1
   131c8:	87e6                	mv	a5,s9
   131ca:	6b86                	ld	s7,64(sp)
   131cc:	7c86                	ld	s9,96(sp)
   131ce:	9ae2                	add	s5,s5,s8
   131d0:	8762                	mv	a4,s8
   131d2:	03000693          	li	a3,48
   131d6:	000b5463          	bgez	s6,131de <_vfprintf_r+0x1e56>
   131da:	e18fe06f          	j	117f2 <_vfprintf_r+0x46a>
   131de:	0705                	addi	a4,a4,1
   131e0:	fed70fa3          	sb	a3,-1(a4)
   131e4:	feea9de3          	bne	s5,a4,131de <_vfprintf_r+0x1e56>
   131e8:	001c0813          	addi	a6,s8,1
   131ec:	01680c33          	add	s8,a6,s6
   131f0:	e02fe06f          	j	117f2 <_vfprintf_r+0x46a>
   131f4:	4601                	li	a2,0
   131f6:	4681                	li	a3,0
   131f8:	8526                	mv	a0,s1
   131fa:	85da                	mv	a1,s6
   131fc:	e0f2                	sd	t3,64(sp)
   131fe:	fc3e                	sd	a5,56(sp)
   13200:	f83a                	sd	a4,48(sp)
   13202:	5af040ef          	jal	17fb0 <__eqtf2>
   13206:	7742                	ld	a4,48(sp)
   13208:	77e2                	ld	a5,56(sp)
   1320a:	6e06                	ld	t3,64(sp)
   1320c:	e12d                	bnez	a0,1326e <_vfprintf_r+0x1ee6>
   1320e:	54ca                	lw	s1,176(sp)
   13210:	9726                	add	a4,a4,s1
   13212:	9f1d                	subw	a4,a4,a5
   13214:	f83a                	sd	a4,48(sp)
   13216:	bc21                	j	12c2e <_vfprintf_r+0x18a6>
   13218:	54ca                	lw	s1,176(sp)
   1321a:	78c2                	ld	a7,48(sp)
   1321c:	b611                	j	12d20 <_vfprintf_r+0x1998>
   1321e:	00a8073b          	addw	a4,a6,a0
   13222:	02d7073b          	mulw	a4,a4,a3
   13226:	fcb2                	sd	a2,120(sp)
   13228:	fc2a                	sd	a0,56(sp)
   1322a:	e0c2                	sd	a6,64(sp)
   1322c:	00e888bb          	addw	a7,a7,a4
   13230:	8746                	mv	a4,a7
   13232:	0008d363          	bgez	a7,13238 <_vfprintf_r+0x1eb0>
   13236:	4701                	li	a4,0
   13238:	66e6                	ld	a3,88(sp)
   1323a:	0007081b          	sext.w	a6,a4
   1323e:	c6dd                	beqz	a3,132ec <_vfprintf_r+0x1f64>
   13240:	02d00693          	li	a3,45
   13244:	7e02                	ld	t3,32(sp)
   13246:	0ad103a3          	sb	a3,167(sp)
   1324a:	0017081b          	addiw	a6,a4,1
   1324e:	f002                	sd	zero,32(sp)
   13250:	4a81                	li	s5,0
   13252:	ae8fe06f          	j	1153a <_vfprintf_r+0x1b2>
   13256:	6726                	ld	a4,72(sp)
   13258:	009a88bb          	addw	a7,s5,s1
   1325c:	06600d93          	li	s11,102
   13260:	00e888bb          	addw	a7,a7,a4
   13264:	b2ed                	j	12c4e <_vfprintf_r+0x18c6>
   13266:	54868693          	addi	a3,a3,1352
   1326a:	aacff06f          	j	12516 <_vfprintf_r+0x118e>
   1326e:	4685                	li	a3,1
   13270:	415686bb          	subw	a3,a3,s5
   13274:	d936                	sw	a3,176(sp)
   13276:	b2bd                	j	12be4 <_vfprintf_r+0x185c>
   13278:	6762                	ld	a4,24(sp)
   1327a:	431c                	lw	a5,0(a4)
   1327c:	0721                	addi	a4,a4,8
   1327e:	00078a9b          	sext.w	s5,a5
   13282:	0007d363          	bgez	a5,13288 <_vfprintf_r+0x1f00>
   13286:	5afd                	li	s5,-1
   13288:	001cc303          	lbu	t1,1(s9)
   1328c:	ec3a                	sd	a4,24(sp)
   1328e:	8cb2                	mv	s9,a2
   13290:	a38fe06f          	j	114c8 <_vfprintf_r+0x140>
   13294:	e711                	bnez	a4,132a0 <_vfprintf_r+0x1f18>
   13296:	4805                	li	a6,1
   13298:	88c2                	mv	a7,a6
   1329a:	06600d93          	li	s11,102
   1329e:	b2c9                	j	12c60 <_vfprintf_r+0x18d8>
   132a0:	6726                	ld	a4,72(sp)
   132a2:	0017089b          	addiw	a7,a4,1
   132a6:	015888bb          	addw	a7,a7,s5
   132aa:	0008881b          	sext.w	a6,a7
   132ae:	fe08d6e3          	bgez	a7,1329a <_vfprintf_r+0x1f12>
   132b2:	4801                	li	a6,0
   132b4:	06600d93          	li	s11,102
   132b8:	b265                	j	12c60 <_vfprintf_r+0x18d8>
   132ba:	02d00713          	li	a4,45
   132be:	0ae10ca3          	sb	a4,185(sp)
   132c2:	5661                	li	a2,-8
   132c4:	4705                	li	a4,1
   132c6:	9f15                	subw	a4,a4,a3
   132c8:	a8c6c2e3          	blt	a3,a2,12d4c <_vfprintf_r+0x19c4>
   132cc:	d56fe06f          	j	11822 <_vfprintf_r+0x49a>
   132d0:	1afe                	slli	s5,s5,0x3f
   132d2:	02d00793          	li	a5,45
   132d6:	015b4b33          	xor	s6,s6,s5
   132da:	ecbe                	sd	a5,88(sp)
   132dc:	4a99                	li	s5,6
   132de:	b0f9                	j	12bac <_vfprintf_r+0x1824>
   132e0:	6765                	lui	a4,0x19
   132e2:	23870713          	addi	a4,a4,568 # 19238 <__clzdi2+0x5c>
   132e6:	f83a                	sd	a4,48(sp)
   132e8:	c2cfe06f          	j	11714 <_vfprintf_r+0x38c>
   132ec:	0a714683          	lbu	a3,167(sp)
   132f0:	c685                	beqz	a3,13318 <_vfprintf_r+0x1f90>
   132f2:	7e02                	ld	t3,32(sp)
   132f4:	0017081b          	addiw	a6,a4,1
   132f8:	f002                	sd	zero,32(sp)
   132fa:	4a81                	li	s5,0
   132fc:	a3efe06f          	j	1153a <_vfprintf_r+0x1b2>
   13300:	54868693          	addi	a3,a3,1352
   13304:	f54ff06f          	j	12a58 <_vfprintf_r+0x16d0>
   13308:	76c2                	ld	a3,48(sp)
   1330a:	00a6c683          	lbu	a3,10(a3)
   1330e:	ce0fe06f          	j	117ee <_vfprintf_r+0x466>
   13312:	4709                	li	a4,2
   13314:	f4ba                	sd	a4,104(sp)
   13316:	b45d                	j	12dbc <_vfprintf_r+0x1a34>
   13318:	7e02                	ld	t3,32(sp)
   1331a:	4a81                	li	s5,0
   1331c:	f002                	sd	zero,32(sp)
   1331e:	a1cfe06f          	j	1153a <_vfprintf_r+0x1b2>
   13322:	40f8873b          	subw	a4,a7,a5
   13326:	54ca                	lw	s1,176(sp)
   13328:	f83a                	sd	a4,48(sp)
   1332a:	b211                	j	12c2e <_vfprintf_r+0x18a6>
   1332c:	64a2                	ld	s1,8(sp)
   1332e:	0104d783          	lhu	a5,16(s1)
   13332:	0407e793          	ori	a5,a5,64
   13336:	00f49823          	sh	a5,16(s1)
   1333a:	c53fe06f          	j	11f8c <_vfprintf_r+0xc04>
   1333e:	4a81                	li	s5,0
   13340:	e082                	sd	zero,64(sp)
   13342:	fc02                	sd	zero,56(sp)
   13344:	f002                	sd	zero,32(sp)
   13346:	488d                	li	a7,3
   13348:	4811                	li	a6,4
   1334a:	9f0fe06f          	j	1153a <_vfprintf_r+0x1b2>
   1334e:	e082                	sd	zero,64(sp)
   13350:	fc02                	sd	zero,56(sp)
   13352:	9e8fe06f          	j	1153a <_vfprintf_r+0x1b2>
   13356:	66e5                	lui	a3,0x19
   13358:	54868693          	addi	a3,a3,1352 # 19548 <zeroes.0>
   1335c:	bb41                	j	130ec <_vfprintf_r+0x1d64>
   1335e:	4701                	li	a4,0
   13360:	e082                	sd	zero,64(sp)
   13362:	fc02                	sd	zero,56(sp)
   13364:	b5e1                	j	1322c <_vfprintf_r+0x1ea4>
   13366:	7742                	ld	a4,48(sp)
   13368:	00e78c33          	add	s8,a5,a4
   1336c:	b28d                	j	12cce <_vfprintf_r+0x1946>
   1336e:	54ca                	lw	s1,176(sp)
   13370:	ba75                	j	12d2c <_vfprintf_r+0x19a4>

0000000000013372 <vfprintf>:
   13372:	872a                	mv	a4,a0
   13374:	8781b503          	ld	a0,-1928(gp) # 1b630 <_impure_ptr>
   13378:	86b2                	mv	a3,a2
   1337a:	862e                	mv	a2,a1
   1337c:	85ba                	mv	a1,a4
   1337e:	80afe06f          	j	11388 <_vfprintf_r>

0000000000013382 <__sbprintf>:
   13382:	0105d783          	lhu	a5,16(a1)
   13386:	0ac5ae83          	lw	t4,172(a1)
   1338a:	0125de03          	lhu	t3,18(a1)
   1338e:	0305b303          	ld	t1,48(a1)
   13392:	0405b883          	ld	a7,64(a1)
   13396:	b2010113          	addi	sp,sp,-1248
   1339a:	9bf5                	andi	a5,a5,-3
   1339c:	0c010813          	addi	a6,sp,192
   133a0:	40000713          	li	a4,1024
   133a4:	4c813823          	sd	s0,1232(sp)
   133a8:	842e                	mv	s0,a1
   133aa:	080c                	addi	a1,sp,16
   133ac:	4c913423          	sd	s1,1224(sp)
   133b0:	02f11023          	sh	a5,32(sp)
   133b4:	4c113c23          	sd	ra,1240(sp)
   133b8:	dc02                	sw	zero,56(sp)
   133ba:	df76                	sw	t4,188(sp)
   133bc:	03c11123          	sh	t3,34(sp)
   133c0:	e09a                	sd	t1,64(sp)
   133c2:	e8c6                	sd	a7,80(sp)
   133c4:	e842                	sd	a6,16(sp)
   133c6:	f442                	sd	a6,40(sp)
   133c8:	ce3a                	sw	a4,28(sp)
   133ca:	d83a                	sw	a4,48(sp)
   133cc:	84aa                	mv	s1,a0
   133ce:	fbbfd0ef          	jal	11388 <_vfprintf_r>
   133d2:	87aa                	mv	a5,a0
   133d4:	02055763          	bgez	a0,13402 <__sbprintf+0x80>
   133d8:	02015703          	lhu	a4,32(sp)
   133dc:	04077713          	andi	a4,a4,64
   133e0:	c719                	beqz	a4,133ee <__sbprintf+0x6c>
   133e2:	01045703          	lhu	a4,16(s0)
   133e6:	04076713          	ori	a4,a4,64
   133ea:	00e41823          	sh	a4,16(s0)
   133ee:	4d813083          	ld	ra,1240(sp)
   133f2:	4d013403          	ld	s0,1232(sp)
   133f6:	4c813483          	ld	s1,1224(sp)
   133fa:	853e                	mv	a0,a5
   133fc:	4e010113          	addi	sp,sp,1248
   13400:	8082                	ret
   13402:	e42a                	sd	a0,8(sp)
   13404:	080c                	addi	a1,sp,16
   13406:	8526                	mv	a0,s1
   13408:	27c000ef          	jal	13684 <_fflush_r>
   1340c:	67a2                	ld	a5,8(sp)
   1340e:	d569                	beqz	a0,133d8 <__sbprintf+0x56>
   13410:	57fd                	li	a5,-1
   13412:	b7d9                	j	133d8 <__sbprintf+0x56>

0000000000013414 <__sprint_r>:
   13414:	6a18                	ld	a4,16(a2)
   13416:	e709                	bnez	a4,13420 <__sprint_r+0xc>
   13418:	4501                	li	a0,0
   1341a:	00062423          	sw	zero,8(a2)
   1341e:	8082                	ret
   13420:	1101                	addi	sp,sp,-32
   13422:	ec06                	sd	ra,24(sp)
   13424:	e432                	sd	a2,8(sp)
   13426:	2ee000ef          	jal	13714 <__sfvwrite_r>
   1342a:	67a2                	ld	a5,8(sp)
   1342c:	60e2                	ld	ra,24(sp)
   1342e:	0007b823          	sd	zero,16(a5)
   13432:	0007a423          	sw	zero,8(a5)
   13436:	6105                	addi	sp,sp,32
   13438:	8082                	ret

000000000001343a <_fclose_r>:
   1343a:	1101                	addi	sp,sp,-32
   1343c:	ec06                	sd	ra,24(sp)
   1343e:	e04a                	sd	s2,0(sp)
   13440:	cd89                	beqz	a1,1345a <_fclose_r+0x20>
   13442:	e822                	sd	s0,16(sp)
   13444:	e426                	sd	s1,8(sp)
   13446:	842e                	mv	s0,a1
   13448:	84aa                	mv	s1,a0
   1344a:	c119                	beqz	a0,13450 <_fclose_r+0x16>
   1344c:	653c                	ld	a5,72(a0)
   1344e:	c7d9                	beqz	a5,134dc <_fclose_r+0xa2>
   13450:	01041783          	lh	a5,16(s0)
   13454:	eb89                	bnez	a5,13466 <_fclose_r+0x2c>
   13456:	6442                	ld	s0,16(sp)
   13458:	64a2                	ld	s1,8(sp)
   1345a:	60e2                	ld	ra,24(sp)
   1345c:	4901                	li	s2,0
   1345e:	854a                	mv	a0,s2
   13460:	6902                	ld	s2,0(sp)
   13462:	6105                	addi	sp,sp,32
   13464:	8082                	ret
   13466:	85a2                	mv	a1,s0
   13468:	8526                	mv	a0,s1
   1346a:	080000ef          	jal	134ea <__sflush_r>
   1346e:	683c                	ld	a5,80(s0)
   13470:	892a                	mv	s2,a0
   13472:	c791                	beqz	a5,1347e <_fclose_r+0x44>
   13474:	780c                	ld	a1,48(s0)
   13476:	8526                	mv	a0,s1
   13478:	9782                	jalr	a5
   1347a:	04054663          	bltz	a0,134c6 <_fclose_r+0x8c>
   1347e:	01045783          	lhu	a5,16(s0)
   13482:	0807f793          	andi	a5,a5,128
   13486:	e7b1                	bnez	a5,134d2 <_fclose_r+0x98>
   13488:	6c2c                	ld	a1,88(s0)
   1348a:	c991                	beqz	a1,1349e <_fclose_r+0x64>
   1348c:	07440793          	addi	a5,s0,116
   13490:	00f58563          	beq	a1,a5,1349a <_fclose_r+0x60>
   13494:	8526                	mv	a0,s1
   13496:	e4cfd0ef          	jal	10ae2 <_free_r>
   1349a:	04043c23          	sd	zero,88(s0)
   1349e:	7c2c                	ld	a1,120(s0)
   134a0:	c591                	beqz	a1,134ac <_fclose_r+0x72>
   134a2:	8526                	mv	a0,s1
   134a4:	e3efd0ef          	jal	10ae2 <_free_r>
   134a8:	06043c23          	sd	zero,120(s0)
   134ac:	828fd0ef          	jal	104d4 <__sfp_lock_acquire>
   134b0:	00041823          	sh	zero,16(s0)
   134b4:	822fd0ef          	jal	104d6 <__sfp_lock_release>
   134b8:	60e2                	ld	ra,24(sp)
   134ba:	6442                	ld	s0,16(sp)
   134bc:	64a2                	ld	s1,8(sp)
   134be:	854a                	mv	a0,s2
   134c0:	6902                	ld	s2,0(sp)
   134c2:	6105                	addi	sp,sp,32
   134c4:	8082                	ret
   134c6:	01045783          	lhu	a5,16(s0)
   134ca:	597d                	li	s2,-1
   134cc:	0807f793          	andi	a5,a5,128
   134d0:	dfc5                	beqz	a5,13488 <_fclose_r+0x4e>
   134d2:	6c0c                	ld	a1,24(s0)
   134d4:	8526                	mv	a0,s1
   134d6:	e0cfd0ef          	jal	10ae2 <_free_r>
   134da:	b77d                	j	13488 <_fclose_r+0x4e>
   134dc:	fe3fc0ef          	jal	104be <__sinit>
   134e0:	bf85                	j	13450 <_fclose_r+0x16>

00000000000134e2 <fclose>:
   134e2:	85aa                	mv	a1,a0
   134e4:	8781b503          	ld	a0,-1928(gp) # 1b630 <_impure_ptr>
   134e8:	bf89                	j	1343a <_fclose_r>

00000000000134ea <__sflush_r>:
   134ea:	01059703          	lh	a4,16(a1)
   134ee:	7179                	addi	sp,sp,-48
   134f0:	f022                	sd	s0,32(sp)
   134f2:	e44e                	sd	s3,8(sp)
   134f4:	f406                	sd	ra,40(sp)
   134f6:	00877793          	andi	a5,a4,8
   134fa:	842e                	mv	s0,a1
   134fc:	89aa                	mv	s3,a0
   134fe:	e7f1                	bnez	a5,135ca <__sflush_r+0xe0>
   13500:	6785                	lui	a5,0x1
   13502:	80078793          	addi	a5,a5,-2048 # 800 <exit-0xf920>
   13506:	4594                	lw	a3,8(a1)
   13508:	8fd9                	or	a5,a5,a4
   1350a:	00f59823          	sh	a5,16(a1)
   1350e:	10d05b63          	blez	a3,13624 <__sflush_r+0x13a>
   13512:	04843803          	ld	a6,72(s0)
   13516:	0a080463          	beqz	a6,135be <__sflush_r+0xd4>
   1351a:	ec26                	sd	s1,24(sp)
   1351c:	03371693          	slli	a3,a4,0x33
   13520:	0009a483          	lw	s1,0(s3)
   13524:	0009a023          	sw	zero,0(s3)
   13528:	1006c563          	bltz	a3,13632 <__sflush_r+0x148>
   1352c:	780c                	ld	a1,48(s0)
   1352e:	4601                	li	a2,0
   13530:	4685                	li	a3,1
   13532:	854e                	mv	a0,s3
   13534:	9802                	jalr	a6
   13536:	57fd                	li	a5,-1
   13538:	862a                	mv	a2,a0
   1353a:	12f50363          	beq	a0,a5,13660 <__sflush_r+0x176>
   1353e:	01041783          	lh	a5,16(s0)
   13542:	04843803          	ld	a6,72(s0)
   13546:	8b91                	andi	a5,a5,4
   13548:	c799                	beqz	a5,13556 <__sflush_r+0x6c>
   1354a:	4418                	lw	a4,8(s0)
   1354c:	6c3c                	ld	a5,88(s0)
   1354e:	8e19                	sub	a2,a2,a4
   13550:	c399                	beqz	a5,13556 <__sflush_r+0x6c>
   13552:	583c                	lw	a5,112(s0)
   13554:	8e1d                	sub	a2,a2,a5
   13556:	780c                	ld	a1,48(s0)
   13558:	4681                	li	a3,0
   1355a:	854e                	mv	a0,s3
   1355c:	9802                	jalr	a6
   1355e:	577d                	li	a4,-1
   13560:	01041783          	lh	a5,16(s0)
   13564:	0ce51963          	bne	a0,a4,13636 <__sflush_r+0x14c>
   13568:	0009a683          	lw	a3,0(s3)
   1356c:	4775                	li	a4,29
   1356e:	10d76463          	bltu	a4,a3,13676 <__sflush_r+0x18c>
   13572:	20400737          	lui	a4,0x20400
   13576:	0705                	addi	a4,a4,1 # 20400001 <__BSS_END__+0x203dc3c9>
   13578:	00d75733          	srl	a4,a4,a3
   1357c:	8b05                	andi	a4,a4,1
   1357e:	cf65                	beqz	a4,13676 <__sflush_r+0x18c>
   13580:	6c14                	ld	a3,24(s0)
   13582:	777d                	lui	a4,0xfffff
   13584:	7ff70713          	addi	a4,a4,2047 # fffffffffffff7ff <__BSS_END__+0xfffffffffffdbbc7>
   13588:	8f7d                	and	a4,a4,a5
   1358a:	00e41823          	sh	a4,16(s0)
   1358e:	00042423          	sw	zero,8(s0)
   13592:	e014                	sd	a3,0(s0)
   13594:	03379713          	slli	a4,a5,0x33
   13598:	00075563          	bgez	a4,135a2 <__sflush_r+0xb8>
   1359c:	0009a783          	lw	a5,0(s3)
   135a0:	cbcd                	beqz	a5,13652 <__sflush_r+0x168>
   135a2:	6c2c                	ld	a1,88(s0)
   135a4:	0099a023          	sw	s1,0(s3)
   135a8:	c9d5                	beqz	a1,1365c <__sflush_r+0x172>
   135aa:	07440793          	addi	a5,s0,116
   135ae:	00f58563          	beq	a1,a5,135b8 <__sflush_r+0xce>
   135b2:	854e                	mv	a0,s3
   135b4:	d2efd0ef          	jal	10ae2 <_free_r>
   135b8:	64e2                	ld	s1,24(sp)
   135ba:	04043c23          	sd	zero,88(s0)
   135be:	70a2                	ld	ra,40(sp)
   135c0:	7402                	ld	s0,32(sp)
   135c2:	69a2                	ld	s3,8(sp)
   135c4:	4501                	li	a0,0
   135c6:	6145                	addi	sp,sp,48
   135c8:	8082                	ret
   135ca:	e84a                	sd	s2,16(sp)
   135cc:	0185b903          	ld	s2,24(a1)
   135d0:	04090f63          	beqz	s2,1362e <__sflush_r+0x144>
   135d4:	ec26                	sd	s1,24(sp)
   135d6:	6184                	ld	s1,0(a1)
   135d8:	8b0d                	andi	a4,a4,3
   135da:	0125b023          	sd	s2,0(a1)
   135de:	412484bb          	subw	s1,s1,s2
   135e2:	4781                	li	a5,0
   135e4:	e311                	bnez	a4,135e8 <__sflush_r+0xfe>
   135e6:	519c                	lw	a5,32(a1)
   135e8:	c45c                	sw	a5,12(s0)
   135ea:	00904663          	bgtz	s1,135f6 <__sflush_r+0x10c>
   135ee:	a83d                	j	1362c <__sflush_r+0x142>
   135f0:	992a                	add	s2,s2,a0
   135f2:	02905d63          	blez	s1,1362c <__sflush_r+0x142>
   135f6:	603c                	ld	a5,64(s0)
   135f8:	780c                	ld	a1,48(s0)
   135fa:	86a6                	mv	a3,s1
   135fc:	864a                	mv	a2,s2
   135fe:	854e                	mv	a0,s3
   13600:	9782                	jalr	a5
   13602:	9c89                	subw	s1,s1,a0
   13604:	fea046e3          	bgtz	a0,135f0 <__sflush_r+0x106>
   13608:	01045783          	lhu	a5,16(s0)
   1360c:	6942                	ld	s2,16(sp)
   1360e:	0407e793          	ori	a5,a5,64
   13612:	70a2                	ld	ra,40(sp)
   13614:	00f41823          	sh	a5,16(s0)
   13618:	7402                	ld	s0,32(sp)
   1361a:	64e2                	ld	s1,24(sp)
   1361c:	69a2                	ld	s3,8(sp)
   1361e:	557d                	li	a0,-1
   13620:	6145                	addi	sp,sp,48
   13622:	8082                	ret
   13624:	59b4                	lw	a3,112(a1)
   13626:	eed046e3          	bgtz	a3,13512 <__sflush_r+0x28>
   1362a:	bf51                	j	135be <__sflush_r+0xd4>
   1362c:	64e2                	ld	s1,24(sp)
   1362e:	6942                	ld	s2,16(sp)
   13630:	b779                	j	135be <__sflush_r+0xd4>
   13632:	6850                	ld	a2,144(s0)
   13634:	bf09                	j	13546 <__sflush_r+0x5c>
   13636:	6c14                	ld	a3,24(s0)
   13638:	777d                	lui	a4,0xfffff
   1363a:	7ff70713          	addi	a4,a4,2047 # fffffffffffff7ff <__BSS_END__+0xfffffffffffdbbc7>
   1363e:	8f7d                	and	a4,a4,a5
   13640:	00e41823          	sh	a4,16(s0)
   13644:	00042423          	sw	zero,8(s0)
   13648:	e014                	sd	a3,0(s0)
   1364a:	03379713          	slli	a4,a5,0x33
   1364e:	f4075ae3          	bgez	a4,135a2 <__sflush_r+0xb8>
   13652:	6c2c                	ld	a1,88(s0)
   13654:	e848                	sd	a0,144(s0)
   13656:	0099a023          	sw	s1,0(s3)
   1365a:	f9a1                	bnez	a1,135aa <__sflush_r+0xc0>
   1365c:	64e2                	ld	s1,24(sp)
   1365e:	b785                	j	135be <__sflush_r+0xd4>
   13660:	0009a783          	lw	a5,0(s3)
   13664:	ec078de3          	beqz	a5,1353e <__sflush_r+0x54>
   13668:	fe378713          	addi	a4,a5,-29
   1366c:	cb01                	beqz	a4,1367c <__sflush_r+0x192>
   1366e:	17a9                	addi	a5,a5,-22
   13670:	c791                	beqz	a5,1367c <__sflush_r+0x192>
   13672:	01045783          	lhu	a5,16(s0)
   13676:	0407e793          	ori	a5,a5,64
   1367a:	bf61                	j	13612 <__sflush_r+0x128>
   1367c:	0099a023          	sw	s1,0(s3)
   13680:	64e2                	ld	s1,24(sp)
   13682:	bf35                	j	135be <__sflush_r+0xd4>

0000000000013684 <_fflush_r>:
   13684:	87aa                	mv	a5,a0
   13686:	c119                	beqz	a0,1368c <_fflush_r+0x8>
   13688:	6538                	ld	a4,72(a0)
   1368a:	cb01                	beqz	a4,1369a <_fflush_r+0x16>
   1368c:	01059703          	lh	a4,16(a1)
   13690:	e319                	bnez	a4,13696 <_fflush_r+0x12>
   13692:	4501                	li	a0,0
   13694:	8082                	ret
   13696:	853e                	mv	a0,a5
   13698:	bd89                	j	134ea <__sflush_r>
   1369a:	1101                	addi	sp,sp,-32
   1369c:	e42e                	sd	a1,8(sp)
   1369e:	ec06                	sd	ra,24(sp)
   136a0:	e02a                	sd	a0,0(sp)
   136a2:	e1dfc0ef          	jal	104be <__sinit>
   136a6:	65a2                	ld	a1,8(sp)
   136a8:	6782                	ld	a5,0(sp)
   136aa:	01059703          	lh	a4,16(a1)
   136ae:	c709                	beqz	a4,136b8 <_fflush_r+0x34>
   136b0:	60e2                	ld	ra,24(sp)
   136b2:	853e                	mv	a0,a5
   136b4:	6105                	addi	sp,sp,32
   136b6:	bd15                	j	134ea <__sflush_r>
   136b8:	60e2                	ld	ra,24(sp)
   136ba:	4501                	li	a0,0
   136bc:	6105                	addi	sp,sp,32
   136be:	8082                	ret

00000000000136c0 <fflush>:
   136c0:	cd05                	beqz	a0,136f8 <fflush+0x38>
   136c2:	85aa                	mv	a1,a0
   136c4:	8781b503          	ld	a0,-1928(gp) # 1b630 <_impure_ptr>
   136c8:	c119                	beqz	a0,136ce <fflush+0xe>
   136ca:	653c                	ld	a5,72(a0)
   136cc:	c799                	beqz	a5,136da <fflush+0x1a>
   136ce:	01059783          	lh	a5,16(a1)
   136d2:	e399                	bnez	a5,136d8 <fflush+0x18>
   136d4:	4501                	li	a0,0
   136d6:	8082                	ret
   136d8:	bd09                	j	134ea <__sflush_r>
   136da:	1101                	addi	sp,sp,-32
   136dc:	e42e                	sd	a1,8(sp)
   136de:	e02a                	sd	a0,0(sp)
   136e0:	ec06                	sd	ra,24(sp)
   136e2:	dddfc0ef          	jal	104be <__sinit>
   136e6:	65a2                	ld	a1,8(sp)
   136e8:	6502                	ld	a0,0(sp)
   136ea:	01059783          	lh	a5,16(a1)
   136ee:	e385                	bnez	a5,1370e <fflush+0x4e>
   136f0:	60e2                	ld	ra,24(sp)
   136f2:	4501                	li	a0,0
   136f4:	6105                	addi	sp,sp,32
   136f6:	8082                	ret
   136f8:	666d                	lui	a2,0x1b
   136fa:	65cd                	lui	a1,0x13
   136fc:	656d                	lui	a0,0x1b
   136fe:	a7060613          	addi	a2,a2,-1424 # 1aa70 <__sglue>
   13702:	68458593          	addi	a1,a1,1668 # 13684 <_fflush_r>
   13706:	a8850513          	addi	a0,a0,-1400 # 1aa88 <_impure_data>
   1370a:	deffc06f          	j	104f8 <_fwalk_sglue>
   1370e:	60e2                	ld	ra,24(sp)
   13710:	6105                	addi	sp,sp,32
   13712:	bbe1                	j	134ea <__sflush_r>

0000000000013714 <__sfvwrite_r>:
   13714:	6a1c                	ld	a5,16(a2)
   13716:	18078d63          	beqz	a5,138b0 <__sfvwrite_r+0x19c>
   1371a:	01059683          	lh	a3,16(a1)
   1371e:	711d                	addi	sp,sp,-96
   13720:	e8a2                	sd	s0,80(sp)
   13722:	f852                	sd	s4,48(sp)
   13724:	f456                	sd	s5,40(sp)
   13726:	ec86                	sd	ra,88(sp)
   13728:	0086f793          	andi	a5,a3,8
   1372c:	842e                	mv	s0,a1
   1372e:	8aaa                	mv	s5,a0
   13730:	8a32                	mv	s4,a2
   13732:	c7bd                	beqz	a5,137a0 <__sfvwrite_r+0x8c>
   13734:	6d9c                	ld	a5,24(a1)
   13736:	c7ad                	beqz	a5,137a0 <__sfvwrite_r+0x8c>
   13738:	e4a6                	sd	s1,72(sp)
   1373a:	e0ca                	sd	s2,64(sp)
   1373c:	fc4e                	sd	s3,56(sp)
   1373e:	f05a                	sd	s6,32(sp)
   13740:	0026f793          	andi	a5,a3,2
   13744:	000a3483          	ld	s1,0(s4)
   13748:	cfad                	beqz	a5,137c2 <__sfvwrite_r+0xae>
   1374a:	80000b37          	lui	s6,0x80000
   1374e:	c00b4b13          	xori	s6,s6,-1024
   13752:	4981                	li	s3,0
   13754:	4901                	li	s2,0
   13756:	864e                	mv	a2,s3
   13758:	8556                	mv	a0,s5
   1375a:	14090563          	beqz	s2,138a4 <__sfvwrite_r+0x190>
   1375e:	86ca                	mv	a3,s2
   13760:	012b7663          	bgeu	s6,s2,1376c <__sfvwrite_r+0x58>
   13764:	800006b7          	lui	a3,0x80000
   13768:	c006c693          	xori	a3,a3,-1024
   1376c:	603c                	ld	a5,64(s0)
   1376e:	780c                	ld	a1,48(s0)
   13770:	2681                	sext.w	a3,a3
   13772:	9782                	jalr	a5
   13774:	2ea05163          	blez	a0,13a56 <__sfvwrite_r+0x342>
   13778:	010a3783          	ld	a5,16(s4)
   1377c:	99aa                	add	s3,s3,a0
   1377e:	40a90933          	sub	s2,s2,a0
   13782:	8f89                	sub	a5,a5,a0
   13784:	00fa3823          	sd	a5,16(s4)
   13788:	f7f9                	bnez	a5,13756 <__sfvwrite_r+0x42>
   1378a:	64a6                	ld	s1,72(sp)
   1378c:	6906                	ld	s2,64(sp)
   1378e:	79e2                	ld	s3,56(sp)
   13790:	7b02                	ld	s6,32(sp)
   13792:	4501                	li	a0,0
   13794:	60e6                	ld	ra,88(sp)
   13796:	6446                	ld	s0,80(sp)
   13798:	7a42                	ld	s4,48(sp)
   1379a:	7aa2                	ld	s5,40(sp)
   1379c:	6125                	addi	sp,sp,96
   1379e:	8082                	ret
   137a0:	85a2                	mv	a1,s0
   137a2:	8556                	mv	a0,s5
   137a4:	2ca000ef          	jal	13a6e <__swsetup_r>
   137a8:	1e051263          	bnez	a0,1398c <__sfvwrite_r+0x278>
   137ac:	01041683          	lh	a3,16(s0)
   137b0:	e4a6                	sd	s1,72(sp)
   137b2:	e0ca                	sd	s2,64(sp)
   137b4:	fc4e                	sd	s3,56(sp)
   137b6:	f05a                	sd	s6,32(sp)
   137b8:	0026f793          	andi	a5,a3,2
   137bc:	000a3483          	ld	s1,0(s4)
   137c0:	f7c9                	bnez	a5,1374a <__sfvwrite_r+0x36>
   137c2:	ec5e                	sd	s7,24(sp)
   137c4:	e862                	sd	s8,16(sp)
   137c6:	e466                	sd	s9,8(sp)
   137c8:	0016f793          	andi	a5,a3,1
   137cc:	e7e5                	bnez	a5,138b4 <__sfvwrite_r+0x1a0>
   137ce:	601c                	ld	a5,0(s0)
   137d0:	80000737          	lui	a4,0x80000
   137d4:	fff74c13          	not	s8,a4
   137d8:	4b01                	li	s6,0
   137da:	4981                	li	s3,0
   137dc:	0a098e63          	beqz	s3,13898 <__sfvwrite_r+0x184>
   137e0:	2006f713          	andi	a4,a3,512
   137e4:	00c42903          	lw	s2,12(s0)
   137e8:	853e                	mv	a0,a5
   137ea:	1a070363          	beqz	a4,13990 <__sfvwrite_r+0x27c>
   137ee:	0729ee63          	bltu	s3,s2,1386a <__sfvwrite_r+0x156>
   137f2:	4806f713          	andi	a4,a3,1152
   137f6:	8bca                	mv	s7,s2
   137f8:	cb3d                	beqz	a4,1386e <__sfvwrite_r+0x15a>
   137fa:	5010                	lw	a2,32(s0)
   137fc:	6c0c                	ld	a1,24(s0)
   137fe:	0016171b          	slliw	a4,a2,0x1
   13802:	9f31                	addw	a4,a4,a2
   13804:	8f8d                	sub	a5,a5,a1
   13806:	01f7591b          	srliw	s2,a4,0x1f
   1380a:	00078b9b          	sext.w	s7,a5
   1380e:	00e9093b          	addw	s2,s2,a4
   13812:	001b8713          	addi	a4,s7,1
   13816:	4019591b          	sraiw	s2,s2,0x1
   1381a:	974e                	add	a4,a4,s3
   1381c:	00e97563          	bgeu	s2,a4,13826 <__sfvwrite_r+0x112>
   13820:	2785                	addiw	a5,a5,1
   13822:	0137893b          	addw	s2,a5,s3
   13826:	4006f693          	andi	a3,a3,1024
   1382a:	1e068963          	beqz	a3,13a1c <__sfvwrite_r+0x308>
   1382e:	85ca                	mv	a1,s2
   13830:	8556                	mv	a0,s5
   13832:	ce8fd0ef          	jal	10d1a <_malloc_r>
   13836:	8caa                	mv	s9,a0
   13838:	22050263          	beqz	a0,13a5c <__sfvwrite_r+0x348>
   1383c:	6c0c                	ld	a1,24(s0)
   1383e:	865e                	mv	a2,s7
   13840:	596000ef          	jal	13dd6 <memcpy>
   13844:	01045703          	lhu	a4,16(s0)
   13848:	b7f77713          	andi	a4,a4,-1153
   1384c:	08076713          	ori	a4,a4,128
   13850:	00e41823          	sh	a4,16(s0)
   13854:	017c8533          	add	a0,s9,s7
   13858:	41790bbb          	subw	s7,s2,s7
   1385c:	01943c23          	sd	s9,24(s0)
   13860:	e008                	sd	a0,0(s0)
   13862:	01742623          	sw	s7,12(s0)
   13866:	03242023          	sw	s2,32(s0)
   1386a:	8bce                	mv	s7,s3
   1386c:	894e                	mv	s2,s3
   1386e:	85da                	mv	a1,s6
   13870:	864a                	mv	a2,s2
   13872:	482000ef          	jal	13cf4 <memmove>
   13876:	4454                	lw	a3,12(s0)
   13878:	601c                	ld	a5,0(s0)
   1387a:	010a3703          	ld	a4,16(s4)
   1387e:	417686bb          	subw	a3,a3,s7
   13882:	97ca                	add	a5,a5,s2
   13884:	c454                	sw	a3,12(s0)
   13886:	e01c                	sd	a5,0(s0)
   13888:	41370733          	sub	a4,a4,s3
   1388c:	00ea3823          	sd	a4,16(s4)
   13890:	1a070f63          	beqz	a4,13a4e <__sfvwrite_r+0x33a>
   13894:	01041683          	lh	a3,16(s0)
   13898:	0004bb03          	ld	s6,0(s1)
   1389c:	0084b983          	ld	s3,8(s1)
   138a0:	04c1                	addi	s1,s1,16
   138a2:	bf2d                	j	137dc <__sfvwrite_r+0xc8>
   138a4:	0004b983          	ld	s3,0(s1)
   138a8:	0084b903          	ld	s2,8(s1)
   138ac:	04c1                	addi	s1,s1,16
   138ae:	b565                	j	13756 <__sfvwrite_r+0x42>
   138b0:	4501                	li	a0,0
   138b2:	8082                	ret
   138b4:	4b81                	li	s7,0
   138b6:	4c01                	li	s8,0
   138b8:	4501                	li	a0,0
   138ba:	4c81                	li	s9,0
   138bc:	060b8063          	beqz	s7,1391c <__sfvwrite_r+0x208>
   138c0:	c535                	beqz	a0,1392c <__sfvwrite_r+0x218>
   138c2:	89e2                	mv	s3,s8
   138c4:	018bf363          	bgeu	s7,s8,138ca <__sfvwrite_r+0x1b6>
   138c8:	89de                	mv	s3,s7
   138ca:	5014                	lw	a3,32(s0)
   138cc:	00c42b03          	lw	s6,12(s0)
   138d0:	6008                	ld	a0,0(s0)
   138d2:	6c1c                	ld	a5,24(s0)
   138d4:	00db0b3b          	addw	s6,s6,a3
   138d8:	894e                	mv	s2,s3
   138da:	00a7f463          	bgeu	a5,a0,138e2 <__sfvwrite_r+0x1ce>
   138de:	073b4263          	blt	s6,s3,13942 <__sfvwrite_r+0x22e>
   138e2:	12d9c163          	blt	s3,a3,13a04 <__sfvwrite_r+0x2f0>
   138e6:	603c                	ld	a5,64(s0)
   138e8:	780c                	ld	a1,48(s0)
   138ea:	8666                	mv	a2,s9
   138ec:	8556                	mv	a0,s5
   138ee:	9782                	jalr	a5
   138f0:	892a                	mv	s2,a0
   138f2:	08a05063          	blez	a0,13972 <__sfvwrite_r+0x25e>
   138f6:	89aa                	mv	s3,a0
   138f8:	413c0c3b          	subw	s8,s8,s3
   138fc:	4505                	li	a0,1
   138fe:	060c0563          	beqz	s8,13968 <__sfvwrite_r+0x254>
   13902:	010a3783          	ld	a5,16(s4)
   13906:	412787b3          	sub	a5,a5,s2
   1390a:	00fa3823          	sd	a5,16(s4)
   1390e:	14078063          	beqz	a5,13a4e <__sfvwrite_r+0x33a>
   13912:	412b8bb3          	sub	s7,s7,s2
   13916:	9cca                	add	s9,s9,s2
   13918:	fa0b94e3          	bnez	s7,138c0 <__sfvwrite_r+0x1ac>
   1391c:	0084bb83          	ld	s7,8(s1)
   13920:	87a6                	mv	a5,s1
   13922:	04c1                	addi	s1,s1,16
   13924:	fe0b8ce3          	beqz	s7,1391c <__sfvwrite_r+0x208>
   13928:	0007bc83          	ld	s9,0(a5)
   1392c:	865e                	mv	a2,s7
   1392e:	45a9                	li	a1,10
   13930:	8566                	mv	a0,s9
   13932:	22c000ef          	jal	13b5e <memchr>
   13936:	10050963          	beqz	a0,13a48 <__sfvwrite_r+0x334>
   1393a:	0505                	addi	a0,a0,1
   1393c:	41950c3b          	subw	s8,a0,s9
   13940:	b749                	j	138c2 <__sfvwrite_r+0x1ae>
   13942:	85e6                	mv	a1,s9
   13944:	865a                	mv	a2,s6
   13946:	3ae000ef          	jal	13cf4 <memmove>
   1394a:	601c                	ld	a5,0(s0)
   1394c:	85a2                	mv	a1,s0
   1394e:	8556                	mv	a0,s5
   13950:	97da                	add	a5,a5,s6
   13952:	e01c                	sd	a5,0(s0)
   13954:	d31ff0ef          	jal	13684 <_fflush_r>
   13958:	ed09                	bnez	a0,13972 <__sfvwrite_r+0x25e>
   1395a:	89da                	mv	s3,s6
   1395c:	413c0c3b          	subw	s8,s8,s3
   13960:	895a                	mv	s2,s6
   13962:	4505                	li	a0,1
   13964:	f80c1fe3          	bnez	s8,13902 <__sfvwrite_r+0x1ee>
   13968:	85a2                	mv	a1,s0
   1396a:	8556                	mv	a0,s5
   1396c:	d19ff0ef          	jal	13684 <_fflush_r>
   13970:	d949                	beqz	a0,13902 <__sfvwrite_r+0x1ee>
   13972:	01041783          	lh	a5,16(s0)
   13976:	6be2                	ld	s7,24(sp)
   13978:	6c42                	ld	s8,16(sp)
   1397a:	6ca2                	ld	s9,8(sp)
   1397c:	64a6                	ld	s1,72(sp)
   1397e:	6906                	ld	s2,64(sp)
   13980:	79e2                	ld	s3,56(sp)
   13982:	7b02                	ld	s6,32(sp)
   13984:	0407e793          	ori	a5,a5,64
   13988:	00f41823          	sh	a5,16(s0)
   1398c:	557d                	li	a0,-1
   1398e:	b519                	j	13794 <__sfvwrite_r+0x80>
   13990:	6c18                	ld	a4,24(s0)
   13992:	04f76363          	bltu	a4,a5,139d8 <__sfvwrite_r+0x2c4>
   13996:	5018                	lw	a4,32(s0)
   13998:	04e9e063          	bltu	s3,a4,139d8 <__sfvwrite_r+0x2c4>
   1399c:	86ce                	mv	a3,s3
   1399e:	013c7363          	bgeu	s8,s3,139a4 <__sfvwrite_r+0x290>
   139a2:	86e2                	mv	a3,s8
   139a4:	02e6c6bb          	divw	a3,a3,a4
   139a8:	603c                	ld	a5,64(s0)
   139aa:	780c                	ld	a1,48(s0)
   139ac:	865a                	mv	a2,s6
   139ae:	8556                	mv	a0,s5
   139b0:	02e686bb          	mulw	a3,a3,a4
   139b4:	9782                	jalr	a5
   139b6:	faa05ee3          	blez	a0,13972 <__sfvwrite_r+0x25e>
   139ba:	892a                	mv	s2,a0
   139bc:	010a3783          	ld	a5,16(s4)
   139c0:	412989b3          	sub	s3,s3,s2
   139c4:	412787b3          	sub	a5,a5,s2
   139c8:	00fa3823          	sd	a5,16(s4)
   139cc:	c3c9                	beqz	a5,13a4e <__sfvwrite_r+0x33a>
   139ce:	01041683          	lh	a3,16(s0)
   139d2:	601c                	ld	a5,0(s0)
   139d4:	9b4a                	add	s6,s6,s2
   139d6:	b519                	j	137dc <__sfvwrite_r+0xc8>
   139d8:	0129f363          	bgeu	s3,s2,139de <__sfvwrite_r+0x2ca>
   139dc:	894e                	mv	s2,s3
   139de:	853e                	mv	a0,a5
   139e0:	864a                	mv	a2,s2
   139e2:	85da                	mv	a1,s6
   139e4:	310000ef          	jal	13cf4 <memmove>
   139e8:	601c                	ld	a5,0(s0)
   139ea:	4458                	lw	a4,12(s0)
   139ec:	97ca                	add	a5,a5,s2
   139ee:	4127073b          	subw	a4,a4,s2
   139f2:	e01c                	sd	a5,0(s0)
   139f4:	c458                	sw	a4,12(s0)
   139f6:	f379                	bnez	a4,139bc <__sfvwrite_r+0x2a8>
   139f8:	85a2                	mv	a1,s0
   139fa:	8556                	mv	a0,s5
   139fc:	c89ff0ef          	jal	13684 <_fflush_r>
   13a00:	dd55                	beqz	a0,139bc <__sfvwrite_r+0x2a8>
   13a02:	bf85                	j	13972 <__sfvwrite_r+0x25e>
   13a04:	864e                	mv	a2,s3
   13a06:	85e6                	mv	a1,s9
   13a08:	2ec000ef          	jal	13cf4 <memmove>
   13a0c:	4458                	lw	a4,12(s0)
   13a0e:	601c                	ld	a5,0(s0)
   13a10:	4137073b          	subw	a4,a4,s3
   13a14:	97ce                	add	a5,a5,s3
   13a16:	c458                	sw	a4,12(s0)
   13a18:	e01c                	sd	a5,0(s0)
   13a1a:	bdf9                	j	138f8 <__sfvwrite_r+0x1e4>
   13a1c:	864a                	mv	a2,s2
   13a1e:	8556                	mv	a0,s5
   13a20:	137020ef          	jal	16356 <_realloc_r>
   13a24:	8caa                	mv	s9,a0
   13a26:	e20517e3          	bnez	a0,13854 <__sfvwrite_r+0x140>
   13a2a:	6c0c                	ld	a1,24(s0)
   13a2c:	8556                	mv	a0,s5
   13a2e:	8b4fd0ef          	jal	10ae2 <_free_r>
   13a32:	01045783          	lhu	a5,16(s0)
   13a36:	4731                	li	a4,12
   13a38:	6be2                	ld	s7,24(sp)
   13a3a:	6c42                	ld	s8,16(sp)
   13a3c:	6ca2                	ld	s9,8(sp)
   13a3e:	00eaa023          	sw	a4,0(s5)
   13a42:	f7f7f793          	andi	a5,a5,-129
   13a46:	bf1d                	j	1397c <__sfvwrite_r+0x268>
   13a48:	001b8c1b          	addiw	s8,s7,1
   13a4c:	bd9d                	j	138c2 <__sfvwrite_r+0x1ae>
   13a4e:	6be2                	ld	s7,24(sp)
   13a50:	6c42                	ld	s8,16(sp)
   13a52:	6ca2                	ld	s9,8(sp)
   13a54:	bb1d                	j	1378a <__sfvwrite_r+0x76>
   13a56:	01041783          	lh	a5,16(s0)
   13a5a:	b70d                	j	1397c <__sfvwrite_r+0x268>
   13a5c:	47b1                	li	a5,12
   13a5e:	00faa023          	sw	a5,0(s5)
   13a62:	6be2                	ld	s7,24(sp)
   13a64:	01041783          	lh	a5,16(s0)
   13a68:	6c42                	ld	s8,16(sp)
   13a6a:	6ca2                	ld	s9,8(sp)
   13a6c:	bf01                	j	1397c <__sfvwrite_r+0x268>

0000000000013a6e <__swsetup_r>:
   13a6e:	8781b703          	ld	a4,-1928(gp) # 1b630 <_impure_ptr>
   13a72:	1101                	addi	sp,sp,-32
   13a74:	ec06                	sd	ra,24(sp)
   13a76:	862a                	mv	a2,a0
   13a78:	87ae                	mv	a5,a1
   13a7a:	c319                	beqz	a4,13a80 <__swsetup_r+0x12>
   13a7c:	6734                	ld	a3,72(a4)
   13a7e:	c2e1                	beqz	a3,13b3e <__swsetup_r+0xd0>
   13a80:	01079703          	lh	a4,16(a5)
   13a84:	00877693          	andi	a3,a4,8
   13a88:	c29d                	beqz	a3,13aae <__swsetup_r+0x40>
   13a8a:	6f94                	ld	a3,24(a5)
   13a8c:	ce8d                	beqz	a3,13ac6 <__swsetup_r+0x58>
   13a8e:	01079703          	lh	a4,16(a5)
   13a92:	00177613          	andi	a2,a4,1
   13a96:	ca39                	beqz	a2,13aec <__swsetup_r+0x7e>
   13a98:	5390                	lw	a2,32(a5)
   13a9a:	0007a623          	sw	zero,12(a5)
   13a9e:	4501                	li	a0,0
   13aa0:	40c0063b          	negw	a2,a2
   13aa4:	d790                	sw	a2,40(a5)
   13aa6:	cab9                	beqz	a3,13afc <__swsetup_r+0x8e>
   13aa8:	60e2                	ld	ra,24(sp)
   13aaa:	6105                	addi	sp,sp,32
   13aac:	8082                	ret
   13aae:	01077693          	andi	a3,a4,16
   13ab2:	ced1                	beqz	a3,13b4e <__swsetup_r+0xe0>
   13ab4:	00477693          	andi	a3,a4,4
   13ab8:	eab9                	bnez	a3,13b0e <__swsetup_r+0xa0>
   13aba:	6f94                	ld	a3,24(a5)
   13abc:	00876713          	ori	a4,a4,8
   13ac0:	00e79823          	sh	a4,16(a5)
   13ac4:	f6e9                	bnez	a3,13a8e <__swsetup_r+0x20>
   13ac6:	6b98                	ld	a4,16(a5)
   13ac8:	20000593          	li	a1,512
   13acc:	28077713          	andi	a4,a4,640
   13ad0:	fab70fe3          	beq	a4,a1,13a8e <__swsetup_r+0x20>
   13ad4:	8532                	mv	a0,a2
   13ad6:	85be                	mv	a1,a5
   13ad8:	e03e                	sd	a5,0(sp)
   13ada:	4f7020ef          	jal	167d0 <__smakebuf_r>
   13ade:	6782                	ld	a5,0(sp)
   13ae0:	01079703          	lh	a4,16(a5)
   13ae4:	6f94                	ld	a3,24(a5)
   13ae6:	00177613          	andi	a2,a4,1
   13aea:	f65d                	bnez	a2,13a98 <__swsetup_r+0x2a>
   13aec:	00277613          	andi	a2,a4,2
   13af0:	4581                	li	a1,0
   13af2:	e211                	bnez	a2,13af6 <__swsetup_r+0x88>
   13af4:	538c                	lw	a1,32(a5)
   13af6:	c7cc                	sw	a1,12(a5)
   13af8:	4501                	li	a0,0
   13afa:	f6dd                	bnez	a3,13aa8 <__swsetup_r+0x3a>
   13afc:	08077693          	andi	a3,a4,128
   13b00:	d6c5                	beqz	a3,13aa8 <__swsetup_r+0x3a>
   13b02:	04076713          	ori	a4,a4,64
   13b06:	00e79823          	sh	a4,16(a5)
   13b0a:	557d                	li	a0,-1
   13b0c:	bf71                	j	13aa8 <__swsetup_r+0x3a>
   13b0e:	6fac                	ld	a1,88(a5)
   13b10:	c185                	beqz	a1,13b30 <__swsetup_r+0xc2>
   13b12:	07478693          	addi	a3,a5,116
   13b16:	00d58b63          	beq	a1,a3,13b2c <__swsetup_r+0xbe>
   13b1a:	8532                	mv	a0,a2
   13b1c:	e43e                	sd	a5,8(sp)
   13b1e:	e032                	sd	a2,0(sp)
   13b20:	fc3fc0ef          	jal	10ae2 <_free_r>
   13b24:	67a2                	ld	a5,8(sp)
   13b26:	6602                	ld	a2,0(sp)
   13b28:	01079703          	lh	a4,16(a5)
   13b2c:	0407bc23          	sd	zero,88(a5)
   13b30:	6f94                	ld	a3,24(a5)
   13b32:	fdb77713          	andi	a4,a4,-37
   13b36:	0007a423          	sw	zero,8(a5)
   13b3a:	e394                	sd	a3,0(a5)
   13b3c:	b741                	j	13abc <__swsetup_r+0x4e>
   13b3e:	e02a                	sd	a0,0(sp)
   13b40:	853a                	mv	a0,a4
   13b42:	e42e                	sd	a1,8(sp)
   13b44:	97bfc0ef          	jal	104be <__sinit>
   13b48:	67a2                	ld	a5,8(sp)
   13b4a:	6602                	ld	a2,0(sp)
   13b4c:	bf15                	j	13a80 <__swsetup_r+0x12>
   13b4e:	46a5                	li	a3,9
   13b50:	04076713          	ori	a4,a4,64
   13b54:	c214                	sw	a3,0(a2)
   13b56:	00e79823          	sh	a4,16(a5)
   13b5a:	557d                	li	a0,-1
   13b5c:	b7b1                	j	13aa8 <__swsetup_r+0x3a>

0000000000013b5e <memchr>:
   13b5e:	00757793          	andi	a5,a0,7
   13b62:	0ff5f313          	zext.b	t1,a1
   13b66:	cb99                	beqz	a5,13b7c <memchr+0x1e>
   13b68:	c241                	beqz	a2,13be8 <memchr+0x8a>
   13b6a:	00054783          	lbu	a5,0(a0)
   13b6e:	167d                	addi	a2,a2,-1
   13b70:	06678b63          	beq	a5,t1,13be6 <memchr+0x88>
   13b74:	0505                	addi	a0,a0,1
   13b76:	00757793          	andi	a5,a0,7
   13b7a:	f7fd                	bnez	a5,13b68 <memchr+0xa>
   13b7c:	481d                	li	a6,7
   13b7e:	04c87a63          	bgeu	a6,a2,13bd2 <memchr+0x74>
   13b82:	0ff5f593          	zext.b	a1,a1
   13b86:	0085979b          	slliw	a5,a1,0x8
   13b8a:	97ae                	add	a5,a5,a1
   13b8c:	01079693          	slli	a3,a5,0x10
   13b90:	7f7f8737          	lui	a4,0x7f7f8
   13b94:	96be                	add	a3,a3,a5
   13b96:	f7f70713          	addi	a4,a4,-129 # 7f7f7f7f <__BSS_END__+0x7f7d4347>
   13b9a:	feff07b7          	lui	a5,0xfeff0
   13b9e:	eff78793          	addi	a5,a5,-257 # fffffffffefefeff <__BSS_END__+0xfffffffffefcc2c7>
   13ba2:	02071593          	slli	a1,a4,0x20
   13ba6:	02069e13          	slli	t3,a3,0x20
   13baa:	95ba                	add	a1,a1,a4
   13bac:	02079893          	slli	a7,a5,0x20
   13bb0:	96f2                	add	a3,a3,t3
   13bb2:	fff5c593          	not	a1,a1
   13bb6:	98be                	add	a7,a7,a5
   13bb8:	611c                	ld	a5,0(a0)
   13bba:	8fb5                	xor	a5,a5,a3
   13bbc:	01178733          	add	a4,a5,a7
   13bc0:	fff7c793          	not	a5,a5
   13bc4:	8ff9                	and	a5,a5,a4
   13bc6:	8fed                	and	a5,a5,a1
   13bc8:	e791                	bnez	a5,13bd4 <memchr+0x76>
   13bca:	1661                	addi	a2,a2,-8
   13bcc:	0521                	addi	a0,a0,8
   13bce:	fec865e3          	bltu	a6,a2,13bb8 <memchr+0x5a>
   13bd2:	ca19                	beqz	a2,13be8 <memchr+0x8a>
   13bd4:	962a                	add	a2,a2,a0
   13bd6:	a021                	j	13bde <memchr+0x80>
   13bd8:	0505                	addi	a0,a0,1
   13bda:	00c50763          	beq	a0,a2,13be8 <memchr+0x8a>
   13bde:	00054783          	lbu	a5,0(a0)
   13be2:	fe679be3          	bne	a5,t1,13bd8 <memchr+0x7a>
   13be6:	8082                	ret
   13be8:	4501                	li	a0,0
   13bea:	8082                	ret

0000000000013bec <strncpy>:
   13bec:	00a5e7b3          	or	a5,a1,a0
   13bf0:	8b9d                	andi	a5,a5,7
   13bf2:	e781                	bnez	a5,13bfa <strncpy+0xe>
   13bf4:	00863793          	sltiu	a5,a2,8
   13bf8:	cb95                	beqz	a5,13c2c <strncpy+0x40>
   13bfa:	872a                	mv	a4,a0
   13bfc:	a811                	j	13c10 <strncpy+0x24>
   13bfe:	fff5c683          	lbu	a3,-1(a1)
   13c02:	fff60813          	addi	a6,a2,-1
   13c06:	fed78fa3          	sb	a3,-1(a5)
   13c0a:	ca81                	beqz	a3,13c1a <strncpy+0x2e>
   13c0c:	873e                	mv	a4,a5
   13c0e:	8642                	mv	a2,a6
   13c10:	0585                	addi	a1,a1,1
   13c12:	00170793          	addi	a5,a4,1
   13c16:	f665                	bnez	a2,13bfe <strncpy+0x12>
   13c18:	8082                	ret
   13c1a:	9732                	add	a4,a4,a2
   13c1c:	04080b63          	beqz	a6,13c72 <strncpy+0x86>
   13c20:	0785                	addi	a5,a5,1
   13c22:	fe078fa3          	sb	zero,-1(a5)
   13c26:	fee79de3          	bne	a5,a4,13c20 <strncpy+0x34>
   13c2a:	8082                	ret
   13c2c:	7f7f8737          	lui	a4,0x7f7f8
   13c30:	f7f70713          	addi	a4,a4,-129 # 7f7f7f7f <__BSS_END__+0x7f7d4347>
   13c34:	feff07b7          	lui	a5,0xfeff0
   13c38:	02071893          	slli	a7,a4,0x20
   13c3c:	eff78793          	addi	a5,a5,-257 # fffffffffefefeff <__BSS_END__+0xfffffffffefcc2c7>
   13c40:	98ba                	add	a7,a7,a4
   13c42:	02079313          	slli	t1,a5,0x20
   13c46:	933e                	add	t1,t1,a5
   13c48:	fff8c893          	not	a7,a7
   13c4c:	872a                	mv	a4,a0
   13c4e:	4e1d                	li	t3,7
   13c50:	6194                	ld	a3,0(a1)
   13c52:	006687b3          	add	a5,a3,t1
   13c56:	fff6c813          	not	a6,a3
   13c5a:	0107f7b3          	and	a5,a5,a6
   13c5e:	0117f7b3          	and	a5,a5,a7
   13c62:	f7dd                	bnez	a5,13c10 <strncpy+0x24>
   13c64:	1661                	addi	a2,a2,-8
   13c66:	e314                	sd	a3,0(a4)
   13c68:	0721                	addi	a4,a4,8
   13c6a:	05a1                	addi	a1,a1,8
   13c6c:	fece62e3          	bltu	t3,a2,13c50 <strncpy+0x64>
   13c70:	b745                	j	13c10 <strncpy+0x24>
   13c72:	8082                	ret

0000000000013c74 <__localeconv_l>:
   13c74:	10050513          	addi	a0,a0,256
   13c78:	8082                	ret

0000000000013c7a <_localeconv_r>:
   13c7a:	656d                	lui	a0,0x1b
   13c7c:	51050513          	addi	a0,a0,1296 # 1b510 <__global_locale+0x100>
   13c80:	8082                	ret

0000000000013c82 <localeconv>:
   13c82:	656d                	lui	a0,0x1b
   13c84:	51050513          	addi	a0,a0,1296 # 1b510 <__global_locale+0x100>
   13c88:	8082                	ret

0000000000013c8a <_sbrk_r>:
   13c8a:	1101                	addi	sp,sp,-32
   13c8c:	e822                	sd	s0,16(sp)
   13c8e:	e426                	sd	s1,8(sp)
   13c90:	84aa                	mv	s1,a0
   13c92:	852e                	mv	a0,a1
   13c94:	ec06                	sd	ra,24(sp)
   13c96:	8801ac23          	sw	zero,-1896(gp) # 1b650 <errno>
   13c9a:	23e040ef          	jal	17ed8 <_sbrk>
   13c9e:	57fd                	li	a5,-1
   13ca0:	00f50763          	beq	a0,a5,13cae <_sbrk_r+0x24>
   13ca4:	60e2                	ld	ra,24(sp)
   13ca6:	6442                	ld	s0,16(sp)
   13ca8:	64a2                	ld	s1,8(sp)
   13caa:	6105                	addi	sp,sp,32
   13cac:	8082                	ret
   13cae:	8981a783          	lw	a5,-1896(gp) # 1b650 <errno>
   13cb2:	dbed                	beqz	a5,13ca4 <_sbrk_r+0x1a>
   13cb4:	60e2                	ld	ra,24(sp)
   13cb6:	6442                	ld	s0,16(sp)
   13cb8:	c09c                	sw	a5,0(s1)
   13cba:	64a2                	ld	s1,8(sp)
   13cbc:	6105                	addi	sp,sp,32
   13cbe:	8082                	ret

0000000000013cc0 <__libc_fini_array>:
   13cc0:	1101                	addi	sp,sp,-32
   13cc2:	e822                	sd	s0,16(sp)
   13cc4:	67ed                	lui	a5,0x1b
   13cc6:	646d                	lui	s0,0x1b
   13cc8:	a7078793          	addi	a5,a5,-1424 # 1aa70 <__sglue>
   13ccc:	a6840413          	addi	s0,s0,-1432 # 1aa68 <__do_global_dtors_aux_fini_array_entry>
   13cd0:	8f81                	sub	a5,a5,s0
   13cd2:	e426                	sd	s1,8(sp)
   13cd4:	ec06                	sd	ra,24(sp)
   13cd6:	4037d493          	srai	s1,a5,0x3
   13cda:	c881                	beqz	s1,13cea <__libc_fini_array+0x2a>
   13cdc:	1461                	addi	s0,s0,-8
   13cde:	943e                	add	s0,s0,a5
   13ce0:	601c                	ld	a5,0(s0)
   13ce2:	14fd                	addi	s1,s1,-1
   13ce4:	1461                	addi	s0,s0,-8
   13ce6:	9782                	jalr	a5
   13ce8:	fce5                	bnez	s1,13ce0 <__libc_fini_array+0x20>
   13cea:	60e2                	ld	ra,24(sp)
   13cec:	6442                	ld	s0,16(sp)
   13cee:	64a2                	ld	s1,8(sp)
   13cf0:	6105                	addi	sp,sp,32
   13cf2:	8082                	ret

0000000000013cf4 <memmove>:
   13cf4:	02a5f163          	bgeu	a1,a0,13d16 <memmove+0x22>
   13cf8:	00c587b3          	add	a5,a1,a2
   13cfc:	00f57d63          	bgeu	a0,a5,13d16 <memmove+0x22>
   13d00:	ce05                	beqz	a2,13d38 <memmove+0x44>
   13d02:	962a                	add	a2,a2,a0
   13d04:	fff7c703          	lbu	a4,-1(a5)
   13d08:	167d                	addi	a2,a2,-1
   13d0a:	17fd                	addi	a5,a5,-1
   13d0c:	00e60023          	sb	a4,0(a2)
   13d10:	fec51ae3          	bne	a0,a2,13d04 <memmove+0x10>
   13d14:	8082                	ret
   13d16:	47fd                	li	a5,31
   13d18:	02c7e163          	bltu	a5,a2,13d3a <memmove+0x46>
   13d1c:	87aa                	mv	a5,a0
   13d1e:	fff60693          	addi	a3,a2,-1
   13d22:	c65d                	beqz	a2,13dd0 <memmove+0xdc>
   13d24:	0685                	addi	a3,a3,1 # ffffffff80000001 <__BSS_END__+0xffffffff7ffdc3c9>
   13d26:	96be                	add	a3,a3,a5
   13d28:	0005c703          	lbu	a4,0(a1)
   13d2c:	0785                	addi	a5,a5,1
   13d2e:	0585                	addi	a1,a1,1
   13d30:	fee78fa3          	sb	a4,-1(a5)
   13d34:	fed79ae3          	bne	a5,a3,13d28 <memmove+0x34>
   13d38:	8082                	ret
   13d3a:	00b567b3          	or	a5,a0,a1
   13d3e:	8b9d                	andi	a5,a5,7
   13d40:	88ae                	mv	a7,a1
   13d42:	e3d9                	bnez	a5,13dc8 <memmove+0xd4>
   13d44:	00565793          	srli	a5,a2,0x5
   13d48:	00579813          	slli	a6,a5,0x5
   13d4c:	982a                	add	a6,a6,a0
   13d4e:	17fd                	addi	a5,a5,-1
   13d50:	872a                	mv	a4,a0
   13d52:	6194                	ld	a3,0(a1)
   13d54:	02058593          	addi	a1,a1,32
   13d58:	02070713          	addi	a4,a4,32
   13d5c:	fed73023          	sd	a3,-32(a4)
   13d60:	fe85b683          	ld	a3,-24(a1)
   13d64:	fed73423          	sd	a3,-24(a4)
   13d68:	ff05b683          	ld	a3,-16(a1)
   13d6c:	fed73823          	sd	a3,-16(a4)
   13d70:	ff85b683          	ld	a3,-8(a1)
   13d74:	fed73c23          	sd	a3,-8(a4)
   13d78:	fd071de3          	bne	a4,a6,13d52 <memmove+0x5e>
   13d7c:	0796                	slli	a5,a5,0x5
   13d7e:	01178733          	add	a4,a5,a7
   13d82:	02070593          	addi	a1,a4,32
   13d86:	97aa                	add	a5,a5,a0
   13d88:	01867813          	andi	a6,a2,24
   13d8c:	02078793          	addi	a5,a5,32
   13d90:	8e2e                	mv	t3,a1
   13d92:	01f67693          	andi	a3,a2,31
   13d96:	02080e63          	beqz	a6,13dd2 <memmove+0xde>
   13d9a:	16e1                	addi	a3,a3,-8
   13d9c:	9ae1                	andi	a3,a3,-8
   13d9e:	9736                	add	a4,a4,a3
   13da0:	02870713          	addi	a4,a4,40
   13da4:	41150833          	sub	a6,a0,a7
   13da8:	0005b303          	ld	t1,0(a1)
   13dac:	010588b3          	add	a7,a1,a6
   13db0:	05a1                	addi	a1,a1,8
   13db2:	0068b023          	sd	t1,0(a7)
   13db6:	fee599e3          	bne	a1,a4,13da8 <memmove+0xb4>
   13dba:	00868713          	addi	a4,a3,8
   13dbe:	01c705b3          	add	a1,a4,t3
   13dc2:	97ba                	add	a5,a5,a4
   13dc4:	8a1d                	andi	a2,a2,7
   13dc6:	bfa1                	j	13d1e <memmove+0x2a>
   13dc8:	fff60693          	addi	a3,a2,-1
   13dcc:	87aa                	mv	a5,a0
   13dce:	bf99                	j	13d24 <memmove+0x30>
   13dd0:	8082                	ret
   13dd2:	8636                	mv	a2,a3
   13dd4:	b7a9                	j	13d1e <memmove+0x2a>

0000000000013dd6 <memcpy>:
   13dd6:	00a5c7b3          	xor	a5,a1,a0
   13dda:	8b9d                	andi	a5,a5,7
   13ddc:	00c508b3          	add	a7,a0,a2
   13de0:	e7b1                	bnez	a5,13e2c <memcpy+0x56>
   13de2:	00863613          	sltiu	a2,a2,8
   13de6:	e239                	bnez	a2,13e2c <memcpy+0x56>
   13de8:	00757793          	andi	a5,a0,7
   13dec:	872a                	mv	a4,a0
   13dee:	e7cd                	bnez	a5,13e98 <memcpy+0xc2>
   13df0:	ff88f613          	andi	a2,a7,-8
   13df4:	40e606b3          	sub	a3,a2,a4
   13df8:	04000793          	li	a5,64
   13dfc:	04d7c463          	blt	a5,a3,13e44 <memcpy+0x6e>
   13e00:	86ae                	mv	a3,a1
   13e02:	87ba                	mv	a5,a4
   13e04:	02c77163          	bgeu	a4,a2,13e26 <memcpy+0x50>
   13e08:	0006b803          	ld	a6,0(a3)
   13e0c:	07a1                	addi	a5,a5,8
   13e0e:	06a1                	addi	a3,a3,8
   13e10:	ff07bc23          	sd	a6,-8(a5)
   13e14:	fec7eae3          	bltu	a5,a2,13e08 <memcpy+0x32>
   13e18:	167d                	addi	a2,a2,-1
   13e1a:	8e19                	sub	a2,a2,a4
   13e1c:	9a61                	andi	a2,a2,-8
   13e1e:	05a1                	addi	a1,a1,8
   13e20:	0721                	addi	a4,a4,8
   13e22:	95b2                	add	a1,a1,a2
   13e24:	9732                	add	a4,a4,a2
   13e26:	01176663          	bltu	a4,a7,13e32 <memcpy+0x5c>
   13e2a:	8082                	ret
   13e2c:	872a                	mv	a4,a0
   13e2e:	ff157ee3          	bgeu	a0,a7,13e2a <memcpy+0x54>
   13e32:	0005c783          	lbu	a5,0(a1)
   13e36:	0705                	addi	a4,a4,1
   13e38:	0585                	addi	a1,a1,1
   13e3a:	fef70fa3          	sb	a5,-1(a4)
   13e3e:	fee89ae3          	bne	a7,a4,13e32 <memcpy+0x5c>
   13e42:	8082                	ret
   13e44:	6194                	ld	a3,0(a1)
   13e46:	0085b283          	ld	t0,8(a1)
   13e4a:	0105bf83          	ld	t6,16(a1)
   13e4e:	0185bf03          	ld	t5,24(a1)
   13e52:	0205be83          	ld	t4,32(a1)
   13e56:	0285be03          	ld	t3,40(a1)
   13e5a:	0305b303          	ld	t1,48(a1)
   13e5e:	0385b803          	ld	a6,56(a1)
   13e62:	e314                	sd	a3,0(a4)
   13e64:	61b4                	ld	a3,64(a1)
   13e66:	04870713          	addi	a4,a4,72
   13e6a:	fc573023          	sd	t0,-64(a4)
   13e6e:	fed73c23          	sd	a3,-8(a4)
   13e72:	fdf73423          	sd	t6,-56(a4)
   13e76:	40e606b3          	sub	a3,a2,a4
   13e7a:	fde73823          	sd	t5,-48(a4)
   13e7e:	fdd73c23          	sd	t4,-40(a4)
   13e82:	ffc73023          	sd	t3,-32(a4)
   13e86:	fe673423          	sd	t1,-24(a4)
   13e8a:	ff073823          	sd	a6,-16(a4)
   13e8e:	04858593          	addi	a1,a1,72
   13e92:	fad7c9e3          	blt	a5,a3,13e44 <memcpy+0x6e>
   13e96:	b7ad                	j	13e00 <memcpy+0x2a>
   13e98:	0005c683          	lbu	a3,0(a1)
   13e9c:	0705                	addi	a4,a4,1
   13e9e:	00777793          	andi	a5,a4,7
   13ea2:	fed70fa3          	sb	a3,-1(a4)
   13ea6:	0585                	addi	a1,a1,1
   13ea8:	d7a1                	beqz	a5,13df0 <memcpy+0x1a>
   13eaa:	0005c683          	lbu	a3,0(a1)
   13eae:	0705                	addi	a4,a4,1
   13eb0:	00777793          	andi	a5,a4,7
   13eb4:	fed70fa3          	sb	a3,-1(a4)
   13eb8:	0585                	addi	a1,a1,1
   13eba:	fff9                	bnez	a5,13e98 <memcpy+0xc2>
   13ebc:	bf15                	j	13df0 <memcpy+0x1a>

0000000000013ebe <strlen>:
   13ebe:	00757793          	andi	a5,a0,7
   13ec2:	872a                	mv	a4,a0
   13ec4:	efb1                	bnez	a5,13f20 <strlen+0x62>
   13ec6:	7f7f87b7          	lui	a5,0x7f7f8
   13eca:	f7f78793          	addi	a5,a5,-129 # 7f7f7f7f <__BSS_END__+0x7f7d4347>
   13ece:	02079693          	slli	a3,a5,0x20
   13ed2:	96be                	add	a3,a3,a5
   13ed4:	55fd                	li	a1,-1
   13ed6:	6310                	ld	a2,0(a4)
   13ed8:	0721                	addi	a4,a4,8
   13eda:	00d677b3          	and	a5,a2,a3
   13ede:	97b6                	add	a5,a5,a3
   13ee0:	8fd1                	or	a5,a5,a2
   13ee2:	8fd5                	or	a5,a5,a3
   13ee4:	feb789e3          	beq	a5,a1,13ed6 <strlen+0x18>
   13ee8:	ff874783          	lbu	a5,-8(a4)
   13eec:	40a706b3          	sub	a3,a4,a0
   13ef0:	c7a9                	beqz	a5,13f3a <strlen+0x7c>
   13ef2:	ff974783          	lbu	a5,-7(a4)
   13ef6:	cf9d                	beqz	a5,13f34 <strlen+0x76>
   13ef8:	ffa74783          	lbu	a5,-6(a4)
   13efc:	c7a9                	beqz	a5,13f46 <strlen+0x88>
   13efe:	ffb74783          	lbu	a5,-5(a4)
   13f02:	cf9d                	beqz	a5,13f40 <strlen+0x82>
   13f04:	ffc74783          	lbu	a5,-4(a4)
   13f08:	c3b1                	beqz	a5,13f4c <strlen+0x8e>
   13f0a:	ffd74783          	lbu	a5,-3(a4)
   13f0e:	c3b1                	beqz	a5,13f52 <strlen+0x94>
   13f10:	ffe74783          	lbu	a5,-2(a4)
   13f14:	00f03533          	snez	a0,a5
   13f18:	9536                	add	a0,a0,a3
   13f1a:	1579                	addi	a0,a0,-2
   13f1c:	8082                	ret
   13f1e:	d6c5                	beqz	a3,13ec6 <strlen+0x8>
   13f20:	00074783          	lbu	a5,0(a4)
   13f24:	0705                	addi	a4,a4,1
   13f26:	00777693          	andi	a3,a4,7
   13f2a:	fbf5                	bnez	a5,13f1e <strlen+0x60>
   13f2c:	8f09                	sub	a4,a4,a0
   13f2e:	fff70513          	addi	a0,a4,-1
   13f32:	8082                	ret
   13f34:	ff968513          	addi	a0,a3,-7
   13f38:	8082                	ret
   13f3a:	ff868513          	addi	a0,a3,-8
   13f3e:	8082                	ret
   13f40:	ffb68513          	addi	a0,a3,-5
   13f44:	8082                	ret
   13f46:	ffa68513          	addi	a0,a3,-6
   13f4a:	8082                	ret
   13f4c:	ffc68513          	addi	a0,a3,-4
   13f50:	8082                	ret
   13f52:	ffd68513          	addi	a0,a3,-3
   13f56:	8082                	ret

0000000000013f58 <frexpl>:
   13f58:	715d                	addi	sp,sp,-80
   13f5a:	fc26                	sd	s1,56(sp)
   13f5c:	64a1                	lui	s1,0x8
   13f5e:	e486                	sd	ra,72(sp)
   13f60:	0305d793          	srli	a5,a1,0x30
   13f64:	14fd                	addi	s1,s1,-1 # 7fff <exit-0x8121>
   13f66:	00062023          	sw	zero,0(a2)
   13f6a:	8fe5                	and	a5,a5,s1
   13f6c:	872e                	mv	a4,a1
   13f6e:	832a                	mv	t1,a0
   13f70:	06978a63          	beq	a5,s1,13fe4 <frexpl+0x8c>
   13f74:	e0a2                	sd	s0,64(sp)
   13f76:	4681                	li	a3,0
   13f78:	8432                	mv	s0,a2
   13f7a:	4601                	li	a2,0
   13f7c:	e82e                	sd	a1,16(sp)
   13f7e:	e42a                	sd	a0,8(sp)
   13f80:	ec3e                	sd	a5,24(sp)
   13f82:	f02a                	sd	a0,32(sp)
   13f84:	f42e                	sd	a1,40(sp)
   13f86:	02a040ef          	jal	17fb0 <__eqtf2>
   13f8a:	6322                	ld	t1,8(sp)
   13f8c:	6742                	ld	a4,16(sp)
   13f8e:	c931                	beqz	a0,13fe2 <frexpl+0x8a>
   13f90:	67e2                	ld	a5,24(sp)
   13f92:	4601                	li	a2,0
   13f94:	889a                	mv	a7,t1
   13f96:	883a                	mv	a6,a4
   13f98:	ef99                	bnez	a5,13fb6 <frexpl+0x5e>
   13f9a:	040716b7          	lui	a3,0x4071
   13f9e:	851a                	mv	a0,t1
   13fa0:	85ba                	mv	a1,a4
   13fa2:	1692                	slli	a3,a3,0x24
   13fa4:	220040ef          	jal	181c4 <__multf3>
   13fa8:	0305d793          	srli	a5,a1,0x30
   13fac:	882e                	mv	a6,a1
   13fae:	88aa                	mv	a7,a0
   13fb0:	8fe5                	and	a5,a5,s1
   13fb2:	f8e00613          	li	a2,-114
   13fb6:	7771                	lui	a4,0xffffc
   13fb8:	2709                	addiw	a4,a4,2 # ffffffffffffc002 <__BSS_END__+0xfffffffffffd83ca>
   13fba:	9fb9                	addw	a5,a5,a4
   13fbc:	f80016b7          	lui	a3,0xf8001
   13fc0:	9fb1                	addw	a5,a5,a2
   13fc2:	60a6                	ld	ra,72(sp)
   13fc4:	c01c                	sw	a5,0(s0)
   13fc6:	1692                	slli	a3,a3,0x24
   13fc8:	6406                	ld	s0,64(sp)
   13fca:	16fd                	addi	a3,a3,-1 # fffffffff8000fff <__BSS_END__+0xfffffffff7fdd3c7>
   13fcc:	01fff737          	lui	a4,0x1fff
   13fd0:	00d87833          	and	a6,a6,a3
   13fd4:	1716                	slli	a4,a4,0x25
   13fd6:	74e2                	ld	s1,56(sp)
   13fd8:	8546                	mv	a0,a7
   13fda:	00e865b3          	or	a1,a6,a4
   13fde:	6161                	addi	sp,sp,80
   13fe0:	8082                	ret
   13fe2:	6406                	ld	s0,64(sp)
   13fe4:	60a6                	ld	ra,72(sp)
   13fe6:	74e2                	ld	s1,56(sp)
   13fe8:	851a                	mv	a0,t1
   13fea:	85ba                	mv	a1,a4
   13fec:	6161                	addi	sp,sp,80
   13fee:	8082                	ret

0000000000013ff0 <__register_exitproc>:
   13ff0:	8a01b783          	ld	a5,-1888(gp) # 1b658 <__atexit>
   13ff4:	c3a9                	beqz	a5,14036 <__register_exitproc+0x46>
   13ff6:	4798                	lw	a4,8(a5)
   13ff8:	487d                	li	a6,31
   13ffa:	06e84263          	blt	a6,a4,1405e <__register_exitproc+0x6e>
   13ffe:	c505                	beqz	a0,14026 <__register_exitproc+0x36>
   14000:	00371813          	slli	a6,a4,0x3
   14004:	983e                	add	a6,a6,a5
   14006:	10c83823          	sd	a2,272(a6)
   1400a:	3107a883          	lw	a7,784(a5)
   1400e:	4605                	li	a2,1
   14010:	00e6163b          	sllw	a2,a2,a4
   14014:	00c8e8b3          	or	a7,a7,a2
   14018:	3117a823          	sw	a7,784(a5)
   1401c:	20d83823          	sd	a3,528(a6)
   14020:	4689                	li	a3,2
   14022:	02d50163          	beq	a0,a3,14044 <__register_exitproc+0x54>
   14026:	0017069b          	addiw	a3,a4,1 # 1fff001 <__BSS_END__+0x1fdb3c9>
   1402a:	070e                	slli	a4,a4,0x3
   1402c:	c794                	sw	a3,8(a5)
   1402e:	97ba                	add	a5,a5,a4
   14030:	eb8c                	sd	a1,16(a5)
   14032:	4501                	li	a0,0
   14034:	8082                	ret
   14036:	000247b7          	lui	a5,0x24
   1403a:	92078793          	addi	a5,a5,-1760 # 23920 <__atexit0>
   1403e:	8af1b023          	sd	a5,-1888(gp) # 1b658 <__atexit>
   14042:	bf55                	j	13ff6 <__register_exitproc+0x6>
   14044:	3147a683          	lw	a3,788(a5)
   14048:	4501                	li	a0,0
   1404a:	8e55                	or	a2,a2,a3
   1404c:	0017069b          	addiw	a3,a4,1
   14050:	070e                	slli	a4,a4,0x3
   14052:	30c7aa23          	sw	a2,788(a5)
   14056:	c794                	sw	a3,8(a5)
   14058:	97ba                	add	a5,a5,a4
   1405a:	eb8c                	sd	a1,16(a5)
   1405c:	8082                	ret
   1405e:	557d                	li	a0,-1
   14060:	8082                	ret

0000000000014062 <_ldtoa_r>:
   14062:	6365                	lui	t1,0x19
   14064:	58030313          	addi	t1,t1,1408 # 19580 <blanks.1+0x28>
   14068:	00033f03          	ld	t5,0(t1)
   1406c:	00833e83          	ld	t4,8(t1)
   14070:	01032e03          	lw	t3,16(t1)
   14074:	05053303          	ld	t1,80(a0)
   14078:	7171                	addi	sp,sp,-176
   1407a:	ed26                	sd	s1,152(sp)
   1407c:	e94a                	sd	s2,144(sp)
   1407e:	e152                	sd	s4,128(sp)
   14080:	fcd6                	sd	s5,120(sp)
   14082:	f8da                	sd	s6,112(sp)
   14084:	ece6                	sd	s9,88(sp)
   14086:	e8ea                	sd	s10,80(sp)
   14088:	e4ee                	sd	s11,72(sp)
   1408a:	f506                	sd	ra,168(sp)
   1408c:	f122                	sd	s0,160(sp)
   1408e:	e54e                	sd	s3,136(sp)
   14090:	f4de                	sd	s7,104(sp)
   14092:	f0e2                	sd	s8,96(sp)
   14094:	f47a                	sd	t5,40(sp)
   14096:	f876                	sd	t4,48(sp)
   14098:	dc72                	sw	t3,56(sp)
   1409a:	8a2a                	mv	s4,a0
   1409c:	892e                	mv	s2,a1
   1409e:	84b2                	mv	s1,a2
   140a0:	8cb6                	mv	s9,a3
   140a2:	8d3a                	mv	s10,a4
   140a4:	8abe                	mv	s5,a5
   140a6:	8b42                	mv	s6,a6
   140a8:	8dc6                	mv	s11,a7
   140aa:	00030763          	beqz	t1,140b8 <_ldtoa_r+0x56>
   140ae:	859a                	mv	a1,t1
   140b0:	344010ef          	jal	153f4 <__freedtoa>
   140b4:	040a3823          	sd	zero,80(s4)
   140b8:	5752                	lw	a4,52(sp)
   140ba:	0004a793          	slti	a5,s1,0
   140be:	59fd                	li	s3,-1
   140c0:	4017569b          	sraiw	a3,a4,0x1
   140c4:	8ff5                	and	a5,a5,a3
   140c6:	8f3d                	xor	a4,a4,a5
   140c8:	da3a                	sw	a4,52(sp)
   140ca:	0004a713          	slti	a4,s1,0
   140ce:	00eb2023          	sw	a4,0(s6) # ffffffff80000000 <__BSS_END__+0xffffffff7ffdc3c8>
   140d2:	0019d413          	srli	s0,s3,0x1
   140d6:	00149713          	slli	a4,s1,0x1
   140da:	8c65                	and	s0,s0,s1
   140dc:	03175b93          	srli	s7,a4,0x31
   140e0:	77f1                	lui	a5,0xffffc
   140e2:	01049713          	slli	a4,s1,0x10
   140e6:	f917879b          	addiw	a5,a5,-111 # ffffffffffffbf91 <__BSS_END__+0xfffffffffffd8359>
   140ea:	03075b13          	srli	s6,a4,0x30
   140ee:	86a2                	mv	a3,s0
   140f0:	85a2                	mv	a1,s0
   140f2:	864a                	mv	a2,s2
   140f4:	854a                	mv	a0,s2
   140f6:	ec4a                	sd	s2,24(sp)
   140f8:	d026                	sw	s1,32(sp)
   140fa:	00fb8c3b          	addw	s8,s7,a5
   140fe:	d25a                	sw	s6,36(sp)
   14100:	6d5040ef          	jal	18fd4 <__unordtf2>
   14104:	ed55                	bnez	a0,141c0 <_ldtoa_r+0x15e>
   14106:	07fff6b7          	lui	a3,0x7fff
   1410a:	1692                	slli	a3,a3,0x24
   1410c:	96ce                	add	a3,a3,s3
   1410e:	864e                	mv	a2,s3
   14110:	854a                	mv	a0,s2
   14112:	85a2                	mv	a1,s0
   14114:	6c1040ef          	jal	18fd4 <__unordtf2>
   14118:	e135                	bnez	a0,1417c <_ldtoa_r+0x11a>
   1411a:	07fff6b7          	lui	a3,0x7fff
   1411e:	1692                	slli	a3,a3,0x24
   14120:	864e                	mv	a2,s3
   14122:	96ce                	add	a3,a3,s3
   14124:	854a                	mv	a0,s2
   14126:	85a2                	mv	a1,s0
   14128:	7e7030ef          	jal	1810e <__letf2>
   1412c:	04a05863          	blez	a0,1417c <_ldtoa_r+0x11a>
   14130:	478d                	li	a5,3
   14132:	ca3e                	sw	a5,20(sp)
   14134:	87e6                	mv	a5,s9
   14136:	0858                	addi	a4,sp,20
   14138:	e06e                	sd	s11,0(sp)
   1413a:	886a                	mv	a6,s10
   1413c:	8662                	mv	a2,s8
   1413e:	8552                	mv	a0,s4
   14140:	88d6                	mv	a7,s5
   14142:	0834                	addi	a3,sp,24
   14144:	102c                	addi	a1,sp,40
   14146:	102000ef          	jal	14248 <__gdtoa>
   1414a:	000aa703          	lw	a4,0(s5)
   1414e:	77e1                	lui	a5,0xffff8
   14150:	00f71763          	bne	a4,a5,1415e <_ldtoa_r+0xfc>
   14154:	800007b7          	lui	a5,0x80000
   14158:	17fd                	addi	a5,a5,-1 # ffffffff7fffffff <__BSS_END__+0xffffffff7ffdc3c7>
   1415a:	00faa023          	sw	a5,0(s5)
   1415e:	70aa                	ld	ra,168(sp)
   14160:	740a                	ld	s0,160(sp)
   14162:	64ea                	ld	s1,152(sp)
   14164:	694a                	ld	s2,144(sp)
   14166:	69aa                	ld	s3,136(sp)
   14168:	6a0a                	ld	s4,128(sp)
   1416a:	7ae6                	ld	s5,120(sp)
   1416c:	7b46                	ld	s6,112(sp)
   1416e:	7ba6                	ld	s7,104(sp)
   14170:	7c06                	ld	s8,96(sp)
   14172:	6ce6                	ld	s9,88(sp)
   14174:	6d46                	ld	s10,80(sp)
   14176:	6da6                	ld	s11,72(sp)
   14178:	614d                	addi	sp,sp,176
   1417a:	8082                	ret
   1417c:	67e5                	lui	a5,0x19
   1417e:	5787b683          	ld	a3,1400(a5) # 19578 <blanks.1+0x20>
   14182:	85a2                	mv	a1,s0
   14184:	4601                	li	a2,0
   14186:	854a                	mv	a0,s2
   14188:	6d1030ef          	jal	18058 <__getf2>
   1418c:	00054963          	bltz	a0,1419e <_ldtoa_r+0x13c>
   14190:	67c1                	lui	a5,0x10
   14192:	0167e7b3          	or	a5,a5,s6
   14196:	4705                	li	a4,1
   14198:	d23e                	sw	a5,36(sp)
   1419a:	ca3a                	sw	a4,20(sp)
   1419c:	bf61                	j	14134 <_ldtoa_r+0xd2>
   1419e:	854a                	mv	a0,s2
   141a0:	85a6                	mv	a1,s1
   141a2:	4601                	li	a2,0
   141a4:	4681                	li	a3,0
   141a6:	60b030ef          	jal	17fb0 <__eqtf2>
   141aa:	e119                	bnez	a0,141b0 <_ldtoa_r+0x14e>
   141ac:	ca02                	sw	zero,20(sp)
   141ae:	b759                	j	14134 <_ldtoa_r+0xd2>
   141b0:	77f1                	lui	a5,0xffffc
   141b2:	f927879b          	addiw	a5,a5,-110 # ffffffffffffbf92 <__BSS_END__+0xfffffffffffd835a>
   141b6:	4709                	li	a4,2
   141b8:	00fb8c3b          	addw	s8,s7,a5
   141bc:	ca3a                	sw	a4,20(sp)
   141be:	bf9d                	j	14134 <_ldtoa_r+0xd2>
   141c0:	4791                	li	a5,4
   141c2:	ca3e                	sw	a5,20(sp)
   141c4:	bf85                	j	14134 <_ldtoa_r+0xd2>

00000000000141c6 <_ldcheck>:
   141c6:	7179                	addi	sp,sp,-48
   141c8:	ec26                	sd	s1,24(sp)
   141ca:	6504                	ld	s1,8(a0)
   141cc:	e84a                	sd	s2,16(sp)
   141ce:	e44e                	sd	s3,8(sp)
   141d0:	00053903          	ld	s2,0(a0)
   141d4:	59fd                	li	s3,-1
   141d6:	0019d793          	srli	a5,s3,0x1
   141da:	8cfd                	and	s1,s1,a5
   141dc:	86a6                	mv	a3,s1
   141de:	85a6                	mv	a1,s1
   141e0:	864a                	mv	a2,s2
   141e2:	854a                	mv	a0,s2
   141e4:	f406                	sd	ra,40(sp)
   141e6:	5ef040ef          	jal	18fd4 <__unordtf2>
   141ea:	e921                	bnez	a0,1423a <_ldcheck+0x74>
   141ec:	07fff6b7          	lui	a3,0x7fff
   141f0:	1692                	slli	a3,a3,0x24
   141f2:	96ce                	add	a3,a3,s3
   141f4:	864e                	mv	a2,s3
   141f6:	854a                	mv	a0,s2
   141f8:	85a6                	mv	a1,s1
   141fa:	f022                	sd	s0,32(sp)
   141fc:	4405                	li	s0,1
   141fe:	5d7040ef          	jal	18fd4 <__unordtf2>
   14202:	cd11                	beqz	a0,1421e <_ldcheck+0x58>
   14204:	70a2                	ld	ra,40(sp)
   14206:	00144513          	xori	a0,s0,1
   1420a:	7402                	ld	s0,32(sp)
   1420c:	0ff57513          	zext.b	a0,a0
   14210:	64e2                	ld	s1,24(sp)
   14212:	6942                	ld	s2,16(sp)
   14214:	69a2                	ld	s3,8(sp)
   14216:	0015151b          	slliw	a0,a0,0x1
   1421a:	6145                	addi	sp,sp,48
   1421c:	8082                	ret
   1421e:	07fff7b7          	lui	a5,0x7fff
   14222:	1792                	slli	a5,a5,0x24
   14224:	864e                	mv	a2,s3
   14226:	013786b3          	add	a3,a5,s3
   1422a:	854a                	mv	a0,s2
   1422c:	85a6                	mv	a1,s1
   1422e:	6e1030ef          	jal	1810e <__letf2>
   14232:	fca059e3          	blez	a0,14204 <_ldcheck+0x3e>
   14236:	4401                	li	s0,0
   14238:	b7f1                	j	14204 <_ldcheck+0x3e>
   1423a:	70a2                	ld	ra,40(sp)
   1423c:	64e2                	ld	s1,24(sp)
   1423e:	6942                	ld	s2,16(sp)
   14240:	69a2                	ld	s3,8(sp)
   14242:	4505                	li	a0,1
   14244:	6145                	addi	sp,sp,48
   14246:	8082                	ret

0000000000014248 <__gdtoa>:
   14248:	00072303          	lw	t1,0(a4)
   1424c:	7111                	addi	sp,sp,-256
   1424e:	f9a2                	sd	s0,240(sp)
   14250:	6412                	ld	s0,256(sp)
   14252:	edce                	sd	s3,216(sp)
   14254:	fcf37e13          	andi	t3,t1,-49
   14258:	fd86                	sd	ra,248(sp)
   1425a:	01c72023          	sw	t3,0(a4)
   1425e:	4e8d                	li	t4,3
   14260:	00f37e13          	andi	t3,t1,15
   14264:	89a2                	mv	s3,s0
   14266:	27de0863          	beq	t3,t4,144d6 <__gdtoa+0x28e>
   1426a:	fd5e                	sd	s7,184(sp)
   1426c:	00c37413          	andi	s0,t1,12
   14270:	8ba2                	mv	s7,s0
   14272:	1c041263          	bnez	s0,14436 <__gdtoa+0x1ee>
   14276:	e9d2                	sd	s4,208(sp)
   14278:	f962                	sd	s8,176(sp)
   1427a:	f566                	sd	s9,168(sp)
   1427c:	f16a                	sd	s10,160(sp)
   1427e:	ed6e                	sd	s11,152(sp)
   14280:	e03a                	sd	a4,0(sp)
   14282:	8a2a                	mv	s4,a0
   14284:	8cc6                	mv	s9,a7
   14286:	8c36                	mv	s8,a3
   14288:	8d32                	mv	s10,a2
   1428a:	8dae                	mv	s11,a1
   1428c:	200e0e63          	beqz	t3,144a8 <__gdtoa+0x260>
   14290:	4194                	lw	a3,0(a1)
   14292:	e5d6                	sd	s5,200(sp)
   14294:	e1da                	sd	s6,192(sp)
   14296:	8abe                	mv	s5,a5
   14298:	02000793          	li	a5,32
   1429c:	8b42                	mv	s6,a6
   1429e:	4581                	li	a1,0
   142a0:	00d7d763          	bge	a5,a3,142ae <__gdtoa+0x66>
   142a4:	0017979b          	slliw	a5,a5,0x1
   142a8:	2585                	addiw	a1,a1,1
   142aa:	fed7cde3          	blt	a5,a3,142a4 <__gdtoa+0x5c>
   142ae:	8552                	mv	a0,s4
   142b0:	e836                	sd	a3,16(sp)
   142b2:	e41a                	sd	t1,8(sp)
   142b4:	3ae010ef          	jal	15662 <_Balloc>
   142b8:	6322                	ld	t1,8(sp)
   142ba:	66c2                	ld	a3,16(sp)
   142bc:	842a                	mv	s0,a0
   142be:	1c050063          	beqz	a0,1447e <__gdtoa+0x236>
   142c2:	fff6871b          	addiw	a4,a3,-1 # 7ffefff <__BSS_END__+0x7fdb3c7>
   142c6:	4057571b          	sraiw	a4,a4,0x5
   142ca:	070a                	slli	a4,a4,0x2
   142cc:	87e2                	mv	a5,s8
   142ce:	00ec0533          	add	a0,s8,a4
   142d2:	01840613          	addi	a2,s0,24
   142d6:	438c                	lw	a1,0(a5)
   142d8:	0791                	addi	a5,a5,4 # 7fff004 <__BSS_END__+0x7fdb3cc>
   142da:	0611                	addi	a2,a2,4
   142dc:	feb62e23          	sw	a1,-4(a2)
   142e0:	fef57be3          	bgeu	a0,a5,142d6 <__gdtoa+0x8e>
   142e4:	001c0793          	addi	a5,s8,1
   142e8:	0505                	addi	a0,a0,1
   142ea:	00f53533          	sltu	a0,a0,a5
   142ee:	157d                	addi	a0,a0,-1
   142f0:	8f69                	and	a4,a4,a0
   142f2:	0711                	addi	a4,a4,4
   142f4:	40275793          	srai	a5,a4,0x2
   142f8:	9722                	add	a4,a4,s0
   142fa:	a021                	j	14302 <__gdtoa+0xba>
   142fc:	1771                	addi	a4,a4,-4
   142fe:	1e078a63          	beqz	a5,144f2 <__gdtoa+0x2aa>
   14302:	4b50                	lw	a2,20(a4)
   14304:	85be                	mv	a1,a5
   14306:	37fd                	addiw	a5,a5,-1
   14308:	da75                	beqz	a2,142fc <__gdtoa+0xb4>
   1430a:	078a                	slli	a5,a5,0x2
   1430c:	97a2                	add	a5,a5,s0
   1430e:	4f88                	lw	a0,24(a5)
   14310:	c84c                	sw	a1,20(s0)
   14312:	ec1a                	sd	t1,24(sp)
   14314:	e836                	sd	a3,16(sp)
   14316:	e42e                	sd	a1,8(sp)
   14318:	59c010ef          	jal	158b4 <__hi0bits>
   1431c:	65a2                	ld	a1,8(sp)
   1431e:	6362                	ld	t1,24(sp)
   14320:	66c2                	ld	a3,16(sp)
   14322:	0055959b          	slliw	a1,a1,0x5
   14326:	40a587bb          	subw	a5,a1,a0
   1432a:	8522                	mv	a0,s0
   1432c:	ec3e                	sd	a5,24(sp)
   1432e:	e836                	sd	a3,16(sp)
   14330:	e41a                	sd	t1,8(sp)
   14332:	2f0010ef          	jal	15622 <__trailz_D2A>
   14336:	c72a                	sw	a0,140(sp)
   14338:	6322                	ld	t1,8(sp)
   1433a:	66c2                	ld	a3,16(sp)
   1433c:	67e2                	ld	a5,24(sp)
   1433e:	866a                	mv	a2,s10
   14340:	3a051b63          	bnez	a0,146f6 <__gdtoa+0x4ae>
   14344:	4858                	lw	a4,20(s0)
   14346:	14070b63          	beqz	a4,1449c <__gdtoa+0x254>
   1434a:	016c                	addi	a1,sp,140
   1434c:	8522                	mv	a0,s0
   1434e:	f03e                	sd	a5,32(sp)
   14350:	ec36                	sd	a3,24(sp)
   14352:	e832                	sd	a2,16(sp)
   14354:	e41a                	sd	t1,8(sp)
   14356:	f5a6                	sd	s1,232(sp)
   14358:	509010ef          	jal	16060 <__b2d>
   1435c:	e2050753          	fmv.x.d	a4,fa0
   14360:	3ff00537          	lui	a0,0x3ff00
   14364:	686d                	lui	a6,0x1b
   14366:	00c71593          	slli	a1,a4,0xc
   1436a:	02071f13          	slli	t5,a4,0x20
   1436e:	02c5d713          	srli	a4,a1,0x2c
   14372:	00a765b3          	or	a1,a4,a0
   14376:	02059713          	slli	a4,a1,0x20
   1437a:	020f5f13          	srli	t5,t5,0x20
   1437e:	00ef6f33          	or	t5,t5,a4
   14382:	f20f07d3          	fmv.d.x	fa5,t5
   14386:	5b883707          	fld	fa4,1464(a6) # 1b5b8 <__SDATA_BEGIN__>
   1438a:	8081b687          	fld	fa3,-2040(gp) # 1b5c0 <__SDATA_BEGIN__+0x8>
   1438e:	0ae7f753          	fsub.d	fa4,fa5,fa4
   14392:	8101b787          	fld	fa5,-2032(gp) # 1b5c8 <__SDATA_BEGIN__+0x10>
   14396:	6642                	ld	a2,16(sp)
   14398:	7782                	ld	a5,32(sp)
   1439a:	852e                	mv	a0,a1
   1439c:	7ad77743          	fmadd.d	fa4,fa4,fa3,fa5
   143a0:	00f608bb          	addw	a7,a2,a5
   143a4:	fff8859b          	addiw	a1,a7,-1
   143a8:	8181b687          	fld	fa3,-2024(gp) # 1b5d0 <__SDATA_BEGIN__+0x18>
   143ac:	d20587d3          	fcvt.d.w	fa5,a1
   143b0:	6322                	ld	t1,8(sp)
   143b2:	66e2                	ld	a3,24(sp)
   143b4:	72d7f7c3          	fmadd.d	fa5,fa5,fa3,fa4
   143b8:	872e                	mv	a4,a1
   143ba:	0005d563          	bgez	a1,143c4 <__gdtoa+0x17c>
   143be:	4705                	li	a4,1
   143c0:	4117073b          	subw	a4,a4,a7
   143c4:	bcb7071b          	addiw	a4,a4,-1077
   143c8:	00e05863          	blez	a4,143d8 <__gdtoa+0x190>
   143cc:	8201b707          	fld	fa4,-2016(gp) # 1b5d8 <__SDATA_BEGIN__+0x20>
   143d0:	d20706d3          	fcvt.d.w	fa3,a4
   143d4:	7ae6f7c3          	fmadd.d	fa5,fa3,fa4,fa5
   143d8:	f2000753          	fmv.d.x	fa4,zero
   143dc:	c2079853          	fcvt.w.d	a6,fa5,rtz
   143e0:	a2e79753          	flt.d	a4,fa5,fa4
   143e4:	42071863          	bnez	a4,14814 <__gdtoa+0x5cc>
   143e8:	0145971b          	slliw	a4,a1,0x14
   143ec:	1f02                	slli	t5,t5,0x20
   143ee:	9f29                	addw	a4,a4,a0
   143f0:	1702                	slli	a4,a4,0x20
   143f2:	020f5f13          	srli	t5,t5,0x20
   143f6:	40b785bb          	subw	a1,a5,a1
   143fa:	00ef6f33          	or	t5,t5,a4
   143fe:	fff58e9b          	addiw	t4,a1,-1
   14402:	4759                	li	a4,22
   14404:	8e76                	mv	t3,t4
   14406:	0f076963          	bltu	a4,a6,144f8 <__gdtoa+0x2b0>
   1440a:	6565                	lui	a0,0x19
   1440c:	5f850513          	addi	a0,a0,1528 # 195f8 <__mprec_tens>
   14410:	00381713          	slli	a4,a6,0x3
   14414:	972a                	add	a4,a4,a0
   14416:	231c                	fld	fa5,0(a4)
   14418:	f20f0753          	fmv.d.x	fa4,t5
   1441c:	a2f71753          	flt.d	a4,fa4,fa5
   14420:	30071363          	bnez	a4,14726 <__gdtoa+0x4de>
   14424:	0cb052e3          	blez	a1,14ce8 <__gdtoa+0xaa0>
   14428:	01d80ebb          	addw	t4,a6,t4
   1442c:	f082                	sd	zero,96(sp)
   1442e:	e8c2                	sd	a6,80(sp)
   14430:	e802                	sd	zero,16(sp)
   14432:	e482                	sd	zero,72(sp)
   14434:	a0cd                	j	14516 <__gdtoa+0x2ce>
   14436:	4791                	li	a5,4
   14438:	04fe1a63          	bne	t3,a5,1448c <__gdtoa+0x244>
   1443c:	744e                	ld	s0,240(sp)
   1443e:	7bea                	ld	s7,184(sp)
   14440:	70ee                	ld	ra,248(sp)
   14442:	77e1                	lui	a5,0xffff8
   14444:	864e                	mv	a2,s3
   14446:	69ee                	ld	s3,216(sp)
   14448:	65e5                	lui	a1,0x19
   1444a:	00f8a023          	sw	a5,0(a7)
   1444e:	86f6                	mv	a3,t4
   14450:	28858593          	addi	a1,a1,648 # 19288 <__clzdi2+0xac>
   14454:	6111                	addi	sp,sp,256
   14456:	72d0006f          	j	15382 <__nrv_alloc_D2A>
   1445a:	85fa                	mv	a1,t5
   1445c:	8552                	mv	a0,s4
   1445e:	fc3a                	sd	a4,56(sp)
   14460:	f872                	sd	t3,48(sp)
   14462:	f442                	sd	a6,40(sp)
   14464:	f03e                	sd	a5,32(sp)
   14466:	ec46                	sd	a7,24(sp)
   14468:	09d010ef          	jal	15d04 <__lshift>
   1446c:	68e2                	ld	a7,24(sp)
   1446e:	7782                	ld	a5,32(sp)
   14470:	7822                	ld	a6,40(sp)
   14472:	7e42                	ld	t3,48(sp)
   14474:	7762                	ld	a4,56(sp)
   14476:	8f2a                	mv	t5,a0
   14478:	4e051163          	bnez	a0,1495a <__gdtoa+0x712>
   1447c:	74ae                	ld	s1,232(sp)
   1447e:	6a4e                	ld	s4,208(sp)
   14480:	6aae                	ld	s5,200(sp)
   14482:	6b0e                	ld	s6,192(sp)
   14484:	7c4a                	ld	s8,176(sp)
   14486:	7caa                	ld	s9,168(sp)
   14488:	7d0a                	ld	s10,160(sp)
   1448a:	6dea                	ld	s11,152(sp)
   1448c:	4701                	li	a4,0
   1448e:	70ee                	ld	ra,248(sp)
   14490:	744e                	ld	s0,240(sp)
   14492:	7bea                	ld	s7,184(sp)
   14494:	69ee                	ld	s3,216(sp)
   14496:	853a                	mv	a0,a4
   14498:	6111                	addi	sp,sp,256
   1449a:	8082                	ret
   1449c:	85a2                	mv	a1,s0
   1449e:	8552                	mv	a0,s4
   144a0:	226010ef          	jal	156c6 <_Bfree>
   144a4:	6aae                	ld	s5,200(sp)
   144a6:	6b0e                	ld	s6,192(sp)
   144a8:	4685                	li	a3,1
   144aa:	65e5                	lui	a1,0x19
   144ac:	864e                	mv	a2,s3
   144ae:	8552                	mv	a0,s4
   144b0:	00dca023          	sw	a3,0(s9)
   144b4:	27058593          	addi	a1,a1,624 # 19270 <__clzdi2+0x94>
   144b8:	6cb000ef          	jal	15382 <__nrv_alloc_D2A>
   144bc:	70ee                	ld	ra,248(sp)
   144be:	744e                	ld	s0,240(sp)
   144c0:	872a                	mv	a4,a0
   144c2:	6a4e                	ld	s4,208(sp)
   144c4:	7c4a                	ld	s8,176(sp)
   144c6:	7caa                	ld	s9,168(sp)
   144c8:	7d0a                	ld	s10,160(sp)
   144ca:	6dea                	ld	s11,152(sp)
   144cc:	7bea                	ld	s7,184(sp)
   144ce:	69ee                	ld	s3,216(sp)
   144d0:	853a                	mv	a0,a4
   144d2:	6111                	addi	sp,sp,256
   144d4:	8082                	ret
   144d6:	8622                	mv	a2,s0
   144d8:	744e                	ld	s0,240(sp)
   144da:	70ee                	ld	ra,248(sp)
   144dc:	69ee                	ld	s3,216(sp)
   144de:	77e1                	lui	a5,0xffff8
   144e0:	65e5                	lui	a1,0x19
   144e2:	00f8a023          	sw	a5,0(a7)
   144e6:	27858593          	addi	a1,a1,632 # 19278 <__clzdi2+0x9c>
   144ea:	46a1                	li	a3,8
   144ec:	6111                	addi	sp,sp,256
   144ee:	6950006f          	j	15382 <__nrv_alloc_D2A>
   144f2:	00042a23          	sw	zero,20(s0)
   144f6:	bd15                	j	1432a <__gdtoa+0xe2>
   144f8:	4705                	li	a4,1
   144fa:	f0ba                	sd	a4,96(sp)
   144fc:	e802                	sd	zero,16(sp)
   144fe:	200e4d63          	bltz	t3,14718 <__gdtoa+0x4d0>
   14502:	20085663          	bgez	a6,1470e <__gdtoa+0x4c6>
   14506:	6742                	ld	a4,16(sp)
   14508:	e882                	sd	zero,80(sp)
   1450a:	4107073b          	subw	a4,a4,a6
   1450e:	e83a                	sd	a4,16(sp)
   14510:	4100073b          	negw	a4,a6
   14514:	e4ba                	sd	a4,72(sp)
   14516:	4725                	li	a4,9
   14518:	2d576863          	bltu	a4,s5,147e8 <__gdtoa+0x5a0>
   1451c:	4715                	li	a4,5
   1451e:	55575163          	bge	a4,s5,14a60 <__gdtoa+0x818>
   14522:	ffca851b          	addiw	a0,s5,-4
   14526:	4591                	li	a1,4
   14528:	8aaa                	mv	s5,a0
   1452a:	2eb50d63          	beq	a0,a1,14824 <__gdtoa+0x5dc>
   1452e:	6ee50263          	beq	a0,a4,14c12 <__gdtoa+0x9ca>
   14532:	4709                	li	a4,2
   14534:	f482                	sd	zero,104(sp)
   14536:	4481                	li	s1,0
   14538:	2ee50963          	beq	a0,a4,1482a <__gdtoa+0x5e2>
   1453c:	4a8d                	li	s5,3
   1453e:	010b073b          	addw	a4,s6,a6
   14542:	f8ba                	sd	a4,112(sp)
   14544:	0017089b          	addiw	a7,a4,1
   14548:	6d105263          	blez	a7,14c0c <__gdtoa+0x9c4>
   1454c:	8746                	mv	a4,a7
   1454e:	85c6                	mv	a1,a7
   14550:	8552                	mv	a0,s4
   14552:	c73a                	sw	a4,140(sp)
   14554:	e0fa                	sd	t5,64(sp)
   14556:	fc76                	sd	t4,56(sp)
   14558:	f83e                	sd	a5,48(sp)
   1455a:	f436                	sd	a3,40(sp)
   1455c:	f042                	sd	a6,32(sp)
   1455e:	ec32                	sd	a2,24(sp)
   14560:	e446                	sd	a7,8(sp)
   14562:	ec9a                	sd	t1,88(sp)
   14564:	5db000ef          	jal	1533e <__rv_alloc_D2A>
   14568:	872a                	mv	a4,a0
   1456a:	f00509e3          	beqz	a0,1447c <__gdtoa+0x234>
   1456e:	00cdae03          	lw	t3,12(s11)
   14572:	68a2                	ld	a7,8(sp)
   14574:	6662                	ld	a2,24(sp)
   14576:	3e7d                	addiw	t3,t3,-1
   14578:	7802                	ld	a6,32(sp)
   1457a:	76a2                	ld	a3,40(sp)
   1457c:	77c2                	ld	a5,48(sp)
   1457e:	7ee2                	ld	t4,56(sp)
   14580:	6f06                	ld	t5,64(sp)
   14582:	000e0d63          	beqz	t3,1459c <__gdtoa+0x354>
   14586:	6366                	ld	t1,88(sp)
   14588:	000e5363          	bgez	t3,1458e <__gdtoa+0x346>
   1458c:	4e09                	li	t3,2
   1458e:	10037313          	andi	t1,t1,256
   14592:	1e030563          	beqz	t1,1477c <__gdtoa+0x534>
   14596:	458d                	li	a1,3
   14598:	41c58e3b          	subw	t3,a1,t3
   1459c:	00f8b593          	sltiu	a1,a7,15
   145a0:	1c058e63          	beqz	a1,1477c <__gdtoa+0x534>
   145a4:	1c048c63          	beqz	s1,1477c <__gdtoa+0x534>
   145a8:	010e65b3          	or	a1,t3,a6
   145ac:	2581                	sext.w	a1,a1
   145ae:	1c059763          	bnez	a1,1477c <__gdtoa+0x534>
   145b2:	7586                	ld	a1,96(sp)
   145b4:	c702                	sw	zero,140(sp)
   145b6:	f20f06d3          	fmv.d.x	fa3,t5
   145ba:	c599                	beqz	a1,145c8 <__gdtoa+0x380>
   145bc:	8301b787          	fld	fa5,-2000(gp) # 1b5e8 <__SDATA_BEGIN__+0x30>
   145c0:	a2f695d3          	flt.d	a1,fa3,fa5
   145c4:	16059463          	bnez	a1,1472c <__gdtoa+0x4e4>
   145c8:	8381b787          	fld	fa5,-1992(gp) # 1b5f0 <__SDATA_BEGIN__+0x38>
   145cc:	fcc00537          	lui	a0,0xfcc00
   145d0:	a43e                	fsd	fa5,8(sp)
   145d2:	2722                	fld	fa4,8(sp)
   145d4:	8401b787          	fld	fa5,-1984(gp) # 1b5f8 <__SDATA_BEGIN__+0x40>
   145d8:	7ae6f7c3          	fmadd.d	fa5,fa3,fa4,fa5
   145dc:	e20785d3          	fmv.x.d	a1,fa5
   145e0:	02059e13          	slli	t3,a1,0x20
   145e4:	9181                	srli	a1,a1,0x20
   145e6:	9da9                	addw	a1,a1,a0
   145e8:	020e5e13          	srli	t3,t3,0x20
   145ec:	1582                	slli	a1,a1,0x20
   145ee:	00be6e33          	or	t3,t3,a1
   145f2:	16088463          	beqz	a7,1475a <__gdtoa+0x512>
   145f6:	22d687d3          	fmv.d	fa5,fa3
   145fa:	4581                	li	a1,0
   145fc:	8fc6                	mv	t6,a7
   145fe:	6565                	lui	a0,0x19
   14600:	ffff831b          	addiw	t1,t6,-1
   14604:	74a6                	ld	s1,104(sp)
   14606:	5f850513          	addi	a0,a0,1528 # 195f8 <__mprec_tens>
   1460a:	030e                	slli	t1,t1,0x3
   1460c:	932a                	add	t1,t1,a0
   1460e:	00033607          	fld	fa2,0(t1)
   14612:	120486e3          	beqz	s1,14f3e <__gdtoa+0xcf6>
   14616:	8601b707          	fld	fa4,-1952(gp) # 1b618 <__SDATA_BEGIN__+0x60>
   1461a:	c20792d3          	fcvt.w.d	t0,fa5,rtz
   1461e:	00170313          	addi	t1,a4,1
   14622:	1ac77753          	fdiv.d	fa4,fa4,fa2
   14626:	d20286d3          	fcvt.d.w	fa3,t0
   1462a:	0302829b          	addiw	t0,t0,48 # 10936 <__call_exitprocs+0x16>
   1462e:	00570023          	sb	t0,0(a4)
   14632:	0ad7f7d3          	fsub.d	fa5,fa5,fa3
   14636:	f20e06d3          	fmv.d.x	fa3,t3
   1463a:	0ad77753          	fsub.d	fa4,fa4,fa3
   1463e:	a2e79e53          	flt.d	t3,fa5,fa4
   14642:	2c0e16e3          	bnez	t3,1510e <__gdtoa+0xec6>
   14646:	8301b587          	fld	fa1,-2000(gp) # 1b5e8 <__SDATA_BEGIN__+0x30>
   1464a:	8481b607          	fld	fa2,-1976(gp) # 1b600 <__SDATA_BEGIN__+0x48>
   1464e:	a80d                	j	14680 <__gdtoa+0x438>
   14650:	4e3a                	lw	t3,140(sp)
   14652:	0305                	addi	t1,t1,1
   14654:	2e05                	addiw	t3,t3,1
   14656:	c772                	sw	t3,140(sp)
   14658:	39fe59e3          	bge	t3,t6,151ea <__gdtoa+0xfa2>
   1465c:	12c7f7d3          	fmul.d	fa5,fa5,fa2
   14660:	12c77753          	fmul.d	fa4,fa4,fa2
   14664:	c2079e53          	fcvt.w.d	t3,fa5,rtz
   14668:	d20e06d3          	fcvt.d.w	fa3,t3
   1466c:	030e0e1b          	addiw	t3,t3,48
   14670:	ffc30fa3          	sb	t3,-1(t1)
   14674:	0ad7f7d3          	fsub.d	fa5,fa5,fa3
   14678:	a2e79e53          	flt.d	t3,fa5,fa4
   1467c:	280e19e3          	bnez	t3,1510e <__gdtoa+0xec6>
   14680:	0af5f6d3          	fsub.d	fa3,fa1,fa5
   14684:	a2e69e53          	flt.d	t3,fa3,fa4
   14688:	fc0e04e3          	beqz	t3,14650 <__gdtoa+0x408>
   1468c:	fff34683          	lbu	a3,-1(t1)
   14690:	03900613          	li	a2,57
   14694:	a031                	j	146a0 <__gdtoa+0x458>
   14696:	18f70ae3          	beq	a4,a5,1502a <__gdtoa+0xde2>
   1469a:	fff7c683          	lbu	a3,-1(a5) # ffffffffffff7fff <__BSS_END__+0xfffffffffffd43c7>
   1469e:	833e                	mv	t1,a5
   146a0:	fff30793          	addi	a5,t1,-1
   146a4:	fec689e3          	beq	a3,a2,14696 <__gdtoa+0x44e>
   146a8:	0685                	addi	a3,a3,1
   146aa:	00d78023          	sb	a3,0(a5)
   146ae:	0015861b          	addiw	a2,a1,1
   146b2:	02000b93          	li	s7,32
   146b6:	85a2                	mv	a1,s0
   146b8:	8552                	mv	a0,s4
   146ba:	ec3a                	sd	a4,24(sp)
   146bc:	e832                	sd	a2,16(sp)
   146be:	e41a                	sd	t1,8(sp)
   146c0:	006010ef          	jal	156c6 <_Bfree>
   146c4:	6322                	ld	t1,8(sp)
   146c6:	6642                	ld	a2,16(sp)
   146c8:	6762                	ld	a4,24(sp)
   146ca:	00030023          	sb	zero,0(t1)
   146ce:	00cca023          	sw	a2,0(s9)
   146d2:	00098463          	beqz	s3,146da <__gdtoa+0x492>
   146d6:	0069b023          	sd	t1,0(s3)
   146da:	6682                	ld	a3,0(sp)
   146dc:	74ae                	ld	s1,232(sp)
   146de:	6a4e                	ld	s4,208(sp)
   146e0:	429c                	lw	a5,0(a3)
   146e2:	6aae                	ld	s5,200(sp)
   146e4:	6b0e                	ld	s6,192(sp)
   146e6:	00fbe7b3          	or	a5,s7,a5
   146ea:	7c4a                	ld	s8,176(sp)
   146ec:	7caa                	ld	s9,168(sp)
   146ee:	7d0a                	ld	s10,160(sp)
   146f0:	6dea                	ld	s11,152(sp)
   146f2:	c29c                	sw	a5,0(a3)
   146f4:	bb69                	j	1448e <__gdtoa+0x246>
   146f6:	85aa                	mv	a1,a0
   146f8:	8522                	mv	a0,s0
   146fa:	685000ef          	jal	1557e <__rshift_D2A>
   146fe:	463a                	lw	a2,140(sp)
   14700:	67e2                	ld	a5,24(sp)
   14702:	66c2                	ld	a3,16(sp)
   14704:	6322                	ld	t1,8(sp)
   14706:	9f91                	subw	a5,a5,a2
   14708:	01a6063b          	addw	a2,a2,s10
   1470c:	b925                	j	14344 <__gdtoa+0xfc>
   1470e:	01d80ebb          	addw	t4,a6,t4
   14712:	e8c2                	sd	a6,80(sp)
   14714:	e482                	sd	zero,72(sp)
   14716:	b501                	j	14516 <__gdtoa+0x2ce>
   14718:	4705                	li	a4,1
   1471a:	9f0d                	subw	a4,a4,a1
   1471c:	e83a                	sd	a4,16(sp)
   1471e:	4e81                	li	t4,0
   14720:	de0843e3          	bltz	a6,14506 <__gdtoa+0x2be>
   14724:	b7ed                	j	1470e <__gdtoa+0x4c6>
   14726:	387d                	addiw	a6,a6,-1
   14728:	f082                	sd	zero,96(sp)
   1472a:	bbc9                	j	144fc <__gdtoa+0x2b4>
   1472c:	180896e3          	bnez	a7,150b8 <__gdtoa+0xe70>
   14730:	8381b787          	fld	fa5,-1992(gp) # 1b5f0 <__SDATA_BEGIN__+0x38>
   14734:	fcc00537          	lui	a0,0xfcc00
   14738:	a43e                	fsd	fa5,8(sp)
   1473a:	2722                	fld	fa4,8(sp)
   1473c:	8401b787          	fld	fa5,-1984(gp) # 1b5f8 <__SDATA_BEGIN__+0x40>
   14740:	7ad777c3          	fmadd.d	fa5,fa4,fa3,fa5
   14744:	e20785d3          	fmv.x.d	a1,fa5
   14748:	02059e13          	slli	t3,a1,0x20
   1474c:	9181                	srli	a1,a1,0x20
   1474e:	9da9                	addw	a1,a1,a0
   14750:	020e5e13          	srli	t3,t3,0x20
   14754:	1582                	slli	a1,a1,0x20
   14756:	00be6e33          	or	t3,t3,a1
   1475a:	8581b787          	fld	fa5,-1960(gp) # 1b610 <__SDATA_BEGIN__+0x58>
   1475e:	0af6f6d3          	fsub.d	fa3,fa3,fa5
   14762:	f20e07d3          	fmv.d.x	fa5,t3
   14766:	a2d795d3          	flt.d	a1,fa5,fa3
   1476a:	08059de3          	bnez	a1,15004 <__gdtoa+0xdbc>
   1476e:	22f797d3          	fneg.d	fa5,fa5
   14772:	a2f695d3          	flt.d	a1,fa3,fa5
   14776:	48059063          	bnez	a1,14bf6 <__gdtoa+0x9ae>
   1477a:	4e01                	li	t3,0
   1477c:	fff64593          	not	a1,a2
   14780:	01f5d59b          	srliw	a1,a1,0x1f
   14784:	cdcd                	beqz	a1,1483e <__gdtoa+0x5f6>
   14786:	00f82593          	slti	a1,a6,15
   1478a:	c9d5                	beqz	a1,1483e <__gdtoa+0x5f6>
   1478c:	6565                	lui	a0,0x19
   1478e:	5f850513          	addi	a0,a0,1528 # 195f8 <__mprec_tens>
   14792:	00381693          	slli	a3,a6,0x3
   14796:	96aa                	add	a3,a3,a0
   14798:	01fb579b          	srliw	a5,s6,0x1f
   1479c:	2298                	fld	fa4,0(a3)
   1479e:	30078863          	beqz	a5,14aae <__gdtoa+0x866>
   147a2:	31104663          	bgtz	a7,14aae <__gdtoa+0x866>
   147a6:	44089863          	bnez	a7,14bf6 <__gdtoa+0x9ae>
   147aa:	8581b787          	fld	fa5,-1960(gp) # 1b610 <__SDATA_BEGIN__+0x58>
   147ae:	12f77753          	fmul.d	fa4,fa4,fa5
   147b2:	f20f07d3          	fmv.d.x	fa5,t5
   147b6:	a2e787d3          	fle.d	a5,fa5,fa4
   147ba:	42079e63          	bnez	a5,14bf6 <__gdtoa+0x9ae>
   147be:	03100793          	li	a5,49
   147c2:	00170313          	addi	t1,a4,1
   147c6:	00f70023          	sb	a5,0(a4)
   147ca:	4581                	li	a1,0
   147cc:	8552                	mv	a0,s4
   147ce:	ec42                	sd	a6,24(sp)
   147d0:	e83a                	sd	a4,16(sp)
   147d2:	e41a                	sd	t1,8(sp)
   147d4:	6f3000ef          	jal	156c6 <_Bfree>
   147d8:	6862                	ld	a6,24(sp)
   147da:	6322                	ld	t1,8(sp)
   147dc:	6742                	ld	a4,16(sp)
   147de:	0028061b          	addiw	a2,a6,2
   147e2:	02000b93          	li	s7,32
   147e6:	bdc1                	j	146b6 <__gdtoa+0x46e>
   147e8:	3fd8889b          	addiw	a7,a7,1021
   147ec:	7f88b493          	sltiu	s1,a7,2040
   147f0:	4a81                	li	s5,0
   147f2:	8281b707          	fld	fa4,-2008(gp) # 1b5e0 <__SDATA_BEGIN__+0x28>
   147f6:	d20687d3          	fcvt.d.w	fa5,a3
   147fa:	577d                	li	a4,-1
   147fc:	f8ba                	sd	a4,112(sp)
   147fe:	12e7f7d3          	fmul.d	fa5,fa5,fa4
   14802:	88ba                	mv	a7,a4
   14804:	4705                	li	a4,1
   14806:	f4ba                	sd	a4,104(sp)
   14808:	4b01                	li	s6,0
   1480a:	c20795d3          	fcvt.w.d	a1,fa5,rtz
   1480e:	258d                	addiw	a1,a1,3
   14810:	872e                	mv	a4,a1
   14812:	bb3d                	j	14550 <__gdtoa+0x308>
   14814:	d2080753          	fcvt.d.w	fa4,a6
   14818:	a2f72753          	feq.d	a4,fa4,fa5
   1481c:	bc0716e3          	bnez	a4,143e8 <__gdtoa+0x1a0>
   14820:	387d                	addiw	a6,a6,-1
   14822:	b6d9                	j	143e8 <__gdtoa+0x1a0>
   14824:	4705                	li	a4,1
   14826:	4481                	li	s1,0
   14828:	f4ba                	sd	a4,104(sp)
   1482a:	000b059b          	sext.w	a1,s6
   1482e:	01604363          	bgtz	s6,14834 <__gdtoa+0x5ec>
   14832:	4585                	li	a1,1
   14834:	872e                	mv	a4,a1
   14836:	f8ae                	sd	a1,112(sp)
   14838:	88ae                	mv	a7,a1
   1483a:	8b2e                	mv	s6,a1
   1483c:	bb11                	j	14550 <__gdtoa+0x308>
   1483e:	75a6                	ld	a1,104(sp)
   14840:	24058163          	beqz	a1,14a82 <__gdtoa+0x83a>
   14844:	9e9d                	subw	a3,a3,a5
   14846:	004da503          	lw	a0,4(s11)
   1484a:	0016859b          	addiw	a1,a3,1
   1484e:	c72e                	sw	a1,140(sp)
   14850:	40d606bb          	subw	a3,a2,a3
   14854:	4ea6d063          	bge	a3,a0,14d34 <__gdtoa+0xaec>
   14858:	ffda869b          	addiw	a3,s5,-3
   1485c:	9af5                	andi	a3,a3,-3
   1485e:	3e068c63          	beqz	a3,14c56 <__gdtoa+0xa0e>
   14862:	40a606bb          	subw	a3,a2,a0
   14866:	4605                	li	a2,1
   14868:	2685                	addiw	a3,a3,1
   1486a:	01562633          	slt	a2,a2,s5
   1486e:	011025b3          	sgtz	a1,a7
   14872:	c736                	sw	a3,140(sp)
   14874:	8e6d                	and	a2,a2,a1
   14876:	c219                	beqz	a2,1487c <__gdtoa+0x634>
   14878:	20d8cfe3          	blt	a7,a3,15296 <__gdtoa+0x104e>
   1487c:	6642                	ld	a2,16(sp)
   1487e:	64a6                	ld	s1,72(sp)
   14880:	01d68ebb          	addw	t4,a3,t4
   14884:	9eb1                	addw	a3,a3,a2
   14886:	ec36                	sd	a3,24(sp)
   14888:	4585                	li	a1,1
   1488a:	8552                	mv	a0,s4
   1488c:	ecba                	sd	a4,88(sp)
   1488e:	e0f6                	sd	t4,64(sp)
   14890:	fc3e                	sd	a5,56(sp)
   14892:	f872                	sd	t3,48(sp)
   14894:	f442                	sd	a6,40(sp)
   14896:	f046                	sd	a7,32(sp)
   14898:	140010ef          	jal	159d8 <__i2b>
   1489c:	e42a                	sd	a0,8(sp)
   1489e:	bc050fe3          	beqz	a0,1447c <__gdtoa+0x234>
   148a2:	66c2                	ld	a3,16(sp)
   148a4:	7882                	ld	a7,32(sp)
   148a6:	7822                	ld	a6,40(sp)
   148a8:	7e42                	ld	t3,48(sp)
   148aa:	77e2                	ld	a5,56(sp)
   148ac:	6e86                	ld	t4,64(sp)
   148ae:	6766                	ld	a4,88(sp)
   148b0:	c28d                	beqz	a3,148d2 <__gdtoa+0x68a>
   148b2:	03d05063          	blez	t4,148d2 <__gdtoa+0x68a>
   148b6:	6642                	ld	a2,16(sp)
   148b8:	86b2                	mv	a3,a2
   148ba:	00ced363          	bge	t4,a2,148c0 <__gdtoa+0x678>
   148be:	86f6                	mv	a3,t4
   148c0:	6662                	ld	a2,24(sp)
   148c2:	c736                	sw	a3,140(sp)
   148c4:	40de8ebb          	subw	t4,t4,a3
   148c8:	9e15                	subw	a2,a2,a3
   148ca:	ec32                	sd	a2,24(sp)
   148cc:	6642                	ld	a2,16(sp)
   148ce:	9e15                	subw	a2,a2,a3
   148d0:	e832                	sd	a2,16(sp)
   148d2:	66a6                	ld	a3,72(sp)
   148d4:	c69d                	beqz	a3,14902 <__gdtoa+0x6ba>
   148d6:	60049a63          	bnez	s1,14eea <__gdtoa+0xca2>
   148da:	6626                	ld	a2,72(sp)
   148dc:	85a2                	mv	a1,s0
   148de:	8552                	mv	a0,s4
   148e0:	ecba                	sd	a4,88(sp)
   148e2:	e0f6                	sd	t4,64(sp)
   148e4:	fc3e                	sd	a5,56(sp)
   148e6:	f872                	sd	t3,48(sp)
   148e8:	f442                	sd	a6,40(sp)
   148ea:	f046                	sd	a7,32(sp)
   148ec:	330010ef          	jal	15c1c <__pow5mult>
   148f0:	7882                	ld	a7,32(sp)
   148f2:	7822                	ld	a6,40(sp)
   148f4:	7e42                	ld	t3,48(sp)
   148f6:	77e2                	ld	a5,56(sp)
   148f8:	6e86                	ld	t4,64(sp)
   148fa:	6766                	ld	a4,88(sp)
   148fc:	842a                	mv	s0,a0
   148fe:	b6050fe3          	beqz	a0,1447c <__gdtoa+0x234>
   14902:	4585                	li	a1,1
   14904:	8552                	mv	a0,s4
   14906:	e4ba                	sd	a4,72(sp)
   14908:	e0f6                	sd	t4,64(sp)
   1490a:	fc3e                	sd	a5,56(sp)
   1490c:	f872                	sd	t3,48(sp)
   1490e:	f442                	sd	a6,40(sp)
   14910:	f046                	sd	a7,32(sp)
   14912:	0c6010ef          	jal	159d8 <__i2b>
   14916:	8f2a                	mv	t5,a0
   14918:	b60502e3          	beqz	a0,1447c <__gdtoa+0x234>
   1491c:	66c6                	ld	a3,80(sp)
   1491e:	7882                	ld	a7,32(sp)
   14920:	7822                	ld	a6,40(sp)
   14922:	7e42                	ld	t3,48(sp)
   14924:	77e2                	ld	a5,56(sp)
   14926:	6e86                	ld	t4,64(sp)
   14928:	6726                	ld	a4,72(sp)
   1492a:	34069763          	bnez	a3,14c78 <__gdtoa+0xa30>
   1492e:	002aa693          	slti	a3,s5,2
   14932:	c681                	beqz	a3,1493a <__gdtoa+0x6f2>
   14934:	17fd                	addi	a5,a5,-1
   14936:	10078963          	beqz	a5,14a48 <__gdtoa+0x800>
   1493a:	457d                	li	a0,31
   1493c:	66e2                	ld	a3,24(sp)
   1493e:	41d507bb          	subw	a5,a0,t4
   14942:	37f1                	addiw	a5,a5,-4
   14944:	8bfd                	andi	a5,a5,31
   14946:	00d7863b          	addw	a2,a5,a3
   1494a:	c73e                	sw	a5,140(sp)
   1494c:	86be                	mv	a3,a5
   1494e:	2cc04763          	bgtz	a2,14c1c <__gdtoa+0x9d4>
   14952:	00de863b          	addw	a2,t4,a3
   14956:	b0c042e3          	bgtz	a2,1445a <__gdtoa+0x212>
   1495a:	7686                	ld	a3,96(sp)
   1495c:	e6d1                	bnez	a3,149e8 <__gdtoa+0x7a0>
   1495e:	1d104863          	bgtz	a7,14b2e <__gdtoa+0x8e6>
   14962:	4689                	li	a3,2
   14964:	1d56d563          	bge	a3,s5,14b2e <__gdtoa+0x8e6>
   14968:	85fa                	mv	a1,t5
   1496a:	4681                	li	a3,0
   1496c:	4615                	li	a2,5
   1496e:	8552                	mv	a0,s4
   14970:	f03a                	sd	a4,32(sp)
   14972:	ec42                	sd	a6,24(sp)
   14974:	e846                	sd	a7,16(sp)
   14976:	563000ef          	jal	156d8 <__multadd>
   1497a:	85aa                	mv	a1,a0
   1497c:	b00500e3          	beqz	a0,1447c <__gdtoa+0x234>
   14980:	68c2                	ld	a7,16(sp)
   14982:	6862                	ld	a6,24(sp)
   14984:	7702                	ld	a4,32(sp)
   14986:	52089863          	bnez	a7,14eb6 <__gdtoa+0xc6e>
   1498a:	e82a                	sd	a0,16(sp)
   1498c:	8522                	mv	a0,s0
   1498e:	f03a                	sd	a4,32(sp)
   14990:	ec42                	sd	a6,24(sp)
   14992:	484010ef          	jal	15e16 <__mcmp>
   14996:	65c2                	ld	a1,16(sp)
   14998:	6862                	ld	a6,24(sp)
   1499a:	7702                	ld	a4,32(sp)
   1499c:	50a05d63          	blez	a0,14eb6 <__gdtoa+0xc6e>
   149a0:	03100793          	li	a5,49
   149a4:	00f70023          	sb	a5,0(a4)
   149a8:	2805                	addiw	a6,a6,1
   149aa:	00170313          	addi	t1,a4,1
   149ae:	02000b93          	li	s7,32
   149b2:	8552                	mv	a0,s4
   149b4:	f03a                	sd	a4,32(sp)
   149b6:	ec1a                	sd	t1,24(sp)
   149b8:	e842                	sd	a6,16(sp)
   149ba:	50d000ef          	jal	156c6 <_Bfree>
   149be:	6842                	ld	a6,16(sp)
   149c0:	67a2                	ld	a5,8(sp)
   149c2:	6362                	ld	t1,24(sp)
   149c4:	7702                	ld	a4,32(sp)
   149c6:	0018061b          	addiw	a2,a6,1
   149ca:	ce0786e3          	beqz	a5,146b6 <__gdtoa+0x46e>
   149ce:	65a2                	ld	a1,8(sp)
   149d0:	8552                	mv	a0,s4
   149d2:	f03a                	sd	a4,32(sp)
   149d4:	ec1a                	sd	t1,24(sp)
   149d6:	e842                	sd	a6,16(sp)
   149d8:	4ef000ef          	jal	156c6 <_Bfree>
   149dc:	6842                	ld	a6,16(sp)
   149de:	6362                	ld	t1,24(sp)
   149e0:	7702                	ld	a4,32(sp)
   149e2:	0018061b          	addiw	a2,a6,1
   149e6:	b9c1                	j	146b6 <__gdtoa+0x46e>
   149e8:	85fa                	mv	a1,t5
   149ea:	8522                	mv	a0,s0
   149ec:	e0ba                	sd	a4,64(sp)
   149ee:	fc72                	sd	t3,56(sp)
   149f0:	f842                	sd	a6,48(sp)
   149f2:	f43e                	sd	a5,40(sp)
   149f4:	f046                	sd	a7,32(sp)
   149f6:	ec7a                	sd	t5,24(sp)
   149f8:	41e010ef          	jal	15e16 <__mcmp>
   149fc:	6f62                	ld	t5,24(sp)
   149fe:	7882                	ld	a7,32(sp)
   14a00:	77a2                	ld	a5,40(sp)
   14a02:	7842                	ld	a6,48(sp)
   14a04:	7e62                	ld	t3,56(sp)
   14a06:	6706                	ld	a4,64(sp)
   14a08:	f4055be3          	bgez	a0,1495e <__gdtoa+0x716>
   14a0c:	85a2                	mv	a1,s0
   14a0e:	4681                	li	a3,0
   14a10:	4629                	li	a2,10
   14a12:	8552                	mv	a0,s4
   14a14:	fc3a                	sd	a4,56(sp)
   14a16:	f87a                	sd	t5,48(sp)
   14a18:	f472                	sd	t3,40(sp)
   14a1a:	f042                	sd	a6,32(sp)
   14a1c:	ec3e                	sd	a5,24(sp)
   14a1e:	4bb000ef          	jal	156d8 <__multadd>
   14a22:	842a                	mv	s0,a0
   14a24:	a4050ce3          	beqz	a0,1447c <__gdtoa+0x234>
   14a28:	7802                	ld	a6,32(sp)
   14a2a:	76a6                	ld	a3,104(sp)
   14a2c:	7e22                	ld	t3,40(sp)
   14a2e:	7f42                	ld	t5,48(sp)
   14a30:	7762                	ld	a4,56(sp)
   14a32:	387d                	addiw	a6,a6,-1
   14a34:	30069a63          	bnez	a3,14d48 <__gdtoa+0xb00>
   14a38:	77c6                	ld	a5,112(sp)
   14a3a:	00f041e3          	bgtz	a5,1523c <__gdtoa+0xff4>
   14a3e:	4789                	li	a5,2
   14a40:	7f57de63          	bge	a5,s5,1523c <__gdtoa+0xff4>
   14a44:	78c6                	ld	a7,112(sp)
   14a46:	b70d                	j	14968 <__gdtoa+0x720>
   14a48:	004da783          	lw	a5,4(s11)
   14a4c:	2785                	addiw	a5,a5,1
   14a4e:	efa7d6e3          	bge	a5,s10,1493a <__gdtoa+0x6f2>
   14a52:	67e2                	ld	a5,24(sp)
   14a54:	2e85                	addiw	t4,t4,1
   14a56:	2785                	addiw	a5,a5,1
   14a58:	ec3e                	sd	a5,24(sp)
   14a5a:	4785                	li	a5,1
   14a5c:	e8be                	sd	a5,80(sp)
   14a5e:	bdf1                	j	1493a <__gdtoa+0x6f2>
   14a60:	3fd8889b          	addiw	a7,a7,1021
   14a64:	4591                	li	a1,4
   14a66:	7f88b493          	sltiu	s1,a7,2040
   14a6a:	44ba8b63          	beq	s5,a1,14ec0 <__gdtoa+0xc78>
   14a6e:	1aea8363          	beq	s5,a4,14c14 <__gdtoa+0x9cc>
   14a72:	4709                	li	a4,2
   14a74:	44ea8963          	beq	s5,a4,14ec6 <__gdtoa+0xc7e>
   14a78:	470d                	li	a4,3
   14a7a:	f482                	sd	zero,104(sp)
   14a7c:	acea81e3          	beq	s5,a4,1453e <__gdtoa+0x2f6>
   14a80:	bb8d                	j	147f2 <__gdtoa+0x5aa>
   14a82:	66c2                	ld	a3,16(sp)
   14a84:	26068b63          	beqz	a3,14cfa <__gdtoa+0xab2>
   14a88:	260e8963          	beqz	t4,14cfa <__gdtoa+0xab2>
   14a8c:	6642                	ld	a2,16(sp)
   14a8e:	86b2                	mv	a3,a2
   14a90:	00ced363          	bge	t4,a2,14a96 <__gdtoa+0x84e>
   14a94:	86f6                	mv	a3,t4
   14a96:	6642                	ld	a2,16(sp)
   14a98:	c736                	sw	a3,140(sp)
   14a9a:	40de8ebb          	subw	t4,t4,a3
   14a9e:	9e15                	subw	a2,a2,a3
   14aa0:	66a6                	ld	a3,72(sp)
   14aa2:	ec32                	sd	a2,24(sp)
   14aa4:	26069063          	bnez	a3,14d04 <__gdtoa+0xabc>
   14aa8:	e832                	sd	a2,16(sp)
   14aaa:	e402                	sd	zero,8(sp)
   14aac:	bd99                	j	14902 <__gdtoa+0x6ba>
   14aae:	f20f06d3          	fmv.d.x	fa3,t5
   14ab2:	1ae6f7d3          	fdiv.d	fa5,fa3,fa4
   14ab6:	4785                	li	a5,1
   14ab8:	c73e                	sw	a5,140(sp)
   14aba:	00f70333          	add	t1,a4,a5
   14abe:	f2000653          	fmv.d.x	fa2,zero
   14ac2:	0018061b          	addiw	a2,a6,1
   14ac6:	c20797d3          	fcvt.w.d	a5,fa5,rtz
   14aca:	d20787d3          	fcvt.d.w	fa5,a5
   14ace:	0307869b          	addiw	a3,a5,48
   14ad2:	00d70023          	sb	a3,0(a4)
   14ad6:	6ae7f7cb          	fnmsub.d	fa5,fa5,fa4,fa3
   14ada:	a2c7a6d3          	feq.d	a3,fa5,fa2
   14ade:	bc069ce3          	bnez	a3,146b6 <__gdtoa+0x46e>
   14ae2:	8481b587          	fld	fa1,-1976(gp) # 1b600 <__SDATA_BEGIN__+0x48>
   14ae6:	a02d                	j	14b10 <__gdtoa+0x8c8>
   14ae8:	12b7f7d3          	fmul.d	fa5,fa5,fa1
   14aec:	c72e                	sw	a1,140(sp)
   14aee:	0305                	addi	t1,t1,1
   14af0:	1ae7f6d3          	fdiv.d	fa3,fa5,fa4
   14af4:	c20697d3          	fcvt.w.d	a5,fa3,rtz
   14af8:	d20786d3          	fcvt.d.w	fa3,a5
   14afc:	0307869b          	addiw	a3,a5,48
   14b00:	fed30fa3          	sb	a3,-1(t1)
   14b04:	7ae6f7cb          	fnmsub.d	fa5,fa3,fa4,fa5
   14b08:	a2c7a6d3          	feq.d	a3,fa5,fa2
   14b0c:	ba0695e3          	bnez	a3,146b6 <__gdtoa+0x46e>
   14b10:	46ba                	lw	a3,140(sp)
   14b12:	0016859b          	addiw	a1,a3,1
   14b16:	fd1699e3          	bne	a3,a7,14ae8 <__gdtoa+0x8a0>
   14b1a:	500e0d63          	beqz	t3,15034 <__gdtoa+0xdec>
   14b1e:	4785                	li	a5,1
   14b20:	4bc1                	li	s7,16
   14b22:	b8fe1ae3          	bne	t3,a5,146b6 <__gdtoa+0x46e>
   14b26:	fff34683          	lbu	a3,-1(t1)
   14b2a:	85c2                	mv	a1,a6
   14b2c:	b695                	j	14690 <__gdtoa+0x448>
   14b2e:	76a6                	ld	a3,104(sp)
   14b30:	24069263          	bnez	a3,14d74 <__gdtoa+0xb2c>
   14b34:	f1ca                	sd	s2,224(sp)
   14b36:	4685                	li	a3,1
   14b38:	8ac6                	mv	s5,a7
   14b3a:	8b42                	mv	s6,a6
   14b3c:	8bf2                	mv	s7,t3
   14b3e:	84ba                	mv	s1,a4
   14b40:	897a                	mv	s2,t5
   14b42:	8c3a                	mv	s8,a4
   14b44:	a811                	j	14b58 <__gdtoa+0x910>
   14b46:	85a2                	mv	a1,s0
   14b48:	8552                	mv	a0,s4
   14b4a:	38f000ef          	jal	156d8 <__multadd>
   14b4e:	842a                	mv	s0,a0
   14b50:	0e050f63          	beqz	a0,14c4e <__gdtoa+0xa06>
   14b54:	46ba                	lw	a3,140(sp)
   14b56:	2685                	addiw	a3,a3,1
   14b58:	85ca                	mv	a1,s2
   14b5a:	8522                	mv	a0,s0
   14b5c:	c736                	sw	a3,140(sp)
   14b5e:	0a5000ef          	jal	15402 <__quorem_D2A>
   14b62:	00148793          	addi	a5,s1,1
   14b66:	03050e9b          	addiw	t4,a0,48
   14b6a:	ffd78fa3          	sb	t4,-1(a5)
   14b6e:	84be                	mv	s1,a5
   14b70:	47ba                	lw	a5,140(sp)
   14b72:	4681                	li	a3,0
   14b74:	4629                	li	a2,10
   14b76:	fd57c8e3          	blt	a5,s5,14b46 <__gdtoa+0x8fe>
   14b7a:	885a                	mv	a6,s6
   14b7c:	8e5e                	mv	t3,s7
   14b7e:	87a6                	mv	a5,s1
   14b80:	8f4a                	mv	t5,s2
   14b82:	8762                	mv	a4,s8
   14b84:	4881                	li	a7,0
   14b86:	5a0e0063          	beqz	t3,15126 <__gdtoa+0xede>
   14b8a:	4689                	li	a3,2
   14b8c:	5cde0b63          	beq	t3,a3,15162 <__gdtoa+0xf1a>
   14b90:	4850                	lw	a2,20(s0)
   14b92:	4685                	li	a3,1
   14b94:	42c6c163          	blt	a3,a2,14fb6 <__gdtoa+0xd6e>
   14b98:	4c14                	lw	a3,24(s0)
   14b9a:	40069e63          	bnez	a3,14fb6 <__gdtoa+0xd6e>
   14b9e:	00d036b3          	snez	a3,a3
   14ba2:	00469b9b          	slliw	s7,a3,0x4
   14ba6:	03000613          	li	a2,48
   14baa:	833e                	mv	t1,a5
   14bac:	fff7c683          	lbu	a3,-1(a5)
   14bb0:	17fd                	addi	a5,a5,-1
   14bb2:	fec68ce3          	beq	a3,a2,14baa <__gdtoa+0x962>
   14bb6:	85fa                	mv	a1,t5
   14bb8:	8552                	mv	a0,s4
   14bba:	f43a                	sd	a4,40(sp)
   14bbc:	f01a                	sd	t1,32(sp)
   14bbe:	ec46                	sd	a7,24(sp)
   14bc0:	e842                	sd	a6,16(sp)
   14bc2:	305000ef          	jal	156c6 <_Bfree>
   14bc6:	67a2                	ld	a5,8(sp)
   14bc8:	6842                	ld	a6,16(sp)
   14bca:	68e2                	ld	a7,24(sp)
   14bcc:	7302                	ld	t1,32(sp)
   14bce:	7722                	ld	a4,40(sp)
   14bd0:	72078a63          	beqz	a5,15304 <__gdtoa+0x10bc>
   14bd4:	06088b63          	beqz	a7,14c4a <__gdtoa+0xa02>
   14bd8:	67a2                	ld	a5,8(sp)
   14bda:	06f88863          	beq	a7,a5,14c4a <__gdtoa+0xa02>
   14bde:	85c6                	mv	a1,a7
   14be0:	8552                	mv	a0,s4
   14be2:	f03a                	sd	a4,32(sp)
   14be4:	ec1a                	sd	t1,24(sp)
   14be6:	e842                	sd	a6,16(sp)
   14be8:	2df000ef          	jal	156c6 <_Bfree>
   14bec:	7702                	ld	a4,32(sp)
   14bee:	6362                	ld	t1,24(sp)
   14bf0:	6842                	ld	a6,16(sp)
   14bf2:	790e                	ld	s2,224(sp)
   14bf4:	bbe9                	j	149ce <__gdtoa+0x786>
   14bf6:	4581                	li	a1,0
   14bf8:	8552                	mv	a0,s4
   14bfa:	e43a                	sd	a4,8(sp)
   14bfc:	2cb000ef          	jal	156c6 <_Bfree>
   14c00:	6722                	ld	a4,8(sp)
   14c02:	4160063b          	negw	a2,s6
   14c06:	4bc1                	li	s7,16
   14c08:	833a                	mv	t1,a4
   14c0a:	b475                	j	146b6 <__gdtoa+0x46e>
   14c0c:	4705                	li	a4,1
   14c0e:	85ba                	mv	a1,a4
   14c10:	b281                	j	14550 <__gdtoa+0x308>
   14c12:	4481                	li	s1,0
   14c14:	4705                	li	a4,1
   14c16:	4a95                	li	s5,5
   14c18:	f4ba                	sd	a4,104(sp)
   14c1a:	b215                	j	1453e <__gdtoa+0x2f6>
   14c1c:	85a2                	mv	a1,s0
   14c1e:	8552                	mv	a0,s4
   14c20:	e4ba                	sd	a4,72(sp)
   14c22:	e0f6                	sd	t4,64(sp)
   14c24:	fc7a                	sd	t5,56(sp)
   14c26:	f872                	sd	t3,48(sp)
   14c28:	f442                	sd	a6,40(sp)
   14c2a:	f03e                	sd	a5,32(sp)
   14c2c:	ec46                	sd	a7,24(sp)
   14c2e:	0d6010ef          	jal	15d04 <__lshift>
   14c32:	842a                	mv	s0,a0
   14c34:	840504e3          	beqz	a0,1447c <__gdtoa+0x234>
   14c38:	46ba                	lw	a3,140(sp)
   14c3a:	6726                	ld	a4,72(sp)
   14c3c:	6e86                	ld	t4,64(sp)
   14c3e:	7f62                	ld	t5,56(sp)
   14c40:	7e42                	ld	t3,48(sp)
   14c42:	7822                	ld	a6,40(sp)
   14c44:	7782                	ld	a5,32(sp)
   14c46:	68e2                	ld	a7,24(sp)
   14c48:	b329                	j	14952 <__gdtoa+0x70a>
   14c4a:	790e                	ld	s2,224(sp)
   14c4c:	b349                	j	149ce <__gdtoa+0x786>
   14c4e:	74ae                	ld	s1,232(sp)
   14c50:	790e                	ld	s2,224(sp)
   14c52:	82dff06f          	j	1447e <__gdtoa+0x236>
   14c56:	65a6                	ld	a1,72(sp)
   14c58:	fff8869b          	addiw	a3,a7,-1
   14c5c:	8636                	mv	a2,a3
   14c5e:	26d5c663          	blt	a1,a3,14eca <__gdtoa+0xc82>
   14c62:	40d584bb          	subw	s1,a1,a3
   14c66:	6408d963          	bgez	a7,152b8 <__gdtoa+0x1070>
   14c6a:	66c2                	ld	a3,16(sp)
   14c6c:	c702                	sw	zero,140(sp)
   14c6e:	ec36                	sd	a3,24(sp)
   14c70:	411686bb          	subw	a3,a3,a7
   14c74:	e836                	sd	a3,16(sp)
   14c76:	b909                	j	14888 <__gdtoa+0x640>
   14c78:	85aa                	mv	a1,a0
   14c7a:	8636                	mv	a2,a3
   14c7c:	8552                	mv	a0,s4
   14c7e:	e0ba                	sd	a4,64(sp)
   14c80:	fc76                	sd	t4,56(sp)
   14c82:	e4be                	sd	a5,72(sp)
   14c84:	799000ef          	jal	15c1c <__pow5mult>
   14c88:	8f2a                	mv	t5,a0
   14c8a:	fe050963          	beqz	a0,1447c <__gdtoa+0x234>
   14c8e:	002aa693          	slti	a3,s5,2
   14c92:	7882                	ld	a7,32(sp)
   14c94:	7822                	ld	a6,40(sp)
   14c96:	7e42                	ld	t3,48(sp)
   14c98:	7ee2                	ld	t4,56(sp)
   14c9a:	6706                	ld	a4,64(sp)
   14c9c:	c681                	beqz	a3,14ca4 <__gdtoa+0xa5c>
   14c9e:	67a6                	ld	a5,72(sp)
   14ca0:	17fd                	addi	a5,a5,-1
   14ca2:	c79d                	beqz	a5,14cd0 <__gdtoa+0xa88>
   14ca4:	e882                	sd	zero,80(sp)
   14ca6:	014f2783          	lw	a5,20(t5)
   14caa:	e4ba                	sd	a4,72(sp)
   14cac:	e0f6                	sd	t4,64(sp)
   14cae:	37fd                	addiw	a5,a5,-1
   14cb0:	078a                	slli	a5,a5,0x2
   14cb2:	97fa                	add	a5,a5,t5
   14cb4:	4f88                	lw	a0,24(a5)
   14cb6:	fc72                	sd	t3,56(sp)
   14cb8:	f842                	sd	a6,48(sp)
   14cba:	f446                	sd	a7,40(sp)
   14cbc:	f07a                	sd	t5,32(sp)
   14cbe:	3f7000ef          	jal	158b4 <__hi0bits>
   14cc2:	6726                	ld	a4,72(sp)
   14cc4:	6e86                	ld	t4,64(sp)
   14cc6:	7e62                	ld	t3,56(sp)
   14cc8:	7842                	ld	a6,48(sp)
   14cca:	78a2                	ld	a7,40(sp)
   14ccc:	7f02                	ld	t5,32(sp)
   14cce:	b1bd                	j	1493c <__gdtoa+0x6f4>
   14cd0:	004da783          	lw	a5,4(s11)
   14cd4:	2785                	addiw	a5,a5,1
   14cd6:	fda7d7e3          	bge	a5,s10,14ca4 <__gdtoa+0xa5c>
   14cda:	67e2                	ld	a5,24(sp)
   14cdc:	2e85                	addiw	t4,t4,1
   14cde:	2785                	addiw	a5,a5,1
   14ce0:	ec3e                	sd	a5,24(sp)
   14ce2:	4785                	li	a5,1
   14ce4:	e8be                	sd	a5,80(sp)
   14ce6:	b7c1                	j	14ca6 <__gdtoa+0xa5e>
   14ce8:	4705                	li	a4,1
   14cea:	9f0d                	subw	a4,a4,a1
   14cec:	e83a                	sd	a4,16(sp)
   14cee:	8ec2                	mv	t4,a6
   14cf0:	f082                	sd	zero,96(sp)
   14cf2:	e8c2                	sd	a6,80(sp)
   14cf4:	e482                	sd	zero,72(sp)
   14cf6:	821ff06f          	j	14516 <__gdtoa+0x2ce>
   14cfa:	66c2                	ld	a3,16(sp)
   14cfc:	ec36                	sd	a3,24(sp)
   14cfe:	66a6                	ld	a3,72(sp)
   14d00:	da0685e3          	beqz	a3,14aaa <__gdtoa+0x862>
   14d04:	6626                	ld	a2,72(sp)
   14d06:	85a2                	mv	a1,s0
   14d08:	8552                	mv	a0,s4
   14d0a:	ecba                	sd	a4,88(sp)
   14d0c:	e0f6                	sd	t4,64(sp)
   14d0e:	fc3e                	sd	a5,56(sp)
   14d10:	f872                	sd	t3,48(sp)
   14d12:	f442                	sd	a6,40(sp)
   14d14:	f046                	sd	a7,32(sp)
   14d16:	707000ef          	jal	15c1c <__pow5mult>
   14d1a:	842a                	mv	s0,a0
   14d1c:	f6050063          	beqz	a0,1447c <__gdtoa+0x234>
   14d20:	67e2                	ld	a5,24(sp)
   14d22:	6766                	ld	a4,88(sp)
   14d24:	6e86                	ld	t4,64(sp)
   14d26:	e83e                	sd	a5,16(sp)
   14d28:	7e42                	ld	t3,48(sp)
   14d2a:	77e2                	ld	a5,56(sp)
   14d2c:	7822                	ld	a6,40(sp)
   14d2e:	7882                	ld	a7,32(sp)
   14d30:	e402                	sd	zero,8(sp)
   14d32:	bec1                	j	14902 <__gdtoa+0x6ba>
   14d34:	4685                	li	a3,1
   14d36:	f356c0e3          	blt	a3,s5,14c56 <__gdtoa+0xa0e>
   14d3a:	66c2                	ld	a3,16(sp)
   14d3c:	64a6                	ld	s1,72(sp)
   14d3e:	01d58ebb          	addw	t4,a1,t4
   14d42:	9ead                	addw	a3,a3,a1
   14d44:	ec36                	sd	a3,24(sp)
   14d46:	b689                	j	14888 <__gdtoa+0x640>
   14d48:	65a2                	ld	a1,8(sp)
   14d4a:	4681                	li	a3,0
   14d4c:	4629                	li	a2,10
   14d4e:	8552                	mv	a0,s4
   14d50:	f042                	sd	a6,32(sp)
   14d52:	187000ef          	jal	156d8 <__multadd>
   14d56:	e42a                	sd	a0,8(sp)
   14d58:	f2050263          	beqz	a0,1447c <__gdtoa+0x234>
   14d5c:	76c6                	ld	a3,112(sp)
   14d5e:	67e2                	ld	a5,24(sp)
   14d60:	7802                	ld	a6,32(sp)
   14d62:	7e22                	ld	t3,40(sp)
   14d64:	7f42                	ld	t5,48(sp)
   14d66:	7762                	ld	a4,56(sp)
   14d68:	78c6                	ld	a7,112(sp)
   14d6a:	00d04563          	bgtz	a3,14d74 <__gdtoa+0xb2c>
   14d6e:	4689                	li	a3,2
   14d70:	bf56cce3          	blt	a3,s5,14968 <__gdtoa+0x720>
   14d74:	66c2                	ld	a3,16(sp)
   14d76:	00d7863b          	addw	a2,a5,a3
   14d7a:	26c04163          	bgtz	a2,14fdc <__gdtoa+0xd94>
   14d7e:	67c6                	ld	a5,80(sp)
   14d80:	6b22                	ld	s6,8(sp)
   14d82:	2e079463          	bnez	a5,1506a <__gdtoa+0xe22>
   14d86:	ffee0793          	addi	a5,t3,-2
   14d8a:	e0be                	sd	a5,64(sp)
   14d8c:	f1ca                	sd	s2,224(sp)
   14d8e:	4785                	li	a5,1
   14d90:	f446                	sd	a7,40(sp)
   14d92:	e4c2                	sd	a6,72(sp)
   14d94:	f872                	sd	t3,48(sp)
   14d96:	8d3a                	mv	s10,a4
   14d98:	f07a                	sd	t5,32(sp)
   14d9a:	e8ba                	sd	a4,80(sp)
   14d9c:	a051                	j	14e20 <__gdtoa+0xbd8>
   14d9e:	8552                	mv	a0,s4
   14da0:	ec76                	sd	t4,24(sp)
   14da2:	125000ef          	jal	156c6 <_Bfree>
   14da6:	6ee2                	ld	t4,24(sp)
   14da8:	4685                	li	a3,1
   14daa:	67c2                	ld	a5,16(sp)
   14dac:	3c07c263          	bltz	a5,15170 <__gdtoa+0xf28>
   14db0:	0157e7b3          	or	a5,a5,s5
   14db4:	2781                	sext.w	a5,a5
   14db6:	e791                	bnez	a5,14dc2 <__gdtoa+0xb7a>
   14db8:	000c2783          	lw	a5,0(s8)
   14dbc:	8b85                	andi	a5,a5,1
   14dbe:	3a078963          	beqz	a5,15170 <__gdtoa+0xf28>
   14dc2:	001d0793          	addi	a5,s10,1
   14dc6:	893e                	mv	s2,a5
   14dc8:	00d05563          	blez	a3,14dd2 <__gdtoa+0xb8a>
   14dcc:	6706                	ld	a4,64(sp)
   14dce:	42071d63          	bnez	a4,15208 <__gdtoa+0xfc0>
   14dd2:	ffb90fa3          	sb	s11,-1(s2)
   14dd6:	473a                	lw	a4,140(sp)
   14dd8:	76a2                	ld	a3,40(sp)
   14dda:	44d70a63          	beq	a4,a3,1522e <__gdtoa+0xfe6>
   14dde:	85a2                	mv	a1,s0
   14de0:	4681                	li	a3,0
   14de2:	4629                	li	a2,10
   14de4:	8552                	mv	a0,s4
   14de6:	0f3000ef          	jal	156d8 <__multadd>
   14dea:	842a                	mv	s0,a0
   14dec:	e60501e3          	beqz	a0,14c4e <__gdtoa+0xa06>
   14df0:	67a2                	ld	a5,8(sp)
   14df2:	65a2                	ld	a1,8(sp)
   14df4:	4681                	li	a3,0
   14df6:	4629                	li	a2,10
   14df8:	8552                	mv	a0,s4
   14dfa:	0b678763          	beq	a5,s6,14ea8 <__gdtoa+0xc60>
   14dfe:	0db000ef          	jal	156d8 <__multadd>
   14e02:	e42a                	sd	a0,8(sp)
   14e04:	e40505e3          	beqz	a0,14c4e <__gdtoa+0xa06>
   14e08:	85da                	mv	a1,s6
   14e0a:	4681                	li	a3,0
   14e0c:	4629                	li	a2,10
   14e0e:	8552                	mv	a0,s4
   14e10:	0c9000ef          	jal	156d8 <__multadd>
   14e14:	8b2a                	mv	s6,a0
   14e16:	e2050ce3          	beqz	a0,14c4e <__gdtoa+0xa06>
   14e1a:	47ba                	lw	a5,140(sp)
   14e1c:	8d4a                	mv	s10,s2
   14e1e:	2785                	addiw	a5,a5,1
   14e20:	7482                	ld	s1,32(sp)
   14e22:	8522                	mv	a0,s0
   14e24:	c73e                	sw	a5,140(sp)
   14e26:	85a6                	mv	a1,s1
   14e28:	5da000ef          	jal	15402 <__quorem_D2A>
   14e2c:	65a2                	ld	a1,8(sp)
   14e2e:	892a                	mv	s2,a0
   14e30:	8522                	mv	a0,s0
   14e32:	7e5000ef          	jal	15e16 <__mcmp>
   14e36:	e82a                	sd	a0,16(sp)
   14e38:	85a6                	mv	a1,s1
   14e3a:	865a                	mv	a2,s6
   14e3c:	8552                	mv	a0,s4
   14e3e:	00e010ef          	jal	15e4c <__mdiff>
   14e42:	85aa                	mv	a1,a0
   14e44:	e00505e3          	beqz	a0,14c4e <__gdtoa+0xa06>
   14e48:	491c                	lw	a5,16(a0)
   14e4a:	03090e9b          	addiw	t4,s2,48
   14e4e:	8df6                	mv	s11,t4
   14e50:	f7b9                	bnez	a5,14d9e <__gdtoa+0xb56>
   14e52:	ec2a                	sd	a0,24(sp)
   14e54:	8522                	mv	a0,s0
   14e56:	fc76                	sd	t4,56(sp)
   14e58:	7bf000ef          	jal	15e16 <__mcmp>
   14e5c:	65e2                	ld	a1,24(sp)
   14e5e:	84aa                	mv	s1,a0
   14e60:	8552                	mv	a0,s4
   14e62:	065000ef          	jal	156c6 <_Bfree>
   14e66:	0154e6b3          	or	a3,s1,s5
   14e6a:	2681                	sext.w	a3,a3
   14e6c:	7ee2                	ld	t4,56(sp)
   14e6e:	16069563          	bnez	a3,14fd8 <__gdtoa+0xd90>
   14e72:	000c2783          	lw	a5,0(s8)
   14e76:	7742                	ld	a4,48(sp)
   14e78:	8b85                	andi	a5,a5,1
   14e7a:	8fd9                	or	a5,a5,a4
   14e7c:	f79d                	bnez	a5,14daa <__gdtoa+0xb62>
   14e7e:	03900793          	li	a5,57
   14e82:	6826                	ld	a6,72(sp)
   14e84:	7f02                	ld	t5,32(sp)
   14e86:	6746                	ld	a4,80(sp)
   14e88:	6542                	ld	a0,16(sp)
   14e8a:	836a                	mv	t1,s10
   14e8c:	10fe8c63          	beq	t4,a5,14fa4 <__gdtoa+0xd5c>
   14e90:	46a05f63          	blez	a0,1530e <__gdtoa+0x10c6>
   14e94:	03190e9b          	addiw	t4,s2,49
   14e98:	02000b93          	li	s7,32
   14e9c:	68a2                	ld	a7,8(sp)
   14e9e:	01d30023          	sb	t4,0(t1)
   14ea2:	e45a                	sd	s6,8(sp)
   14ea4:	0305                	addi	t1,t1,1
   14ea6:	bb01                	j	14bb6 <__gdtoa+0x96e>
   14ea8:	031000ef          	jal	156d8 <__multadd>
   14eac:	e42a                	sd	a0,8(sp)
   14eae:	da0500e3          	beqz	a0,14c4e <__gdtoa+0xa06>
   14eb2:	8b2a                	mv	s6,a0
   14eb4:	b79d                	j	14e1a <__gdtoa+0xbd2>
   14eb6:	fffb4813          	not	a6,s6
   14eba:	833a                	mv	t1,a4
   14ebc:	4bc1                	li	s7,16
   14ebe:	bcd5                	j	149b2 <__gdtoa+0x76a>
   14ec0:	4705                	li	a4,1
   14ec2:	f4ba                	sd	a4,104(sp)
   14ec4:	b29d                	j	1482a <__gdtoa+0x5e2>
   14ec6:	f482                	sd	zero,104(sp)
   14ec8:	b28d                	j	1482a <__gdtoa+0x5e2>
   14eca:	66a6                	ld	a3,72(sp)
   14ecc:	65c6                	ld	a1,80(sp)
   14ece:	c746                	sw	a7,140(sp)
   14ed0:	40d606bb          	subw	a3,a2,a3
   14ed4:	9ead                	addw	a3,a3,a1
   14ed6:	e8b6                	sd	a3,80(sp)
   14ed8:	66c2                	ld	a3,16(sp)
   14eda:	01d88ebb          	addw	t4,a7,t4
   14ede:	e4b2                	sd	a2,72(sp)
   14ee0:	011686bb          	addw	a3,a3,a7
   14ee4:	ec36                	sd	a3,24(sp)
   14ee6:	4481                	li	s1,0
   14ee8:	b245                	j	14888 <__gdtoa+0x640>
   14eea:	65a2                	ld	a1,8(sp)
   14eec:	8626                	mv	a2,s1
   14eee:	8552                	mv	a0,s4
   14ef0:	f1ca                	sd	s2,224(sp)
   14ef2:	ecba                	sd	a4,88(sp)
   14ef4:	e0f6                	sd	t4,64(sp)
   14ef6:	fc3e                	sd	a5,56(sp)
   14ef8:	f872                	sd	t3,48(sp)
   14efa:	f442                	sd	a6,40(sp)
   14efc:	f046                	sd	a7,32(sp)
   14efe:	51f000ef          	jal	15c1c <__pow5mult>
   14f02:	e42a                	sd	a0,8(sp)
   14f04:	d40505e3          	beqz	a0,14c4e <__gdtoa+0xa06>
   14f08:	85aa                	mv	a1,a0
   14f0a:	8622                	mv	a2,s0
   14f0c:	8552                	mv	a0,s4
   14f0e:	343000ef          	jal	15a50 <__multiply>
   14f12:	d2050ee3          	beqz	a0,14c4e <__gdtoa+0xa06>
   14f16:	85a2                	mv	a1,s0
   14f18:	fcaa                	sd	a0,120(sp)
   14f1a:	8552                	mv	a0,s4
   14f1c:	7aa000ef          	jal	156c6 <_Bfree>
   14f20:	67a6                	ld	a5,72(sp)
   14f22:	7466                	ld	s0,120(sp)
   14f24:	7882                	ld	a7,32(sp)
   14f26:	9f85                	subw	a5,a5,s1
   14f28:	e4be                	sd	a5,72(sp)
   14f2a:	86be                	mv	a3,a5
   14f2c:	7822                	ld	a6,40(sp)
   14f2e:	7e42                	ld	t3,48(sp)
   14f30:	77e2                	ld	a5,56(sp)
   14f32:	6e86                	ld	t4,64(sp)
   14f34:	6766                	ld	a4,88(sp)
   14f36:	790e                	ld	s2,224(sp)
   14f38:	9c0685e3          	beqz	a3,14902 <__gdtoa+0x6ba>
   14f3c:	ba79                	j	148da <__gdtoa+0x692>
   14f3e:	f20e0753          	fmv.d.x	fa4,t3
   14f42:	833a                	mv	t1,a4
   14f44:	12e675d3          	fmul.d	fa1,fa2,fa4
   14f48:	4e05                	li	t3,1
   14f4a:	8481b707          	fld	fa4,-1976(gp) # 1b600 <__SDATA_BEGIN__+0x48>
   14f4e:	a021                	j	14f56 <__gdtoa+0xd0e>
   14f50:	12e7f7d3          	fmul.d	fa5,fa5,fa4
   14f54:	2e05                	addiw	t3,t3,1
   14f56:	c772                	sw	t3,140(sp)
   14f58:	c2079e53          	fcvt.w.d	t3,fa5,rtz
   14f5c:	0305                	addi	t1,t1,1
   14f5e:	030e069b          	addiw	a3,t3,48
   14f62:	0ff6f693          	zext.b	a3,a3
   14f66:	000e0663          	beqz	t3,14f72 <__gdtoa+0xd2a>
   14f6a:	d20e0653          	fcvt.d.w	fa2,t3
   14f6e:	0ac7f7d3          	fsub.d	fa5,fa5,fa2
   14f72:	fed30fa3          	sb	a3,-1(t1)
   14f76:	4e3a                	lw	t3,140(sp)
   14f78:	fdfe1ce3          	bne	t3,t6,14f50 <__gdtoa+0xd08>
   14f7c:	8601b707          	fld	fa4,-1952(gp) # 1b618 <__SDATA_BEGIN__+0x60>
   14f80:	02e5f653          	fadd.d	fa2,fa1,fa4
   14f84:	a2f61e53          	flt.d	t3,fa2,fa5
   14f88:	f00e1463          	bnez	t3,14690 <__gdtoa+0x448>
   14f8c:	0ab77753          	fsub.d	fa4,fa4,fa1
   14f90:	a2e796d3          	flt.d	a3,fa5,fa4
   14f94:	26069063          	bnez	a3,151f4 <__gdtoa+0xfac>
   14f98:	4e01                	li	t3,0
   14f9a:	ae0644e3          	bltz	a2,14a82 <__gdtoa+0x83a>
   14f9e:	2118                	fld	fa4,0(a0)
   14fa0:	4e01                	li	t3,0
   14fa2:	be01                	j	14ab2 <__gdtoa+0x86a>
   14fa4:	00130613          	addi	a2,t1,1
   14fa8:	03900693          	li	a3,57
   14fac:	68a2                	ld	a7,8(sp)
   14fae:	87b2                	mv	a5,a2
   14fb0:	e45a                	sd	s6,8(sp)
   14fb2:	00d30023          	sb	a3,0(t1)
   14fb6:	03900613          	li	a2,57
   14fba:	a019                	j	14fc0 <__gdtoa+0xd78>
   14fbc:	14f70163          	beq	a4,a5,150fe <__gdtoa+0xeb6>
   14fc0:	fff7c683          	lbu	a3,-1(a5)
   14fc4:	833e                	mv	t1,a5
   14fc6:	17fd                	addi	a5,a5,-1
   14fc8:	fec68ae3          	beq	a3,a2,14fbc <__gdtoa+0xd74>
   14fcc:	2685                	addiw	a3,a3,1
   14fce:	00d78023          	sb	a3,0(a5)
   14fd2:	02000b93          	li	s7,32
   14fd6:	b6c5                	j	14bb6 <__gdtoa+0x96e>
   14fd8:	86a6                	mv	a3,s1
   14fda:	bbc1                	j	14daa <__gdtoa+0xb62>
   14fdc:	65a2                	ld	a1,8(sp)
   14fde:	8552                	mv	a0,s4
   14fe0:	f83a                	sd	a4,48(sp)
   14fe2:	f47a                	sd	t5,40(sp)
   14fe4:	f072                	sd	t3,32(sp)
   14fe6:	ec42                	sd	a6,24(sp)
   14fe8:	e846                	sd	a7,16(sp)
   14fea:	51b000ef          	jal	15d04 <__lshift>
   14fee:	e42a                	sd	a0,8(sp)
   14ff0:	68c2                	ld	a7,16(sp)
   14ff2:	6862                	ld	a6,24(sp)
   14ff4:	7e02                	ld	t3,32(sp)
   14ff6:	7f22                	ld	t5,40(sp)
   14ff8:	7742                	ld	a4,48(sp)
   14ffa:	d80512e3          	bnez	a0,14d7e <__gdtoa+0xb36>
   14ffe:	74ae                	ld	s1,232(sp)
   15000:	c7eff06f          	j	1447e <__gdtoa+0x236>
   15004:	03100793          	li	a5,49
   15008:	00170313          	addi	t1,a4,1
   1500c:	00f70023          	sb	a5,0(a4)
   15010:	4581                	li	a1,0
   15012:	8552                	mv	a0,s4
   15014:	e83a                	sd	a4,16(sp)
   15016:	e41a                	sd	t1,8(sp)
   15018:	6ae000ef          	jal	156c6 <_Bfree>
   1501c:	6322                	ld	t1,8(sp)
   1501e:	6742                	ld	a4,16(sp)
   15020:	4609                	li	a2,2
   15022:	02000b93          	li	s7,32
   15026:	e90ff06f          	j	146b6 <__gdtoa+0x46e>
   1502a:	2585                	addiw	a1,a1,1
   1502c:	03100693          	li	a3,49
   15030:	e7aff06f          	j	146aa <__gdtoa+0x462>
   15034:	02f7f7d3          	fadd.d	fa5,fa5,fa5
   15038:	fff34683          	lbu	a3,-1(t1)
   1503c:	a2f71653          	flt.d	a2,fa4,fa5
   15040:	ee45                	bnez	a2,150f8 <__gdtoa+0xeb0>
   15042:	a2e7a653          	feq.d	a2,fa5,fa4
   15046:	c219                	beqz	a2,1504c <__gdtoa+0xe04>
   15048:	8b85                	andi	a5,a5,1
   1504a:	e7dd                	bnez	a5,150f8 <__gdtoa+0xeb0>
   1504c:	879a                	mv	a5,t1
   1504e:	85c2                	mv	a1,a6
   15050:	4bc1                	li	s7,16
   15052:	03000613          	li	a2,48
   15056:	fff7c683          	lbu	a3,-1(a5)
   1505a:	833e                	mv	t1,a5
   1505c:	17fd                	addi	a5,a5,-1
   1505e:	fec68ce3          	beq	a3,a2,15056 <__gdtoa+0xe0e>
   15062:	0015861b          	addiw	a2,a1,1
   15066:	e50ff06f          	j	146b6 <__gdtoa+0x46e>
   1506a:	008b2583          	lw	a1,8(s6)
   1506e:	8552                	mv	a0,s4
   15070:	fc3a                	sd	a4,56(sp)
   15072:	f87a                	sd	t5,48(sp)
   15074:	f472                	sd	t3,40(sp)
   15076:	f042                	sd	a6,32(sp)
   15078:	ec46                	sd	a7,24(sp)
   1507a:	5e8000ef          	jal	15662 <_Balloc>
   1507e:	87aa                	mv	a5,a0
   15080:	be050e63          	beqz	a0,1447c <__gdtoa+0x234>
   15084:	014b2603          	lw	a2,20(s6)
   15088:	010b0593          	addi	a1,s6,16
   1508c:	0541                	addi	a0,a0,16
   1508e:	060a                	slli	a2,a2,0x2
   15090:	0621                	addi	a2,a2,8
   15092:	e83e                	sd	a5,16(sp)
   15094:	d43fe0ef          	jal	13dd6 <memcpy>
   15098:	65c2                	ld	a1,16(sp)
   1509a:	8552                	mv	a0,s4
   1509c:	4605                	li	a2,1
   1509e:	467000ef          	jal	15d04 <__lshift>
   150a2:	68e2                	ld	a7,24(sp)
   150a4:	7802                	ld	a6,32(sp)
   150a6:	7e22                	ld	t3,40(sp)
   150a8:	7f42                	ld	t5,48(sp)
   150aa:	7762                	ld	a4,56(sp)
   150ac:	8b2a                	mv	s6,a0
   150ae:	cc051ce3          	bnez	a0,14d86 <__gdtoa+0xb3e>
   150b2:	74ae                	ld	s1,232(sp)
   150b4:	bcaff06f          	j	1447e <__gdtoa+0x236>
   150b8:	7fc6                	ld	t6,112(sp)
   150ba:	edf05063          	blez	t6,1477a <__gdtoa+0x532>
   150be:	8481b787          	fld	fa5,-1976(gp) # 1b600 <__SDATA_BEGIN__+0x48>
   150c2:	8501b707          	fld	fa4,-1968(gp) # 1b608 <__SDATA_BEGIN__+0x50>
   150c6:	12f6f7d3          	fmul.d	fa5,fa3,fa5
   150ca:	a43a                	fsd	fa4,8(sp)
   150cc:	2622                	fld	fa2,8(sp)
   150ce:	8401b707          	fld	fa4,-1984(gp) # 1b5f8 <__SDATA_BEGIN__+0x40>
   150d2:	fcc00337          	lui	t1,0xfcc00
   150d6:	55fd                	li	a1,-1
   150d8:	72c7f743          	fmadd.d	fa4,fa5,fa2,fa4
   150dc:	e2070553          	fmv.x.d	a0,fa4
   150e0:	02051e13          	slli	t3,a0,0x20
   150e4:	9101                	srli	a0,a0,0x20
   150e6:	0065053b          	addw	a0,a0,t1
   150ea:	020e5e13          	srli	t3,t3,0x20
   150ee:	1502                	slli	a0,a0,0x20
   150f0:	00ae6e33          	or	t3,t3,a0
   150f4:	d0aff06f          	j	145fe <__gdtoa+0x3b6>
   150f8:	85c2                	mv	a1,a6
   150fa:	d96ff06f          	j	14690 <__gdtoa+0x448>
   150fe:	03100793          	li	a5,49
   15102:	2805                	addiw	a6,a6,1
   15104:	00f70023          	sb	a5,0(a4)
   15108:	02000b93          	li	s7,32
   1510c:	b46d                	j	14bb6 <__gdtoa+0x96e>
   1510e:	f2000753          	fmv.d.x	fa4,zero
   15112:	0015861b          	addiw	a2,a1,1
   15116:	a2e7a7d3          	feq.d	a5,fa5,fa4
   1511a:	0017b793          	seqz	a5,a5
   1511e:	00479b9b          	slliw	s7,a5,0x4
   15122:	d94ff06f          	j	146b6 <__gdtoa+0x46e>
   15126:	85a2                	mv	a1,s0
   15128:	4605                	li	a2,1
   1512a:	8552                	mv	a0,s4
   1512c:	fc3a                	sd	a4,56(sp)
   1512e:	e87a                	sd	t5,16(sp)
   15130:	f83e                	sd	a5,48(sp)
   15132:	f446                	sd	a7,40(sp)
   15134:	f042                	sd	a6,32(sp)
   15136:	ec76                	sd	t4,24(sp)
   15138:	3cd000ef          	jal	15d04 <__lshift>
   1513c:	842a                	mv	s0,a0
   1513e:	b00508e3          	beqz	a0,14c4e <__gdtoa+0xa06>
   15142:	65c2                	ld	a1,16(sp)
   15144:	4d3000ef          	jal	15e16 <__mcmp>
   15148:	6f42                	ld	t5,16(sp)
   1514a:	7802                	ld	a6,32(sp)
   1514c:	78a2                	ld	a7,40(sp)
   1514e:	77c2                	ld	a5,48(sp)
   15150:	7762                	ld	a4,56(sp)
   15152:	e6a042e3          	bgtz	a0,14fb6 <__gdtoa+0xd6e>
   15156:	e511                	bnez	a0,15162 <__gdtoa+0xf1a>
   15158:	6ee2                	ld	t4,24(sp)
   1515a:	001efe93          	andi	t4,t4,1
   1515e:	e40e9ce3          	bnez	t4,14fb6 <__gdtoa+0xd6e>
   15162:	4850                	lw	a2,20(s0)
   15164:	4685                	li	a3,1
   15166:	4bc1                	li	s7,16
   15168:	a2c6cfe3          	blt	a3,a2,14ba6 <__gdtoa+0x95e>
   1516c:	4c14                	lw	a3,24(s0)
   1516e:	bc05                	j	14b9e <__gdtoa+0x956>
   15170:	7e42                	ld	t3,48(sp)
   15172:	6826                	ld	a6,72(sp)
   15174:	7f02                	ld	t5,32(sp)
   15176:	6746                	ld	a4,80(sp)
   15178:	836a                	mv	t1,s10
   1517a:	0c0e0463          	beqz	t3,15242 <__gdtoa+0xffa>
   1517e:	4850                	lw	a2,20(s0)
   15180:	4785                	li	a5,1
   15182:	14c7d463          	bge	a5,a2,152ca <__gdtoa+0x1082>
   15186:	4789                	li	a5,2
   15188:	14fe0763          	beq	t3,a5,152d6 <__gdtoa+0x108e>
   1518c:	8aa2                	mv	s5,s0
   1518e:	8c42                	mv	s8,a6
   15190:	841a                	mv	s0,t1
   15192:	8bfa                	mv	s7,t5
   15194:	8d3a                	mv	s10,a4
   15196:	a821                	j	151ae <__gdtoa+0xf66>
   15198:	540000ef          	jal	156d8 <__multadd>
   1519c:	85de                	mv	a1,s7
   1519e:	8aaa                	mv	s5,a0
   151a0:	0405                	addi	s0,s0,1
   151a2:	aa0506e3          	beqz	a0,14c4e <__gdtoa+0xa06>
   151a6:	25c000ef          	jal	15402 <__quorem_D2A>
   151aa:	03050e9b          	addiw	t4,a0,48
   151ae:	85da                	mv	a1,s6
   151b0:	855e                	mv	a0,s7
   151b2:	e876                	sd	t4,16(sp)
   151b4:	463000ef          	jal	15e16 <__mcmp>
   151b8:	6ec2                	ld	t4,16(sp)
   151ba:	4681                	li	a3,0
   151bc:	4629                	li	a2,10
   151be:	10a05e63          	blez	a0,152da <__gdtoa+0x1092>
   151c2:	85da                	mv	a1,s6
   151c4:	01d40023          	sb	t4,0(s0)
   151c8:	8552                	mv	a0,s4
   151ca:	50e000ef          	jal	156d8 <__multadd>
   151ce:	87aa                	mv	a5,a0
   151d0:	84da                	mv	s1,s6
   151d2:	4681                	li	a3,0
   151d4:	8b2a                	mv	s6,a0
   151d6:	4629                	li	a2,10
   151d8:	85d6                	mv	a1,s5
   151da:	8552                	mv	a0,s4
   151dc:	a60789e3          	beqz	a5,14c4e <__gdtoa+0xa06>
   151e0:	67a2                	ld	a5,8(sp)
   151e2:	fa979be3          	bne	a5,s1,15198 <__gdtoa+0xf50>
   151e6:	e45a                	sd	s6,8(sp)
   151e8:	bf45                	j	15198 <__gdtoa+0xf50>
   151ea:	4e01                	li	t3,0
   151ec:	da065363          	bgez	a2,14792 <__gdtoa+0x54a>
   151f0:	e54ff06f          	j	14844 <__gdtoa+0x5fc>
   151f4:	f2000753          	fmv.d.x	fa4,zero
   151f8:	879a                	mv	a5,t1
   151fa:	a2e7a6d3          	feq.d	a3,fa5,fa4
   151fe:	0016b693          	seqz	a3,a3
   15202:	00469b9b          	slliw	s7,a3,0x4
   15206:	b5b1                	j	15052 <__gdtoa+0xe0a>
   15208:	863e                	mv	a2,a5
   1520a:	03900793          	li	a5,57
   1520e:	6826                	ld	a6,72(sp)
   15210:	7f02                	ld	t5,32(sp)
   15212:	6746                	ld	a4,80(sp)
   15214:	836a                	mv	t1,s10
   15216:	d8fd89e3          	beq	s11,a5,14fa8 <__gdtoa+0xd60>
   1521a:	001d879b          	addiw	a5,s11,1
   1521e:	68a2                	ld	a7,8(sp)
   15220:	00fd0023          	sb	a5,0(s10)
   15224:	834a                	mv	t1,s2
   15226:	e45a                	sd	s6,8(sp)
   15228:	02000b93          	li	s7,32
   1522c:	b269                	j	14bb6 <__gdtoa+0x96e>
   1522e:	68a2                	ld	a7,8(sp)
   15230:	6826                	ld	a6,72(sp)
   15232:	7e42                	ld	t3,48(sp)
   15234:	7f02                	ld	t5,32(sp)
   15236:	6746                	ld	a4,80(sp)
   15238:	e45a                	sd	s6,8(sp)
   1523a:	b2b1                	j	14b86 <__gdtoa+0x93e>
   1523c:	78c6                	ld	a7,112(sp)
   1523e:	f1ca                	sd	s2,224(sp)
   15240:	b8dd                	j	14b36 <__gdtoa+0x8ee>
   15242:	04d05063          	blez	a3,15282 <__gdtoa+0x103a>
   15246:	85a2                	mv	a1,s0
   15248:	4605                	li	a2,1
   1524a:	8552                	mv	a0,s4
   1524c:	f83a                	sd	a4,48(sp)
   1524e:	e87a                	sd	t5,16(sp)
   15250:	f41a                	sd	t1,40(sp)
   15252:	f042                	sd	a6,32(sp)
   15254:	ec76                	sd	t4,24(sp)
   15256:	2af000ef          	jal	15d04 <__lshift>
   1525a:	842a                	mv	s0,a0
   1525c:	9e0509e3          	beqz	a0,14c4e <__gdtoa+0xa06>
   15260:	65c2                	ld	a1,16(sp)
   15262:	3b5000ef          	jal	15e16 <__mcmp>
   15266:	6f42                	ld	t5,16(sp)
   15268:	7802                	ld	a6,32(sp)
   1526a:	7322                	ld	t1,40(sp)
   1526c:	7742                	ld	a4,48(sp)
   1526e:	08a05363          	blez	a0,152f4 <__gdtoa+0x10ac>
   15272:	03900793          	li	a5,57
   15276:	d2fd87e3          	beq	s11,a5,14fa4 <__gdtoa+0xd5c>
   1527a:	03190e9b          	addiw	t4,s2,49
   1527e:	02000e13          	li	t3,32
   15282:	4854                	lw	a3,20(s0)
   15284:	4785                	li	a5,1
   15286:	4bc1                	li	s7,16
   15288:	c0d7cae3          	blt	a5,a3,14e9c <__gdtoa+0xc54>
   1528c:	4c1c                	lw	a5,24(s0)
   1528e:	c00797e3          	bnez	a5,14e9c <__gdtoa+0xc54>
   15292:	8bf2                	mv	s7,t3
   15294:	b121                	j	14e9c <__gdtoa+0xc54>
   15296:	65a6                	ld	a1,72(sp)
   15298:	fff8869b          	addiw	a3,a7,-1
   1529c:	8636                	mv	a2,a3
   1529e:	c2d5c6e3          	blt	a1,a3,14eca <__gdtoa+0xc82>
   152a2:	40d584bb          	subw	s1,a1,a3
   152a6:	66c2                	ld	a3,16(sp)
   152a8:	01d88ebb          	addw	t4,a7,t4
   152ac:	c746                	sw	a7,140(sp)
   152ae:	011686bb          	addw	a3,a3,a7
   152b2:	ec36                	sd	a3,24(sp)
   152b4:	dd4ff06f          	j	14888 <__gdtoa+0x640>
   152b8:	66c2                	ld	a3,16(sp)
   152ba:	c746                	sw	a7,140(sp)
   152bc:	01d88ebb          	addw	t4,a7,t4
   152c0:	011686bb          	addw	a3,a3,a7
   152c4:	ec36                	sd	a3,24(sp)
   152c6:	dc2ff06f          	j	14888 <__gdtoa+0x640>
   152ca:	4c1c                	lw	a5,24(s0)
   152cc:	ea079de3          	bnez	a5,15186 <__gdtoa+0xf3e>
   152d0:	f6d04be3          	bgtz	a3,15246 <__gdtoa+0xffe>
   152d4:	b6e1                	j	14e9c <__gdtoa+0xc54>
   152d6:	4bc1                	li	s7,16
   152d8:	b6d1                	j	14e9c <__gdtoa+0xc54>
   152da:	03900793          	li	a5,57
   152de:	8322                	mv	t1,s0
   152e0:	8862                	mv	a6,s8
   152e2:	8456                	mv	s0,s5
   152e4:	8f5e                	mv	t5,s7
   152e6:	876a                	mv	a4,s10
   152e8:	cafe8ee3          	beq	t4,a5,14fa4 <__gdtoa+0xd5c>
   152ec:	2e85                	addiw	t4,t4,1
   152ee:	02000b93          	li	s7,32
   152f2:	b66d                	j	14e9c <__gdtoa+0xc54>
   152f4:	6ee2                	ld	t4,24(sp)
   152f6:	e501                	bnez	a0,152fe <__gdtoa+0x10b6>
   152f8:	001df793          	andi	a5,s11,1
   152fc:	fbbd                	bnez	a5,15272 <__gdtoa+0x102a>
   152fe:	02000e13          	li	t3,32
   15302:	b741                	j	15282 <__gdtoa+0x103a>
   15304:	790e                	ld	s2,224(sp)
   15306:	0018061b          	addiw	a2,a6,1
   1530a:	bacff06f          	j	146b6 <__gdtoa+0x46e>
   1530e:	4854                	lw	a3,20(s0)
   15310:	4785                	li	a5,1
   15312:	4bc1                	li	s7,16
   15314:	b8d7c4e3          	blt	a5,a3,14e9c <__gdtoa+0xc54>
   15318:	4c1c                	lw	a5,24(s0)
   1531a:	00f037b3          	snez	a5,a5
   1531e:	00479b9b          	slliw	s7,a5,0x4
   15322:	bead                	j	14e9c <__gdtoa+0xc54>

0000000000015324 <__rv_alloc_D2A.part.0>:
   15324:	66e5                	lui	a3,0x19
   15326:	6565                	lui	a0,0x19
   15328:	1141                	addi	sp,sp,-16
   1532a:	29068693          	addi	a3,a3,656 # 19290 <__clzdi2+0xb4>
   1532e:	2a850513          	addi	a0,a0,680 # 192a8 <__clzdi2+0xcc>
   15332:	4601                	li	a2,0
   15334:	03900593          	li	a1,57
   15338:	e406                	sd	ra,8(sp)
   1533a:	033010ef          	jal	16b6c <__assert_func>

000000000001533e <__rv_alloc_D2A>:
   1533e:	1141                	addi	sp,sp,-16
   15340:	e022                	sd	s0,0(sp)
   15342:	e406                	sd	ra,8(sp)
   15344:	46fd                	li	a3,31
   15346:	842a                	mv	s0,a0
   15348:	4705                	li	a4,1
   1534a:	4791                	li	a5,4
   1534c:	02b6f563          	bgeu	a3,a1,15376 <__rv_alloc_D2A+0x38>
   15350:	0017979b          	slliw	a5,a5,0x1
   15354:	01c78693          	addi	a3,a5,28
   15358:	863a                	mv	a2,a4
   1535a:	2705                	addiw	a4,a4,1
   1535c:	fed5fae3          	bgeu	a1,a3,15350 <__rv_alloc_D2A+0x12>
   15360:	85b2                	mv	a1,a2
   15362:	cc30                	sw	a2,88(s0)
   15364:	8522                	mv	a0,s0
   15366:	2fc000ef          	jal	15662 <_Balloc>
   1536a:	c911                	beqz	a0,1537e <__rv_alloc_D2A+0x40>
   1536c:	60a2                	ld	ra,8(sp)
   1536e:	e828                	sd	a0,80(s0)
   15370:	6402                	ld	s0,0(sp)
   15372:	0141                	addi	sp,sp,16
   15374:	8082                	ret
   15376:	04052c23          	sw	zero,88(a0)
   1537a:	4581                	li	a1,0
   1537c:	b7e5                	j	15364 <__rv_alloc_D2A+0x26>
   1537e:	fa7ff0ef          	jal	15324 <__rv_alloc_D2A.part.0>

0000000000015382 <__nrv_alloc_D2A>:
   15382:	7179                	addi	sp,sp,-48
   15384:	f022                	sd	s0,32(sp)
   15386:	ec26                	sd	s1,24(sp)
   15388:	f406                	sd	ra,40(sp)
   1538a:	487d                	li	a6,31
   1538c:	84aa                	mv	s1,a0
   1538e:	842e                	mv	s0,a1
   15390:	4705                	li	a4,1
   15392:	4791                	li	a5,4
   15394:	04d87863          	bgeu	a6,a3,153e4 <__nrv_alloc_D2A+0x62>
   15398:	0017979b          	slliw	a5,a5,0x1
   1539c:	01c78513          	addi	a0,a5,28
   153a0:	85ba                	mv	a1,a4
   153a2:	2705                	addiw	a4,a4,1
   153a4:	fea6fae3          	bgeu	a3,a0,15398 <__nrv_alloc_D2A+0x16>
   153a8:	ccac                	sw	a1,88(s1)
   153aa:	8526                	mv	a0,s1
   153ac:	e432                	sd	a2,8(sp)
   153ae:	2b4000ef          	jal	15662 <_Balloc>
   153b2:	6622                	ld	a2,8(sp)
   153b4:	cd15                	beqz	a0,153f0 <__nrv_alloc_D2A+0x6e>
   153b6:	e8a8                	sd	a0,80(s1)
   153b8:	00044783          	lbu	a5,0(s0)
   153bc:	00f50023          	sb	a5,0(a0)
   153c0:	c795                	beqz	a5,153ec <__nrv_alloc_D2A+0x6a>
   153c2:	00140593          	addi	a1,s0,1
   153c6:	87aa                	mv	a5,a0
   153c8:	0005c703          	lbu	a4,0(a1)
   153cc:	0585                	addi	a1,a1,1
   153ce:	0785                	addi	a5,a5,1
   153d0:	00e78023          	sb	a4,0(a5)
   153d4:	fb75                	bnez	a4,153c8 <__nrv_alloc_D2A+0x46>
   153d6:	c211                	beqz	a2,153da <__nrv_alloc_D2A+0x58>
   153d8:	e21c                	sd	a5,0(a2)
   153da:	70a2                	ld	ra,40(sp)
   153dc:	7402                	ld	s0,32(sp)
   153de:	64e2                	ld	s1,24(sp)
   153e0:	6145                	addi	sp,sp,48
   153e2:	8082                	ret
   153e4:	04052c23          	sw	zero,88(a0)
   153e8:	4581                	li	a1,0
   153ea:	b7c1                	j	153aa <__nrv_alloc_D2A+0x28>
   153ec:	87aa                	mv	a5,a0
   153ee:	b7e5                	j	153d6 <__nrv_alloc_D2A+0x54>
   153f0:	f35ff0ef          	jal	15324 <__rv_alloc_D2A.part.0>

00000000000153f4 <__freedtoa>:
   153f4:	4d38                	lw	a4,88(a0)
   153f6:	4785                	li	a5,1
   153f8:	00e797bb          	sllw	a5,a5,a4
   153fc:	c5dc                	sw	a5,12(a1)
   153fe:	c598                	sw	a4,8(a1)
   15400:	a4d9                	j	156c6 <_Bfree>

0000000000015402 <__quorem_D2A>:
   15402:	0145a803          	lw	a6,20(a1)
   15406:	495c                	lw	a5,20(a0)
   15408:	1707c763          	blt	a5,a6,15576 <__quorem_D2A+0x174>
   1540c:	387d                	addiw	a6,a6,-1
   1540e:	00281393          	slli	t2,a6,0x2
   15412:	01858613          	addi	a2,a1,24
   15416:	007608b3          	add	a7,a2,t2
   1541a:	01850313          	addi	t1,a0,24
   1541e:	0008a783          	lw	a5,0(a7)
   15422:	939a                	add	t2,t2,t1
   15424:	0003a703          	lw	a4,0(t2) # 4000 <exit-0xc120>
   15428:	2785                	addiw	a5,a5,1
   1542a:	715d                	addi	sp,sp,-80
   1542c:	02f752bb          	divuw	t0,a4,a5
   15430:	e486                	sd	ra,72(sp)
   15432:	e0a2                	sd	s0,64(sp)
   15434:	8e16                	mv	t3,t0
   15436:	0af76063          	bltu	a4,a5,154d6 <__quorem_D2A+0xd4>
   1543a:	fc26                	sd	s1,56(sp)
   1543c:	8fb2                	mv	t6,a2
   1543e:	8f1a                	mv	t5,t1
   15440:	4481                	li	s1,0
   15442:	4401                	li	s0,0
   15444:	000fa703          	lw	a4,0(t6)
   15448:	000f2683          	lw	a3,0(t5)
   1544c:	0f11                	addi	t5,t5,4
   1544e:	03071793          	slli	a5,a4,0x30
   15452:	93c1                	srli	a5,a5,0x30
   15454:	025787bb          	mulw	a5,a5,t0
   15458:	0107571b          	srliw	a4,a4,0x10
   1545c:	0f91                	addi	t6,t6,4
   1545e:	02570ebb          	mulw	t4,a4,t0
   15462:	9fa5                	addw	a5,a5,s1
   15464:	03069713          	slli	a4,a3,0x30
   15468:	03079493          	slli	s1,a5,0x30
   1546c:	90c1                	srli	s1,s1,0x30
   1546e:	9341                	srli	a4,a4,0x30
   15470:	9f05                	subw	a4,a4,s1
   15472:	0107d79b          	srliw	a5,a5,0x10
   15476:	9f01                	subw	a4,a4,s0
   15478:	02f71493          	slli	s1,a4,0x2f
   1547c:	01d787bb          	addw	a5,a5,t4
   15480:	03079413          	slli	s0,a5,0x30
   15484:	9041                	srli	s0,s0,0x30
   15486:	03f4de93          	srli	t4,s1,0x3f
   1548a:	9ea2                	add	t4,t4,s0
   1548c:	0106d69b          	srliw	a3,a3,0x10
   15490:	41d686bb          	subw	a3,a3,t4
   15494:	1742                	slli	a4,a4,0x30
   15496:	01069e9b          	slliw	t4,a3,0x10
   1549a:	9341                	srli	a4,a4,0x30
   1549c:	00eee733          	or	a4,t4,a4
   154a0:	0106d69b          	srliw	a3,a3,0x10
   154a4:	feef2e23          	sw	a4,-4(t5)
   154a8:	0107d49b          	srliw	s1,a5,0x10
   154ac:	0016f413          	andi	s0,a3,1
   154b0:	f9f8fae3          	bgeu	a7,t6,15444 <__quorem_D2A+0x42>
   154b4:	0003a783          	lw	a5,0(t2)
   154b8:	e3e9                	bnez	a5,1557a <__quorem_D2A+0x178>
   154ba:	13f1                	addi	t2,t2,-4
   154bc:	00736663          	bltu	t1,t2,154c8 <__quorem_D2A+0xc6>
   154c0:	a801                	j	154d0 <__quorem_D2A+0xce>
   154c2:	387d                	addiw	a6,a6,-1
   154c4:	00737663          	bgeu	t1,t2,154d0 <__quorem_D2A+0xce>
   154c8:	0003a783          	lw	a5,0(t2)
   154cc:	13f1                	addi	t2,t2,-4
   154ce:	dbf5                	beqz	a5,154c2 <__quorem_D2A+0xc0>
   154d0:	74e2                	ld	s1,56(sp)
   154d2:	01052a23          	sw	a6,20(a0)
   154d6:	e072                	sd	t3,0(sp)
   154d8:	f416                	sd	t0,40(sp)
   154da:	f01a                	sd	t1,32(sp)
   154dc:	ec46                	sd	a7,24(sp)
   154de:	e832                	sd	a2,16(sp)
   154e0:	e442                	sd	a6,8(sp)
   154e2:	842a                	mv	s0,a0
   154e4:	133000ef          	jal	15e16 <__mcmp>
   154e8:	6e02                	ld	t3,0(sp)
   154ea:	08054163          	bltz	a0,1556c <__quorem_D2A+0x16a>
   154ee:	72a2                	ld	t0,40(sp)
   154f0:	7302                	ld	t1,32(sp)
   154f2:	68e2                	ld	a7,24(sp)
   154f4:	6642                	ld	a2,16(sp)
   154f6:	6822                	ld	a6,8(sp)
   154f8:	00128e1b          	addiw	t3,t0,1
   154fc:	859a                	mv	a1,t1
   154fe:	4501                	li	a0,0
   15500:	419c                	lw	a5,0(a1)
   15502:	4214                	lw	a3,0(a2)
   15504:	0591                	addi	a1,a1,4
   15506:	03079713          	slli	a4,a5,0x30
   1550a:	03069e93          	slli	t4,a3,0x30
   1550e:	030ede93          	srli	t4,t4,0x30
   15512:	9341                	srli	a4,a4,0x30
   15514:	41d7073b          	subw	a4,a4,t4
   15518:	9f09                	subw	a4,a4,a0
   1551a:	02f71e93          	slli	t4,a4,0x2f
   1551e:	03fed513          	srli	a0,t4,0x3f
   15522:	0106d69b          	srliw	a3,a3,0x10
   15526:	96aa                	add	a3,a3,a0
   15528:	0107d79b          	srliw	a5,a5,0x10
   1552c:	9f95                	subw	a5,a5,a3
   1552e:	1742                	slli	a4,a4,0x30
   15530:	0107969b          	slliw	a3,a5,0x10
   15534:	9341                	srli	a4,a4,0x30
   15536:	8f55                	or	a4,a4,a3
   15538:	0611                	addi	a2,a2,4
   1553a:	0107d79b          	srliw	a5,a5,0x10
   1553e:	fee5ae23          	sw	a4,-4(a1)
   15542:	0017f513          	andi	a0,a5,1
   15546:	fac8fde3          	bgeu	a7,a2,15500 <__quorem_D2A+0xfe>
   1554a:	00281793          	slli	a5,a6,0x2
   1554e:	979a                	add	a5,a5,t1
   15550:	4398                	lw	a4,0(a5)
   15552:	ef09                	bnez	a4,1556c <__quorem_D2A+0x16a>
   15554:	17f1                	addi	a5,a5,-4
   15556:	00f36663          	bltu	t1,a5,15562 <__quorem_D2A+0x160>
   1555a:	a039                	j	15568 <__quorem_D2A+0x166>
   1555c:	387d                	addiw	a6,a6,-1
   1555e:	00f37563          	bgeu	t1,a5,15568 <__quorem_D2A+0x166>
   15562:	4398                	lw	a4,0(a5)
   15564:	17f1                	addi	a5,a5,-4
   15566:	db7d                	beqz	a4,1555c <__quorem_D2A+0x15a>
   15568:	01042a23          	sw	a6,20(s0)
   1556c:	60a6                	ld	ra,72(sp)
   1556e:	6406                	ld	s0,64(sp)
   15570:	8572                	mv	a0,t3
   15572:	6161                	addi	sp,sp,80
   15574:	8082                	ret
   15576:	4501                	li	a0,0
   15578:	8082                	ret
   1557a:	74e2                	ld	s1,56(sp)
   1557c:	bfa9                	j	154d6 <__quorem_D2A+0xd4>

000000000001557e <__rshift_D2A>:
   1557e:	4954                	lw	a3,20(a0)
   15580:	4055d31b          	sraiw	t1,a1,0x5
   15584:	00d34763          	blt	t1,a3,15592 <__rshift_D2A+0x14>
   15588:	00052a23          	sw	zero,20(a0)
   1558c:	00052c23          	sw	zero,24(a0)
   15590:	8082                	ret
   15592:	01850e13          	addi	t3,a0,24
   15596:	00269813          	slli	a6,a3,0x2
   1559a:	00231793          	slli	a5,t1,0x2
   1559e:	89fd                	andi	a1,a1,31
   155a0:	9872                	add	a6,a6,t3
   155a2:	97f2                	add	a5,a5,t3
   155a4:	c5a9                	beqz	a1,155ee <__rshift_D2A+0x70>
   155a6:	4390                	lw	a2,0(a5)
   155a8:	0791                	addi	a5,a5,4
   155aa:	00b6563b          	srlw	a2,a2,a1
   155ae:	0707f563          	bgeu	a5,a6,15618 <__rshift_D2A+0x9a>
   155b2:	02000e93          	li	t4,32
   155b6:	40be8ebb          	subw	t4,t4,a1
   155ba:	88f2                	mv	a7,t3
   155bc:	4398                	lw	a4,0(a5)
   155be:	0891                	addi	a7,a7,4
   155c0:	0791                	addi	a5,a5,4
   155c2:	01d7173b          	sllw	a4,a4,t4
   155c6:	8f51                	or	a4,a4,a2
   155c8:	fee8ae23          	sw	a4,-4(a7)
   155cc:	ffc7a603          	lw	a2,-4(a5)
   155d0:	00b6563b          	srlw	a2,a2,a1
   155d4:	ff07e4e3          	bltu	a5,a6,155bc <__rshift_D2A+0x3e>
   155d8:	406687b3          	sub	a5,a3,t1
   155dc:	078a                	slli	a5,a5,0x2
   155de:	17e1                	addi	a5,a5,-8
   155e0:	004e0713          	addi	a4,t3,4
   155e4:	97ba                	add	a5,a5,a4
   155e6:	c390                	sw	a2,0(a5)
   155e8:	c20d                	beqz	a2,1560a <__rshift_D2A+0x8c>
   155ea:	0791                	addi	a5,a5,4
   155ec:	a839                	j	1560a <__rshift_D2A+0x8c>
   155ee:	8772                	mv	a4,t3
   155f0:	f907fce3          	bgeu	a5,a6,15588 <__rshift_D2A+0xa>
   155f4:	4390                	lw	a2,0(a5)
   155f6:	0791                	addi	a5,a5,4
   155f8:	0711                	addi	a4,a4,4
   155fa:	fec72e23          	sw	a2,-4(a4)
   155fe:	ff07ebe3          	bltu	a5,a6,155f4 <__rshift_D2A+0x76>
   15602:	406687b3          	sub	a5,a3,t1
   15606:	078a                	slli	a5,a5,0x2
   15608:	97f2                	add	a5,a5,t3
   1560a:	41c787b3          	sub	a5,a5,t3
   1560e:	8789                	srai	a5,a5,0x2
   15610:	2781                	sext.w	a5,a5
   15612:	c95c                	sw	a5,20(a0)
   15614:	dfa5                	beqz	a5,1558c <__rshift_D2A+0xe>
   15616:	8082                	ret
   15618:	cd10                	sw	a2,24(a0)
   1561a:	87f2                	mv	a5,t3
   1561c:	d635                	beqz	a2,15588 <__rshift_D2A+0xa>
   1561e:	0791                	addi	a5,a5,4
   15620:	b7ed                	j	1560a <__rshift_D2A+0x8c>

0000000000015622 <__trailz_D2A>:
   15622:	4954                	lw	a3,20(a0)
   15624:	0561                	addi	a0,a0,24
   15626:	4781                	li	a5,0
   15628:	068a                	slli	a3,a3,0x2
   1562a:	96aa                	add	a3,a3,a0
   1562c:	00d56863          	bltu	a0,a3,1563c <__trailz_D2A+0x1a>
   15630:	a03d                	j	1565e <__trailz_D2A+0x3c>
   15632:	0511                	addi	a0,a0,4
   15634:	0207879b          	addiw	a5,a5,32
   15638:	02d57363          	bgeu	a0,a3,1565e <__trailz_D2A+0x3c>
   1563c:	4118                	lw	a4,0(a0)
   1563e:	db75                	beqz	a4,15632 <__trailz_D2A+0x10>
   15640:	00d57f63          	bgeu	a0,a3,1565e <__trailz_D2A+0x3c>
   15644:	7179                	addi	sp,sp,-48
   15646:	0868                	addi	a0,sp,28
   15648:	f406                	sd	ra,40(sp)
   1564a:	e43e                	sd	a5,8(sp)
   1564c:	ce3a                	sw	a4,28(sp)
   1564e:	2ce000ef          	jal	1591c <__lo0bits>
   15652:	67a2                	ld	a5,8(sp)
   15654:	70a2                	ld	ra,40(sp)
   15656:	9fa9                	addw	a5,a5,a0
   15658:	853e                	mv	a0,a5
   1565a:	6145                	addi	sp,sp,48
   1565c:	8082                	ret
   1565e:	853e                	mv	a0,a5
   15660:	8082                	ret

0000000000015662 <_Balloc>:
   15662:	753c                	ld	a5,104(a0)
   15664:	1101                	addi	sp,sp,-32
   15666:	ec06                	sd	ra,24(sp)
   15668:	872a                	mv	a4,a0
   1566a:	86ae                	mv	a3,a1
   1566c:	cf89                	beqz	a5,15686 <_Balloc+0x24>
   1566e:	00369613          	slli	a2,a3,0x3
   15672:	97b2                	add	a5,a5,a2
   15674:	6388                	ld	a0,0(a5)
   15676:	c515                	beqz	a0,156a2 <_Balloc+0x40>
   15678:	6118                	ld	a4,0(a0)
   1567a:	e398                	sd	a4,0(a5)
   1567c:	00053823          	sd	zero,16(a0)
   15680:	60e2                	ld	ra,24(sp)
   15682:	6105                	addi	sp,sp,32
   15684:	8082                	ret
   15686:	e42e                	sd	a1,8(sp)
   15688:	04100613          	li	a2,65
   1568c:	45a1                	li	a1,8
   1568e:	e02a                	sd	a0,0(sp)
   15690:	51e010ef          	jal	16bae <_calloc_r>
   15694:	6702                	ld	a4,0(sp)
   15696:	66a2                	ld	a3,8(sp)
   15698:	87aa                	mv	a5,a0
   1569a:	f728                	sd	a0,104(a4)
   1569c:	f969                	bnez	a0,1566e <_Balloc+0xc>
   1569e:	4501                	li	a0,0
   156a0:	b7c5                	j	15680 <_Balloc+0x1e>
   156a2:	4785                	li	a5,1
   156a4:	00d797bb          	sllw	a5,a5,a3
   156a8:	00279613          	slli	a2,a5,0x2
   156ac:	853a                	mv	a0,a4
   156ae:	0671                	addi	a2,a2,28
   156b0:	4585                	li	a1,1
   156b2:	e436                	sd	a3,8(sp)
   156b4:	e03e                	sd	a5,0(sp)
   156b6:	4f8010ef          	jal	16bae <_calloc_r>
   156ba:	d175                	beqz	a0,1569e <_Balloc+0x3c>
   156bc:	66a2                	ld	a3,8(sp)
   156be:	6782                	ld	a5,0(sp)
   156c0:	c514                	sw	a3,8(a0)
   156c2:	c55c                	sw	a5,12(a0)
   156c4:	bf65                	j	1567c <_Balloc+0x1a>

00000000000156c6 <_Bfree>:
   156c6:	c981                	beqz	a1,156d6 <_Bfree+0x10>
   156c8:	4598                	lw	a4,8(a1)
   156ca:	753c                	ld	a5,104(a0)
   156cc:	070e                	slli	a4,a4,0x3
   156ce:	97ba                	add	a5,a5,a4
   156d0:	6398                	ld	a4,0(a5)
   156d2:	e198                	sd	a4,0(a1)
   156d4:	e38c                	sd	a1,0(a5)
   156d6:	8082                	ret

00000000000156d8 <__multadd>:
   156d8:	0145a303          	lw	t1,20(a1)
   156dc:	8e2e                	mv	t3,a1
   156de:	8736                	mv	a4,a3
   156e0:	01858813          	addi	a6,a1,24
   156e4:	4881                	li	a7,0
   156e6:	00082783          	lw	a5,0(a6)
   156ea:	0811                	addi	a6,a6,4
   156ec:	2885                	addiw	a7,a7,1
   156ee:	03079693          	slli	a3,a5,0x30
   156f2:	92c1                	srli	a3,a3,0x30
   156f4:	02c686bb          	mulw	a3,a3,a2
   156f8:	0107d79b          	srliw	a5,a5,0x10
   156fc:	02c787bb          	mulw	a5,a5,a2
   15700:	9eb9                	addw	a3,a3,a4
   15702:	0106d71b          	srliw	a4,a3,0x10
   15706:	16c2                	slli	a3,a3,0x30
   15708:	92c1                	srli	a3,a3,0x30
   1570a:	9fb9                	addw	a5,a5,a4
   1570c:	0107971b          	slliw	a4,a5,0x10
   15710:	9f35                	addw	a4,a4,a3
   15712:	fee82e23          	sw	a4,-4(a6)
   15716:	0107d71b          	srliw	a4,a5,0x10
   1571a:	fc68c6e3          	blt	a7,t1,156e6 <__multadd+0xe>
   1571e:	cf09                	beqz	a4,15738 <__multadd+0x60>
   15720:	00ce2783          	lw	a5,12(t3)
   15724:	00f35c63          	bge	t1,a5,1573c <__multadd+0x64>
   15728:	00231693          	slli	a3,t1,0x2
   1572c:	96f2                	add	a3,a3,t3
   1572e:	ce98                	sw	a4,24(a3)
   15730:	0013079b          	addiw	a5,t1,1 # fffffffffcc00001 <__BSS_END__+0xfffffffffcbdc3c9>
   15734:	00fe2a23          	sw	a5,20(t3)
   15738:	8572                	mv	a0,t3
   1573a:	8082                	ret
   1573c:	008e2583          	lw	a1,8(t3)
   15740:	7179                	addi	sp,sp,-48
   15742:	f022                	sd	s0,32(sp)
   15744:	2585                	addiw	a1,a1,1
   15746:	e83a                	sd	a4,16(sp)
   15748:	e41a                	sd	t1,8(sp)
   1574a:	e072                	sd	t3,0(sp)
   1574c:	f406                	sd	ra,40(sp)
   1574e:	842a                	mv	s0,a0
   15750:	f13ff0ef          	jal	15662 <_Balloc>
   15754:	6e02                	ld	t3,0(sp)
   15756:	6322                	ld	t1,8(sp)
   15758:	6742                	ld	a4,16(sp)
   1575a:	86aa                	mv	a3,a0
   1575c:	c929                	beqz	a0,157ae <__multadd+0xd6>
   1575e:	014e2603          	lw	a2,20(t3)
   15762:	010e0593          	addi	a1,t3,16
   15766:	0541                	addi	a0,a0,16
   15768:	060a                	slli	a2,a2,0x2
   1576a:	0621                	addi	a2,a2,8
   1576c:	ec3a                	sd	a4,24(sp)
   1576e:	e81a                	sd	t1,16(sp)
   15770:	e472                	sd	t3,8(sp)
   15772:	e036                	sd	a3,0(sp)
   15774:	e62fe0ef          	jal	13dd6 <memcpy>
   15778:	6e22                	ld	t3,8(sp)
   1577a:	743c                	ld	a5,104(s0)
   1577c:	6342                	ld	t1,16(sp)
   1577e:	008e2603          	lw	a2,8(t3)
   15782:	6762                	ld	a4,24(sp)
   15784:	00231693          	slli	a3,t1,0x2
   15788:	060e                	slli	a2,a2,0x3
   1578a:	97b2                	add	a5,a5,a2
   1578c:	6390                	ld	a2,0(a5)
   1578e:	70a2                	ld	ra,40(sp)
   15790:	7402                	ld	s0,32(sp)
   15792:	00ce3023          	sd	a2,0(t3)
   15796:	01c7b023          	sd	t3,0(a5)
   1579a:	6e02                	ld	t3,0(sp)
   1579c:	0013079b          	addiw	a5,t1,1
   157a0:	96f2                	add	a3,a3,t3
   157a2:	ce98                	sw	a4,24(a3)
   157a4:	00fe2a23          	sw	a5,20(t3)
   157a8:	8572                	mv	a0,t3
   157aa:	6145                	addi	sp,sp,48
   157ac:	8082                	ret
   157ae:	66e5                	lui	a3,0x19
   157b0:	6565                	lui	a0,0x19
   157b2:	29068693          	addi	a3,a3,656 # 19290 <__clzdi2+0xb4>
   157b6:	31850513          	addi	a0,a0,792 # 19318 <__clzdi2+0x13c>
   157ba:	4601                	li	a2,0
   157bc:	0ba00593          	li	a1,186
   157c0:	3ac010ef          	jal	16b6c <__assert_func>

00000000000157c4 <__s2b>:
   157c4:	7139                	addi	sp,sp,-64
   157c6:	f822                	sd	s0,48(sp)
   157c8:	f04a                	sd	s2,32(sp)
   157ca:	ec4e                	sd	s3,24(sp)
   157cc:	e852                	sd	s4,16(sp)
   157ce:	e456                	sd	s5,8(sp)
   157d0:	fc06                	sd	ra,56(sp)
   157d2:	47a5                	li	a5,9
   157d4:	89b6                	mv	s3,a3
   157d6:	8a32                	mv	s4,a2
   157d8:	892a                	mv	s2,a0
   157da:	8aae                	mv	s5,a1
   157dc:	843a                	mv	s0,a4
   157de:	0ad7dd63          	bge	a5,a3,15898 <__s2b+0xd4>
   157e2:	26a1                	addiw	a3,a3,8
   157e4:	1682                	slli	a3,a3,0x20
   157e6:	38e397b7          	lui	a5,0x38e39
   157ea:	e3978793          	addi	a5,a5,-455 # 38e38e39 <__BSS_END__+0x38e15201>
   157ee:	9281                	srli	a3,a3,0x20
   157f0:	02f686b3          	mul	a3,a3,a5
   157f4:	4581                	li	a1,0
   157f6:	4785                	li	a5,1
   157f8:	9285                	srli	a3,a3,0x21
   157fa:	0017979b          	slliw	a5,a5,0x1
   157fe:	2585                	addiw	a1,a1,1
   15800:	fed7cde3          	blt	a5,a3,157fa <__s2b+0x36>
   15804:	854a                	mv	a0,s2
   15806:	e5dff0ef          	jal	15662 <_Balloc>
   1580a:	f426                	sd	s1,40(sp)
   1580c:	85aa                	mv	a1,a0
   1580e:	c559                	beqz	a0,1589c <__s2b+0xd8>
   15810:	4785                	li	a5,1
   15812:	c95c                	sw	a5,20(a0)
   15814:	cd00                	sw	s0,24(a0)
   15816:	47a5                	li	a5,9
   15818:	0747dc63          	bge	a5,s4,15890 <__s2b+0xcc>
   1581c:	ff6a071b          	addiw	a4,s4,-10
   15820:	020a1793          	slli	a5,s4,0x20
   15824:	009a8413          	addi	s0,s5,9
   15828:	e05a                	sd	s6,0(sp)
   1582a:	9381                	srli	a5,a5,0x20
   1582c:	02071b13          	slli	s6,a4,0x20
   15830:	020b5b13          	srli	s6,s6,0x20
   15834:	9abe                	add	s5,s5,a5
   15836:	84a2                	mv	s1,s0
   15838:	0004c683          	lbu	a3,0(s1)
   1583c:	4629                	li	a2,10
   1583e:	854a                	mv	a0,s2
   15840:	fd06869b          	addiw	a3,a3,-48
   15844:	0485                	addi	s1,s1,1
   15846:	e93ff0ef          	jal	156d8 <__multadd>
   1584a:	85aa                	mv	a1,a0
   1584c:	ff5496e3          	bne	s1,s5,15838 <__s2b+0x74>
   15850:	945a                	add	s0,s0,s6
   15852:	6b02                	ld	s6,0(sp)
   15854:	0409                	addi	s0,s0,2
   15856:	033a5363          	bge	s4,s3,1587c <__s2b+0xb8>
   1585a:	414984bb          	subw	s1,s3,s4
   1585e:	1482                	slli	s1,s1,0x20
   15860:	9081                	srli	s1,s1,0x20
   15862:	94a2                	add	s1,s1,s0
   15864:	00044683          	lbu	a3,0(s0)
   15868:	4629                	li	a2,10
   1586a:	854a                	mv	a0,s2
   1586c:	fd06869b          	addiw	a3,a3,-48
   15870:	0405                	addi	s0,s0,1
   15872:	e67ff0ef          	jal	156d8 <__multadd>
   15876:	85aa                	mv	a1,a0
   15878:	fe9416e3          	bne	s0,s1,15864 <__s2b+0xa0>
   1587c:	70e2                	ld	ra,56(sp)
   1587e:	7442                	ld	s0,48(sp)
   15880:	74a2                	ld	s1,40(sp)
   15882:	7902                	ld	s2,32(sp)
   15884:	69e2                	ld	s3,24(sp)
   15886:	6a42                	ld	s4,16(sp)
   15888:	6aa2                	ld	s5,8(sp)
   1588a:	852e                	mv	a0,a1
   1588c:	6121                	addi	sp,sp,64
   1588e:	8082                	ret
   15890:	00aa8413          	addi	s0,s5,10
   15894:	8a3e                	mv	s4,a5
   15896:	b7c1                	j	15856 <__s2b+0x92>
   15898:	4581                	li	a1,0
   1589a:	b7ad                	j	15804 <__s2b+0x40>
   1589c:	66e5                	lui	a3,0x19
   1589e:	6565                	lui	a0,0x19
   158a0:	29068693          	addi	a3,a3,656 # 19290 <__clzdi2+0xb4>
   158a4:	31850513          	addi	a0,a0,792 # 19318 <__clzdi2+0x13c>
   158a8:	4601                	li	a2,0
   158aa:	0d300593          	li	a1,211
   158ae:	e05a                	sd	s6,0(sp)
   158b0:	2bc010ef          	jal	16b6c <__assert_func>

00000000000158b4 <__hi0bits>:
   158b4:	87aa                	mv	a5,a0
   158b6:	6741                	lui	a4,0x10
   158b8:	4501                	li	a0,0
   158ba:	00e7f563          	bgeu	a5,a4,158c4 <__hi0bits+0x10>
   158be:	0107979b          	slliw	a5,a5,0x10
   158c2:	4541                	li	a0,16
   158c4:	01000737          	lui	a4,0x1000
   158c8:	00e7f563          	bgeu	a5,a4,158d2 <__hi0bits+0x1e>
   158cc:	2521                	addiw	a0,a0,8
   158ce:	0087979b          	slliw	a5,a5,0x8
   158d2:	10000737          	lui	a4,0x10000
   158d6:	00e7ec63          	bltu	a5,a4,158ee <__hi0bits+0x3a>
   158da:	40000737          	lui	a4,0x40000
   158de:	02e7f863          	bgeu	a5,a4,1590e <__hi0bits+0x5a>
   158e2:	02279713          	slli	a4,a5,0x22
   158e6:	02074963          	bltz	a4,15918 <__hi0bits+0x64>
   158ea:	250d                	addiw	a0,a0,3
   158ec:	8082                	ret
   158ee:	0047971b          	slliw	a4,a5,0x4
   158f2:	400006b7          	lui	a3,0x40000
   158f6:	2511                	addiw	a0,a0,4
   158f8:	00d77c63          	bgeu	a4,a3,15910 <__hi0bits+0x5c>
   158fc:	0067979b          	slliw	a5,a5,0x6
   15900:	0007cc63          	bltz	a5,15918 <__hi0bits+0x64>
   15904:	8ff5                	and	a5,a5,a3
   15906:	f3f5                	bnez	a5,158ea <__hi0bits+0x36>
   15908:	02000513          	li	a0,32
   1590c:	8082                	ret
   1590e:	873e                	mv	a4,a5
   15910:	fe074ee3          	bltz	a4,1590c <__hi0bits+0x58>
   15914:	2505                	addiw	a0,a0,1
   15916:	8082                	ret
   15918:	2509                	addiw	a0,a0,2
   1591a:	8082                	ret

000000000001591c <__lo0bits>:
   1591c:	411c                	lw	a5,0(a0)
   1591e:	0077f713          	andi	a4,a5,7
   15922:	86be                	mv	a3,a5
   15924:	cf11                	beqz	a4,15940 <__lo0bits+0x24>
   15926:	0017f693          	andi	a3,a5,1
   1592a:	4701                	li	a4,0
   1592c:	ea81                	bnez	a3,1593c <__lo0bits+0x20>
   1592e:	0027f713          	andi	a4,a5,2
   15932:	cf3d                	beqz	a4,159b0 <__lo0bits+0x94>
   15934:	0017d79b          	srliw	a5,a5,0x1
   15938:	c11c                	sw	a5,0(a0)
   1593a:	4705                	li	a4,1
   1593c:	853a                	mv	a0,a4
   1593e:	8082                	ret
   15940:	03079713          	slli	a4,a5,0x30
   15944:	9341                	srli	a4,a4,0x30
   15946:	eb0d                	bnez	a4,15978 <__lo0bits+0x5c>
   15948:	0107d79b          	srliw	a5,a5,0x10
   1594c:	0ff7f693          	zext.b	a3,a5
   15950:	4741                	li	a4,16
   15952:	e681                	bnez	a3,1595a <__lo0bits+0x3e>
   15954:	4761                	li	a4,24
   15956:	0087d79b          	srliw	a5,a5,0x8
   1595a:	00f7f693          	andi	a3,a5,15
   1595e:	c2a9                	beqz	a3,159a0 <__lo0bits+0x84>
   15960:	0037f693          	andi	a3,a5,3
   15964:	c68d                	beqz	a3,1598e <__lo0bits+0x72>
   15966:	0017f693          	andi	a3,a5,1
   1596a:	e681                	bnez	a3,15972 <__lo0bits+0x56>
   1596c:	2705                	addiw	a4,a4,1 # 40000001 <__BSS_END__+0x3ffdc3c9>
   1596e:	0017d79b          	srliw	a5,a5,0x1
   15972:	c11c                	sw	a5,0(a0)
   15974:	853a                	mv	a0,a4
   15976:	8082                	ret
   15978:	0ff7f713          	zext.b	a4,a5
   1597c:	c715                	beqz	a4,159a8 <__lo0bits+0x8c>
   1597e:	8abd                	andi	a3,a3,15
   15980:	e6a1                	bnez	a3,159c8 <__lo0bits+0xac>
   15982:	4711                	li	a4,4
   15984:	0047d79b          	srliw	a5,a5,0x4
   15988:	0037f693          	andi	a3,a5,3
   1598c:	fee9                	bnez	a3,15966 <__lo0bits+0x4a>
   1598e:	0027d69b          	srliw	a3,a5,0x2
   15992:	0016f613          	andi	a2,a3,1
   15996:	c21d                	beqz	a2,159bc <__lo0bits+0xa0>
   15998:	87b6                	mv	a5,a3
   1599a:	2709                	addiw	a4,a4,2
   1599c:	c11c                	sw	a5,0(a0)
   1599e:	bfd9                	j	15974 <__lo0bits+0x58>
   159a0:	2711                	addiw	a4,a4,4
   159a2:	0047d79b          	srliw	a5,a5,0x4
   159a6:	b7cd                	j	15988 <__lo0bits+0x6c>
   159a8:	4721                	li	a4,8
   159aa:	0087d79b          	srliw	a5,a5,0x8
   159ae:	b775                	j	1595a <__lo0bits+0x3e>
   159b0:	0027d79b          	srliw	a5,a5,0x2
   159b4:	4709                	li	a4,2
   159b6:	c11c                	sw	a5,0(a0)
   159b8:	853a                	mv	a0,a4
   159ba:	8082                	ret
   159bc:	0037d79b          	srliw	a5,a5,0x3
   159c0:	eb89                	bnez	a5,159d2 <__lo0bits+0xb6>
   159c2:	02000713          	li	a4,32
   159c6:	bf9d                	j	1593c <__lo0bits+0x20>
   159c8:	0037d79b          	srliw	a5,a5,0x3
   159cc:	470d                	li	a4,3
   159ce:	c11c                	sw	a5,0(a0)
   159d0:	b755                	j	15974 <__lo0bits+0x58>
   159d2:	270d                	addiw	a4,a4,3
   159d4:	c11c                	sw	a5,0(a0)
   159d6:	bf79                	j	15974 <__lo0bits+0x58>

00000000000159d8 <__i2b>:
   159d8:	753c                	ld	a5,104(a0)
   159da:	1101                	addi	sp,sp,-32
   159dc:	ec06                	sd	ra,24(sp)
   159de:	872a                	mv	a4,a0
   159e0:	86ae                	mv	a3,a1
   159e2:	cf81                	beqz	a5,159fa <__i2b+0x22>
   159e4:	6788                	ld	a0,8(a5)
   159e6:	c129                	beqz	a0,15a28 <__i2b+0x50>
   159e8:	6118                	ld	a4,0(a0)
   159ea:	60e2                	ld	ra,24(sp)
   159ec:	e798                	sd	a4,8(a5)
   159ee:	4785                	li	a5,1
   159f0:	1782                	slli	a5,a5,0x20
   159f2:	cd14                	sw	a3,24(a0)
   159f4:	e91c                	sd	a5,16(a0)
   159f6:	6105                	addi	sp,sp,32
   159f8:	8082                	ret
   159fa:	e42e                	sd	a1,8(sp)
   159fc:	04100613          	li	a2,65
   15a00:	45a1                	li	a1,8
   15a02:	e02a                	sd	a0,0(sp)
   15a04:	1aa010ef          	jal	16bae <_calloc_r>
   15a08:	6702                	ld	a4,0(sp)
   15a0a:	66a2                	ld	a3,8(sp)
   15a0c:	87aa                	mv	a5,a0
   15a0e:	f728                	sd	a0,104(a4)
   15a10:	f971                	bnez	a0,159e4 <__i2b+0xc>
   15a12:	66e5                	lui	a3,0x19
   15a14:	6565                	lui	a0,0x19
   15a16:	29068693          	addi	a3,a3,656 # 19290 <__clzdi2+0xb4>
   15a1a:	31850513          	addi	a0,a0,792 # 19318 <__clzdi2+0x13c>
   15a1e:	4601                	li	a2,0
   15a20:	14500593          	li	a1,325
   15a24:	148010ef          	jal	16b6c <__assert_func>
   15a28:	853a                	mv	a0,a4
   15a2a:	02400613          	li	a2,36
   15a2e:	4585                	li	a1,1
   15a30:	e036                	sd	a3,0(sp)
   15a32:	17c010ef          	jal	16bae <_calloc_r>
   15a36:	dd71                	beqz	a0,15a12 <__i2b+0x3a>
   15a38:	4785                	li	a5,1
   15a3a:	1786                	slli	a5,a5,0x21
   15a3c:	6682                	ld	a3,0(sp)
   15a3e:	0785                	addi	a5,a5,1
   15a40:	60e2                	ld	ra,24(sp)
   15a42:	e51c                	sd	a5,8(a0)
   15a44:	4785                	li	a5,1
   15a46:	1782                	slli	a5,a5,0x20
   15a48:	cd14                	sw	a3,24(a0)
   15a4a:	e91c                	sd	a5,16(a0)
   15a4c:	6105                	addi	sp,sp,32
   15a4e:	8082                	ret

0000000000015a50 <__multiply>:
   15a50:	7139                	addi	sp,sp,-64
   15a52:	ec4e                	sd	s3,24(sp)
   15a54:	e852                	sd	s4,16(sp)
   15a56:	0145a983          	lw	s3,20(a1)
   15a5a:	01462a03          	lw	s4,20(a2)
   15a5e:	f04a                	sd	s2,32(sp)
   15a60:	e456                	sd	s5,8(sp)
   15a62:	fc06                	sd	ra,56(sp)
   15a64:	f822                	sd	s0,48(sp)
   15a66:	f426                	sd	s1,40(sp)
   15a68:	8aae                	mv	s5,a1
   15a6a:	8932                	mv	s2,a2
   15a6c:	0149c763          	blt	s3,s4,15a7a <__multiply+0x2a>
   15a70:	8752                	mv	a4,s4
   15a72:	892e                	mv	s2,a1
   15a74:	8a4e                	mv	s4,s3
   15a76:	8ab2                	mv	s5,a2
   15a78:	89ba                	mv	s3,a4
   15a7a:	00c92783          	lw	a5,12(s2)
   15a7e:	013a04bb          	addw	s1,s4,s3
   15a82:	00892583          	lw	a1,8(s2)
   15a86:	8426                	mv	s0,s1
   15a88:	0097d363          	bge	a5,s1,15a8e <__multiply+0x3e>
   15a8c:	2585                	addiw	a1,a1,1
   15a8e:	bd5ff0ef          	jal	15662 <_Balloc>
   15a92:	16050a63          	beqz	a0,15c06 <__multiply+0x1b6>
   15a96:	01850893          	addi	a7,a0,24
   15a9a:	00249813          	slli	a6,s1,0x2
   15a9e:	9846                	add	a6,a6,a7
   15aa0:	87c6                	mv	a5,a7
   15aa2:	0108f763          	bgeu	a7,a6,15ab0 <__multiply+0x60>
   15aa6:	0007a023          	sw	zero,0(a5)
   15aaa:	0791                	addi	a5,a5,4
   15aac:	ff07ede3          	bltu	a5,a6,15aa6 <__multiply+0x56>
   15ab0:	018a8593          	addi	a1,s5,24
   15ab4:	00299313          	slli	t1,s3,0x2
   15ab8:	932e                	add	t1,t1,a1
   15aba:	1265f363          	bgeu	a1,t1,15be0 <__multiply+0x190>
   15abe:	002a1693          	slli	a3,s4,0x2
   15ac2:	01890e93          	addi	t4,s2,24
   15ac6:	96f6                	add	a3,a3,t4
   15ac8:	01990e13          	addi	t3,s2,25
   15acc:	01c6be33          	sltu	t3,a3,t3
   15ad0:	41268633          	sub	a2,a3,s2
   15ad4:	001e4e13          	xori	t3,t3,1
   15ad8:	161d                	addi	a2,a2,-25
   15ada:	a809                	j	15aec <__multiply+0x9c>
   15adc:	0102d29b          	srliw	t0,t0,0x10
   15ae0:	08029863          	bnez	t0,15b70 <__multiply+0x120>
   15ae4:	0591                	addi	a1,a1,4
   15ae6:	0891                	addi	a7,a7,4
   15ae8:	0e65fc63          	bgeu	a1,t1,15be0 <__multiply+0x190>
   15aec:	0005a283          	lw	t0,0(a1)
   15af0:	03029913          	slli	s2,t0,0x30
   15af4:	03095913          	srli	s2,s2,0x30
   15af8:	fe0902e3          	beqz	s2,15adc <__multiply+0x8c>
   15afc:	83c6                	mv	t2,a7
   15afe:	82f6                	mv	t0,t4
   15b00:	4701                	li	a4,0
   15b02:	0002af83          	lw	t6,0(t0)
   15b06:	0003af03          	lw	t5,0(t2)
   15b0a:	0391                	addi	t2,t2,4
   15b0c:	030f9793          	slli	a5,t6,0x30
   15b10:	93c1                	srli	a5,a5,0x30
   15b12:	032787bb          	mulw	a5,a5,s2
   15b16:	010fdf9b          	srliw	t6,t6,0x10
   15b1a:	030f1993          	slli	s3,t5,0x30
   15b1e:	0309d993          	srli	s3,s3,0x30
   15b22:	010f5f1b          	srliw	t5,t5,0x10
   15b26:	0291                	addi	t0,t0,4
   15b28:	032f8fbb          	mulw	t6,t6,s2
   15b2c:	013787bb          	addw	a5,a5,s3
   15b30:	9fb9                	addw	a5,a5,a4
   15b32:	0107d71b          	srliw	a4,a5,0x10
   15b36:	17c2                	slli	a5,a5,0x30
   15b38:	93c1                	srli	a5,a5,0x30
   15b3a:	01ff0f3b          	addw	t5,t5,t6
   15b3e:	01e7073b          	addw	a4,a4,t5
   15b42:	01071f1b          	slliw	t5,a4,0x10
   15b46:	00ff67b3          	or	a5,t5,a5
   15b4a:	fef3ae23          	sw	a5,-4(t2)
   15b4e:	0107571b          	srliw	a4,a4,0x10
   15b52:	fad2e8e3          	bltu	t0,a3,15b02 <__multiply+0xb2>
   15b56:	4781                	li	a5,0
   15b58:	000e0463          	beqz	t3,15b60 <__multiply+0x110>
   15b5c:	ffc67793          	andi	a5,a2,-4
   15b60:	97c6                	add	a5,a5,a7
   15b62:	c3d8                	sw	a4,4(a5)
   15b64:	0005a283          	lw	t0,0(a1)
   15b68:	0102d29b          	srliw	t0,t0,0x10
   15b6c:	f6028ce3          	beqz	t0,15ae4 <__multiply+0x94>
   15b70:	0008a783          	lw	a5,0(a7)
   15b74:	83c6                	mv	t2,a7
   15b76:	8ff6                	mv	t6,t4
   15b78:	893e                	mv	s2,a5
   15b7a:	4981                	li	s3,0
   15b7c:	000fdf03          	lhu	t5,0(t6)
   15b80:	0109571b          	srliw	a4,s2,0x10
   15b84:	17c2                	slli	a5,a5,0x30
   15b86:	025f0f3b          	mulw	t5,t5,t0
   15b8a:	93c1                	srli	a5,a5,0x30
   15b8c:	0f91                	addi	t6,t6,4
   15b8e:	0043a903          	lw	s2,4(t2)
   15b92:	0391                	addi	t2,t2,4
   15b94:	03091a13          	slli	s4,s2,0x30
   15b98:	030a5a13          	srli	s4,s4,0x30
   15b9c:	013f0f3b          	addw	t5,t5,s3
   15ba0:	01e7073b          	addw	a4,a4,t5
   15ba4:	01071f1b          	slliw	t5,a4,0x10
   15ba8:	00ff67b3          	or	a5,t5,a5
   15bac:	fef3ae23          	sw	a5,-4(t2)
   15bb0:	ffefd783          	lhu	a5,-2(t6)
   15bb4:	0107571b          	srliw	a4,a4,0x10
   15bb8:	025787bb          	mulw	a5,a5,t0
   15bbc:	014787bb          	addw	a5,a5,s4
   15bc0:	9fb9                	addw	a5,a5,a4
   15bc2:	0107d99b          	srliw	s3,a5,0x10
   15bc6:	fadfebe3          	bltu	t6,a3,15b7c <__multiply+0x12c>
   15bca:	4701                	li	a4,0
   15bcc:	000e0463          	beqz	t3,15bd4 <__multiply+0x184>
   15bd0:	ffc67713          	andi	a4,a2,-4
   15bd4:	9746                	add	a4,a4,a7
   15bd6:	c35c                	sw	a5,4(a4)
   15bd8:	0591                	addi	a1,a1,4
   15bda:	0891                	addi	a7,a7,4
   15bdc:	f065e8e3          	bltu	a1,t1,15aec <__multiply+0x9c>
   15be0:	00904563          	bgtz	s1,15bea <__multiply+0x19a>
   15be4:	a039                	j	15bf2 <__multiply+0x1a2>
   15be6:	347d                	addiw	s0,s0,-1
   15be8:	c409                	beqz	s0,15bf2 <__multiply+0x1a2>
   15bea:	ffc82783          	lw	a5,-4(a6)
   15bee:	1871                	addi	a6,a6,-4
   15bf0:	dbfd                	beqz	a5,15be6 <__multiply+0x196>
   15bf2:	70e2                	ld	ra,56(sp)
   15bf4:	c940                	sw	s0,20(a0)
   15bf6:	7442                	ld	s0,48(sp)
   15bf8:	74a2                	ld	s1,40(sp)
   15bfa:	7902                	ld	s2,32(sp)
   15bfc:	69e2                	ld	s3,24(sp)
   15bfe:	6a42                	ld	s4,16(sp)
   15c00:	6aa2                	ld	s5,8(sp)
   15c02:	6121                	addi	sp,sp,64
   15c04:	8082                	ret
   15c06:	66e5                	lui	a3,0x19
   15c08:	6565                	lui	a0,0x19
   15c0a:	29068693          	addi	a3,a3,656 # 19290 <__clzdi2+0xb4>
   15c0e:	31850513          	addi	a0,a0,792 # 19318 <__clzdi2+0x13c>
   15c12:	4601                	li	a2,0
   15c14:	16200593          	li	a1,354
   15c18:	755000ef          	jal	16b6c <__assert_func>

0000000000015c1c <__pow5mult>:
   15c1c:	7179                	addi	sp,sp,-48
   15c1e:	f022                	sd	s0,32(sp)
   15c20:	e84a                	sd	s2,16(sp)
   15c22:	e44e                	sd	s3,8(sp)
   15c24:	f406                	sd	ra,40(sp)
   15c26:	00367793          	andi	a5,a2,3
   15c2a:	8432                	mv	s0,a2
   15c2c:	89aa                	mv	s3,a0
   15c2e:	892e                	mv	s2,a1
   15c30:	e3d9                	bnez	a5,15cb6 <__pow5mult+0x9a>
   15c32:	4024541b          	sraiw	s0,s0,0x2
   15c36:	c82d                	beqz	s0,15ca8 <__pow5mult+0x8c>
   15c38:	ec26                	sd	s1,24(sp)
   15c3a:	0609b483          	ld	s1,96(s3)
   15c3e:	c8c1                	beqz	s1,15cce <__pow5mult+0xb2>
   15c40:	00147793          	andi	a5,s0,1
   15c44:	4014541b          	sraiw	s0,s0,0x1
   15c48:	eb89                	bnez	a5,15c5a <__pow5mult+0x3e>
   15c4a:	6088                	ld	a0,0(s1)
   15c4c:	cd0d                	beqz	a0,15c86 <__pow5mult+0x6a>
   15c4e:	84aa                	mv	s1,a0
   15c50:	00147793          	andi	a5,s0,1
   15c54:	4014541b          	sraiw	s0,s0,0x1
   15c58:	dbed                	beqz	a5,15c4a <__pow5mult+0x2e>
   15c5a:	8626                	mv	a2,s1
   15c5c:	85ca                	mv	a1,s2
   15c5e:	854e                	mv	a0,s3
   15c60:	df1ff0ef          	jal	15a50 <__multiply>
   15c64:	00090d63          	beqz	s2,15c7e <__pow5mult+0x62>
   15c68:	00892703          	lw	a4,8(s2)
   15c6c:	0689b783          	ld	a5,104(s3)
   15c70:	070e                	slli	a4,a4,0x3
   15c72:	97ba                	add	a5,a5,a4
   15c74:	6398                	ld	a4,0(a5)
   15c76:	00e93023          	sd	a4,0(s2)
   15c7a:	0127b023          	sd	s2,0(a5)
   15c7e:	cc11                	beqz	s0,15c9a <__pow5mult+0x7e>
   15c80:	892a                	mv	s2,a0
   15c82:	6088                	ld	a0,0(s1)
   15c84:	f569                	bnez	a0,15c4e <__pow5mult+0x32>
   15c86:	8626                	mv	a2,s1
   15c88:	85a6                	mv	a1,s1
   15c8a:	854e                	mv	a0,s3
   15c8c:	dc5ff0ef          	jal	15a50 <__multiply>
   15c90:	e088                	sd	a0,0(s1)
   15c92:	00053023          	sd	zero,0(a0)
   15c96:	84aa                	mv	s1,a0
   15c98:	bf65                	j	15c50 <__pow5mult+0x34>
   15c9a:	70a2                	ld	ra,40(sp)
   15c9c:	7402                	ld	s0,32(sp)
   15c9e:	64e2                	ld	s1,24(sp)
   15ca0:	6942                	ld	s2,16(sp)
   15ca2:	69a2                	ld	s3,8(sp)
   15ca4:	6145                	addi	sp,sp,48
   15ca6:	8082                	ret
   15ca8:	70a2                	ld	ra,40(sp)
   15caa:	7402                	ld	s0,32(sp)
   15cac:	69a2                	ld	s3,8(sp)
   15cae:	854a                	mv	a0,s2
   15cb0:	6942                	ld	s2,16(sp)
   15cb2:	6145                	addi	sp,sp,48
   15cb4:	8082                	ret
   15cb6:	37fd                	addiw	a5,a5,-1
   15cb8:	6765                	lui	a4,0x19
   15cba:	59870713          	addi	a4,a4,1432 # 19598 <p05.0>
   15cbe:	078a                	slli	a5,a5,0x2
   15cc0:	97ba                	add	a5,a5,a4
   15cc2:	4390                	lw	a2,0(a5)
   15cc4:	4681                	li	a3,0
   15cc6:	a13ff0ef          	jal	156d8 <__multadd>
   15cca:	892a                	mv	s2,a0
   15ccc:	b79d                	j	15c32 <__pow5mult+0x16>
   15cce:	4585                	li	a1,1
   15cd0:	854e                	mv	a0,s3
   15cd2:	991ff0ef          	jal	15662 <_Balloc>
   15cd6:	84aa                	mv	s1,a0
   15cd8:	c919                	beqz	a0,15cee <__pow5mult+0xd2>
   15cda:	27100713          	li	a4,625
   15cde:	4785                	li	a5,1
   15ce0:	cd18                	sw	a4,24(a0)
   15ce2:	c95c                	sw	a5,20(a0)
   15ce4:	06a9b023          	sd	a0,96(s3)
   15ce8:	00053023          	sd	zero,0(a0)
   15cec:	bf91                	j	15c40 <__pow5mult+0x24>
   15cee:	66e5                	lui	a3,0x19
   15cf0:	6565                	lui	a0,0x19
   15cf2:	29068693          	addi	a3,a3,656 # 19290 <__clzdi2+0xb4>
   15cf6:	31850513          	addi	a0,a0,792 # 19318 <__clzdi2+0x13c>
   15cfa:	4601                	li	a2,0
   15cfc:	14500593          	li	a1,325
   15d00:	66d000ef          	jal	16b6c <__assert_func>

0000000000015d04 <__lshift>:
   15d04:	7139                	addi	sp,sp,-64
   15d06:	f426                	sd	s1,40(sp)
   15d08:	49c4                	lw	s1,20(a1)
   15d0a:	45dc                	lw	a5,12(a1)
   15d0c:	e852                	sd	s4,16(sp)
   15d0e:	40565a1b          	sraiw	s4,a2,0x5
   15d12:	014484bb          	addw	s1,s1,s4
   15d16:	f822                	sd	s0,48(sp)
   15d18:	f04a                	sd	s2,32(sp)
   15d1a:	ec4e                	sd	s3,24(sp)
   15d1c:	0014871b          	addiw	a4,s1,1
   15d20:	fc06                	sd	ra,56(sp)
   15d22:	842e                	mv	s0,a1
   15d24:	892a                	mv	s2,a0
   15d26:	458c                	lw	a1,8(a1)
   15d28:	89ba                	mv	s3,a4
   15d2a:	00e7d763          	bge	a5,a4,15d38 <__lshift+0x34>
   15d2e:	0017979b          	slliw	a5,a5,0x1
   15d32:	2585                	addiw	a1,a1,1
   15d34:	fee7cde3          	blt	a5,a4,15d2e <__lshift+0x2a>
   15d38:	854a                	mv	a0,s2
   15d3a:	e432                	sd	a2,8(sp)
   15d3c:	927ff0ef          	jal	15662 <_Balloc>
   15d40:	6622                	ld	a2,8(sp)
   15d42:	cd5d                	beqz	a0,15e00 <__lshift+0xfc>
   15d44:	01850593          	addi	a1,a0,24
   15d48:	03405163          	blez	s4,15d6a <__lshift+0x66>
   15d4c:	006a071b          	addiw	a4,s4,6
   15d50:	070a                	slli	a4,a4,0x2
   15d52:	972a                	add	a4,a4,a0
   15d54:	87ae                	mv	a5,a1
   15d56:	0791                	addi	a5,a5,4
   15d58:	fe07ae23          	sw	zero,-4(a5)
   15d5c:	fef71de3          	bne	a4,a5,15d56 <__lshift+0x52>
   15d60:	020a1793          	slli	a5,s4,0x20
   15d64:	01e7da13          	srli	s4,a5,0x1e
   15d68:	95d2                	add	a1,a1,s4
   15d6a:	01442803          	lw	a6,20(s0)
   15d6e:	01840793          	addi	a5,s0,24
   15d72:	8a7d                	andi	a2,a2,31
   15d74:	080a                	slli	a6,a6,0x2
   15d76:	983e                	add	a6,a6,a5
   15d78:	c62d                	beqz	a2,15de2 <__lshift+0xde>
   15d7a:	02000313          	li	t1,32
   15d7e:	40c3033b          	subw	t1,t1,a2
   15d82:	88ae                	mv	a7,a1
   15d84:	4681                	li	a3,0
   15d86:	4398                	lw	a4,0(a5)
   15d88:	0891                	addi	a7,a7,4
   15d8a:	0791                	addi	a5,a5,4
   15d8c:	00c7173b          	sllw	a4,a4,a2
   15d90:	8f55                	or	a4,a4,a3
   15d92:	fee8ae23          	sw	a4,-4(a7)
   15d96:	ffc7a683          	lw	a3,-4(a5)
   15d9a:	0066d6bb          	srlw	a3,a3,t1
   15d9e:	ff07e4e3          	bltu	a5,a6,15d86 <__lshift+0x82>
   15da2:	01940793          	addi	a5,s0,25
   15da6:	4701                	li	a4,0
   15da8:	00f86763          	bltu	a6,a5,15db6 <__lshift+0xb2>
   15dac:	40880833          	sub	a6,a6,s0
   15db0:	181d                	addi	a6,a6,-25
   15db2:	ffc87713          	andi	a4,a6,-4
   15db6:	95ba                	add	a1,a1,a4
   15db8:	c1d4                	sw	a3,4(a1)
   15dba:	e291                	bnez	a3,15dbe <__lshift+0xba>
   15dbc:	89a6                	mv	s3,s1
   15dbe:	4418                	lw	a4,8(s0)
   15dc0:	06893783          	ld	a5,104(s2)
   15dc4:	01352a23          	sw	s3,20(a0)
   15dc8:	070e                	slli	a4,a4,0x3
   15dca:	97ba                	add	a5,a5,a4
   15dcc:	6398                	ld	a4,0(a5)
   15dce:	70e2                	ld	ra,56(sp)
   15dd0:	74a2                	ld	s1,40(sp)
   15dd2:	e018                	sd	a4,0(s0)
   15dd4:	e380                	sd	s0,0(a5)
   15dd6:	7442                	ld	s0,48(sp)
   15dd8:	7902                	ld	s2,32(sp)
   15dda:	69e2                	ld	s3,24(sp)
   15ddc:	6a42                	ld	s4,16(sp)
   15dde:	6121                	addi	sp,sp,64
   15de0:	8082                	ret
   15de2:	4398                	lw	a4,0(a5)
   15de4:	0791                	addi	a5,a5,4
   15de6:	0591                	addi	a1,a1,4
   15de8:	fee5ae23          	sw	a4,-4(a1)
   15dec:	fd07f8e3          	bgeu	a5,a6,15dbc <__lshift+0xb8>
   15df0:	4398                	lw	a4,0(a5)
   15df2:	0791                	addi	a5,a5,4
   15df4:	0591                	addi	a1,a1,4
   15df6:	fee5ae23          	sw	a4,-4(a1)
   15dfa:	ff07e4e3          	bltu	a5,a6,15de2 <__lshift+0xde>
   15dfe:	bf7d                	j	15dbc <__lshift+0xb8>
   15e00:	66e5                	lui	a3,0x19
   15e02:	6565                	lui	a0,0x19
   15e04:	29068693          	addi	a3,a3,656 # 19290 <__clzdi2+0xb4>
   15e08:	31850513          	addi	a0,a0,792 # 19318 <__clzdi2+0x13c>
   15e0c:	4601                	li	a2,0
   15e0e:	1de00593          	li	a1,478
   15e12:	55b000ef          	jal	16b6c <__assert_func>

0000000000015e16 <__mcmp>:
   15e16:	49dc                	lw	a5,20(a1)
   15e18:	862a                	mv	a2,a0
   15e1a:	4948                	lw	a0,20(a0)
   15e1c:	9d1d                	subw	a0,a0,a5
   15e1e:	e515                	bnez	a0,15e4a <__mcmp+0x34>
   15e20:	078a                	slli	a5,a5,0x2
   15e22:	0661                	addi	a2,a2,24
   15e24:	05e1                	addi	a1,a1,24
   15e26:	95be                	add	a1,a1,a5
   15e28:	97b2                	add	a5,a5,a2
   15e2a:	a019                	j	15e30 <__mcmp+0x1a>
   15e2c:	00f67f63          	bgeu	a2,a5,15e4a <__mcmp+0x34>
   15e30:	ffc7a683          	lw	a3,-4(a5)
   15e34:	ffc5a703          	lw	a4,-4(a1)
   15e38:	17f1                	addi	a5,a5,-4
   15e3a:	15f1                	addi	a1,a1,-4
   15e3c:	fee688e3          	beq	a3,a4,15e2c <__mcmp+0x16>
   15e40:	4505                	li	a0,1
   15e42:	00e6f463          	bgeu	a3,a4,15e4a <__mcmp+0x34>
   15e46:	557d                	li	a0,-1
   15e48:	8082                	ret
   15e4a:	8082                	ret

0000000000015e4c <__mdiff>:
   15e4c:	0145a883          	lw	a7,20(a1)
   15e50:	4a5c                	lw	a5,20(a2)
   15e52:	7179                	addi	sp,sp,-48
   15e54:	f406                	sd	ra,40(sp)
   15e56:	40f888bb          	subw	a7,a7,a5
   15e5a:	8f2e                	mv	t5,a1
   15e5c:	12089563          	bnez	a7,15f86 <__mdiff+0x13a>
   15e60:	00279693          	slli	a3,a5,0x2
   15e64:	01858813          	addi	a6,a1,24
   15e68:	01860713          	addi	a4,a2,24
   15e6c:	00d807b3          	add	a5,a6,a3
   15e70:	9736                	add	a4,a4,a3
   15e72:	a019                	j	15e78 <__mdiff+0x2c>
   15e74:	12f87863          	bgeu	a6,a5,15fa4 <__mdiff+0x158>
   15e78:	ffc7a583          	lw	a1,-4(a5)
   15e7c:	ffc72683          	lw	a3,-4(a4)
   15e80:	17f1                	addi	a5,a5,-4
   15e82:	1771                	addi	a4,a4,-4
   15e84:	fed588e3          	beq	a1,a3,15e74 <__mdiff+0x28>
   15e88:	12d5f963          	bgeu	a1,a3,15fba <__mdiff+0x16e>
   15e8c:	4885                	li	a7,1
   15e8e:	460c                	lw	a1,8(a2)
   15e90:	ec7a                	sd	t5,24(sp)
   15e92:	e846                	sd	a7,16(sp)
   15e94:	e432                	sd	a2,8(sp)
   15e96:	fccff0ef          	jal	15662 <_Balloc>
   15e9a:	6622                	ld	a2,8(sp)
   15e9c:	68c2                	ld	a7,16(sp)
   15e9e:	6f62                	ld	t5,24(sp)
   15ea0:	12050363          	beqz	a0,15fc6 <__mdiff+0x17a>
   15ea4:	014f2f83          	lw	t6,20(t5)
   15ea8:	01152823          	sw	a7,16(a0)
   15eac:	01462883          	lw	a7,20(a2)
   15eb0:	01860293          	addi	t0,a2,24
   15eb4:	0f8a                	slli	t6,t6,0x2
   15eb6:	00289813          	slli	a6,a7,0x2
   15eba:	018f0313          	addi	t1,t5,24
   15ebe:	01850393          	addi	t2,a0,24
   15ec2:	9816                	add	a6,a6,t0
   15ec4:	9f9a                	add	t6,t6,t1
   15ec6:	8e96                	mv	t4,t0
   15ec8:	8e1e                	mv	t3,t2
   15eca:	4781                	li	a5,0
   15ecc:	000ea683          	lw	a3,0(t4)
   15ed0:	00032603          	lw	a2,0(t1)
   15ed4:	0e11                	addi	t3,t3,4
   15ed6:	03069713          	slli	a4,a3,0x30
   15eda:	03061593          	slli	a1,a2,0x30
   15ede:	9341                	srli	a4,a4,0x30
   15ee0:	91c1                	srli	a1,a1,0x30
   15ee2:	9f0d                	subw	a4,a4,a1
   15ee4:	9f3d                	addw	a4,a4,a5
   15ee6:	0106d69b          	srliw	a3,a3,0x10
   15eea:	0106561b          	srliw	a2,a2,0x10
   15eee:	9e91                	subw	a3,a3,a2
   15ef0:	4107579b          	sraiw	a5,a4,0x10
   15ef4:	9fb5                	addw	a5,a5,a3
   15ef6:	1742                	slli	a4,a4,0x30
   15ef8:	0107969b          	slliw	a3,a5,0x10
   15efc:	9341                	srli	a4,a4,0x30
   15efe:	8ed9                	or	a3,a3,a4
   15f00:	0311                	addi	t1,t1,4
   15f02:	fede2e23          	sw	a3,-4(t3)
   15f06:	0e91                	addi	t4,t4,4
   15f08:	4107d79b          	sraiw	a5,a5,0x10
   15f0c:	fdf360e3          	bltu	t1,t6,15ecc <__mdiff+0x80>
   15f10:	019f0613          	addi	a2,t5,25
   15f14:	4701                	li	a4,0
   15f16:	08cff163          	bgeu	t6,a2,15f98 <__mdiff+0x14c>
   15f1a:	00e28eb3          	add	t4,t0,a4
   15f1e:	0e91                	addi	t4,t4,4
   15f20:	971e                	add	a4,a4,t2
   15f22:	40538e33          	sub	t3,t2,t0
   15f26:	8676                	mv	a2,t4
   15f28:	00470f13          	addi	t5,a4,4
   15f2c:	090efb63          	bgeu	t4,a6,15fc2 <__mdiff+0x176>
   15f30:	4218                	lw	a4,0(a2)
   15f32:	01c60333          	add	t1,a2,t3
   15f36:	0611                	addi	a2,a2,4
   15f38:	03071693          	slli	a3,a4,0x30
   15f3c:	92c1                	srli	a3,a3,0x30
   15f3e:	00f705bb          	addw	a1,a4,a5
   15f42:	9fb5                	addw	a5,a5,a3
   15f44:	4107d79b          	sraiw	a5,a5,0x10
   15f48:	0107571b          	srliw	a4,a4,0x10
   15f4c:	9f3d                	addw	a4,a4,a5
   15f4e:	15c2                	slli	a1,a1,0x30
   15f50:	91c1                	srli	a1,a1,0x30
   15f52:	0107169b          	slliw	a3,a4,0x10
   15f56:	8ecd                	or	a3,a3,a1
   15f58:	00d32023          	sw	a3,0(t1)
   15f5c:	4107579b          	sraiw	a5,a4,0x10
   15f60:	fd0668e3          	bltu	a2,a6,15f30 <__mdiff+0xe4>
   15f64:	fff80793          	addi	a5,a6,-1
   15f68:	41d787b3          	sub	a5,a5,t4
   15f6c:	9bf1                	andi	a5,a5,-4
   15f6e:	97fa                	add	a5,a5,t5
   15f70:	e691                	bnez	a3,15f7c <__mdiff+0x130>
   15f72:	ffc7a703          	lw	a4,-4(a5)
   15f76:	17f1                	addi	a5,a5,-4
   15f78:	38fd                	addiw	a7,a7,-1
   15f7a:	df65                	beqz	a4,15f72 <__mdiff+0x126>
   15f7c:	70a2                	ld	ra,40(sp)
   15f7e:	01152a23          	sw	a7,20(a0)
   15f82:	6145                	addi	sp,sp,48
   15f84:	8082                	ret
   15f86:	8746                	mv	a4,a7
   15f88:	4885                	li	a7,1
   15f8a:	f00742e3          	bltz	a4,15e8e <__mdiff+0x42>
   15f8e:	87b2                	mv	a5,a2
   15f90:	4881                	li	a7,0
   15f92:	862e                	mv	a2,a1
   15f94:	8f3e                	mv	t5,a5
   15f96:	bde5                	j	15e8e <__mdiff+0x42>
   15f98:	41ef8fb3          	sub	t6,t6,t5
   15f9c:	1f9d                	addi	t6,t6,-25
   15f9e:	ffcff713          	andi	a4,t6,-4
   15fa2:	bfa5                	j	15f1a <__mdiff+0xce>
   15fa4:	4581                	li	a1,0
   15fa6:	ebcff0ef          	jal	15662 <_Balloc>
   15faa:	c90d                	beqz	a0,15fdc <__mdiff+0x190>
   15fac:	70a2                	ld	ra,40(sp)
   15fae:	4785                	li	a5,1
   15fb0:	00052c23          	sw	zero,24(a0)
   15fb4:	c95c                	sw	a5,20(a0)
   15fb6:	6145                	addi	sp,sp,48
   15fb8:	8082                	ret
   15fba:	87b2                	mv	a5,a2
   15fbc:	867a                	mv	a2,t5
   15fbe:	8f3e                	mv	t5,a5
   15fc0:	b5f9                	j	15e8e <__mdiff+0x42>
   15fc2:	87ba                	mv	a5,a4
   15fc4:	b775                	j	15f70 <__mdiff+0x124>
   15fc6:	66e5                	lui	a3,0x19
   15fc8:	6565                	lui	a0,0x19
   15fca:	29068693          	addi	a3,a3,656 # 19290 <__clzdi2+0xb4>
   15fce:	31850513          	addi	a0,a0,792 # 19318 <__clzdi2+0x13c>
   15fd2:	4601                	li	a2,0
   15fd4:	24500593          	li	a1,581
   15fd8:	395000ef          	jal	16b6c <__assert_func>
   15fdc:	66e5                	lui	a3,0x19
   15fde:	6565                	lui	a0,0x19
   15fe0:	29068693          	addi	a3,a3,656 # 19290 <__clzdi2+0xb4>
   15fe4:	31850513          	addi	a0,a0,792 # 19318 <__clzdi2+0x13c>
   15fe8:	4601                	li	a2,0
   15fea:	23700593          	li	a1,567
   15fee:	37f000ef          	jal	16b6c <__assert_func>

0000000000015ff2 <__ulp>:
   15ff2:	e20507d3          	fmv.x.d	a5,fa0
   15ff6:	7ff006b7          	lui	a3,0x7ff00
   15ffa:	fcc00737          	lui	a4,0xfcc00
   15ffe:	9381                	srli	a5,a5,0x20
   16000:	8ff5                	and	a5,a5,a3
   16002:	9fb9                	addw	a5,a5,a4
   16004:	4701                	li	a4,0
   16006:	00f05963          	blez	a5,16018 <__ulp+0x26>
   1600a:	1702                	slli	a4,a4,0x20
   1600c:	9301                	srli	a4,a4,0x20
   1600e:	1782                	slli	a5,a5,0x20
   16010:	8fd9                	or	a5,a5,a4
   16012:	f2078553          	fmv.d.x	fa0,a5
   16016:	8082                	ret
   16018:	40f007bb          	negw	a5,a5
   1601c:	4147d79b          	sraiw	a5,a5,0x14
   16020:	474d                	li	a4,19
   16022:	00f74e63          	blt	a4,a5,1603e <__ulp+0x4c>
   16026:	00080737          	lui	a4,0x80
   1602a:	40f757bb          	sraw	a5,a4,a5
   1602e:	4701                	li	a4,0
   16030:	1702                	slli	a4,a4,0x20
   16032:	9301                	srli	a4,a4,0x20
   16034:	1782                	slli	a5,a5,0x20
   16036:	8fd9                	or	a5,a5,a4
   16038:	f2078553          	fmv.d.x	fa0,a5
   1603c:	8082                	ret
   1603e:	37b1                	addiw	a5,a5,-20
   16040:	46f9                	li	a3,30
   16042:	4705                	li	a4,1
   16044:	00f6c663          	blt	a3,a5,16050 <__ulp+0x5e>
   16048:	80000737          	lui	a4,0x80000
   1604c:	00f7573b          	srlw	a4,a4,a5
   16050:	4781                	li	a5,0
   16052:	1702                	slli	a4,a4,0x20
   16054:	9301                	srli	a4,a4,0x20
   16056:	1782                	slli	a5,a5,0x20
   16058:	8fd9                	or	a5,a5,a4
   1605a:	f2078553          	fmv.d.x	fa0,a5
   1605e:	8082                	ret

0000000000016060 <__b2d>:
   16060:	7139                	addi	sp,sp,-64
   16062:	f822                	sd	s0,48(sp)
   16064:	4940                	lw	s0,20(a0)
   16066:	f04a                	sd	s2,32(sp)
   16068:	01850913          	addi	s2,a0,24
   1606c:	040a                	slli	s0,s0,0x2
   1606e:	944a                	add	s0,s0,s2
   16070:	f426                	sd	s1,40(sp)
   16072:	ffc42483          	lw	s1,-4(s0)
   16076:	ec4e                	sd	s3,24(sp)
   16078:	e42e                	sd	a1,8(sp)
   1607a:	8526                	mv	a0,s1
   1607c:	fc06                	sd	ra,56(sp)
   1607e:	837ff0ef          	jal	158b4 <__hi0bits>
   16082:	65a2                	ld	a1,8(sp)
   16084:	02000793          	li	a5,32
   16088:	40a7873b          	subw	a4,a5,a0
   1608c:	c198                	sw	a4,0(a1)
   1608e:	4729                	li	a4,10
   16090:	ffc40993          	addi	s3,s0,-4
   16094:	06a75863          	bge	a4,a0,16104 <__b2d+0xa4>
   16098:	ff55061b          	addiw	a2,a0,-11
   1609c:	03397d63          	bgeu	s2,s3,160d6 <__b2d+0x76>
   160a0:	ff842703          	lw	a4,-8(s0)
   160a4:	ce0d                	beqz	a2,160de <__b2d+0x7e>
   160a6:	40c786bb          	subw	a3,a5,a2
   160aa:	00d757bb          	srlw	a5,a4,a3
   160ae:	00c494bb          	sllw	s1,s1,a2
   160b2:	8cdd                	or	s1,s1,a5
   160b4:	3ff007b7          	lui	a5,0x3ff00
   160b8:	8cdd                	or	s1,s1,a5
   160ba:	00c7173b          	sllw	a4,a4,a2
   160be:	ff840613          	addi	a2,s0,-8
   160c2:	02049793          	slli	a5,s1,0x20
   160c6:	02c97163          	bgeu	s2,a2,160e8 <__b2d+0x88>
   160ca:	ff442603          	lw	a2,-12(s0)
   160ce:	00d656bb          	srlw	a3,a2,a3
   160d2:	8f55                	or	a4,a4,a3
   160d4:	a811                	j	160e8 <__b2d+0x88>
   160d6:	47ad                	li	a5,11
   160d8:	4701                	li	a4,0
   160da:	04f51963          	bne	a0,a5,1612c <__b2d+0xcc>
   160de:	3ff007b7          	lui	a5,0x3ff00
   160e2:	8cdd                	or	s1,s1,a5
   160e4:	02049793          	slli	a5,s1,0x20
   160e8:	70e2                	ld	ra,56(sp)
   160ea:	7442                	ld	s0,48(sp)
   160ec:	1702                	slli	a4,a4,0x20
   160ee:	9381                	srli	a5,a5,0x20
   160f0:	9301                	srli	a4,a4,0x20
   160f2:	1782                	slli	a5,a5,0x20
   160f4:	8fd9                	or	a5,a5,a4
   160f6:	74a2                	ld	s1,40(sp)
   160f8:	7902                	ld	s2,32(sp)
   160fa:	69e2                	ld	s3,24(sp)
   160fc:	f2078553          	fmv.d.x	fa0,a5
   16100:	6121                	addi	sp,sp,64
   16102:	8082                	ret
   16104:	46ad                	li	a3,11
   16106:	9e89                	subw	a3,a3,a0
   16108:	3ff00737          	lui	a4,0x3ff00
   1610c:	00d4d7bb          	srlw	a5,s1,a3
   16110:	8fd9                	or	a5,a5,a4
   16112:	1782                	slli	a5,a5,0x20
   16114:	4701                	li	a4,0
   16116:	01397663          	bgeu	s2,s3,16122 <__b2d+0xc2>
   1611a:	ff842703          	lw	a4,-8(s0)
   1611e:	00d7573b          	srlw	a4,a4,a3
   16122:	2555                	addiw	a0,a0,21
   16124:	00a494bb          	sllw	s1,s1,a0
   16128:	8f45                	or	a4,a4,s1
   1612a:	bf7d                	j	160e8 <__b2d+0x88>
   1612c:	3ff007b7          	lui	a5,0x3ff00
   16130:	00c494bb          	sllw	s1,s1,a2
   16134:	8cdd                	or	s1,s1,a5
   16136:	02049793          	slli	a5,s1,0x20
   1613a:	4701                	li	a4,0
   1613c:	b775                	j	160e8 <__b2d+0x88>

000000000001613e <__d2b>:
   1613e:	715d                	addi	sp,sp,-80
   16140:	f44e                	sd	s3,40(sp)
   16142:	89ae                	mv	s3,a1
   16144:	4585                	li	a1,1
   16146:	f84a                	sd	s2,48(sp)
   16148:	e486                	sd	ra,72(sp)
   1614a:	e0a2                	sd	s0,64(sp)
   1614c:	fc26                	sd	s1,56(sp)
   1614e:	8932                	mv	s2,a2
   16150:	a42a                	fsd	fa0,8(sp)
   16152:	d10ff0ef          	jal	15662 <_Balloc>
   16156:	6722                	ld	a4,8(sp)
   16158:	c55d                	beqz	a0,16206 <__d2b+0xc8>
   1615a:	02075793          	srli	a5,a4,0x20
   1615e:	001006b7          	lui	a3,0x100
   16162:	0147d41b          	srliw	s0,a5,0x14
   16166:	fff68613          	addi	a2,a3,-1 # fffff <__BSS_END__+0xdc3c7>
   1616a:	8ff1                	and	a5,a5,a2
   1616c:	7ff47413          	andi	s0,s0,2047
   16170:	84aa                	mv	s1,a0
   16172:	2781                	sext.w	a5,a5
   16174:	c011                	beqz	s0,16178 <__d2b+0x3a>
   16176:	8fd5                	or	a5,a5,a3
   16178:	2701                	sext.w	a4,a4
   1617a:	ce3e                	sw	a5,28(sp)
   1617c:	ef15                	bnez	a4,161b8 <__d2b+0x7a>
   1617e:	0868                	addi	a0,sp,28
   16180:	f9cff0ef          	jal	1591c <__lo0bits>
   16184:	4772                	lw	a4,28(sp)
   16186:	4785                	li	a5,1
   16188:	c8dc                	sw	a5,20(s1)
   1618a:	cc98                	sw	a4,24(s1)
   1618c:	0205051b          	addiw	a0,a0,32
   16190:	c831                	beqz	s0,161e4 <__d2b+0xa6>
   16192:	bcd4041b          	addiw	s0,s0,-1075
   16196:	9c29                	addw	s0,s0,a0
   16198:	03500793          	li	a5,53
   1619c:	0089a023          	sw	s0,0(s3)
   161a0:	40a7853b          	subw	a0,a5,a0
   161a4:	60a6                	ld	ra,72(sp)
   161a6:	6406                	ld	s0,64(sp)
   161a8:	00a92023          	sw	a0,0(s2)
   161ac:	79a2                	ld	s3,40(sp)
   161ae:	7942                	ld	s2,48(sp)
   161b0:	8526                	mv	a0,s1
   161b2:	74e2                	ld	s1,56(sp)
   161b4:	6161                	addi	sp,sp,80
   161b6:	8082                	ret
   161b8:	0828                	addi	a0,sp,24
   161ba:	cc3a                	sw	a4,24(sp)
   161bc:	f60ff0ef          	jal	1591c <__lo0bits>
   161c0:	4772                	lw	a4,28(sp)
   161c2:	46e2                	lw	a3,24(sp)
   161c4:	c909                	beqz	a0,161d6 <__d2b+0x98>
   161c6:	02000793          	li	a5,32
   161ca:	9f89                	subw	a5,a5,a0
   161cc:	00f717bb          	sllw	a5,a4,a5
   161d0:	8edd                	or	a3,a3,a5
   161d2:	00a7573b          	srlw	a4,a4,a0
   161d6:	00e037b3          	snez	a5,a4
   161da:	0785                	addi	a5,a5,1 # 3ff00001 <__BSS_END__+0x3fedc3c9>
   161dc:	cc94                	sw	a3,24(s1)
   161de:	ccd8                	sw	a4,28(s1)
   161e0:	c8dc                	sw	a5,20(s1)
   161e2:	f845                	bnez	s0,16192 <__d2b+0x54>
   161e4:	00279713          	slli	a4,a5,0x2
   161e8:	bce5051b          	addiw	a0,a0,-1074
   161ec:	00a9a023          	sw	a0,0(s3)
   161f0:	9726                	add	a4,a4,s1
   161f2:	4b48                	lw	a0,20(a4)
   161f4:	e43e                	sd	a5,8(sp)
   161f6:	ebeff0ef          	jal	158b4 <__hi0bits>
   161fa:	67a2                	ld	a5,8(sp)
   161fc:	0057979b          	slliw	a5,a5,0x5
   16200:	40a7853b          	subw	a0,a5,a0
   16204:	b745                	j	161a4 <__d2b+0x66>
   16206:	66e5                	lui	a3,0x19
   16208:	6565                	lui	a0,0x19
   1620a:	29068693          	addi	a3,a3,656 # 19290 <__clzdi2+0xb4>
   1620e:	31850513          	addi	a0,a0,792 # 19318 <__clzdi2+0x13c>
   16212:	4601                	li	a2,0
   16214:	30f00593          	li	a1,783
   16218:	155000ef          	jal	16b6c <__assert_func>

000000000001621c <__ratio>:
   1621c:	7139                	addi	sp,sp,-64
   1621e:	f822                	sd	s0,48(sp)
   16220:	842e                	mv	s0,a1
   16222:	082c                	addi	a1,sp,24
   16224:	fc06                	sd	ra,56(sp)
   16226:	f426                	sd	s1,40(sp)
   16228:	f04a                	sd	s2,32(sp)
   1622a:	84aa                	mv	s1,a0
   1622c:	e35ff0ef          	jal	16060 <__b2d>
   16230:	e2050753          	fmv.x.d	a4,fa0
   16234:	086c                	addi	a1,sp,28
   16236:	8522                	mv	a0,s0
   16238:	893a                	mv	s2,a4
   1623a:	a42a                	fsd	fa0,8(sp)
   1623c:	e25ff0ef          	jal	16060 <__b2d>
   16240:	4854                	lw	a3,20(s0)
   16242:	48d0                	lw	a2,20(s1)
   16244:	47e2                	lw	a5,24(sp)
   16246:	45f2                	lw	a1,28(sp)
   16248:	9e15                	subw	a2,a2,a3
   1624a:	0056161b          	slliw	a2,a2,0x5
   1624e:	9f8d                	subw	a5,a5,a1
   16250:	9fb1                	addw	a5,a5,a2
   16252:	e20506d3          	fmv.x.d	a3,fa0
   16256:	6722                	ld	a4,8(sp)
   16258:	02f05863          	blez	a5,16288 <__ratio+0x6c>
   1625c:	9301                	srli	a4,a4,0x20
   1625e:	0147979b          	slliw	a5,a5,0x14
   16262:	9fb9                	addw	a5,a5,a4
   16264:	02091613          	slli	a2,s2,0x20
   16268:	9201                	srli	a2,a2,0x20
   1626a:	1782                	slli	a5,a5,0x20
   1626c:	00f66733          	or	a4,a2,a5
   16270:	70e2                	ld	ra,56(sp)
   16272:	7442                	ld	s0,48(sp)
   16274:	f20707d3          	fmv.d.x	fa5,a4
   16278:	f2068753          	fmv.d.x	fa4,a3
   1627c:	74a2                	ld	s1,40(sp)
   1627e:	7902                	ld	s2,32(sp)
   16280:	1ae7f553          	fdiv.d	fa0,fa5,fa4
   16284:	6121                	addi	sp,sp,64
   16286:	8082                	ret
   16288:	40f007bb          	negw	a5,a5
   1628c:	02069613          	slli	a2,a3,0x20
   16290:	0147979b          	slliw	a5,a5,0x14
   16294:	9281                	srli	a3,a3,0x20
   16296:	9fb5                	addw	a5,a5,a3
   16298:	9201                	srli	a2,a2,0x20
   1629a:	1782                	slli	a5,a5,0x20
   1629c:	00f666b3          	or	a3,a2,a5
   162a0:	bfc1                	j	16270 <__ratio+0x54>

00000000000162a2 <_mprec_log10>:
   162a2:	47dd                	li	a5,23
   162a4:	00a7db63          	bge	a5,a0,162ba <_mprec_log10+0x18>
   162a8:	8301b507          	fld	fa0,-2000(gp) # 1b5e8 <__SDATA_BEGIN__+0x30>
   162ac:	8481b787          	fld	fa5,-1976(gp) # 1b600 <__SDATA_BEGIN__+0x48>
   162b0:	357d                	addiw	a0,a0,-1
   162b2:	12f57553          	fmul.d	fa0,fa0,fa5
   162b6:	fd6d                	bnez	a0,162b0 <_mprec_log10+0xe>
   162b8:	8082                	ret
   162ba:	67e5                	lui	a5,0x19
   162bc:	050e                	slli	a0,a0,0x3
   162be:	5f878793          	addi	a5,a5,1528 # 195f8 <__mprec_tens>
   162c2:	97aa                	add	a5,a5,a0
   162c4:	2388                	fld	fa0,0(a5)
   162c6:	8082                	ret

00000000000162c8 <__copybits>:
   162c8:	4a54                	lw	a3,20(a2)
   162ca:	35fd                	addiw	a1,a1,-1
   162cc:	4055d59b          	sraiw	a1,a1,0x5
   162d0:	2585                	addiw	a1,a1,1
   162d2:	068a                	slli	a3,a3,0x2
   162d4:	01860793          	addi	a5,a2,24
   162d8:	058a                	slli	a1,a1,0x2
   162da:	96be                	add	a3,a3,a5
   162dc:	95aa                	add	a1,a1,a0
   162de:	02d7f063          	bgeu	a5,a3,162fe <__copybits+0x36>
   162e2:	872a                	mv	a4,a0
   162e4:	0007a803          	lw	a6,0(a5)
   162e8:	0791                	addi	a5,a5,4
   162ea:	0711                	addi	a4,a4,4 # 3ff00004 <__BSS_END__+0x3fedc3cc>
   162ec:	ff072e23          	sw	a6,-4(a4)
   162f0:	fed7eae3          	bltu	a5,a3,162e4 <__copybits+0x1c>
   162f4:	8e91                	sub	a3,a3,a2
   162f6:	169d                	addi	a3,a3,-25
   162f8:	9af1                	andi	a3,a3,-4
   162fa:	0511                	addi	a0,a0,4
   162fc:	9536                	add	a0,a0,a3
   162fe:	00b57763          	bgeu	a0,a1,1630c <__copybits+0x44>
   16302:	0511                	addi	a0,a0,4
   16304:	fe052e23          	sw	zero,-4(a0)
   16308:	feb56de3          	bltu	a0,a1,16302 <__copybits+0x3a>
   1630c:	8082                	ret

000000000001630e <__any_on>:
   1630e:	4958                	lw	a4,20(a0)
   16310:	4055d61b          	sraiw	a2,a1,0x5
   16314:	01850693          	addi	a3,a0,24
   16318:	00c75d63          	bge	a4,a2,16332 <__any_on+0x24>
   1631c:	070a                	slli	a4,a4,0x2
   1631e:	00e687b3          	add	a5,a3,a4
   16322:	02f6f863          	bgeu	a3,a5,16352 <__any_on+0x44>
   16326:	ffc7a703          	lw	a4,-4(a5)
   1632a:	17f1                	addi	a5,a5,-4
   1632c:	db7d                	beqz	a4,16322 <__any_on+0x14>
   1632e:	4505                	li	a0,1
   16330:	8082                	ret
   16332:	00261793          	slli	a5,a2,0x2
   16336:	97b6                	add	a5,a5,a3
   16338:	fee655e3          	bge	a2,a4,16322 <__any_on+0x14>
   1633c:	89fd                	andi	a1,a1,31
   1633e:	d1f5                	beqz	a1,16322 <__any_on+0x14>
   16340:	4390                	lw	a2,0(a5)
   16342:	4505                	li	a0,1
   16344:	00b6573b          	srlw	a4,a2,a1
   16348:	00b7173b          	sllw	a4,a4,a1
   1634c:	fcc70be3          	beq	a4,a2,16322 <__any_on+0x14>
   16350:	8082                	ret
   16352:	4501                	li	a0,0
   16354:	8082                	ret

0000000000016356 <_realloc_r>:
   16356:	16058663          	beqz	a1,164c2 <_realloc_r+0x16c>
   1635a:	7139                	addi	sp,sp,-64
   1635c:	f822                	sd	s0,48(sp)
   1635e:	f426                	sd	s1,40(sp)
   16360:	842e                	mv	s0,a1
   16362:	fc06                	sd	ra,56(sp)
   16364:	84aa                	mv	s1,a0
   16366:	e032                	sd	a2,0(sp)
   16368:	81cfb0ef          	jal	11384 <__malloc_lock>
   1636c:	6582                	ld	a1,0(sp)
   1636e:	02e00713          	li	a4,46
   16372:	01758793          	addi	a5,a1,23
   16376:	0ef77563          	bgeu	a4,a5,16460 <_realloc_r+0x10a>
   1637a:	4705                	li	a4,1
   1637c:	9bc1                	andi	a5,a5,-16
   1637e:	077e                	slli	a4,a4,0x1f
   16380:	00e7b733          	sltu	a4,a5,a4
   16384:	00174713          	xori	a4,a4,1
   16388:	16b7e263          	bltu	a5,a1,164ec <_realloc_r+0x196>
   1638c:	16071063          	bnez	a4,164ec <_realloc_r+0x196>
   16390:	ff843683          	ld	a3,-8(s0)
   16394:	ff040613          	addi	a2,s0,-16
   16398:	ffc6f713          	andi	a4,a3,-4
   1639c:	0cf75d63          	bge	a4,a5,16476 <_realloc_r+0x120>
   163a0:	656d                	lui	a0,0x1b
   163a2:	c0050e93          	addi	t4,a0,-1024 # 1ac00 <__malloc_av_>
   163a6:	010eb883          	ld	a7,16(t4)
   163aa:	00e60833          	add	a6,a2,a4
   163ae:	00883503          	ld	a0,8(a6)
   163b2:	15088663          	beq	a7,a6,164fe <_realloc_r+0x1a8>
   163b6:	ffe57893          	andi	a7,a0,-2
   163ba:	98c2                	add	a7,a7,a6
   163bc:	0088b883          	ld	a7,8(a7)
   163c0:	0018f893          	andi	a7,a7,1
   163c4:	0e089463          	bnez	a7,164ac <_realloc_r+0x156>
   163c8:	9971                	andi	a0,a0,-4
   163ca:	00a708b3          	add	a7,a4,a0
   163ce:	08f8dd63          	bge	a7,a5,16468 <_realloc_r+0x112>
   163d2:	8a85                	andi	a3,a3,1
   163d4:	e28d                	bnez	a3,163f6 <_realloc_r+0xa0>
   163d6:	ff043303          	ld	t1,-16(s0)
   163da:	40660333          	sub	t1,a2,t1
   163de:	00833883          	ld	a7,8(t1)
   163e2:	ffc8f893          	andi	a7,a7,-4
   163e6:	9546                	add	a0,a0,a7
   163e8:	00e506b3          	add	a3,a0,a4
   163ec:	22f6dd63          	bge	a3,a5,16626 <_realloc_r+0x2d0>
   163f0:	98ba                	add	a7,a7,a4
   163f2:	1cf8da63          	bge	a7,a5,165c6 <_realloc_r+0x270>
   163f6:	8526                	mv	a0,s1
   163f8:	e83a                	sd	a4,16(sp)
   163fa:	e432                	sd	a2,8(sp)
   163fc:	e03e                	sd	a5,0(sp)
   163fe:	91dfa0ef          	jal	10d1a <_malloc_r>
   16402:	6782                	ld	a5,0(sp)
   16404:	6622                	ld	a2,8(sp)
   16406:	6742                	ld	a4,16(sp)
   16408:	86aa                	mv	a3,a0
   1640a:	30050363          	beqz	a0,16710 <_realloc_r+0x3ba>
   1640e:	ff843583          	ld	a1,-8(s0)
   16412:	ff050813          	addi	a6,a0,-16
   16416:	99f9                	andi	a1,a1,-2
   16418:	95b2                	add	a1,a1,a2
   1641a:	19058463          	beq	a1,a6,165a2 <_realloc_r+0x24c>
   1641e:	ff870613          	addi	a2,a4,-8
   16422:	04800793          	li	a5,72
   16426:	1ec7ea63          	bltu	a5,a2,1661a <_realloc_r+0x2c4>
   1642a:	02700713          	li	a4,39
   1642e:	16c76f63          	bltu	a4,a2,165ac <_realloc_r+0x256>
   16432:	87aa                	mv	a5,a0
   16434:	8722                	mv	a4,s0
   16436:	6310                	ld	a2,0(a4)
   16438:	e390                	sd	a2,0(a5)
   1643a:	6710                	ld	a2,8(a4)
   1643c:	e790                	sd	a2,8(a5)
   1643e:	6b18                	ld	a4,16(a4)
   16440:	eb98                	sd	a4,16(a5)
   16442:	85a2                	mv	a1,s0
   16444:	8526                	mv	a0,s1
   16446:	e036                	sd	a3,0(sp)
   16448:	e9afa0ef          	jal	10ae2 <_free_r>
   1644c:	8526                	mv	a0,s1
   1644e:	f39fa0ef          	jal	11386 <__malloc_unlock>
   16452:	6682                	ld	a3,0(sp)
   16454:	70e2                	ld	ra,56(sp)
   16456:	7442                	ld	s0,48(sp)
   16458:	74a2                	ld	s1,40(sp)
   1645a:	8536                	mv	a0,a3
   1645c:	6121                	addi	sp,sp,64
   1645e:	8082                	ret
   16460:	4701                	li	a4,0
   16462:	02000793          	li	a5,32
   16466:	b70d                	j	16388 <_realloc_r+0x32>
   16468:	01883683          	ld	a3,24(a6)
   1646c:	01083583          	ld	a1,16(a6)
   16470:	8746                	mv	a4,a7
   16472:	ed94                	sd	a3,24(a1)
   16474:	ea8c                	sd	a1,16(a3)
   16476:	6614                	ld	a3,8(a2)
   16478:	40f70533          	sub	a0,a4,a5
   1647c:	45fd                	li	a1,31
   1647e:	8a85                	andi	a3,a3,1
   16480:	00e60833          	add	a6,a2,a4
   16484:	04a5e263          	bltu	a1,a0,164c8 <_realloc_r+0x172>
   16488:	8ed9                	or	a3,a3,a4
   1648a:	e614                	sd	a3,8(a2)
   1648c:	00883783          	ld	a5,8(a6)
   16490:	0017e793          	ori	a5,a5,1
   16494:	00f83423          	sd	a5,8(a6)
   16498:	8526                	mv	a0,s1
   1649a:	eedfa0ef          	jal	11386 <__malloc_unlock>
   1649e:	86a2                	mv	a3,s0
   164a0:	70e2                	ld	ra,56(sp)
   164a2:	7442                	ld	s0,48(sp)
   164a4:	74a2                	ld	s1,40(sp)
   164a6:	8536                	mv	a0,a3
   164a8:	6121                	addi	sp,sp,64
   164aa:	8082                	ret
   164ac:	8a85                	andi	a3,a3,1
   164ae:	f6a1                	bnez	a3,163f6 <_realloc_r+0xa0>
   164b0:	ff043303          	ld	t1,-16(s0)
   164b4:	40660333          	sub	t1,a2,t1
   164b8:	00833883          	ld	a7,8(t1)
   164bc:	ffc8f893          	andi	a7,a7,-4
   164c0:	bf05                	j	163f0 <_realloc_r+0x9a>
   164c2:	85b2                	mv	a1,a2
   164c4:	857fa06f          	j	10d1a <_malloc_r>
   164c8:	8edd                	or	a3,a3,a5
   164ca:	e614                	sd	a3,8(a2)
   164cc:	00156513          	ori	a0,a0,1
   164d0:	963e                	add	a2,a2,a5
   164d2:	e608                	sd	a0,8(a2)
   164d4:	00883783          	ld	a5,8(a6)
   164d8:	01060593          	addi	a1,a2,16
   164dc:	8526                	mv	a0,s1
   164de:	0017e793          	ori	a5,a5,1
   164e2:	00f83423          	sd	a5,8(a6)
   164e6:	dfcfa0ef          	jal	10ae2 <_free_r>
   164ea:	b77d                	j	16498 <_realloc_r+0x142>
   164ec:	47b1                	li	a5,12
   164ee:	c09c                	sw	a5,0(s1)
   164f0:	4681                	li	a3,0
   164f2:	70e2                	ld	ra,56(sp)
   164f4:	7442                	ld	s0,48(sp)
   164f6:	74a2                	ld	s1,40(sp)
   164f8:	8536                	mv	a0,a3
   164fa:	6121                	addi	sp,sp,64
   164fc:	8082                	ret
   164fe:	9971                	andi	a0,a0,-4
   16500:	00e50833          	add	a6,a0,a4
   16504:	02078e13          	addi	t3,a5,32
   16508:	1bc85763          	bge	a6,t3,166b6 <_realloc_r+0x360>
   1650c:	8a85                	andi	a3,a3,1
   1650e:	ee0694e3          	bnez	a3,163f6 <_realloc_r+0xa0>
   16512:	ff043303          	ld	t1,-16(s0)
   16516:	40660333          	sub	t1,a2,t1
   1651a:	00833883          	ld	a7,8(t1)
   1651e:	ffc8f893          	andi	a7,a7,-4
   16522:	9546                	add	a0,a0,a7
   16524:	00e50833          	add	a6,a0,a4
   16528:	edc844e3          	blt	a6,t3,163f0 <_realloc_r+0x9a>
   1652c:	01833683          	ld	a3,24(t1)
   16530:	01033583          	ld	a1,16(t1)
   16534:	ff870613          	addi	a2,a4,-8
   16538:	04800713          	li	a4,72
   1653c:	ed94                	sd	a3,24(a1)
   1653e:	ea8c                	sd	a1,16(a3)
   16540:	01030693          	addi	a3,t1,16
   16544:	20c76363          	bltu	a4,a2,1674a <_realloc_r+0x3f4>
   16548:	02700593          	li	a1,39
   1654c:	8736                	mv	a4,a3
   1654e:	00c5ff63          	bgeu	a1,a2,1656c <_realloc_r+0x216>
   16552:	600c                	ld	a1,0(s0)
   16554:	03700713          	li	a4,55
   16558:	00b33823          	sd	a1,16(t1)
   1655c:	640c                	ld	a1,8(s0)
   1655e:	00b33c23          	sd	a1,24(t1)
   16562:	22c76063          	bltu	a4,a2,16782 <_realloc_r+0x42c>
   16566:	0441                	addi	s0,s0,16
   16568:	02030713          	addi	a4,t1,32
   1656c:	6010                	ld	a2,0(s0)
   1656e:	e310                	sd	a2,0(a4)
   16570:	6410                	ld	a2,8(s0)
   16572:	e710                	sd	a2,8(a4)
   16574:	6810                	ld	a2,16(s0)
   16576:	eb10                	sd	a2,16(a4)
   16578:	00f30633          	add	a2,t1,a5
   1657c:	40f80733          	sub	a4,a6,a5
   16580:	00ceb823          	sd	a2,16(t4)
   16584:	00176713          	ori	a4,a4,1
   16588:	e618                	sd	a4,8(a2)
   1658a:	00833703          	ld	a4,8(t1)
   1658e:	8526                	mv	a0,s1
   16590:	e036                	sd	a3,0(sp)
   16592:	8b05                	andi	a4,a4,1
   16594:	8fd9                	or	a5,a5,a4
   16596:	00f33423          	sd	a5,8(t1)
   1659a:	dedfa0ef          	jal	11386 <__malloc_unlock>
   1659e:	6682                	ld	a3,0(sp)
   165a0:	b701                	j	164a0 <_realloc_r+0x14a>
   165a2:	ff853683          	ld	a3,-8(a0)
   165a6:	9af1                	andi	a3,a3,-4
   165a8:	9736                	add	a4,a4,a3
   165aa:	b5f1                	j	16476 <_realloc_r+0x120>
   165ac:	600c                	ld	a1,0(s0)
   165ae:	03700713          	li	a4,55
   165b2:	e10c                	sd	a1,0(a0)
   165b4:	640c                	ld	a1,8(s0)
   165b6:	e50c                	sd	a1,8(a0)
   165b8:	0cc76763          	bltu	a4,a2,16686 <_realloc_r+0x330>
   165bc:	01040713          	addi	a4,s0,16
   165c0:	01050793          	addi	a5,a0,16
   165c4:	bd8d                	j	16436 <_realloc_r+0xe0>
   165c6:	01833683          	ld	a3,24(t1)
   165ca:	01033583          	ld	a1,16(t1)
   165ce:	ff870613          	addi	a2,a4,-8
   165d2:	04800513          	li	a0,72
   165d6:	ed94                	sd	a3,24(a1)
   165d8:	ea8c                	sd	a1,16(a3)
   165da:	01030693          	addi	a3,t1,16
   165de:	0ac56f63          	bltu	a0,a2,1669c <_realloc_r+0x346>
   165e2:	02700593          	li	a1,39
   165e6:	8736                	mv	a4,a3
   165e8:	00c5ff63          	bgeu	a1,a2,16606 <_realloc_r+0x2b0>
   165ec:	600c                	ld	a1,0(s0)
   165ee:	03700713          	li	a4,55
   165f2:	00b33823          	sd	a1,16(t1)
   165f6:	640c                	ld	a1,8(s0)
   165f8:	00b33c23          	sd	a1,24(t1)
   165fc:	0ec76d63          	bltu	a4,a2,166f6 <_realloc_r+0x3a0>
   16600:	0441                	addi	s0,s0,16
   16602:	02030713          	addi	a4,t1,32
   16606:	6010                	ld	a2,0(s0)
   16608:	e310                	sd	a2,0(a4)
   1660a:	6410                	ld	a2,8(s0)
   1660c:	e710                	sd	a2,8(a4)
   1660e:	6810                	ld	a2,16(s0)
   16610:	eb10                	sd	a2,16(a4)
   16612:	8436                	mv	s0,a3
   16614:	8746                	mv	a4,a7
   16616:	861a                	mv	a2,t1
   16618:	bdb9                	j	16476 <_realloc_r+0x120>
   1661a:	85a2                	mv	a1,s0
   1661c:	e02a                	sd	a0,0(sp)
   1661e:	ed6fd0ef          	jal	13cf4 <memmove>
   16622:	6682                	ld	a3,0(sp)
   16624:	bd39                	j	16442 <_realloc_r+0xec>
   16626:	01883583          	ld	a1,24(a6)
   1662a:	01083503          	ld	a0,16(a6)
   1662e:	ff870613          	addi	a2,a4,-8
   16632:	04800893          	li	a7,72
   16636:	ed0c                	sd	a1,24(a0)
   16638:	e988                	sd	a0,16(a1)
   1663a:	01833703          	ld	a4,24(t1)
   1663e:	01033583          	ld	a1,16(t1)
   16642:	01030813          	addi	a6,t1,16
   16646:	ed98                	sd	a4,24(a1)
   16648:	eb0c                	sd	a1,16(a4)
   1664a:	08c8e963          	bltu	a7,a2,166dc <_realloc_r+0x386>
   1664e:	02700593          	li	a1,39
   16652:	8742                	mv	a4,a6
   16654:	00c5ff63          	bgeu	a1,a2,16672 <_realloc_r+0x31c>
   16658:	600c                	ld	a1,0(s0)
   1665a:	03700713          	li	a4,55
   1665e:	00b33823          	sd	a1,16(t1)
   16662:	640c                	ld	a1,8(s0)
   16664:	00b33c23          	sd	a1,24(t1)
   16668:	0cc76263          	bltu	a4,a2,1672c <_realloc_r+0x3d6>
   1666c:	0441                	addi	s0,s0,16
   1666e:	02030713          	addi	a4,t1,32
   16672:	6010                	ld	a2,0(s0)
   16674:	e310                	sd	a2,0(a4)
   16676:	6410                	ld	a2,8(s0)
   16678:	e710                	sd	a2,8(a4)
   1667a:	6810                	ld	a2,16(s0)
   1667c:	eb10                	sd	a2,16(a4)
   1667e:	8442                	mv	s0,a6
   16680:	8736                	mv	a4,a3
   16682:	861a                	mv	a2,t1
   16684:	bbcd                	j	16476 <_realloc_r+0x120>
   16686:	6818                	ld	a4,16(s0)
   16688:	e918                	sd	a4,16(a0)
   1668a:	6c18                	ld	a4,24(s0)
   1668c:	ed18                	sd	a4,24(a0)
   1668e:	08f60663          	beq	a2,a5,1671a <_realloc_r+0x3c4>
   16692:	02040713          	addi	a4,s0,32
   16696:	02050793          	addi	a5,a0,32
   1669a:	bb71                	j	16436 <_realloc_r+0xe0>
   1669c:	8536                	mv	a0,a3
   1669e:	85a2                	mv	a1,s0
   166a0:	ec1a                	sd	t1,24(sp)
   166a2:	e83e                	sd	a5,16(sp)
   166a4:	e446                	sd	a7,8(sp)
   166a6:	e036                	sd	a3,0(sp)
   166a8:	e4cfd0ef          	jal	13cf4 <memmove>
   166ac:	6362                	ld	t1,24(sp)
   166ae:	67c2                	ld	a5,16(sp)
   166b0:	68a2                	ld	a7,8(sp)
   166b2:	6682                	ld	a3,0(sp)
   166b4:	bfb9                	j	16612 <_realloc_r+0x2bc>
   166b6:	963e                	add	a2,a2,a5
   166b8:	40f80733          	sub	a4,a6,a5
   166bc:	00ceb823          	sd	a2,16(t4)
   166c0:	00176713          	ori	a4,a4,1
   166c4:	e618                	sd	a4,8(a2)
   166c6:	ff843703          	ld	a4,-8(s0)
   166ca:	8526                	mv	a0,s1
   166cc:	8b05                	andi	a4,a4,1
   166ce:	8fd9                	or	a5,a5,a4
   166d0:	fef43c23          	sd	a5,-8(s0)
   166d4:	cb3fa0ef          	jal	11386 <__malloc_unlock>
   166d8:	86a2                	mv	a3,s0
   166da:	b3d9                	j	164a0 <_realloc_r+0x14a>
   166dc:	8542                	mv	a0,a6
   166de:	85a2                	mv	a1,s0
   166e0:	ec1a                	sd	t1,24(sp)
   166e2:	e83e                	sd	a5,16(sp)
   166e4:	e436                	sd	a3,8(sp)
   166e6:	e042                	sd	a6,0(sp)
   166e8:	e0cfd0ef          	jal	13cf4 <memmove>
   166ec:	6802                	ld	a6,0(sp)
   166ee:	66a2                	ld	a3,8(sp)
   166f0:	67c2                	ld	a5,16(sp)
   166f2:	6362                	ld	t1,24(sp)
   166f4:	b769                	j	1667e <_realloc_r+0x328>
   166f6:	6818                	ld	a4,16(s0)
   166f8:	02e33023          	sd	a4,32(t1)
   166fc:	6c18                	ld	a4,24(s0)
   166fe:	02e33423          	sd	a4,40(t1)
   16702:	06a60463          	beq	a2,a0,1676a <_realloc_r+0x414>
   16706:	02040413          	addi	s0,s0,32
   1670a:	03030713          	addi	a4,t1,48
   1670e:	bde5                	j	16606 <_realloc_r+0x2b0>
   16710:	8526                	mv	a0,s1
   16712:	c75fa0ef          	jal	11386 <__malloc_unlock>
   16716:	4681                	li	a3,0
   16718:	bbe9                	j	164f2 <_realloc_r+0x19c>
   1671a:	7010                	ld	a2,32(s0)
   1671c:	03040713          	addi	a4,s0,48
   16720:	03050793          	addi	a5,a0,48
   16724:	f110                	sd	a2,32(a0)
   16726:	7410                	ld	a2,40(s0)
   16728:	f510                	sd	a2,40(a0)
   1672a:	b331                	j	16436 <_realloc_r+0xe0>
   1672c:	680c                	ld	a1,16(s0)
   1672e:	04800713          	li	a4,72
   16732:	02b33023          	sd	a1,32(t1)
   16736:	6c0c                	ld	a1,24(s0)
   16738:	02b33423          	sd	a1,40(t1)
   1673c:	06e60263          	beq	a2,a4,167a0 <_realloc_r+0x44a>
   16740:	02040413          	addi	s0,s0,32
   16744:	03030713          	addi	a4,t1,48
   16748:	b72d                	j	16672 <_realloc_r+0x31c>
   1674a:	8536                	mv	a0,a3
   1674c:	85a2                	mv	a1,s0
   1674e:	ec1a                	sd	t1,24(sp)
   16750:	e83e                	sd	a5,16(sp)
   16752:	e442                	sd	a6,8(sp)
   16754:	e036                	sd	a3,0(sp)
   16756:	d9efd0ef          	jal	13cf4 <memmove>
   1675a:	67ed                	lui	a5,0x1b
   1675c:	c0078e93          	addi	t4,a5,-1024 # 1ac00 <__malloc_av_>
   16760:	6362                	ld	t1,24(sp)
   16762:	67c2                	ld	a5,16(sp)
   16764:	6822                	ld	a6,8(sp)
   16766:	6682                	ld	a3,0(sp)
   16768:	bd01                	j	16578 <_realloc_r+0x222>
   1676a:	7010                	ld	a2,32(s0)
   1676c:	04030713          	addi	a4,t1,64
   16770:	03040413          	addi	s0,s0,48
   16774:	02c33823          	sd	a2,48(t1)
   16778:	ff843603          	ld	a2,-8(s0)
   1677c:	02c33c23          	sd	a2,56(t1)
   16780:	b559                	j	16606 <_realloc_r+0x2b0>
   16782:	680c                	ld	a1,16(s0)
   16784:	04800713          	li	a4,72
   16788:	02b33023          	sd	a1,32(t1)
   1678c:	6c0c                	ld	a1,24(s0)
   1678e:	02b33423          	sd	a1,40(t1)
   16792:	02e60363          	beq	a2,a4,167b8 <_realloc_r+0x462>
   16796:	02040413          	addi	s0,s0,32
   1679a:	03030713          	addi	a4,t1,48
   1679e:	b3f9                	j	1656c <_realloc_r+0x216>
   167a0:	7010                	ld	a2,32(s0)
   167a2:	04030713          	addi	a4,t1,64
   167a6:	03040413          	addi	s0,s0,48
   167aa:	02c33823          	sd	a2,48(t1)
   167ae:	ff843603          	ld	a2,-8(s0)
   167b2:	02c33c23          	sd	a2,56(t1)
   167b6:	bd75                	j	16672 <_realloc_r+0x31c>
   167b8:	7010                	ld	a2,32(s0)
   167ba:	04030713          	addi	a4,t1,64
   167be:	03040413          	addi	s0,s0,48
   167c2:	02c33823          	sd	a2,48(t1)
   167c6:	ff843603          	ld	a2,-8(s0)
   167ca:	02c33c23          	sd	a2,56(t1)
   167ce:	bb79                	j	1656c <_realloc_r+0x216>

00000000000167d0 <__smakebuf_r>:
   167d0:	01059703          	lh	a4,16(a1)
   167d4:	00277793          	andi	a5,a4,2
   167d8:	cb81                	beqz	a5,167e8 <__smakebuf_r+0x18>
   167da:	07758793          	addi	a5,a1,119
   167de:	4705                	li	a4,1
   167e0:	e19c                	sd	a5,0(a1)
   167e2:	ed9c                	sd	a5,24(a1)
   167e4:	d198                	sw	a4,32(a1)
   167e6:	8082                	ret
   167e8:	87ae                	mv	a5,a1
   167ea:	01259583          	lh	a1,18(a1)
   167ee:	7135                	addi	sp,sp,-160
   167f0:	e922                	sd	s0,144(sp)
   167f2:	ed06                	sd	ra,152(sp)
   167f4:	842a                	mv	s0,a0
   167f6:	0605c863          	bltz	a1,16866 <__smakebuf_r+0x96>
   167fa:	0830                	addi	a2,sp,24
   167fc:	e03e                	sd	a5,0(sp)
   167fe:	214000ef          	jal	16a12 <_fstat_r>
   16802:	6782                	ld	a5,0(sp)
   16804:	04054f63          	bltz	a0,16862 <__smakebuf_r+0x92>
   16808:	40000593          	li	a1,1024
   1680c:	8522                	mv	a0,s0
   1680e:	e526                	sd	s1,136(sp)
   16810:	e03e                	sd	a5,0(sp)
   16812:	44f2                	lw	s1,28(sp)
   16814:	d06fa0ef          	jal	10d1a <_malloc_r>
   16818:	6782                	ld	a5,0(sp)
   1681a:	01079703          	lh	a4,16(a5)
   1681e:	c159                	beqz	a0,168a4 <__smakebuf_r+0xd4>
   16820:	40000693          	li	a3,1024
   16824:	08076713          	ori	a4,a4,128
   16828:	d394                	sw	a3,32(a5)
   1682a:	40c4d693          	srai	a3,s1,0xc
   1682e:	00e79823          	sh	a4,16(a5)
   16832:	e388                	sd	a0,0(a5)
   16834:	ef88                	sd	a0,24(a5)
   16836:	8abd                	andi	a3,a3,15
   16838:	4609                	li	a2,2
   1683a:	08c69563          	bne	a3,a2,168c4 <__smakebuf_r+0xf4>
   1683e:	01279583          	lh	a1,18(a5)
   16842:	8522                	mv	a0,s0
   16844:	e03e                	sd	a5,0(sp)
   16846:	206000ef          	jal	16a4c <_isatty_r>
   1684a:	6782                	ld	a5,0(sp)
   1684c:	01079703          	lh	a4,16(a5)
   16850:	c935                	beqz	a0,168c4 <__smakebuf_r+0xf4>
   16852:	9b71                	andi	a4,a4,-4
   16854:	6685                	lui	a3,0x1
   16856:	64aa                	ld	s1,136(sp)
   16858:	00176713          	ori	a4,a4,1
   1685c:	80068693          	addi	a3,a3,-2048 # 800 <exit-0xf920>
   16860:	a805                	j	16890 <__smakebuf_r+0xc0>
   16862:	01079703          	lh	a4,16(a5)
   16866:	08077713          	andi	a4,a4,128
   1686a:	40000593          	li	a1,1024
   1686e:	eb05                	bnez	a4,1689e <__smakebuf_r+0xce>
   16870:	8522                	mv	a0,s0
   16872:	e43e                	sd	a5,8(sp)
   16874:	e02e                	sd	a1,0(sp)
   16876:	ca4fa0ef          	jal	10d1a <_malloc_r>
   1687a:	67a2                	ld	a5,8(sp)
   1687c:	6582                	ld	a1,0(sp)
   1687e:	01079703          	lh	a4,16(a5)
   16882:	c115                	beqz	a0,168a6 <__smakebuf_r+0xd6>
   16884:	08076713          	ori	a4,a4,128
   16888:	e388                	sd	a0,0(a5)
   1688a:	ef88                	sd	a0,24(a5)
   1688c:	d38c                	sw	a1,32(a5)
   1688e:	4681                	li	a3,0
   16890:	8f55                	or	a4,a4,a3
   16892:	00e79823          	sh	a4,16(a5)
   16896:	60ea                	ld	ra,152(sp)
   16898:	644a                	ld	s0,144(sp)
   1689a:	610d                	addi	sp,sp,160
   1689c:	8082                	ret
   1689e:	04000593          	li	a1,64
   168a2:	b7f9                	j	16870 <__smakebuf_r+0xa0>
   168a4:	64aa                	ld	s1,136(sp)
   168a6:	20077693          	andi	a3,a4,512
   168aa:	f6f5                	bnez	a3,16896 <__smakebuf_r+0xc6>
   168ac:	9b71                	andi	a4,a4,-4
   168ae:	07778693          	addi	a3,a5,119
   168b2:	00276713          	ori	a4,a4,2
   168b6:	4605                	li	a2,1
   168b8:	00e79823          	sh	a4,16(a5)
   168bc:	e394                	sd	a3,0(a5)
   168be:	ef94                	sd	a3,24(a5)
   168c0:	d390                	sw	a2,32(a5)
   168c2:	bfd1                	j	16896 <__smakebuf_r+0xc6>
   168c4:	6685                	lui	a3,0x1
   168c6:	64aa                	ld	s1,136(sp)
   168c8:	80068693          	addi	a3,a3,-2048 # 800 <exit-0xf920>
   168cc:	b7d1                	j	16890 <__smakebuf_r+0xc0>

00000000000168ce <__swhatbuf_r>:
   168ce:	87ae                	mv	a5,a1
   168d0:	01259583          	lh	a1,18(a1)
   168d4:	8732                	mv	a4,a2
   168d6:	0405ce63          	bltz	a1,16932 <__swhatbuf_r+0x64>
   168da:	7135                	addi	sp,sp,-160
   168dc:	e832                	sd	a2,16(sp)
   168de:	1030                	addi	a2,sp,40
   168e0:	ec36                	sd	a3,24(sp)
   168e2:	e43e                	sd	a5,8(sp)
   168e4:	ed06                	sd	ra,152(sp)
   168e6:	12c000ef          	jal	16a12 <_fstat_r>
   168ea:	67a2                	ld	a5,8(sp)
   168ec:	6742                	ld	a4,16(sp)
   168ee:	66e2                	ld	a3,24(sp)
   168f0:	02054363          	bltz	a0,16916 <__swhatbuf_r+0x48>
   168f4:	57b2                	lw	a5,44(sp)
   168f6:	65bd                	lui	a1,0xf
   168f8:	6609                	lui	a2,0x2
   168fa:	8fed                	and	a5,a5,a1
   168fc:	8f91                	sub	a5,a5,a2
   168fe:	60ea                	ld	ra,152(sp)
   16900:	0017b793          	seqz	a5,a5
   16904:	c29c                	sw	a5,0(a3)
   16906:	40000613          	li	a2,1024
   1690a:	6505                	lui	a0,0x1
   1690c:	e310                	sd	a2,0(a4)
   1690e:	80050513          	addi	a0,a0,-2048 # 800 <exit-0xf920>
   16912:	610d                	addi	sp,sp,160
   16914:	8082                	ret
   16916:	0107d783          	lhu	a5,16(a5)
   1691a:	0807f793          	andi	a5,a5,128
   1691e:	c78d                	beqz	a5,16948 <__swhatbuf_r+0x7a>
   16920:	60ea                	ld	ra,152(sp)
   16922:	4781                	li	a5,0
   16924:	c29c                	sw	a5,0(a3)
   16926:	04000613          	li	a2,64
   1692a:	e310                	sd	a2,0(a4)
   1692c:	4501                	li	a0,0
   1692e:	610d                	addi	sp,sp,160
   16930:	8082                	ret
   16932:	0107d783          	lhu	a5,16(a5)
   16936:	0807f793          	andi	a5,a5,128
   1693a:	ef99                	bnez	a5,16958 <__swhatbuf_r+0x8a>
   1693c:	40000613          	li	a2,1024
   16940:	c29c                	sw	a5,0(a3)
   16942:	4501                	li	a0,0
   16944:	e310                	sd	a2,0(a4)
   16946:	8082                	ret
   16948:	60ea                	ld	ra,152(sp)
   1694a:	c29c                	sw	a5,0(a3)
   1694c:	40000613          	li	a2,1024
   16950:	e310                	sd	a2,0(a4)
   16952:	4501                	li	a0,0
   16954:	610d                	addi	sp,sp,160
   16956:	8082                	ret
   16958:	4781                	li	a5,0
   1695a:	04000613          	li	a2,64
   1695e:	c29c                	sw	a5,0(a3)
   16960:	4501                	li	a0,0
   16962:	e310                	sd	a2,0(a4)
   16964:	8082                	ret

0000000000016966 <_setlocale_r>:
   16966:	c21d                	beqz	a2,1698c <_setlocale_r+0x26>
   16968:	65e5                	lui	a1,0x19
   1696a:	1101                	addi	sp,sp,-32
   1696c:	38858593          	addi	a1,a1,904 # 19388 <__clzdi2+0x1ac>
   16970:	8532                	mv	a0,a2
   16972:	e822                	sd	s0,16(sp)
   16974:	ec06                	sd	ra,24(sp)
   16976:	8432                	mv	s0,a2
   16978:	10a000ef          	jal	16a82 <strcmp>
   1697c:	67e5                	lui	a5,0x19
   1697e:	e919                	bnez	a0,16994 <_setlocale_r+0x2e>
   16980:	38078513          	addi	a0,a5,896 # 19380 <__clzdi2+0x1a4>
   16984:	60e2                	ld	ra,24(sp)
   16986:	6442                	ld	s0,16(sp)
   16988:	6105                	addi	sp,sp,32
   1698a:	8082                	ret
   1698c:	67e5                	lui	a5,0x19
   1698e:	38078513          	addi	a0,a5,896 # 19380 <__clzdi2+0x1a4>
   16992:	8082                	ret
   16994:	38078593          	addi	a1,a5,896
   16998:	8522                	mv	a0,s0
   1699a:	e43e                	sd	a5,8(sp)
   1699c:	0e6000ef          	jal	16a82 <strcmp>
   169a0:	67a2                	ld	a5,8(sp)
   169a2:	dd79                	beqz	a0,16980 <_setlocale_r+0x1a>
   169a4:	65e5                	lui	a1,0x19
   169a6:	8522                	mv	a0,s0
   169a8:	26058593          	addi	a1,a1,608 # 19260 <__clzdi2+0x84>
   169ac:	0d6000ef          	jal	16a82 <strcmp>
   169b0:	67a2                	ld	a5,8(sp)
   169b2:	d579                	beqz	a0,16980 <_setlocale_r+0x1a>
   169b4:	4501                	li	a0,0
   169b6:	b7f9                	j	16984 <_setlocale_r+0x1e>

00000000000169b8 <__locale_mb_cur_max>:
   169b8:	67ed                	lui	a5,0x1b
   169ba:	5707c503          	lbu	a0,1392(a5) # 1b570 <__global_locale+0x160>
   169be:	8082                	ret

00000000000169c0 <setlocale>:
   169c0:	c19d                	beqz	a1,169e6 <setlocale+0x26>
   169c2:	1101                	addi	sp,sp,-32
   169c4:	e822                	sd	s0,16(sp)
   169c6:	852e                	mv	a0,a1
   169c8:	842e                	mv	s0,a1
   169ca:	65e5                	lui	a1,0x19
   169cc:	38858593          	addi	a1,a1,904 # 19388 <__clzdi2+0x1ac>
   169d0:	ec06                	sd	ra,24(sp)
   169d2:	0b0000ef          	jal	16a82 <strcmp>
   169d6:	67e5                	lui	a5,0x19
   169d8:	e919                	bnez	a0,169ee <setlocale+0x2e>
   169da:	38078513          	addi	a0,a5,896 # 19380 <__clzdi2+0x1a4>
   169de:	60e2                	ld	ra,24(sp)
   169e0:	6442                	ld	s0,16(sp)
   169e2:	6105                	addi	sp,sp,32
   169e4:	8082                	ret
   169e6:	67e5                	lui	a5,0x19
   169e8:	38078513          	addi	a0,a5,896 # 19380 <__clzdi2+0x1a4>
   169ec:	8082                	ret
   169ee:	38078593          	addi	a1,a5,896
   169f2:	8522                	mv	a0,s0
   169f4:	e43e                	sd	a5,8(sp)
   169f6:	08c000ef          	jal	16a82 <strcmp>
   169fa:	67a2                	ld	a5,8(sp)
   169fc:	dd79                	beqz	a0,169da <setlocale+0x1a>
   169fe:	65e5                	lui	a1,0x19
   16a00:	8522                	mv	a0,s0
   16a02:	26058593          	addi	a1,a1,608 # 19260 <__clzdi2+0x84>
   16a06:	07c000ef          	jal	16a82 <strcmp>
   16a0a:	67a2                	ld	a5,8(sp)
   16a0c:	d579                	beqz	a0,169da <setlocale+0x1a>
   16a0e:	4501                	li	a0,0
   16a10:	b7f9                	j	169de <setlocale+0x1e>

0000000000016a12 <_fstat_r>:
   16a12:	1101                	addi	sp,sp,-32
   16a14:	87ae                	mv	a5,a1
   16a16:	e822                	sd	s0,16(sp)
   16a18:	e426                	sd	s1,8(sp)
   16a1a:	85b2                	mv	a1,a2
   16a1c:	84aa                	mv	s1,a0
   16a1e:	853e                	mv	a0,a5
   16a20:	ec06                	sd	ra,24(sp)
   16a22:	8801ac23          	sw	zero,-1896(gp) # 1b650 <errno>
   16a26:	3de010ef          	jal	17e04 <_fstat>
   16a2a:	57fd                	li	a5,-1
   16a2c:	00f50763          	beq	a0,a5,16a3a <_fstat_r+0x28>
   16a30:	60e2                	ld	ra,24(sp)
   16a32:	6442                	ld	s0,16(sp)
   16a34:	64a2                	ld	s1,8(sp)
   16a36:	6105                	addi	sp,sp,32
   16a38:	8082                	ret
   16a3a:	8981a783          	lw	a5,-1896(gp) # 1b650 <errno>
   16a3e:	dbed                	beqz	a5,16a30 <_fstat_r+0x1e>
   16a40:	60e2                	ld	ra,24(sp)
   16a42:	6442                	ld	s0,16(sp)
   16a44:	c09c                	sw	a5,0(s1)
   16a46:	64a2                	ld	s1,8(sp)
   16a48:	6105                	addi	sp,sp,32
   16a4a:	8082                	ret

0000000000016a4c <_isatty_r>:
   16a4c:	1101                	addi	sp,sp,-32
   16a4e:	e822                	sd	s0,16(sp)
   16a50:	e426                	sd	s1,8(sp)
   16a52:	84aa                	mv	s1,a0
   16a54:	852e                	mv	a0,a1
   16a56:	ec06                	sd	ra,24(sp)
   16a58:	8801ac23          	sw	zero,-1896(gp) # 1b650 <errno>
   16a5c:	3ee010ef          	jal	17e4a <_isatty>
   16a60:	57fd                	li	a5,-1
   16a62:	00f50763          	beq	a0,a5,16a70 <_isatty_r+0x24>
   16a66:	60e2                	ld	ra,24(sp)
   16a68:	6442                	ld	s0,16(sp)
   16a6a:	64a2                	ld	s1,8(sp)
   16a6c:	6105                	addi	sp,sp,32
   16a6e:	8082                	ret
   16a70:	8981a783          	lw	a5,-1896(gp) # 1b650 <errno>
   16a74:	dbed                	beqz	a5,16a66 <_isatty_r+0x1a>
   16a76:	60e2                	ld	ra,24(sp)
   16a78:	6442                	ld	s0,16(sp)
   16a7a:	c09c                	sw	a5,0(s1)
   16a7c:	64a2                	ld	s1,8(sp)
   16a7e:	6105                	addi	sp,sp,32
   16a80:	8082                	ret

0000000000016a82 <strcmp>:
   16a82:	00b56733          	or	a4,a0,a1
   16a86:	53fd                	li	t2,-1
   16a88:	8b1d                	andi	a4,a4,7
   16a8a:	eb4d                	bnez	a4,16b3c <strcmp+0xba>
   16a8c:	00005797          	auipc	a5,0x5
   16a90:	b947b783          	ld	a5,-1132(a5) # 1b620 <mask>
   16a94:	6110                	ld	a2,0(a0)
   16a96:	6194                	ld	a3,0(a1)
   16a98:	00f672b3          	and	t0,a2,a5
   16a9c:	00f66333          	or	t1,a2,a5
   16aa0:	92be                	add	t0,t0,a5
   16aa2:	0062e2b3          	or	t0,t0,t1
   16aa6:	0a729963          	bne	t0,t2,16b58 <strcmp+0xd6>
   16aaa:	02d61e63          	bne	a2,a3,16ae6 <strcmp+0x64>
   16aae:	6510                	ld	a2,8(a0)
   16ab0:	6594                	ld	a3,8(a1)
   16ab2:	00f672b3          	and	t0,a2,a5
   16ab6:	00f66333          	or	t1,a2,a5
   16aba:	92be                	add	t0,t0,a5
   16abc:	0062e2b3          	or	t0,t0,t1
   16ac0:	08729a63          	bne	t0,t2,16b54 <strcmp+0xd2>
   16ac4:	02d61163          	bne	a2,a3,16ae6 <strcmp+0x64>
   16ac8:	6910                	ld	a2,16(a0)
   16aca:	6994                	ld	a3,16(a1)
   16acc:	00f672b3          	and	t0,a2,a5
   16ad0:	00f66333          	or	t1,a2,a5
   16ad4:	92be                	add	t0,t0,a5
   16ad6:	0062e2b3          	or	t0,t0,t1
   16ada:	08729363          	bne	t0,t2,16b60 <strcmp+0xde>
   16ade:	0561                	addi	a0,a0,24
   16ae0:	05e1                	addi	a1,a1,24
   16ae2:	fad609e3          	beq	a2,a3,16a94 <strcmp+0x12>
   16ae6:	03061713          	slli	a4,a2,0x30
   16aea:	03069793          	slli	a5,a3,0x30
   16aee:	02f71863          	bne	a4,a5,16b1e <strcmp+0x9c>
   16af2:	02061713          	slli	a4,a2,0x20
   16af6:	02069793          	slli	a5,a3,0x20
   16afa:	02f71263          	bne	a4,a5,16b1e <strcmp+0x9c>
   16afe:	01061713          	slli	a4,a2,0x10
   16b02:	01069793          	slli	a5,a3,0x10
   16b06:	00f71c63          	bne	a4,a5,16b1e <strcmp+0x9c>
   16b0a:	03065713          	srli	a4,a2,0x30
   16b0e:	0306d793          	srli	a5,a3,0x30
   16b12:	40f70533          	sub	a0,a4,a5
   16b16:	0ff57593          	zext.b	a1,a0
   16b1a:	e991                	bnez	a1,16b2e <strcmp+0xac>
   16b1c:	8082                	ret
   16b1e:	9341                	srli	a4,a4,0x30
   16b20:	93c1                	srli	a5,a5,0x30
   16b22:	40f70533          	sub	a0,a4,a5
   16b26:	0ff57593          	zext.b	a1,a0
   16b2a:	e191                	bnez	a1,16b2e <strcmp+0xac>
   16b2c:	8082                	ret
   16b2e:	0ff77713          	zext.b	a4,a4
   16b32:	0ff7f793          	zext.b	a5,a5
   16b36:	40f70533          	sub	a0,a4,a5
   16b3a:	8082                	ret
   16b3c:	00054603          	lbu	a2,0(a0)
   16b40:	0005c683          	lbu	a3,0(a1)
   16b44:	0505                	addi	a0,a0,1
   16b46:	0585                	addi	a1,a1,1
   16b48:	00d61363          	bne	a2,a3,16b4e <strcmp+0xcc>
   16b4c:	fa65                	bnez	a2,16b3c <strcmp+0xba>
   16b4e:	40d60533          	sub	a0,a2,a3
   16b52:	8082                	ret
   16b54:	0521                	addi	a0,a0,8
   16b56:	05a1                	addi	a1,a1,8
   16b58:	fed612e3          	bne	a2,a3,16b3c <strcmp+0xba>
   16b5c:	4501                	li	a0,0
   16b5e:	8082                	ret
   16b60:	0541                	addi	a0,a0,16
   16b62:	05c1                	addi	a1,a1,16
   16b64:	fcd61ce3          	bne	a2,a3,16b3c <strcmp+0xba>
   16b68:	4501                	li	a0,0
   16b6a:	8082                	ret

0000000000016b6c <__assert_func>:
   16b6c:	8781b783          	ld	a5,-1928(gp) # 1b630 <_impure_ptr>
   16b70:	1141                	addi	sp,sp,-16
   16b72:	8832                	mv	a6,a2
   16b74:	e406                	sd	ra,8(sp)
   16b76:	832a                	mv	t1,a0
   16b78:	872e                	mv	a4,a1
   16b7a:	6f88                	ld	a0,24(a5)
   16b7c:	8636                	mv	a2,a3
   16b7e:	00080d63          	beqz	a6,16b98 <__assert_func+0x2c>
   16b82:	67e5                	lui	a5,0x19
   16b84:	39878793          	addi	a5,a5,920 # 19398 <__clzdi2+0x1bc>
   16b88:	65e5                	lui	a1,0x19
   16b8a:	869a                	mv	a3,t1
   16b8c:	3a858593          	addi	a1,a1,936 # 193a8 <__clzdi2+0x1cc>
   16b90:	156000ef          	jal	16ce6 <fiprintf>
   16b94:	6cd000ef          	jal	17a60 <abort>
   16b98:	67e5                	lui	a5,0x19
   16b9a:	26078793          	addi	a5,a5,608 # 19260 <__clzdi2+0x84>
   16b9e:	883e                	mv	a6,a5
   16ba0:	b7e5                	j	16b88 <__assert_func+0x1c>

0000000000016ba2 <__assert>:
   16ba2:	1141                	addi	sp,sp,-16
   16ba4:	86b2                	mv	a3,a2
   16ba6:	4601                	li	a2,0
   16ba8:	e406                	sd	ra,8(sp)
   16baa:	fc3ff0ef          	jal	16b6c <__assert_func>

0000000000016bae <_calloc_r>:
   16bae:	02c5b7b3          	mulhu	a5,a1,a2
   16bb2:	1101                	addi	sp,sp,-32
   16bb4:	ec06                	sd	ra,24(sp)
   16bb6:	02c585b3          	mul	a1,a1,a2
   16bba:	efb5                	bnez	a5,16c36 <_calloc_r+0x88>
   16bbc:	95efa0ef          	jal	10d1a <_malloc_r>
   16bc0:	87aa                	mv	a5,a0
   16bc2:	cd35                	beqz	a0,16c3e <_calloc_r+0x90>
   16bc4:	ff853603          	ld	a2,-8(a0)
   16bc8:	04800693          	li	a3,72
   16bcc:	9a71                	andi	a2,a2,-4
   16bce:	1661                	addi	a2,a2,-8 # 1ff8 <exit-0xe128>
   16bd0:	04c6e163          	bltu	a3,a2,16c12 <_calloc_r+0x64>
   16bd4:	02700593          	li	a1,39
   16bd8:	872a                	mv	a4,a0
   16bda:	02c5f263          	bgeu	a1,a2,16bfe <_calloc_r+0x50>
   16bde:	00053023          	sd	zero,0(a0)
   16be2:	00053423          	sd	zero,8(a0)
   16be6:	03700713          	li	a4,55
   16bea:	02c77d63          	bgeu	a4,a2,16c24 <_calloc_r+0x76>
   16bee:	00053823          	sd	zero,16(a0)
   16bf2:	00053c23          	sd	zero,24(a0)
   16bf6:	02050713          	addi	a4,a0,32
   16bfa:	04d60763          	beq	a2,a3,16c48 <_calloc_r+0x9a>
   16bfe:	00073023          	sd	zero,0(a4)
   16c02:	00073423          	sd	zero,8(a4)
   16c06:	00073823          	sd	zero,16(a4)
   16c0a:	60e2                	ld	ra,24(sp)
   16c0c:	853e                	mv	a0,a5
   16c0e:	6105                	addi	sp,sp,32
   16c10:	8082                	ret
   16c12:	4581                	li	a1,0
   16c14:	e42a                	sd	a0,8(sp)
   16c16:	c61f90ef          	jal	10876 <memset>
   16c1a:	67a2                	ld	a5,8(sp)
   16c1c:	60e2                	ld	ra,24(sp)
   16c1e:	853e                	mv	a0,a5
   16c20:	6105                	addi	sp,sp,32
   16c22:	8082                	ret
   16c24:	01050713          	addi	a4,a0,16
   16c28:	00073023          	sd	zero,0(a4)
   16c2c:	00073423          	sd	zero,8(a4)
   16c30:	00073823          	sd	zero,16(a4)
   16c34:	bfd9                	j	16c0a <_calloc_r+0x5c>
   16c36:	625000ef          	jal	17a5a <__errno>
   16c3a:	47b1                	li	a5,12
   16c3c:	c11c                	sw	a5,0(a0)
   16c3e:	60e2                	ld	ra,24(sp)
   16c40:	4781                	li	a5,0
   16c42:	853e                	mv	a0,a5
   16c44:	6105                	addi	sp,sp,32
   16c46:	8082                	ret
   16c48:	02053023          	sd	zero,32(a0)
   16c4c:	02053423          	sd	zero,40(a0)
   16c50:	03050713          	addi	a4,a0,48
   16c54:	b76d                	j	16bfe <_calloc_r+0x50>

0000000000016c56 <_mbtowc_r>:
   16c56:	67ed                	lui	a5,0x1b
   16c58:	4f87b783          	ld	a5,1272(a5) # 1b4f8 <__global_locale+0xe8>
   16c5c:	8782                	jr	a5

0000000000016c5e <__ascii_mbtowc>:
   16c5e:	c999                	beqz	a1,16c74 <__ascii_mbtowc+0x16>
   16c60:	c61d                	beqz	a2,16c8e <__ascii_mbtowc+0x30>
   16c62:	ca95                	beqz	a3,16c96 <__ascii_mbtowc+0x38>
   16c64:	00064783          	lbu	a5,0(a2)
   16c68:	c19c                	sw	a5,0(a1)
   16c6a:	00064503          	lbu	a0,0(a2)
   16c6e:	00a03533          	snez	a0,a0
   16c72:	8082                	ret
   16c74:	1141                	addi	sp,sp,-16
   16c76:	006c                	addi	a1,sp,12
   16c78:	ce09                	beqz	a2,16c92 <__ascii_mbtowc+0x34>
   16c7a:	c285                	beqz	a3,16c9a <__ascii_mbtowc+0x3c>
   16c7c:	00064783          	lbu	a5,0(a2)
   16c80:	c19c                	sw	a5,0(a1)
   16c82:	00064503          	lbu	a0,0(a2)
   16c86:	00a03533          	snez	a0,a0
   16c8a:	0141                	addi	sp,sp,16
   16c8c:	8082                	ret
   16c8e:	4501                	li	a0,0
   16c90:	8082                	ret
   16c92:	4501                	li	a0,0
   16c94:	bfdd                	j	16c8a <__ascii_mbtowc+0x2c>
   16c96:	5579                	li	a0,-2
   16c98:	8082                	ret
   16c9a:	5579                	li	a0,-2
   16c9c:	b7fd                	j	16c8a <__ascii_mbtowc+0x2c>

0000000000016c9e <_wctomb_r>:
   16c9e:	67ed                	lui	a5,0x1b
   16ca0:	4f07b783          	ld	a5,1264(a5) # 1b4f0 <__global_locale+0xe0>
   16ca4:	8782                	jr	a5

0000000000016ca6 <__ascii_wctomb>:
   16ca6:	cd91                	beqz	a1,16cc2 <__ascii_wctomb+0x1c>
   16ca8:	0ff00793          	li	a5,255
   16cac:	00c7e663          	bltu	a5,a2,16cb8 <__ascii_wctomb+0x12>
   16cb0:	00c58023          	sb	a2,0(a1)
   16cb4:	4505                	li	a0,1
   16cb6:	8082                	ret
   16cb8:	08a00793          	li	a5,138
   16cbc:	c11c                	sw	a5,0(a0)
   16cbe:	557d                	li	a0,-1
   16cc0:	8082                	ret
   16cc2:	4501                	li	a0,0
   16cc4:	8082                	ret

0000000000016cc6 <_fiprintf_r>:
   16cc6:	715d                	addi	sp,sp,-80
   16cc8:	02810313          	addi	t1,sp,40
   16ccc:	f436                	sd	a3,40(sp)
   16cce:	869a                	mv	a3,t1
   16cd0:	ec06                	sd	ra,24(sp)
   16cd2:	f83a                	sd	a4,48(sp)
   16cd4:	fc3e                	sd	a5,56(sp)
   16cd6:	e0c2                	sd	a6,64(sp)
   16cd8:	e4c6                	sd	a7,72(sp)
   16cda:	e41a                	sd	t1,8(sp)
   16cdc:	038000ef          	jal	16d14 <_vfiprintf_r>
   16ce0:	60e2                	ld	ra,24(sp)
   16ce2:	6161                	addi	sp,sp,80
   16ce4:	8082                	ret

0000000000016ce6 <fiprintf>:
   16ce6:	715d                	addi	sp,sp,-80
   16ce8:	8eaa                	mv	t4,a0
   16cea:	8781b503          	ld	a0,-1928(gp) # 1b630 <_impure_ptr>
   16cee:	8e2e                	mv	t3,a1
   16cf0:	02010313          	addi	t1,sp,32
   16cf4:	f032                	sd	a2,32(sp)
   16cf6:	f436                	sd	a3,40(sp)
   16cf8:	85f6                	mv	a1,t4
   16cfa:	8672                	mv	a2,t3
   16cfc:	869a                	mv	a3,t1
   16cfe:	ec06                	sd	ra,24(sp)
   16d00:	f83a                	sd	a4,48(sp)
   16d02:	fc3e                	sd	a5,56(sp)
   16d04:	e0c2                	sd	a6,64(sp)
   16d06:	e4c6                	sd	a7,72(sp)
   16d08:	e41a                	sd	t1,8(sp)
   16d0a:	00a000ef          	jal	16d14 <_vfiprintf_r>
   16d0e:	60e2                	ld	ra,24(sp)
   16d10:	6161                	addi	sp,sp,80
   16d12:	8082                	ret

0000000000016d14 <_vfiprintf_r>:
   16d14:	7145                	addi	sp,sp,-464
   16d16:	fb4a                	sd	s2,432(sp)
   16d18:	e362                	sd	s8,384(sp)
   16d1a:	f6ee                	sd	s11,360(sp)
   16d1c:	e786                	sd	ra,456(sp)
   16d1e:	e02a                	sd	a0,0(sp)
   16d20:	8db2                	mv	s11,a2
   16d22:	8c36                	mv	s8,a3
   16d24:	892e                	mv	s2,a1
   16d26:	c501                	beqz	a0,16d2e <_vfiprintf_r+0x1a>
   16d28:	653c                	ld	a5,72(a0)
   16d2a:	2e078be3          	beqz	a5,17820 <_vfiprintf_r+0xb0c>
   16d2e:	01091703          	lh	a4,16(s2)
   16d32:	0ac92783          	lw	a5,172(s2)
   16d36:	6609                	lui	a2,0x2
   16d38:	03271693          	slli	a3,a4,0x32
   16d3c:	0006ca63          	bltz	a3,16d50 <_vfiprintf_r+0x3c>
   16d40:	76f9                	lui	a3,0xffffe
   16d42:	16fd                	addi	a3,a3,-1 # ffffffffffffdfff <__BSS_END__+0xfffffffffffda3c7>
   16d44:	8f51                	or	a4,a4,a2
   16d46:	8ff5                	and	a5,a5,a3
   16d48:	00e91823          	sh	a4,16(s2)
   16d4c:	0af92623          	sw	a5,172(s2)
   16d50:	03279713          	slli	a4,a5,0x32
   16d54:	40074ee3          	bltz	a4,17970 <_vfiprintf_r+0xc5c>
   16d58:	01091783          	lh	a5,16(s2)
   16d5c:	0087f713          	andi	a4,a5,8
   16d60:	1c070763          	beqz	a4,16f2e <_vfiprintf_r+0x21a>
   16d64:	01893703          	ld	a4,24(s2)
   16d68:	1c070363          	beqz	a4,16f2e <_vfiprintf_r+0x21a>
   16d6c:	8be9                	andi	a5,a5,26
   16d6e:	4729                	li	a4,10
   16d70:	1ce78b63          	beq	a5,a4,16f46 <_vfiprintf_r+0x232>
   16d74:	6765                	lui	a4,0x19
   16d76:	ef56                	sd	s5,408(sp)
   16d78:	eb5a                	sd	s6,400(sp)
   16d7a:	0e010a93          	addi	s5,sp,224
   16d7e:	6b69                	lui	s6,0x1a
   16d80:	7c470713          	addi	a4,a4,1988 # 197c4 <_ctype_+0x104>
   16d84:	e3a2                	sd	s0,448(sp)
   16d86:	ff26                	sd	s1,440(sp)
   16d88:	f74e                	sd	s3,424(sp)
   16d8a:	f352                	sd	s4,416(sp)
   16d8c:	e75e                	sd	s7,392(sp)
   16d8e:	fee6                	sd	s9,376(sp)
   16d90:	faea                	sd	s10,368(sp)
   16d92:	f882                	sd	zero,112(sp)
   16d94:	d482                	sw	zero,104(sp)
   16d96:	f0d6                	sd	s5,96(sp)
   16d98:	87d6                	mv	a5,s5
   16d9a:	ec3a                	sd	a4,24(sp)
   16d9c:	930b0b13          	addi	s6,s6,-1744 # 19930 <zeroes.0>
   16da0:	f802                	sd	zero,48(sp)
   16da2:	e082                	sd	zero,64(sp)
   16da4:	fc02                	sd	zero,56(sp)
   16da6:	e402                	sd	zero,8(sp)
   16da8:	4441                	li	s0,16
   16daa:	000dc683          	lbu	a3,0(s11)
   16dae:	84ee                	mv	s1,s11
   16db0:	fdb68713          	addi	a4,a3,-37
   16db4:	0006861b          	sext.w	a2,a3
   16db8:	c721                	beqz	a4,16e00 <_vfiprintf_r+0xec>
   16dba:	c239                	beqz	a2,16e00 <_vfiprintf_r+0xec>
   16dbc:	89a6                	mv	s3,s1
   16dbe:	0014c683          	lbu	a3,1(s1)
   16dc2:	0485                	addi	s1,s1,1
   16dc4:	0006871b          	sext.w	a4,a3
   16dc8:	c681                	beqz	a3,16dd0 <_vfiprintf_r+0xbc>
   16dca:	fdb70713          	addi	a4,a4,-37
   16dce:	f77d                	bnez	a4,16dbc <_vfiprintf_r+0xa8>
   16dd0:	41b48bbb          	subw	s7,s1,s11
   16dd4:	020b8663          	beqz	s7,16e00 <_vfiprintf_r+0xec>
   16dd8:	76c6                	ld	a3,112(sp)
   16dda:	5726                	lw	a4,104(sp)
   16ddc:	01b7b023          	sd	s11,0(a5)
   16de0:	96de                	add	a3,a3,s7
   16de2:	2705                	addiw	a4,a4,1
   16de4:	0177b423          	sd	s7,8(a5)
   16de8:	f8b6                	sd	a3,112(sp)
   16dea:	d4ba                	sw	a4,104(sp)
   16dec:	469d                	li	a3,7
   16dee:	07c1                	addi	a5,a5,16
   16df0:	16e6ca63          	blt	a3,a4,16f64 <_vfiprintf_r+0x250>
   16df4:	6722                	ld	a4,8(sp)
   16df6:	0019c683          	lbu	a3,1(s3)
   16dfa:	0177073b          	addw	a4,a4,s7
   16dfe:	e43a                	sd	a4,8(sp)
   16e00:	16068a63          	beqz	a3,16f74 <_vfiprintf_r+0x260>
   16e04:	0014c703          	lbu	a4,1(s1)
   16e08:	00148d93          	addi	s11,s1,1
   16e0c:	04010ba3          	sb	zero,87(sp)
   16e10:	587d                	li	a6,-1
   16e12:	4481                	li	s1,0
   16e14:	4a01                	li	s4,0
   16e16:	05a00993          	li	s3,90
   16e1a:	0d85                	addi	s11,s11,1
   16e1c:	2701                	sext.w	a4,a4
   16e1e:	fe07069b          	addiw	a3,a4,-32
   16e22:	04d9e263          	bltu	s3,a3,16e66 <_vfiprintf_r+0x152>
   16e26:	02069613          	slli	a2,a3,0x20
   16e2a:	01e65693          	srli	a3,a2,0x1e
   16e2e:	6662                	ld	a2,24(sp)
   16e30:	96b2                	add	a3,a3,a2
   16e32:	4294                	lw	a3,0(a3)
   16e34:	8682                	jr	a3
   16e36:	4481                	li	s1,0
   16e38:	4525                	li	a0,9
   16e3a:	000dc603          	lbu	a2,0(s11)
   16e3e:	0024969b          	slliw	a3,s1,0x2
   16e42:	9ea5                	addw	a3,a3,s1
   16e44:	fd07071b          	addiw	a4,a4,-48
   16e48:	0016969b          	slliw	a3,a3,0x1
   16e4c:	fd06059b          	addiw	a1,a2,-48 # 1fd0 <exit-0xe150>
   16e50:	0d85                	addi	s11,s11,1
   16e52:	00d704bb          	addw	s1,a4,a3
   16e56:	0006071b          	sext.w	a4,a2
   16e5a:	feb570e3          	bgeu	a0,a1,16e3a <_vfiprintf_r+0x126>
   16e5e:	fe07069b          	addiw	a3,a4,-32
   16e62:	fcd9f2e3          	bgeu	s3,a3,16e26 <_vfiprintf_r+0x112>
   16e66:	10070763          	beqz	a4,16f74 <_vfiprintf_r+0x260>
   16e6a:	4b85                	li	s7,1
   16e6c:	06e10c23          	sb	a4,120(sp)
   16e70:	04010ba3          	sb	zero,87(sp)
   16e74:	89de                	mv	s3,s7
   16e76:	4801                	li	a6,0
   16e78:	07810c93          	addi	s9,sp,120
   16e7c:	75c6                	ld	a1,112(sp)
   16e7e:	5626                	lw	a2,104(sp)
   16e80:	084a7f13          	andi	t5,s4,132
   16e84:	86ae                	mv	a3,a1
   16e86:	8732                	mv	a4,a2
   16e88:	040f1663          	bnez	t5,16ed4 <_vfiprintf_r+0x1c0>
   16e8c:	41348d3b          	subw	s10,s1,s3
   16e90:	75a04863          	bgtz	s10,175e0 <_vfiprintf_r+0x8cc>
   16e94:	05714603          	lbu	a2,87(sp)
   16e98:	c231                	beqz	a2,16edc <_vfiprintf_r+0x1c8>
   16e9a:	4f01                	li	t5,0
   16e9c:	f402                	sd	zero,40(sp)
   16e9e:	05710613          	addi	a2,sp,87
   16ea2:	e390                	sd	a2,0(a5)
   16ea4:	0685                	addi	a3,a3,1
   16ea6:	4605                	li	a2,1
   16ea8:	2705                	addiw	a4,a4,1
   16eaa:	e790                	sd	a2,8(a5)
   16eac:	f8b6                	sd	a3,112(sp)
   16eae:	d4ba                	sw	a4,104(sp)
   16eb0:	461d                	li	a2,7
   16eb2:	07c1                	addi	a5,a5,16
   16eb4:	64e64f63          	blt	a2,a4,17512 <_vfiprintf_r+0x7fe>
   16eb8:	7622                	ld	a2,40(sp)
   16eba:	ce09                	beqz	a2,16ed4 <_vfiprintf_r+0x1c0>
   16ebc:	08b0                	addi	a2,sp,88
   16ebe:	e390                	sd	a2,0(a5)
   16ec0:	0689                	addi	a3,a3,2
   16ec2:	4609                	li	a2,2
   16ec4:	2705                	addiw	a4,a4,1
   16ec6:	e790                	sd	a2,8(a5)
   16ec8:	f8b6                	sd	a3,112(sp)
   16eca:	d4ba                	sw	a4,104(sp)
   16ecc:	461d                	li	a2,7
   16ece:	07c1                	addi	a5,a5,16
   16ed0:	62e64263          	blt	a2,a4,174f4 <_vfiprintf_r+0x7e0>
   16ed4:	08000613          	li	a2,128
   16ed8:	4ecf0d63          	beq	t5,a2,173d2 <_vfiprintf_r+0x6be>
   16edc:	41780d3b          	subw	s10,a6,s7
   16ee0:	59a04163          	bgtz	s10,17462 <_vfiprintf_r+0x74e>
   16ee4:	96de                	add	a3,a3,s7
   16ee6:	2705                	addiw	a4,a4,1
   16ee8:	0197b023          	sd	s9,0(a5)
   16eec:	0177b423          	sd	s7,8(a5)
   16ef0:	f8b6                	sd	a3,112(sp)
   16ef2:	d4ba                	sw	a4,104(sp)
   16ef4:	461d                	li	a2,7
   16ef6:	07c1                	addi	a5,a5,16
   16ef8:	5ce64c63          	blt	a2,a4,174d0 <_vfiprintf_r+0x7bc>
   16efc:	004a7313          	andi	t1,s4,4
   16f00:	00030663          	beqz	t1,16f0c <_vfiprintf_r+0x1f8>
   16f04:	41348bbb          	subw	s7,s1,s3
   16f08:	63704463          	bgtz	s7,17530 <_vfiprintf_r+0x81c>
   16f0c:	87a6                	mv	a5,s1
   16f0e:	0134d363          	bge	s1,s3,16f14 <_vfiprintf_r+0x200>
   16f12:	87ce                	mv	a5,s3
   16f14:	6722                	ld	a4,8(sp)
   16f16:	9fb9                	addw	a5,a5,a4
   16f18:	e43e                	sd	a5,8(sp)
   16f1a:	5c069563          	bnez	a3,174e4 <_vfiprintf_r+0x7d0>
   16f1e:	d482                	sw	zero,104(sp)
   16f20:	87d6                	mv	a5,s5
   16f22:	b561                	j	16daa <_vfiprintf_r+0x96>
   16f24:	000dc703          	lbu	a4,0(s11)
   16f28:	010a6a13          	ori	s4,s4,16
   16f2c:	b5fd                	j	16e1a <_vfiprintf_r+0x106>
   16f2e:	6502                	ld	a0,0(sp)
   16f30:	85ca                	mv	a1,s2
   16f32:	b3dfc0ef          	jal	13a6e <__swsetup_r>
   16f36:	22051de3          	bnez	a0,17970 <_vfiprintf_r+0xc5c>
   16f3a:	01091783          	lh	a5,16(s2)
   16f3e:	4729                	li	a4,10
   16f40:	8be9                	andi	a5,a5,26
   16f42:	e2e799e3          	bne	a5,a4,16d74 <_vfiprintf_r+0x60>
   16f46:	01291783          	lh	a5,18(s2)
   16f4a:	e207c5e3          	bltz	a5,16d74 <_vfiprintf_r+0x60>
   16f4e:	6502                	ld	a0,0(sp)
   16f50:	60be                	ld	ra,456(sp)
   16f52:	86e2                	mv	a3,s8
   16f54:	866e                	mv	a2,s11
   16f56:	6c1a                	ld	s8,384(sp)
   16f58:	7db6                	ld	s11,360(sp)
   16f5a:	85ca                	mv	a1,s2
   16f5c:	795a                	ld	s2,432(sp)
   16f5e:	6179                	addi	sp,sp,464
   16f60:	2690006f          	j	179c8 <__sbprintf>
   16f64:	6502                	ld	a0,0(sp)
   16f66:	1090                	addi	a2,sp,96
   16f68:	85ca                	mv	a1,s2
   16f6a:	caafc0ef          	jal	13414 <__sprint_r>
   16f6e:	e511                	bnez	a0,16f7a <_vfiprintf_r+0x266>
   16f70:	87d6                	mv	a5,s5
   16f72:	b549                	j	16df4 <_vfiprintf_r+0xe0>
   16f74:	77c6                	ld	a5,112(sp)
   16f76:	16079ae3          	bnez	a5,178ea <_vfiprintf_r+0xbd6>
   16f7a:	01095783          	lhu	a5,16(s2)
   16f7e:	641e                	ld	s0,448(sp)
   16f80:	74fa                	ld	s1,440(sp)
   16f82:	0407f793          	andi	a5,a5,64
   16f86:	79ba                	ld	s3,424(sp)
   16f88:	7a1a                	ld	s4,416(sp)
   16f8a:	6afa                	ld	s5,408(sp)
   16f8c:	6b5a                	ld	s6,400(sp)
   16f8e:	6bba                	ld	s7,392(sp)
   16f90:	7cf6                	ld	s9,376(sp)
   16f92:	7d56                	ld	s10,368(sp)
   16f94:	1c079ee3          	bnez	a5,17970 <_vfiprintf_r+0xc5c>
   16f98:	60be                	ld	ra,456(sp)
   16f9a:	6522                	ld	a0,8(sp)
   16f9c:	795a                	ld	s2,432(sp)
   16f9e:	6c1a                	ld	s8,384(sp)
   16fa0:	7db6                	ld	s11,360(sp)
   16fa2:	6179                	addi	sp,sp,464
   16fa4:	8082                	ret
   16fa6:	020a7693          	andi	a3,s4,32
   16faa:	008c0713          	addi	a4,s8,8
   16fae:	eae1                	bnez	a3,1707e <_vfiprintf_r+0x36a>
   16fb0:	010a7693          	andi	a3,s4,16
   16fb4:	1e069ee3          	bnez	a3,179b0 <_vfiprintf_r+0xc9c>
   16fb8:	040a7693          	andi	a3,s4,64
   16fbc:	000c2d03          	lw	s10,0(s8)
   16fc0:	0a0681e3          	beqz	a3,17862 <_vfiprintf_r+0xb4e>
   16fc4:	010d1d1b          	slliw	s10,s10,0x10
   16fc8:	410d5d1b          	sraiw	s10,s10,0x10
   16fcc:	8c3a                	mv	s8,a4
   16fce:	86ea                	mv	a3,s10
   16fd0:	0a06cd63          	bltz	a3,1708a <_vfiprintf_r+0x376>
   16fd4:	0c084563          	bltz	a6,1709e <_vfiprintf_r+0x38a>
   16fd8:	f7fa7a13          	andi	s4,s4,-129
   16fdc:	0c081163          	bnez	a6,1709e <_vfiprintf_r+0x38a>
   16fe0:	0a0d1f63          	bnez	s10,1709e <_vfiprintf_r+0x38a>
   16fe4:	05714703          	lbu	a4,87(sp)
   16fe8:	4b81                	li	s7,0
   16fea:	4801                	li	a6,0
   16fec:	0dc10c93          	addi	s9,sp,220
   16ff0:	26070f63          	beqz	a4,1726e <_vfiprintf_r+0x55a>
   16ff4:	4985                	li	s3,1
   16ff6:	76c6                	ld	a3,112(sp)
   16ff8:	5726                	lw	a4,104(sp)
   16ffa:	084a7f13          	andi	t5,s4,132
   16ffe:	85b6                	mv	a1,a3
   17000:	863a                	mv	a2,a4
   17002:	e80f05e3          	beqz	t5,16e8c <_vfiprintf_r+0x178>
   17006:	f402                	sd	zero,40(sp)
   17008:	bd59                	j	16e9e <_vfiprintf_r+0x18a>
   1700a:	000c3c83          	ld	s9,0(s8)
   1700e:	04010ba3          	sb	zero,87(sp)
   17012:	0c21                	addi	s8,s8,8
   17014:	020c88e3          	beqz	s9,17844 <_vfiprintf_r+0xb30>
   17018:	76084563          	bltz	a6,17782 <_vfiprintf_r+0xa6e>
   1701c:	8642                	mv	a2,a6
   1701e:	4581                	li	a1,0
   17020:	8566                	mv	a0,s9
   17022:	f03e                	sd	a5,32(sp)
   17024:	e842                	sd	a6,16(sp)
   17026:	b39fc0ef          	jal	13b5e <memchr>
   1702a:	05714703          	lbu	a4,87(sp)
   1702e:	6842                	ld	a6,16(sp)
   17030:	7782                	ld	a5,32(sp)
   17032:	120507e3          	beqz	a0,17960 <_vfiprintf_r+0xc4c>
   17036:	41950bbb          	subw	s7,a0,s9
   1703a:	86de                	mv	a3,s7
   1703c:	000bd363          	bgez	s7,17042 <_vfiprintf_r+0x32e>
   17040:	4681                	li	a3,0
   17042:	0006899b          	sext.w	s3,a3
   17046:	76070463          	beqz	a4,177ae <_vfiprintf_r+0xa9a>
   1704a:	0016899b          	addiw	s3,a3,1
   1704e:	4801                	li	a6,0
   17050:	b75d                	j	16ff6 <_vfiprintf_r+0x2e2>
   17052:	000c2703          	lw	a4,0(s8)
   17056:	4b85                	li	s7,1
   17058:	04010ba3          	sb	zero,87(sp)
   1705c:	06e10c23          	sb	a4,120(sp)
   17060:	0c21                	addi	s8,s8,8
   17062:	89de                	mv	s3,s7
   17064:	4801                	li	a6,0
   17066:	07810c93          	addi	s9,sp,120
   1706a:	bd09                	j	16e7c <_vfiprintf_r+0x168>
   1706c:	020a7713          	andi	a4,s4,32
   17070:	010a6313          	ori	t1,s4,16
   17074:	62070863          	beqz	a4,176a4 <_vfiprintf_r+0x990>
   17078:	8a1a                	mv	s4,t1
   1707a:	008c0713          	addi	a4,s8,8
   1707e:	000c3683          	ld	a3,0(s8)
   17082:	8c3a                	mv	s8,a4
   17084:	8d36                	mv	s10,a3
   17086:	f406d7e3          	bgez	a3,16fd4 <_vfiprintf_r+0x2c0>
   1708a:	02d00713          	li	a4,45
   1708e:	04e10ba3          	sb	a4,87(sp)
   17092:	41a00d33          	neg	s10,s10
   17096:	00084463          	bltz	a6,1709e <_vfiprintf_r+0x38a>
   1709a:	f7fa7a13          	andi	s4,s4,-129
   1709e:	46a5                	li	a3,9
   170a0:	1fa6e763          	bltu	a3,s10,1728e <_vfiprintf_r+0x57a>
   170a4:	030d0d1b          	addiw	s10,s10,48
   170a8:	0da10da3          	sb	s10,219(sp)
   170ac:	8742                	mv	a4,a6
   170ae:	01004363          	bgtz	a6,170b4 <_vfiprintf_r+0x3a0>
   170b2:	4705                	li	a4,1
   170b4:	05714683          	lbu	a3,87(sp)
   170b8:	0007099b          	sext.w	s3,a4
   170bc:	5a069d63          	bnez	a3,17676 <_vfiprintf_r+0x962>
   170c0:	4b85                	li	s7,1
   170c2:	0db10c93          	addi	s9,sp,219
   170c6:	bb5d                	j	16e7c <_vfiprintf_r+0x168>
   170c8:	000c2483          	lw	s1,0(s8)
   170cc:	5804da63          	bgez	s1,17660 <_vfiprintf_r+0x94c>
   170d0:	409004bb          	negw	s1,s1
   170d4:	0c21                	addi	s8,s8,8
   170d6:	000dc703          	lbu	a4,0(s11)
   170da:	004a6a13          	ori	s4,s4,4
   170de:	bb35                	j	16e1a <_vfiprintf_r+0x106>
   170e0:	02b00713          	li	a4,43
   170e4:	04e10ba3          	sb	a4,87(sp)
   170e8:	000dc703          	lbu	a4,0(s11)
   170ec:	b33d                	j	16e1a <_vfiprintf_r+0x106>
   170ee:	020a7713          	andi	a4,s4,32
   170f2:	18071063          	bnez	a4,17272 <_vfiprintf_r+0x55e>
   170f6:	010a7993          	andi	s3,s4,16
   170fa:	008c0713          	addi	a4,s8,8
   170fe:	0a099be3          	bnez	s3,179b4 <_vfiprintf_r+0xca0>
   17102:	040a7693          	andi	a3,s4,64
   17106:	000c2d03          	lw	s10,0(s8)
   1710a:	6a068563          	beqz	a3,177b4 <_vfiprintf_r+0xaa0>
   1710e:	1d42                	slli	s10,s10,0x30
   17110:	04010ba3          	sb	zero,87(sp)
   17114:	030d5d13          	srli	s10,s10,0x30
   17118:	6a084863          	bltz	a6,177c8 <_vfiprintf_r+0xab4>
   1711c:	f7fa7a13          	andi	s4,s4,-129
   17120:	6a081463          	bnez	a6,177c8 <_vfiprintf_r+0xab4>
   17124:	6a0d1263          	bnez	s10,177c8 <_vfiprintf_r+0xab4>
   17128:	8c3a                	mv	s8,a4
   1712a:	4b81                	li	s7,0
   1712c:	0dc10c93          	addi	s9,sp,220
   17130:	b3b1                	j	16e7c <_vfiprintf_r+0x168>
   17132:	000dc703          	lbu	a4,0(s11)
   17136:	020a6a13          	ori	s4,s4,32
   1713a:	b1c5                	j	16e1a <_vfiprintf_r+0x106>
   1713c:	6721                	lui	a4,0x8
   1713e:	83070713          	addi	a4,a4,-2000 # 7830 <exit-0x88f0>
   17142:	04e11c23          	sh	a4,88(sp)
   17146:	04010ba3          	sb	zero,87(sp)
   1714a:	000c3683          	ld	a3,0(s8)
   1714e:	008c0713          	addi	a4,s8,8
   17152:	56084363          	bltz	a6,176b8 <_vfiprintf_r+0x9a4>
   17156:	f7fa7313          	andi	t1,s4,-129
   1715a:	00236a13          	ori	s4,t1,2
   1715e:	040693e3          	bnez	a3,179a4 <_vfiprintf_r+0xc90>
   17162:	040811e3          	bnez	a6,179a4 <_vfiprintf_r+0xc90>
   17166:	8c3a                	mv	s8,a4
   17168:	4b81                	li	s7,0
   1716a:	4981                	li	s3,0
   1716c:	0dc10c93          	addi	s9,sp,220
   17170:	75c6                	ld	a1,112(sp)
   17172:	5626                	lw	a2,104(sp)
   17174:	084a7f13          	andi	t5,s4,132
   17178:	2989                	addiw	s3,s3,2
   1717a:	86ae                	mv	a3,a1
   1717c:	8732                	mv	a4,a2
   1717e:	d20f1fe3          	bnez	t5,16ebc <_vfiprintf_r+0x1a8>
   17182:	41348d3b          	subw	s10,s1,s3
   17186:	d3a05be3          	blez	s10,16ebc <_vfiprintf_r+0x1a8>
   1718a:	4709                	li	a4,2
   1718c:	f43a                	sd	a4,40(sp)
   1718e:	a991                	j	175e2 <_vfiprintf_r+0x8ce>
   17190:	020a7693          	andi	a3,s4,32
   17194:	008c0713          	addi	a4,s8,8
   17198:	50069e63          	bnez	a3,176b4 <_vfiprintf_r+0x9a0>
   1719c:	010a7693          	andi	a3,s4,16
   171a0:	50069a63          	bnez	a3,176b4 <_vfiprintf_r+0x9a0>
   171a4:	040a7613          	andi	a2,s4,64
   171a8:	000c2683          	lw	a3,0(s8)
   171ac:	6c060663          	beqz	a2,17878 <_vfiprintf_r+0xb64>
   171b0:	16c2                	slli	a3,a3,0x30
   171b2:	92c1                	srli	a3,a3,0x30
   171b4:	8c3a                	mv	s8,a4
   171b6:	89d2                	mv	s3,s4
   171b8:	a889                	j	1720a <_vfiprintf_r+0x4f6>
   171ba:	020a7713          	andi	a4,s4,32
   171be:	000c3683          	ld	a3,0(s8)
   171c2:	0c21                	addi	s8,s8,8
   171c4:	e305                	bnez	a4,171e4 <_vfiprintf_r+0x4d0>
   171c6:	010a7713          	andi	a4,s4,16
   171ca:	ef09                	bnez	a4,171e4 <_vfiprintf_r+0x4d0>
   171cc:	040a7713          	andi	a4,s4,64
   171d0:	6e071463          	bnez	a4,178b8 <_vfiprintf_r+0xba4>
   171d4:	200a7313          	andi	t1,s4,512
   171d8:	6722                	ld	a4,8(sp)
   171da:	7a030363          	beqz	t1,17980 <_vfiprintf_r+0xc6c>
   171de:	00e68023          	sb	a4,0(a3)
   171e2:	b6e1                	j	16daa <_vfiprintf_r+0x96>
   171e4:	6722                	ld	a4,8(sp)
   171e6:	e298                	sd	a4,0(a3)
   171e8:	b6c9                	j	16daa <_vfiprintf_r+0x96>
   171ea:	000dc703          	lbu	a4,0(s11)
   171ee:	06c00693          	li	a3,108
   171f2:	62d70b63          	beq	a4,a3,17828 <_vfiprintf_r+0xb14>
   171f6:	010a6a13          	ori	s4,s4,16
   171fa:	b105                	j	16e1a <_vfiprintf_r+0x106>
   171fc:	010a6993          	ori	s3,s4,16
   17200:	008c0713          	addi	a4,s8,8
   17204:	000c3683          	ld	a3,0(s8)
   17208:	8c3a                	mv	s8,a4
   1720a:	04010ba3          	sb	zero,87(sp)
   1720e:	bff9fa13          	andi	s4,s3,-1025
   17212:	38084963          	bltz	a6,175a4 <_vfiprintf_r+0x890>
   17216:	b7f9fa13          	andi	s4,s3,-1153
   1721a:	38069563          	bnez	a3,175a4 <_vfiprintf_r+0x890>
   1721e:	38081363          	bnez	a6,175a4 <_vfiprintf_r+0x890>
   17222:	0019f993          	andi	s3,s3,1
   17226:	44098263          	beqz	s3,1766a <_vfiprintf_r+0x956>
   1722a:	03000713          	li	a4,48
   1722e:	0ce10da3          	sb	a4,219(sp)
   17232:	8bce                	mv	s7,s3
   17234:	0db10c93          	addi	s9,sp,219
   17238:	b191                	j	16e7c <_vfiprintf_r+0x168>
   1723a:	020a7713          	andi	a4,s4,32
   1723e:	010a6313          	ori	t1,s4,16
   17242:	eb0d                	bnez	a4,17274 <_vfiprintf_r+0x560>
   17244:	008c0713          	addi	a4,s8,8
   17248:	04010ba3          	sb	zero,87(sp)
   1724c:	000c3d03          	ld	s10,0(s8)
   17250:	86ba                	mv	a3,a4
   17252:	8c3a                	mv	s8,a4
   17254:	8a1a                	mv	s4,t1
   17256:	e40844e3          	bltz	a6,1709e <_vfiprintf_r+0x38a>
   1725a:	f7f37a13          	andi	s4,t1,-129
   1725e:	8c36                	mv	s8,a3
   17260:	e20d1fe3          	bnez	s10,1709e <_vfiprintf_r+0x38a>
   17264:	e2081de3          	bnez	a6,1709e <_vfiprintf_r+0x38a>
   17268:	4b81                	li	s7,0
   1726a:	0dc10c93          	addi	s9,sp,220
   1726e:	4981                	li	s3,0
   17270:	b131                	j	16e7c <_vfiprintf_r+0x168>
   17272:	8352                	mv	t1,s4
   17274:	008c0693          	addi	a3,s8,8
   17278:	04010ba3          	sb	zero,87(sp)
   1727c:	000c3d03          	ld	s10,0(s8)
   17280:	8a1a                	mv	s4,t1
   17282:	8c36                	mv	s8,a3
   17284:	fc085be3          	bgez	a6,1725a <_vfiprintf_r+0x546>
   17288:	46a5                	li	a3,9
   1728a:	e1a6fde3          	bgeu	a3,s10,170a4 <_vfiprintf_r+0x390>
   1728e:	ccccd737          	lui	a4,0xccccd
   17292:	ccd70713          	addi	a4,a4,-819 # ffffffffcccccccd <__BSS_END__+0xffffffffccca9095>
   17296:	02071993          	slli	s3,a4,0x20
   1729a:	0dc10b93          	addi	s7,sp,220
   1729e:	99ba                	add	s3,s3,a4
   172a0:	865e                	mv	a2,s7
   172a2:	400a7e93          	andi	t4,s4,1024
   172a6:	4581                	li	a1,0
   172a8:	a809                	j	172ba <_vfiprintf_r+0x5a6>
   172aa:	876a                	mv	a4,s10
   172ac:	033d3d33          	mulhu	s10,s10,s3
   172b0:	8666                	mv	a2,s9
   172b2:	003d5d13          	srli	s10,s10,0x3
   172b6:	02e6fe63          	bgeu	a3,a4,172f2 <_vfiprintf_r+0x5de>
   172ba:	033d3533          	mulhu	a0,s10,s3
   172be:	2585                	addiw	a1,a1,1
   172c0:	fff60c93          	addi	s9,a2,-1
   172c4:	810d                	srli	a0,a0,0x3
   172c6:	00251713          	slli	a4,a0,0x2
   172ca:	972a                	add	a4,a4,a0
   172cc:	0706                	slli	a4,a4,0x1
   172ce:	40ed0733          	sub	a4,s10,a4
   172d2:	0307071b          	addiw	a4,a4,48
   172d6:	fee60fa3          	sb	a4,-1(a2)
   172da:	fc0e88e3          	beqz	t4,172aa <_vfiprintf_r+0x596>
   172de:	7742                	ld	a4,48(sp)
   172e0:	00074703          	lbu	a4,0(a4)
   172e4:	fcb713e3          	bne	a4,a1,172aa <_vfiprintf_r+0x596>
   172e8:	f0170713          	addi	a4,a4,-255
   172ec:	df5d                	beqz	a4,172aa <_vfiprintf_r+0x596>
   172ee:	61a6e563          	bltu	a3,s10,178f8 <_vfiprintf_r+0xbe4>
   172f2:	419b8bbb          	subw	s7,s7,s9
   172f6:	05714703          	lbu	a4,87(sp)
   172fa:	0008099b          	sext.w	s3,a6
   172fe:	01785463          	bge	a6,s7,17306 <_vfiprintf_r+0x5f2>
   17302:	000b899b          	sext.w	s3,s7
   17306:	44070463          	beqz	a4,1774e <_vfiprintf_r+0xa3a>
   1730a:	2985                	addiw	s3,s3,1
   1730c:	a189                	j	1774e <_vfiprintf_r+0xa3a>
   1730e:	6b82                	ld	s7,0(sp)
   17310:	f042                	sd	a6,32(sp)
   17312:	e83e                	sd	a5,16(sp)
   17314:	855e                	mv	a0,s7
   17316:	965fc0ef          	jal	13c7a <_localeconv_r>
   1731a:	651c                	ld	a5,8(a0)
   1731c:	853e                	mv	a0,a5
   1731e:	fc3e                	sd	a5,56(sp)
   17320:	b9ffc0ef          	jal	13ebe <strlen>
   17324:	872a                	mv	a4,a0
   17326:	855e                	mv	a0,s7
   17328:	e0ba                	sd	a4,64(sp)
   1732a:	8bba                	mv	s7,a4
   1732c:	94ffc0ef          	jal	13c7a <_localeconv_r>
   17330:	6914                	ld	a3,16(a0)
   17332:	000dc703          	lbu	a4,0(s11)
   17336:	67c2                	ld	a5,16(sp)
   17338:	f836                	sd	a3,48(sp)
   1733a:	7802                	ld	a6,32(sp)
   1733c:	ac0b8fe3          	beqz	s7,16e1a <_vfiprintf_r+0x106>
   17340:	ac068de3          	beqz	a3,16e1a <_vfiprintf_r+0x106>
   17344:	0006c683          	lbu	a3,0(a3)
   17348:	ac0689e3          	beqz	a3,16e1a <_vfiprintf_r+0x106>
   1734c:	400a6a13          	ori	s4,s4,1024
   17350:	b4e9                	j	16e1a <_vfiprintf_r+0x106>
   17352:	000dc703          	lbu	a4,0(s11)
   17356:	080a6a13          	ori	s4,s4,128
   1735a:	b4c1                	j	16e1a <_vfiprintf_r+0x106>
   1735c:	000dc703          	lbu	a4,0(s11)
   17360:	02a00693          	li	a3,42
   17364:	001d8513          	addi	a0,s11,1
   17368:	60d70f63          	beq	a4,a3,17986 <_vfiprintf_r+0xc72>
   1736c:	fd07061b          	addiw	a2,a4,-48
   17370:	4825                	li	a6,9
   17372:	4581                	li	a1,0
   17374:	60c86263          	bltu	a6,a2,17978 <_vfiprintf_r+0xc64>
   17378:	0025969b          	slliw	a3,a1,0x2
   1737c:	00054703          	lbu	a4,0(a0)
   17380:	9ead                	addw	a3,a3,a1
   17382:	0016969b          	slliw	a3,a3,0x1
   17386:	00c685bb          	addw	a1,a3,a2
   1738a:	fd07061b          	addiw	a2,a4,-48
   1738e:	0505                	addi	a0,a0,1
   17390:	fec874e3          	bgeu	a6,a2,17378 <_vfiprintf_r+0x664>
   17394:	0005881b          	sext.w	a6,a1
   17398:	3405cf63          	bltz	a1,176f6 <_vfiprintf_r+0x9e2>
   1739c:	8daa                	mv	s11,a0
   1739e:	b441                	j	16e1e <_vfiprintf_r+0x10a>
   173a0:	000dc703          	lbu	a4,0(s11)
   173a4:	001a6a13          	ori	s4,s4,1
   173a8:	bc8d                	j	16e1a <_vfiprintf_r+0x106>
   173aa:	05714683          	lbu	a3,87(sp)
   173ae:	000dc703          	lbu	a4,0(s11)
   173b2:	a60694e3          	bnez	a3,16e1a <_vfiprintf_r+0x106>
   173b6:	02000693          	li	a3,32
   173ba:	04d10ba3          	sb	a3,87(sp)
   173be:	bcb1                	j	16e1a <_vfiprintf_r+0x106>
   173c0:	000dc703          	lbu	a4,0(s11)
   173c4:	06800693          	li	a3,104
   173c8:	46d70763          	beq	a4,a3,17836 <_vfiprintf_r+0xb22>
   173cc:	040a6a13          	ori	s4,s4,64
   173d0:	b4a9                	j	16e1a <_vfiprintf_r+0x106>
   173d2:	41348d3b          	subw	s10,s1,s3
   173d6:	b1a053e3          	blez	s10,16edc <_vfiprintf_r+0x1c8>
   173da:	6669                	lui	a2,0x1a
   173dc:	93060613          	addi	a2,a2,-1744 # 19930 <zeroes.0>
   173e0:	4f41                	li	t5,16
   173e2:	e832                	sd	a2,16(sp)
   173e4:	4f9d                	li	t6,7
   173e6:	01af4663          	blt	t5,s10,173f2 <_vfiprintf_r+0x6de>
   173ea:	a081                	j	1742a <_vfiprintf_r+0x716>
   173ec:	3d41                	addiw	s10,s10,-16
   173ee:	03af5e63          	bge	t5,s10,1742a <_vfiprintf_r+0x716>
   173f2:	6642                	ld	a2,16(sp)
   173f4:	06c1                	addi	a3,a3,16
   173f6:	2705                	addiw	a4,a4,1
   173f8:	e390                	sd	a2,0(a5)
   173fa:	01e7b423          	sd	t5,8(a5)
   173fe:	f8b6                	sd	a3,112(sp)
   17400:	d4ba                	sw	a4,104(sp)
   17402:	07c1                	addi	a5,a5,16
   17404:	feefd4e3          	bge	t6,a4,173ec <_vfiprintf_r+0x6d8>
   17408:	6502                	ld	a0,0(sp)
   1740a:	1090                	addi	a2,sp,96
   1740c:	85ca                	mv	a1,s2
   1740e:	f042                	sd	a6,32(sp)
   17410:	804fc0ef          	jal	13414 <__sprint_r>
   17414:	b60513e3          	bnez	a0,16f7a <_vfiprintf_r+0x266>
   17418:	4f41                	li	t5,16
   1741a:	3d41                	addiw	s10,s10,-16
   1741c:	76c6                	ld	a3,112(sp)
   1741e:	5726                	lw	a4,104(sp)
   17420:	7802                	ld	a6,32(sp)
   17422:	87d6                	mv	a5,s5
   17424:	4f9d                	li	t6,7
   17426:	fdaf46e3          	blt	t5,s10,173f2 <_vfiprintf_r+0x6de>
   1742a:	6642                	ld	a2,16(sp)
   1742c:	96ea                	add	a3,a3,s10
   1742e:	2705                	addiw	a4,a4,1
   17430:	e390                	sd	a2,0(a5)
   17432:	01a7b423          	sd	s10,8(a5)
   17436:	f8b6                	sd	a3,112(sp)
   17438:	d4ba                	sw	a4,104(sp)
   1743a:	461d                	li	a2,7
   1743c:	07c1                	addi	a5,a5,16
   1743e:	a8e65fe3          	bge	a2,a4,16edc <_vfiprintf_r+0x1c8>
   17442:	6502                	ld	a0,0(sp)
   17444:	1090                	addi	a2,sp,96
   17446:	85ca                	mv	a1,s2
   17448:	e842                	sd	a6,16(sp)
   1744a:	fcbfb0ef          	jal	13414 <__sprint_r>
   1744e:	b20516e3          	bnez	a0,16f7a <_vfiprintf_r+0x266>
   17452:	6842                	ld	a6,16(sp)
   17454:	76c6                	ld	a3,112(sp)
   17456:	5726                	lw	a4,104(sp)
   17458:	41780d3b          	subw	s10,a6,s7
   1745c:	87d6                	mv	a5,s5
   1745e:	a9a053e3          	blez	s10,16ee4 <_vfiprintf_r+0x1d0>
   17462:	43a45963          	bge	s0,s10,17894 <_vfiprintf_r+0xb80>
   17466:	e85a                	sd	s6,16(sp)
   17468:	4e9d                	li	t4,7
   1746a:	a021                	j	17472 <_vfiprintf_r+0x75e>
   1746c:	3d41                	addiw	s10,s10,-16
   1746e:	03a45a63          	bge	s0,s10,174a2 <_vfiprintf_r+0x78e>
   17472:	06c1                	addi	a3,a3,16
   17474:	2705                	addiw	a4,a4,1
   17476:	0167b023          	sd	s6,0(a5)
   1747a:	e780                	sd	s0,8(a5)
   1747c:	f8b6                	sd	a3,112(sp)
   1747e:	d4ba                	sw	a4,104(sp)
   17480:	07c1                	addi	a5,a5,16
   17482:	feeed5e3          	bge	t4,a4,1746c <_vfiprintf_r+0x758>
   17486:	6502                	ld	a0,0(sp)
   17488:	1090                	addi	a2,sp,96
   1748a:	85ca                	mv	a1,s2
   1748c:	f89fb0ef          	jal	13414 <__sprint_r>
   17490:	ae0515e3          	bnez	a0,16f7a <_vfiprintf_r+0x266>
   17494:	3d41                	addiw	s10,s10,-16
   17496:	76c6                	ld	a3,112(sp)
   17498:	5726                	lw	a4,104(sp)
   1749a:	87d6                	mv	a5,s5
   1749c:	4e9d                	li	t4,7
   1749e:	fda44ae3          	blt	s0,s10,17472 <_vfiprintf_r+0x75e>
   174a2:	6642                	ld	a2,16(sp)
   174a4:	96ea                	add	a3,a3,s10
   174a6:	2705                	addiw	a4,a4,1
   174a8:	e390                	sd	a2,0(a5)
   174aa:	01a7b423          	sd	s10,8(a5)
   174ae:	f8b6                	sd	a3,112(sp)
   174b0:	d4ba                	sw	a4,104(sp)
   174b2:	461d                	li	a2,7
   174b4:	07c1                	addi	a5,a5,16
   174b6:	a2e657e3          	bge	a2,a4,16ee4 <_vfiprintf_r+0x1d0>
   174ba:	6502                	ld	a0,0(sp)
   174bc:	1090                	addi	a2,sp,96
   174be:	85ca                	mv	a1,s2
   174c0:	f55fb0ef          	jal	13414 <__sprint_r>
   174c4:	aa051be3          	bnez	a0,16f7a <_vfiprintf_r+0x266>
   174c8:	76c6                	ld	a3,112(sp)
   174ca:	5726                	lw	a4,104(sp)
   174cc:	87d6                	mv	a5,s5
   174ce:	bc19                	j	16ee4 <_vfiprintf_r+0x1d0>
   174d0:	6502                	ld	a0,0(sp)
   174d2:	1090                	addi	a2,sp,96
   174d4:	85ca                	mv	a1,s2
   174d6:	f3ffb0ef          	jal	13414 <__sprint_r>
   174da:	aa0510e3          	bnez	a0,16f7a <_vfiprintf_r+0x266>
   174de:	76c6                	ld	a3,112(sp)
   174e0:	87d6                	mv	a5,s5
   174e2:	bc29                	j	16efc <_vfiprintf_r+0x1e8>
   174e4:	6502                	ld	a0,0(sp)
   174e6:	1090                	addi	a2,sp,96
   174e8:	85ca                	mv	a1,s2
   174ea:	f2bfb0ef          	jal	13414 <__sprint_r>
   174ee:	a20508e3          	beqz	a0,16f1e <_vfiprintf_r+0x20a>
   174f2:	b461                	j	16f7a <_vfiprintf_r+0x266>
   174f4:	6502                	ld	a0,0(sp)
   174f6:	1090                	addi	a2,sp,96
   174f8:	85ca                	mv	a1,s2
   174fa:	f042                	sd	a6,32(sp)
   174fc:	e87a                	sd	t5,16(sp)
   174fe:	f17fb0ef          	jal	13414 <__sprint_r>
   17502:	a6051ce3          	bnez	a0,16f7a <_vfiprintf_r+0x266>
   17506:	76c6                	ld	a3,112(sp)
   17508:	5726                	lw	a4,104(sp)
   1750a:	7802                	ld	a6,32(sp)
   1750c:	6f42                	ld	t5,16(sp)
   1750e:	87d6                	mv	a5,s5
   17510:	b2d1                	j	16ed4 <_vfiprintf_r+0x1c0>
   17512:	6502                	ld	a0,0(sp)
   17514:	1090                	addi	a2,sp,96
   17516:	85ca                	mv	a1,s2
   17518:	f042                	sd	a6,32(sp)
   1751a:	e87a                	sd	t5,16(sp)
   1751c:	ef9fb0ef          	jal	13414 <__sprint_r>
   17520:	a4051de3          	bnez	a0,16f7a <_vfiprintf_r+0x266>
   17524:	76c6                	ld	a3,112(sp)
   17526:	5726                	lw	a4,104(sp)
   17528:	7802                	ld	a6,32(sp)
   1752a:	6f42                	ld	t5,16(sp)
   1752c:	87d6                	mv	a5,s5
   1752e:	b269                	j	16eb8 <_vfiprintf_r+0x1a4>
   17530:	6f69                	lui	t5,0x1a
   17532:	4d41                	li	s10,16
   17534:	5726                	lw	a4,104(sp)
   17536:	940f0f13          	addi	t5,t5,-1728 # 19940 <blanks.1>
   1753a:	4a1d                	li	s4,7
   1753c:	017d4663          	blt	s10,s7,17548 <_vfiprintf_r+0x834>
   17540:	a835                	j	1757c <_vfiprintf_r+0x868>
   17542:	3bc1                	addiw	s7,s7,-16
   17544:	037d5c63          	bge	s10,s7,1757c <_vfiprintf_r+0x868>
   17548:	06c1                	addi	a3,a3,16
   1754a:	2705                	addiw	a4,a4,1
   1754c:	01e7b023          	sd	t5,0(a5)
   17550:	01a7b423          	sd	s10,8(a5)
   17554:	f8b6                	sd	a3,112(sp)
   17556:	d4ba                	sw	a4,104(sp)
   17558:	07c1                	addi	a5,a5,16
   1755a:	feea54e3          	bge	s4,a4,17542 <_vfiprintf_r+0x82e>
   1755e:	6502                	ld	a0,0(sp)
   17560:	1090                	addi	a2,sp,96
   17562:	85ca                	mv	a1,s2
   17564:	e87a                	sd	t5,16(sp)
   17566:	eaffb0ef          	jal	13414 <__sprint_r>
   1756a:	a00518e3          	bnez	a0,16f7a <_vfiprintf_r+0x266>
   1756e:	3bc1                	addiw	s7,s7,-16
   17570:	76c6                	ld	a3,112(sp)
   17572:	5726                	lw	a4,104(sp)
   17574:	6f42                	ld	t5,16(sp)
   17576:	87d6                	mv	a5,s5
   17578:	fd7d48e3          	blt	s10,s7,17548 <_vfiprintf_r+0x834>
   1757c:	96de                	add	a3,a3,s7
   1757e:	2705                	addiw	a4,a4,1
   17580:	01e7b023          	sd	t5,0(a5)
   17584:	0177b423          	sd	s7,8(a5)
   17588:	f8b6                	sd	a3,112(sp)
   1758a:	d4ba                	sw	a4,104(sp)
   1758c:	479d                	li	a5,7
   1758e:	96e7dfe3          	bge	a5,a4,16f0c <_vfiprintf_r+0x1f8>
   17592:	6502                	ld	a0,0(sp)
   17594:	1090                	addi	a2,sp,96
   17596:	85ca                	mv	a1,s2
   17598:	e7dfb0ef          	jal	13414 <__sprint_r>
   1759c:	9c051fe3          	bnez	a0,16f7a <_vfiprintf_r+0x266>
   175a0:	76c6                	ld	a3,112(sp)
   175a2:	b2ad                	j	16f0c <_vfiprintf_r+0x1f8>
   175a4:	0dc10b93          	addi	s7,sp,220
   175a8:	8cde                	mv	s9,s7
   175aa:	0076f713          	andi	a4,a3,7
   175ae:	8666                	mv	a2,s9
   175b0:	03070713          	addi	a4,a4,48
   175b4:	828d                	srli	a3,a3,0x3
   175b6:	feec8fa3          	sb	a4,-1(s9)
   175ba:	1cfd                	addi	s9,s9,-1
   175bc:	f6fd                	bnez	a3,175aa <_vfiprintf_r+0x896>
   175be:	fd070713          	addi	a4,a4,-48
   175c2:	03000693          	li	a3,48
   175c6:	c701                	beqz	a4,175ce <_vfiprintf_r+0x8ba>
   175c8:	001a7713          	andi	a4,s4,1
   175cc:	ef55                	bnez	a4,17688 <_vfiprintf_r+0x974>
   175ce:	419b8bbb          	subw	s7,s7,s9
   175d2:	0008099b          	sext.w	s3,a6
   175d6:	8b7853e3          	bge	a6,s7,16e7c <_vfiprintf_r+0x168>
   175da:	000b899b          	sext.w	s3,s7
   175de:	b879                	j	16e7c <_vfiprintf_r+0x168>
   175e0:	f402                	sd	zero,40(sp)
   175e2:	6f69                	lui	t5,0x1a
   175e4:	4fc1                	li	t6,16
   175e6:	86ae                	mv	a3,a1
   175e8:	8732                	mv	a4,a2
   175ea:	940f0f13          	addi	t5,t5,-1728 # 19940 <blanks.1>
   175ee:	429d                	li	t0,7
   175f0:	01afc663          	blt	t6,s10,175fc <_vfiprintf_r+0x8e8>
   175f4:	a091                	j	17638 <_vfiprintf_r+0x924>
   175f6:	3d41                	addiw	s10,s10,-16
   175f8:	05afd063          	bge	t6,s10,17638 <_vfiprintf_r+0x924>
   175fc:	06c1                	addi	a3,a3,16
   175fe:	2705                	addiw	a4,a4,1
   17600:	01e7b023          	sd	t5,0(a5)
   17604:	01f7b423          	sd	t6,8(a5)
   17608:	f8b6                	sd	a3,112(sp)
   1760a:	d4ba                	sw	a4,104(sp)
   1760c:	07c1                	addi	a5,a5,16
   1760e:	fee2d4e3          	bge	t0,a4,175f6 <_vfiprintf_r+0x8e2>
   17612:	6502                	ld	a0,0(sp)
   17614:	1090                	addi	a2,sp,96
   17616:	85ca                	mv	a1,s2
   17618:	f07a                	sd	t5,32(sp)
   1761a:	e842                	sd	a6,16(sp)
   1761c:	df9fb0ef          	jal	13414 <__sprint_r>
   17620:	94051de3          	bnez	a0,16f7a <_vfiprintf_r+0x266>
   17624:	4fc1                	li	t6,16
   17626:	3d41                	addiw	s10,s10,-16
   17628:	76c6                	ld	a3,112(sp)
   1762a:	5726                	lw	a4,104(sp)
   1762c:	7f02                	ld	t5,32(sp)
   1762e:	6842                	ld	a6,16(sp)
   17630:	87d6                	mv	a5,s5
   17632:	429d                	li	t0,7
   17634:	fdafc4e3          	blt	t6,s10,175fc <_vfiprintf_r+0x8e8>
   17638:	96ea                	add	a3,a3,s10
   1763a:	2705                	addiw	a4,a4,1
   1763c:	f8b6                	sd	a3,112(sp)
   1763e:	d4ba                	sw	a4,104(sp)
   17640:	01e7b023          	sd	t5,0(a5)
   17644:	01a7b423          	sd	s10,8(a5)
   17648:	461d                	li	a2,7
   1764a:	18e64663          	blt	a2,a4,177d6 <_vfiprintf_r+0xac2>
   1764e:	05714603          	lbu	a2,87(sp)
   17652:	07c1                	addi	a5,a5,16
   17654:	e61d                	bnez	a2,17682 <_vfiprintf_r+0x96e>
   17656:	7622                	ld	a2,40(sp)
   17658:	880602e3          	beqz	a2,16edc <_vfiprintf_r+0x1c8>
   1765c:	4f01                	li	t5,0
   1765e:	b8b9                	j	16ebc <_vfiprintf_r+0x1a8>
   17660:	000dc703          	lbu	a4,0(s11)
   17664:	0c21                	addi	s8,s8,8
   17666:	fb4ff06f          	j	16e1a <_vfiprintf_r+0x106>
   1766a:	4b81                	li	s7,0
   1766c:	4801                	li	a6,0
   1766e:	0dc10c93          	addi	s9,sp,220
   17672:	80bff06f          	j	16e7c <_vfiprintf_r+0x168>
   17676:	0017099b          	addiw	s3,a4,1
   1767a:	4b85                	li	s7,1
   1767c:	0db10c93          	addi	s9,sp,219
   17680:	ba9d                	j	16ff6 <_vfiprintf_r+0x2e2>
   17682:	4f01                	li	t5,0
   17684:	81bff06f          	j	16e9e <_vfiprintf_r+0x18a>
   17688:	1679                	addi	a2,a2,-2
   1768a:	40cb8bbb          	subw	s7,s7,a2
   1768e:	fedc8fa3          	sb	a3,-1(s9)
   17692:	0008099b          	sext.w	s3,a6
   17696:	01785463          	bge	a6,s7,1769e <_vfiprintf_r+0x98a>
   1769a:	000b899b          	sext.w	s3,s7
   1769e:	8cb2                	mv	s9,a2
   176a0:	fdcff06f          	j	16e7c <_vfiprintf_r+0x168>
   176a4:	008c0713          	addi	a4,s8,8
   176a8:	000c3683          	ld	a3,0(s8)
   176ac:	8a1a                	mv	s4,t1
   176ae:	8c3a                	mv	s8,a4
   176b0:	8d36                	mv	s10,a3
   176b2:	ba39                	j	16fd0 <_vfiprintf_r+0x2bc>
   176b4:	89d2                	mv	s3,s4
   176b6:	b6b9                	j	17204 <_vfiprintf_r+0x4f0>
   176b8:	6665                	lui	a2,0x19
   176ba:	002a6a13          	ori	s4,s4,2
   176be:	8c3a                	mv	s8,a4
   176c0:	23860613          	addi	a2,a2,568 # 19238 <__clzdi2+0x5c>
   176c4:	4589                	li	a1,2
   176c6:	0dc10b93          	addi	s7,sp,220
   176ca:	8cde                	mv	s9,s7
   176cc:	00f6f713          	andi	a4,a3,15
   176d0:	9732                	add	a4,a4,a2
   176d2:	00074703          	lbu	a4,0(a4)
   176d6:	8291                	srli	a3,a3,0x4
   176d8:	1cfd                	addi	s9,s9,-1
   176da:	00ec8023          	sb	a4,0(s9)
   176de:	f6fd                	bnez	a3,176cc <_vfiprintf_r+0x9b8>
   176e0:	419b8bbb          	subw	s7,s7,s9
   176e4:	0008099b          	sext.w	s3,a6
   176e8:	01785463          	bge	a6,s7,176f0 <_vfiprintf_r+0x9dc>
   176ec:	000b899b          	sext.w	s3,s7
   176f0:	a80590e3          	bnez	a1,17170 <_vfiprintf_r+0x45c>
   176f4:	a8a9                	j	1774e <_vfiprintf_r+0xa3a>
   176f6:	587d                	li	a6,-1
   176f8:	8daa                	mv	s11,a0
   176fa:	f24ff06f          	j	16e1e <_vfiprintf_r+0x10a>
   176fe:	6665                	lui	a2,0x19
   17700:	020a7693          	andi	a3,s4,32
   17704:	25060613          	addi	a2,a2,592 # 19250 <__clzdi2+0x74>
   17708:	008c0e13          	addi	t3,s8,8
   1770c:	eaa5                	bnez	a3,1777c <_vfiprintf_r+0xa68>
   1770e:	010a7693          	andi	a3,s4,16
   17712:	e6ad                	bnez	a3,1777c <_vfiprintf_r+0xa68>
   17714:	040a7593          	andi	a1,s4,64
   17718:	000c2683          	lw	a3,0(s8)
   1771c:	16058663          	beqz	a1,17888 <_vfiprintf_r+0xb74>
   17720:	16c2                	slli	a3,a3,0x30
   17722:	92c1                	srli	a3,a3,0x30
   17724:	001a7593          	andi	a1,s4,1
   17728:	00d03533          	snez	a0,a3
   1772c:	c191                	beqz	a1,17730 <_vfiprintf_r+0xa1c>
   1772e:	e961                	bnez	a0,177fe <_vfiprintf_r+0xaea>
   17730:	04010ba3          	sb	zero,87(sp)
   17734:	08084c63          	bltz	a6,177cc <_vfiprintf_r+0xab8>
   17738:	b7fa7a13          	andi	s4,s4,-1153
   1773c:	8c72                	mv	s8,t3
   1773e:	26081163          	bnez	a6,179a0 <_vfiprintf_r+0xc8c>
   17742:	24051f63          	bnez	a0,179a0 <_vfiprintf_r+0xc8c>
   17746:	4b81                	li	s7,0
   17748:	0dc10c93          	addi	s9,sp,220
   1774c:	4981                	li	s3,0
   1774e:	76c6                	ld	a3,112(sp)
   17750:	5726                	lw	a4,104(sp)
   17752:	084a7f13          	andi	t5,s4,132
   17756:	85b6                	mv	a1,a3
   17758:	863a                	mv	a2,a4
   1775a:	f20f0963          	beqz	t5,16e8c <_vfiprintf_r+0x178>
   1775e:	05714603          	lbu	a2,87(sp)
   17762:	f402                	sd	zero,40(sp)
   17764:	f2061d63          	bnez	a2,16e9e <_vfiprintf_r+0x18a>
   17768:	f6cff06f          	j	16ed4 <_vfiprintf_r+0x1c0>
   1776c:	6665                	lui	a2,0x19
   1776e:	020a7693          	andi	a3,s4,32
   17772:	23860613          	addi	a2,a2,568 # 19238 <__clzdi2+0x5c>
   17776:	008c0e13          	addi	t3,s8,8
   1777a:	dad1                	beqz	a3,1770e <_vfiprintf_r+0x9fa>
   1777c:	000c3683          	ld	a3,0(s8)
   17780:	b755                	j	17724 <_vfiprintf_r+0xa10>
   17782:	8566                	mv	a0,s9
   17784:	e83e                	sd	a5,16(sp)
   17786:	f38fc0ef          	jal	13ebe <strlen>
   1778a:	00050b9b          	sext.w	s7,a0
   1778e:	67c2                	ld	a5,16(sp)
   17790:	875e                	mv	a4,s7
   17792:	000bd363          	bgez	s7,17798 <_vfiprintf_r+0xa84>
   17796:	4701                	li	a4,0
   17798:	05714683          	lbu	a3,87(sp)
   1779c:	0007099b          	sext.w	s3,a4
   177a0:	c699                	beqz	a3,177ae <_vfiprintf_r+0xa9a>
   177a2:	0017099b          	addiw	s3,a4,1
   177a6:	4801                	li	a6,0
   177a8:	b0b9                	j	16ff6 <_vfiprintf_r+0x2e2>
   177aa:	8bc2                	mv	s7,a6
   177ac:	89c2                	mv	s3,a6
   177ae:	4801                	li	a6,0
   177b0:	eccff06f          	j	16e7c <_vfiprintf_r+0x168>
   177b4:	200a7693          	andi	a3,s4,512
   177b8:	04010ba3          	sb	zero,87(sp)
   177bc:	10068f63          	beqz	a3,178da <_vfiprintf_r+0xbc6>
   177c0:	0ffd7d13          	zext.b	s10,s10
   177c4:	94085ce3          	bgez	a6,1711c <_vfiprintf_r+0x408>
   177c8:	8c3a                	mv	s8,a4
   177ca:	b8d1                	j	1709e <_vfiprintf_r+0x38a>
   177cc:	bffa7a13          	andi	s4,s4,-1025
   177d0:	8c72                	mv	s8,t3
   177d2:	4581                	li	a1,0
   177d4:	bdcd                	j	176c6 <_vfiprintf_r+0x9b2>
   177d6:	6502                	ld	a0,0(sp)
   177d8:	1090                	addi	a2,sp,96
   177da:	85ca                	mv	a1,s2
   177dc:	e842                	sd	a6,16(sp)
   177de:	c37fb0ef          	jal	13414 <__sprint_r>
   177e2:	8f2a                	mv	t5,a0
   177e4:	f8051b63          	bnez	a0,16f7a <_vfiprintf_r+0x266>
   177e8:	05714783          	lbu	a5,87(sp)
   177ec:	76c6                	ld	a3,112(sp)
   177ee:	5726                	lw	a4,104(sp)
   177f0:	6842                	ld	a6,16(sp)
   177f2:	e7ad                	bnez	a5,1785c <_vfiprintf_r+0xb48>
   177f4:	77a2                	ld	a5,40(sp)
   177f6:	cfd5                	beqz	a5,178b2 <_vfiprintf_r+0xb9e>
   177f8:	87d6                	mv	a5,s5
   177fa:	ec2ff06f          	j	16ebc <_vfiprintf_r+0x1a8>
   177fe:	04e10ca3          	sb	a4,89(sp)
   17802:	03000713          	li	a4,48
   17806:	04010ba3          	sb	zero,87(sp)
   1780a:	04e10c23          	sb	a4,88(sp)
   1780e:	08084863          	bltz	a6,1789e <_vfiprintf_r+0xb8a>
   17812:	b7fa7313          	andi	t1,s4,-1153
   17816:	00236a13          	ori	s4,t1,2
   1781a:	8c72                	mv	s8,t3
   1781c:	4589                	li	a1,2
   1781e:	b565                	j	176c6 <_vfiprintf_r+0x9b2>
   17820:	c9ff80ef          	jal	104be <__sinit>
   17824:	d0aff06f          	j	16d2e <_vfiprintf_r+0x1a>
   17828:	001dc703          	lbu	a4,1(s11)
   1782c:	020a6a13          	ori	s4,s4,32
   17830:	0d85                	addi	s11,s11,1
   17832:	de8ff06f          	j	16e1a <_vfiprintf_r+0x106>
   17836:	001dc703          	lbu	a4,1(s11)
   1783a:	200a6a13          	ori	s4,s4,512
   1783e:	0d85                	addi	s11,s11,1
   17840:	ddaff06f          	j	16e1a <_vfiprintf_r+0x106>
   17844:	4719                	li	a4,6
   17846:	0008099b          	sext.w	s3,a6
   1784a:	07076163          	bltu	a4,a6,178ac <_vfiprintf_r+0xb98>
   1784e:	6e65                	lui	t3,0x19
   17850:	8bce                	mv	s7,s3
   17852:	268e0c93          	addi	s9,t3,616 # 19268 <__clzdi2+0x8c>
   17856:	4801                	li	a6,0
   17858:	e24ff06f          	j	16e7c <_vfiprintf_r+0x168>
   1785c:	87d6                	mv	a5,s5
   1785e:	e40ff06f          	j	16e9e <_vfiprintf_r+0x18a>
   17862:	200a7693          	andi	a3,s4,512
   17866:	c6b5                	beqz	a3,178d2 <_vfiprintf_r+0xbbe>
   17868:	018d1d1b          	slliw	s10,s10,0x18
   1786c:	418d5d1b          	sraiw	s10,s10,0x18
   17870:	8c3a                	mv	s8,a4
   17872:	86ea                	mv	a3,s10
   17874:	f5cff06f          	j	16fd0 <_vfiprintf_r+0x2bc>
   17878:	200a7613          	andi	a2,s4,512
   1787c:	c631                	beqz	a2,178c8 <_vfiprintf_r+0xbb4>
   1787e:	0ff6f693          	zext.b	a3,a3
   17882:	8c3a                	mv	s8,a4
   17884:	89d2                	mv	s3,s4
   17886:	b251                	j	1720a <_vfiprintf_r+0x4f6>
   17888:	200a7593          	andi	a1,s4,512
   1788c:	c99d                	beqz	a1,178c2 <_vfiprintf_r+0xbae>
   1788e:	0ff6f693          	zext.b	a3,a3
   17892:	bd49                	j	17724 <_vfiprintf_r+0xa10>
   17894:	6669                	lui	a2,0x1a
   17896:	93060613          	addi	a2,a2,-1744 # 19930 <zeroes.0>
   1789a:	e832                	sd	a2,16(sp)
   1789c:	b119                	j	174a2 <_vfiprintf_r+0x78e>
   1789e:	bffa7313          	andi	t1,s4,-1025
   178a2:	00236a13          	ori	s4,t1,2
   178a6:	8c72                	mv	s8,t3
   178a8:	4589                	li	a1,2
   178aa:	bd31                	j	176c6 <_vfiprintf_r+0x9b2>
   178ac:	0007099b          	sext.w	s3,a4
   178b0:	bf79                	j	1784e <_vfiprintf_r+0xb3a>
   178b2:	87d6                	mv	a5,s5
   178b4:	e28ff06f          	j	16edc <_vfiprintf_r+0x1c8>
   178b8:	6722                	ld	a4,8(sp)
   178ba:	00e69023          	sh	a4,0(a3)
   178be:	cecff06f          	j	16daa <_vfiprintf_r+0x96>
   178c2:	1682                	slli	a3,a3,0x20
   178c4:	9281                	srli	a3,a3,0x20
   178c6:	bdb9                	j	17724 <_vfiprintf_r+0xa10>
   178c8:	1682                	slli	a3,a3,0x20
   178ca:	9281                	srli	a3,a3,0x20
   178cc:	8c3a                	mv	s8,a4
   178ce:	89d2                	mv	s3,s4
   178d0:	ba2d                	j	1720a <_vfiprintf_r+0x4f6>
   178d2:	8c3a                	mv	s8,a4
   178d4:	86ea                	mv	a3,s10
   178d6:	efaff06f          	j	16fd0 <_vfiprintf_r+0x2bc>
   178da:	1d02                	slli	s10,s10,0x20
   178dc:	020d5d13          	srli	s10,s10,0x20
   178e0:	82085ee3          	bgez	a6,1711c <_vfiprintf_r+0x408>
   178e4:	8c3a                	mv	s8,a4
   178e6:	fb8ff06f          	j	1709e <_vfiprintf_r+0x38a>
   178ea:	6502                	ld	a0,0(sp)
   178ec:	1090                	addi	a2,sp,96
   178ee:	85ca                	mv	a1,s2
   178f0:	b25fb0ef          	jal	13414 <__sprint_r>
   178f4:	e86ff06f          	j	16f7a <_vfiprintf_r+0x266>
   178f8:	6606                	ld	a2,64(sp)
   178fa:	75e2                	ld	a1,56(sp)
   178fc:	e4f6                	sd	t4,72(sp)
   178fe:	40cc8733          	sub	a4,s9,a2
   17902:	853a                	mv	a0,a4
   17904:	f442                	sd	a6,40(sp)
   17906:	f03e                	sd	a5,32(sp)
   17908:	e83a                	sd	a4,16(sp)
   1790a:	ae2fc0ef          	jal	13bec <strncpy>
   1790e:	ccccd5b7          	lui	a1,0xccccd
   17912:	ccd58593          	addi	a1,a1,-819 # ffffffffcccccccd <__BSS_END__+0xffffffffccca9095>
   17916:	02059613          	slli	a2,a1,0x20
   1791a:	962e                	add	a2,a2,a1
   1791c:	02cd3d33          	mulhu	s10,s10,a2
   17920:	77c2                	ld	a5,48(sp)
   17922:	6742                	ld	a4,16(sp)
   17924:	7822                	ld	a6,40(sp)
   17926:	0017c583          	lbu	a1,1(a5)
   1792a:	6ea6                	ld	t4,72(sp)
   1792c:	fff70c93          	addi	s9,a4,-1
   17930:	00b035b3          	snez	a1,a1
   17934:	97ae                	add	a5,a5,a1
   17936:	f83e                	sd	a5,48(sp)
   17938:	003d5d13          	srli	s10,s10,0x3
   1793c:	02cd3633          	mulhu	a2,s10,a2
   17940:	7782                	ld	a5,32(sp)
   17942:	4585                	li	a1,1
   17944:	46a5                	li	a3,9
   17946:	00365513          	srli	a0,a2,0x3
   1794a:	00251613          	slli	a2,a0,0x2
   1794e:	962a                	add	a2,a2,a0
   17950:	0606                	slli	a2,a2,0x1
   17952:	40cd0633          	sub	a2,s10,a2
   17956:	0306061b          	addiw	a2,a2,48
   1795a:	fec70fa3          	sb	a2,-1(a4)
   1795e:	b241                	j	172de <_vfiprintf_r+0x5ca>
   17960:	e40705e3          	beqz	a4,177aa <_vfiprintf_r+0xa96>
   17964:	0018099b          	addiw	s3,a6,1
   17968:	8bc2                	mv	s7,a6
   1796a:	4801                	li	a6,0
   1796c:	e8aff06f          	j	16ff6 <_vfiprintf_r+0x2e2>
   17970:	57fd                	li	a5,-1
   17972:	e43e                	sd	a5,8(sp)
   17974:	e24ff06f          	j	16f98 <_vfiprintf_r+0x284>
   17978:	8daa                	mv	s11,a0
   1797a:	4801                	li	a6,0
   1797c:	ca2ff06f          	j	16e1e <_vfiprintf_r+0x10a>
   17980:	c298                	sw	a4,0(a3)
   17982:	c28ff06f          	j	16daa <_vfiprintf_r+0x96>
   17986:	000c2703          	lw	a4,0(s8)
   1798a:	0c21                	addi	s8,s8,8
   1798c:	0007081b          	sext.w	a6,a4
   17990:	00075363          	bgez	a4,17996 <_vfiprintf_r+0xc82>
   17994:	587d                	li	a6,-1
   17996:	001dc703          	lbu	a4,1(s11)
   1799a:	8daa                	mv	s11,a0
   1799c:	c7eff06f          	j	16e1a <_vfiprintf_r+0x106>
   179a0:	4581                	li	a1,0
   179a2:	b315                	j	176c6 <_vfiprintf_r+0x9b2>
   179a4:	6665                	lui	a2,0x19
   179a6:	8c3a                	mv	s8,a4
   179a8:	23860613          	addi	a2,a2,568 # 19238 <__clzdi2+0x5c>
   179ac:	4589                	li	a1,2
   179ae:	bb21                	j	176c6 <_vfiprintf_r+0x9b2>
   179b0:	8352                	mv	t1,s4
   179b2:	b9dd                	j	176a8 <_vfiprintf_r+0x994>
   179b4:	8352                	mv	t1,s4
   179b6:	b849                	j	17248 <_vfiprintf_r+0x534>

00000000000179b8 <vfiprintf>:
   179b8:	872a                	mv	a4,a0
   179ba:	8781b503          	ld	a0,-1928(gp) # 1b630 <_impure_ptr>
   179be:	86b2                	mv	a3,a2
   179c0:	862e                	mv	a2,a1
   179c2:	85ba                	mv	a1,a4
   179c4:	b50ff06f          	j	16d14 <_vfiprintf_r>

00000000000179c8 <__sbprintf>:
   179c8:	0105d783          	lhu	a5,16(a1)
   179cc:	0ac5ae83          	lw	t4,172(a1)
   179d0:	0125de03          	lhu	t3,18(a1)
   179d4:	0305b303          	ld	t1,48(a1)
   179d8:	0405b883          	ld	a7,64(a1)
   179dc:	b2010113          	addi	sp,sp,-1248
   179e0:	9bf5                	andi	a5,a5,-3
   179e2:	0c010813          	addi	a6,sp,192
   179e6:	40000713          	li	a4,1024
   179ea:	4c813823          	sd	s0,1232(sp)
   179ee:	842e                	mv	s0,a1
   179f0:	080c                	addi	a1,sp,16
   179f2:	4c913423          	sd	s1,1224(sp)
   179f6:	02f11023          	sh	a5,32(sp)
   179fa:	4c113c23          	sd	ra,1240(sp)
   179fe:	dc02                	sw	zero,56(sp)
   17a00:	df76                	sw	t4,188(sp)
   17a02:	03c11123          	sh	t3,34(sp)
   17a06:	e09a                	sd	t1,64(sp)
   17a08:	e8c6                	sd	a7,80(sp)
   17a0a:	e842                	sd	a6,16(sp)
   17a0c:	f442                	sd	a6,40(sp)
   17a0e:	ce3a                	sw	a4,28(sp)
   17a10:	d83a                	sw	a4,48(sp)
   17a12:	84aa                	mv	s1,a0
   17a14:	b00ff0ef          	jal	16d14 <_vfiprintf_r>
   17a18:	87aa                	mv	a5,a0
   17a1a:	02055763          	bgez	a0,17a48 <__sbprintf+0x80>
   17a1e:	02015703          	lhu	a4,32(sp)
   17a22:	04077713          	andi	a4,a4,64
   17a26:	c719                	beqz	a4,17a34 <__sbprintf+0x6c>
   17a28:	01045703          	lhu	a4,16(s0)
   17a2c:	04076713          	ori	a4,a4,64
   17a30:	00e41823          	sh	a4,16(s0)
   17a34:	4d813083          	ld	ra,1240(sp)
   17a38:	4d013403          	ld	s0,1232(sp)
   17a3c:	4c813483          	ld	s1,1224(sp)
   17a40:	853e                	mv	a0,a5
   17a42:	4e010113          	addi	sp,sp,1248
   17a46:	8082                	ret
   17a48:	e42a                	sd	a0,8(sp)
   17a4a:	080c                	addi	a1,sp,16
   17a4c:	8526                	mv	a0,s1
   17a4e:	c37fb0ef          	jal	13684 <_fflush_r>
   17a52:	67a2                	ld	a5,8(sp)
   17a54:	d569                	beqz	a0,17a1e <__sbprintf+0x56>
   17a56:	57fd                	li	a5,-1
   17a58:	b7d9                	j	17a1e <__sbprintf+0x56>

0000000000017a5a <__errno>:
   17a5a:	8781b503          	ld	a0,-1928(gp) # 1b630 <_impure_ptr>
   17a5e:	8082                	ret

0000000000017a60 <abort>:
   17a60:	1141                	addi	sp,sp,-16
   17a62:	4519                	li	a0,6
   17a64:	e406                	sd	ra,8(sp)
   17a66:	184000ef          	jal	17bea <raise>
   17a6a:	4505                	li	a0,1
   17a6c:	376000ef          	jal	17de2 <_exit>

0000000000017a70 <_init_signal_r>:
   17a70:	17053703          	ld	a4,368(a0)
   17a74:	c319                	beqz	a4,17a7a <_init_signal_r+0xa>
   17a76:	4501                	li	a0,0
   17a78:	8082                	ret
   17a7a:	1101                	addi	sp,sp,-32
   17a7c:	10000593          	li	a1,256
   17a80:	ec06                	sd	ra,24(sp)
   17a82:	e42a                	sd	a0,8(sp)
   17a84:	a96f90ef          	jal	10d1a <_malloc_r>
   17a88:	67a2                	ld	a5,8(sp)
   17a8a:	16a7b823          	sd	a0,368(a5)
   17a8e:	cd01                	beqz	a0,17aa6 <_init_signal_r+0x36>
   17a90:	10050793          	addi	a5,a0,256
   17a94:	00053023          	sd	zero,0(a0)
   17a98:	0521                	addi	a0,a0,8
   17a9a:	fef51de3          	bne	a0,a5,17a94 <_init_signal_r+0x24>
   17a9e:	4501                	li	a0,0
   17aa0:	60e2                	ld	ra,24(sp)
   17aa2:	6105                	addi	sp,sp,32
   17aa4:	8082                	ret
   17aa6:	557d                	li	a0,-1
   17aa8:	bfe5                	j	17aa0 <_init_signal_r+0x30>

0000000000017aaa <_signal_r>:
   17aaa:	477d                	li	a4,31
   17aac:	00b76a63          	bltu	a4,a1,17ac0 <_signal_r+0x16>
   17ab0:	17053703          	ld	a4,368(a0)
   17ab4:	cb11                	beqz	a4,17ac8 <_signal_r+0x1e>
   17ab6:	058e                	slli	a1,a1,0x3
   17ab8:	972e                	add	a4,a4,a1
   17aba:	6308                	ld	a0,0(a4)
   17abc:	e310                	sd	a2,0(a4)
   17abe:	8082                	ret
   17ac0:	4759                	li	a4,22
   17ac2:	c118                	sw	a4,0(a0)
   17ac4:	557d                	li	a0,-1
   17ac6:	8082                	ret
   17ac8:	7179                	addi	sp,sp,-48
   17aca:	e42e                	sd	a1,8(sp)
   17acc:	10000593          	li	a1,256
   17ad0:	e832                	sd	a2,16(sp)
   17ad2:	f406                	sd	ra,40(sp)
   17ad4:	ec2a                	sd	a0,24(sp)
   17ad6:	a44f90ef          	jal	10d1a <_malloc_r>
   17ada:	66e2                	ld	a3,24(sp)
   17adc:	872a                	mv	a4,a0
   17ade:	10050593          	addi	a1,a0,256
   17ae2:	16a6b823          	sd	a0,368(a3)
   17ae6:	67a2                	ld	a5,8(sp)
   17ae8:	86aa                	mv	a3,a0
   17aea:	6642                	ld	a2,16(sp)
   17aec:	557d                	li	a0,-1
   17aee:	cb19                	beqz	a4,17b04 <_signal_r+0x5a>
   17af0:	0006b023          	sd	zero,0(a3)
   17af4:	06a1                	addi	a3,a3,8
   17af6:	feb69de3          	bne	a3,a1,17af0 <_signal_r+0x46>
   17afa:	00379593          	slli	a1,a5,0x3
   17afe:	972e                	add	a4,a4,a1
   17b00:	6308                	ld	a0,0(a4)
   17b02:	e310                	sd	a2,0(a4)
   17b04:	70a2                	ld	ra,40(sp)
   17b06:	6145                	addi	sp,sp,48
   17b08:	8082                	ret

0000000000017b0a <_raise_r>:
   17b0a:	47fd                	li	a5,31
   17b0c:	04b7ec63          	bltu	a5,a1,17b64 <_raise_r+0x5a>
   17b10:	17053783          	ld	a5,368(a0)
   17b14:	1101                	addi	sp,sp,-32
   17b16:	ec06                	sd	ra,24(sp)
   17b18:	872a                	mv	a4,a0
   17b1a:	862e                	mv	a2,a1
   17b1c:	c785                	beqz	a5,17b44 <_raise_r+0x3a>
   17b1e:	00359693          	slli	a3,a1,0x3
   17b22:	97b6                	add	a5,a5,a3
   17b24:	6394                	ld	a3,0(a5)
   17b26:	ce99                	beqz	a3,17b44 <_raise_r+0x3a>
   17b28:	4505                	li	a0,1
   17b2a:	00a68963          	beq	a3,a0,17b3c <_raise_r+0x32>
   17b2e:	55fd                	li	a1,-1
   17b30:	02b68563          	beq	a3,a1,17b5a <_raise_r+0x50>
   17b34:	0007b023          	sd	zero,0(a5)
   17b38:	8532                	mv	a0,a2
   17b3a:	9682                	jalr	a3
   17b3c:	60e2                	ld	ra,24(sp)
   17b3e:	4501                	li	a0,0
   17b40:	6105                	addi	sp,sp,32
   17b42:	8082                	ret
   17b44:	853a                	mv	a0,a4
   17b46:	e432                	sd	a2,8(sp)
   17b48:	e03a                	sd	a4,0(sp)
   17b4a:	26c000ef          	jal	17db6 <_getpid_r>
   17b4e:	6622                	ld	a2,8(sp)
   17b50:	60e2                	ld	ra,24(sp)
   17b52:	85aa                	mv	a1,a0
   17b54:	6502                	ld	a0,0(sp)
   17b56:	6105                	addi	sp,sp,32
   17b58:	a415                	j	17d7c <_kill_r>
   17b5a:	60e2                	ld	ra,24(sp)
   17b5c:	47d9                	li	a5,22
   17b5e:	c31c                	sw	a5,0(a4)
   17b60:	6105                	addi	sp,sp,32
   17b62:	8082                	ret
   17b64:	47d9                	li	a5,22
   17b66:	c11c                	sw	a5,0(a0)
   17b68:	557d                	li	a0,-1
   17b6a:	8082                	ret

0000000000017b6c <__sigtramp_r>:
   17b6c:	47fd                	li	a5,31
   17b6e:	06b7ec63          	bltu	a5,a1,17be6 <__sigtramp_r+0x7a>
   17b72:	17053783          	ld	a5,368(a0)
   17b76:	1101                	addi	sp,sp,-32
   17b78:	ec06                	sd	ra,24(sp)
   17b7a:	872e                	mv	a4,a1
   17b7c:	cf95                	beqz	a5,17bb8 <__sigtramp_r+0x4c>
   17b7e:	00371693          	slli	a3,a4,0x3
   17b82:	97b6                	add	a5,a5,a3
   17b84:	6394                	ld	a3,0(a5)
   17b86:	ce99                	beqz	a3,17ba4 <__sigtramp_r+0x38>
   17b88:	567d                	li	a2,-1
   17b8a:	02c68563          	beq	a3,a2,17bb4 <__sigtramp_r+0x48>
   17b8e:	4605                	li	a2,1
   17b90:	00c68e63          	beq	a3,a2,17bac <__sigtramp_r+0x40>
   17b94:	853a                	mv	a0,a4
   17b96:	0007b023          	sd	zero,0(a5)
   17b9a:	9682                	jalr	a3
   17b9c:	4501                	li	a0,0
   17b9e:	60e2                	ld	ra,24(sp)
   17ba0:	6105                	addi	sp,sp,32
   17ba2:	8082                	ret
   17ba4:	60e2                	ld	ra,24(sp)
   17ba6:	4505                	li	a0,1
   17ba8:	6105                	addi	sp,sp,32
   17baa:	8082                	ret
   17bac:	60e2                	ld	ra,24(sp)
   17bae:	450d                	li	a0,3
   17bb0:	6105                	addi	sp,sp,32
   17bb2:	8082                	ret
   17bb4:	4509                	li	a0,2
   17bb6:	b7e5                	j	17b9e <__sigtramp_r+0x32>
   17bb8:	e42e                	sd	a1,8(sp)
   17bba:	10000593          	li	a1,256
   17bbe:	e02a                	sd	a0,0(sp)
   17bc0:	95af90ef          	jal	10d1a <_malloc_r>
   17bc4:	6682                	ld	a3,0(sp)
   17bc6:	87aa                	mv	a5,a0
   17bc8:	16a6b823          	sd	a0,368(a3)
   17bcc:	c919                	beqz	a0,17be2 <__sigtramp_r+0x76>
   17bce:	6722                	ld	a4,8(sp)
   17bd0:	86aa                	mv	a3,a0
   17bd2:	10050613          	addi	a2,a0,256
   17bd6:	0006b023          	sd	zero,0(a3)
   17bda:	06a1                	addi	a3,a3,8
   17bdc:	fec69de3          	bne	a3,a2,17bd6 <__sigtramp_r+0x6a>
   17be0:	bf79                	j	17b7e <__sigtramp_r+0x12>
   17be2:	557d                	li	a0,-1
   17be4:	bf6d                	j	17b9e <__sigtramp_r+0x32>
   17be6:	557d                	li	a0,-1
   17be8:	8082                	ret

0000000000017bea <raise>:
   17bea:	47fd                	li	a5,31
   17bec:	8781b803          	ld	a6,-1928(gp) # 1b630 <_impure_ptr>
   17bf0:	04a7ec63          	bltu	a5,a0,17c48 <raise+0x5e>
   17bf4:	17083783          	ld	a5,368(a6)
   17bf8:	1101                	addi	sp,sp,-32
   17bfa:	ec06                	sd	ra,24(sp)
   17bfc:	862a                	mv	a2,a0
   17bfe:	c39d                	beqz	a5,17c24 <raise+0x3a>
   17c00:	00351713          	slli	a4,a0,0x3
   17c04:	97ba                	add	a5,a5,a4
   17c06:	6398                	ld	a4,0(a5)
   17c08:	cf11                	beqz	a4,17c24 <raise+0x3a>
   17c0a:	4685                	li	a3,1
   17c0c:	00d70863          	beq	a4,a3,17c1c <raise+0x32>
   17c10:	567d                	li	a2,-1
   17c12:	02c70463          	beq	a4,a2,17c3a <raise+0x50>
   17c16:	0007b023          	sd	zero,0(a5)
   17c1a:	9702                	jalr	a4
   17c1c:	60e2                	ld	ra,24(sp)
   17c1e:	4501                	li	a0,0
   17c20:	6105                	addi	sp,sp,32
   17c22:	8082                	ret
   17c24:	8542                	mv	a0,a6
   17c26:	e432                	sd	a2,8(sp)
   17c28:	e042                	sd	a6,0(sp)
   17c2a:	18c000ef          	jal	17db6 <_getpid_r>
   17c2e:	6622                	ld	a2,8(sp)
   17c30:	60e2                	ld	ra,24(sp)
   17c32:	85aa                	mv	a1,a0
   17c34:	6502                	ld	a0,0(sp)
   17c36:	6105                	addi	sp,sp,32
   17c38:	a291                	j	17d7c <_kill_r>
   17c3a:	60e2                	ld	ra,24(sp)
   17c3c:	47d9                	li	a5,22
   17c3e:	00f82023          	sw	a5,0(a6)
   17c42:	8536                	mv	a0,a3
   17c44:	6105                	addi	sp,sp,32
   17c46:	8082                	ret
   17c48:	47d9                	li	a5,22
   17c4a:	00f82023          	sw	a5,0(a6)
   17c4e:	557d                	li	a0,-1
   17c50:	8082                	ret

0000000000017c52 <signal>:
   17c52:	47fd                	li	a5,31
   17c54:	8781b603          	ld	a2,-1928(gp) # 1b630 <_impure_ptr>
   17c58:	00a7ea63          	bltu	a5,a0,17c6c <signal+0x1a>
   17c5c:	17063703          	ld	a4,368(a2)
   17c60:	cb11                	beqz	a4,17c74 <signal+0x22>
   17c62:	050e                	slli	a0,a0,0x3
   17c64:	972a                	add	a4,a4,a0
   17c66:	6308                	ld	a0,0(a4)
   17c68:	e30c                	sd	a1,0(a4)
   17c6a:	8082                	ret
   17c6c:	47d9                	li	a5,22
   17c6e:	c21c                	sw	a5,0(a2)
   17c70:	557d                	li	a0,-1
   17c72:	8082                	ret
   17c74:	7179                	addi	sp,sp,-48
   17c76:	ec2e                	sd	a1,24(sp)
   17c78:	e82a                	sd	a0,16(sp)
   17c7a:	10000593          	li	a1,256
   17c7e:	8532                	mv	a0,a2
   17c80:	e432                	sd	a2,8(sp)
   17c82:	f406                	sd	ra,40(sp)
   17c84:	896f90ef          	jal	10d1a <_malloc_r>
   17c88:	6622                	ld	a2,8(sp)
   17c8a:	872a                	mv	a4,a0
   17c8c:	10050593          	addi	a1,a0,256
   17c90:	16a63823          	sd	a0,368(a2)
   17c94:	67c2                	ld	a5,16(sp)
   17c96:	862a                	mv	a2,a0
   17c98:	66e2                	ld	a3,24(sp)
   17c9a:	557d                	li	a0,-1
   17c9c:	cb19                	beqz	a4,17cb2 <signal+0x60>
   17c9e:	00063023          	sd	zero,0(a2)
   17ca2:	0621                	addi	a2,a2,8
   17ca4:	fec59de3          	bne	a1,a2,17c9e <signal+0x4c>
   17ca8:	00379513          	slli	a0,a5,0x3
   17cac:	972a                	add	a4,a4,a0
   17cae:	6308                	ld	a0,0(a4)
   17cb0:	e314                	sd	a3,0(a4)
   17cb2:	70a2                	ld	ra,40(sp)
   17cb4:	6145                	addi	sp,sp,48
   17cb6:	8082                	ret

0000000000017cb8 <_init_signal>:
   17cb8:	8781b783          	ld	a5,-1928(gp) # 1b630 <_impure_ptr>
   17cbc:	1707b703          	ld	a4,368(a5)
   17cc0:	c319                	beqz	a4,17cc6 <_init_signal+0xe>
   17cc2:	4501                	li	a0,0
   17cc4:	8082                	ret
   17cc6:	1101                	addi	sp,sp,-32
   17cc8:	853e                	mv	a0,a5
   17cca:	10000593          	li	a1,256
   17cce:	e43e                	sd	a5,8(sp)
   17cd0:	ec06                	sd	ra,24(sp)
   17cd2:	848f90ef          	jal	10d1a <_malloc_r>
   17cd6:	67a2                	ld	a5,8(sp)
   17cd8:	16a7b823          	sd	a0,368(a5)
   17cdc:	cd01                	beqz	a0,17cf4 <_init_signal+0x3c>
   17cde:	10050793          	addi	a5,a0,256
   17ce2:	00053023          	sd	zero,0(a0)
   17ce6:	0521                	addi	a0,a0,8
   17ce8:	fef51de3          	bne	a0,a5,17ce2 <_init_signal+0x2a>
   17cec:	4501                	li	a0,0
   17cee:	60e2                	ld	ra,24(sp)
   17cf0:	6105                	addi	sp,sp,32
   17cf2:	8082                	ret
   17cf4:	557d                	li	a0,-1
   17cf6:	bfe5                	j	17cee <_init_signal+0x36>

0000000000017cf8 <__sigtramp>:
   17cf8:	47fd                	li	a5,31
   17cfa:	06a7ef63          	bltu	a5,a0,17d78 <__sigtramp+0x80>
   17cfe:	8781b683          	ld	a3,-1928(gp) # 1b630 <_impure_ptr>
   17d02:	1101                	addi	sp,sp,-32
   17d04:	ec06                	sd	ra,24(sp)
   17d06:	1706b783          	ld	a5,368(a3)
   17d0a:	872a                	mv	a4,a0
   17d0c:	cf95                	beqz	a5,17d48 <__sigtramp+0x50>
   17d0e:	00371693          	slli	a3,a4,0x3
   17d12:	97b6                	add	a5,a5,a3
   17d14:	6394                	ld	a3,0(a5)
   17d16:	ce99                	beqz	a3,17d34 <__sigtramp+0x3c>
   17d18:	567d                	li	a2,-1
   17d1a:	02c68563          	beq	a3,a2,17d44 <__sigtramp+0x4c>
   17d1e:	4605                	li	a2,1
   17d20:	00c68e63          	beq	a3,a2,17d3c <__sigtramp+0x44>
   17d24:	853a                	mv	a0,a4
   17d26:	0007b023          	sd	zero,0(a5)
   17d2a:	9682                	jalr	a3
   17d2c:	4501                	li	a0,0
   17d2e:	60e2                	ld	ra,24(sp)
   17d30:	6105                	addi	sp,sp,32
   17d32:	8082                	ret
   17d34:	60e2                	ld	ra,24(sp)
   17d36:	4505                	li	a0,1
   17d38:	6105                	addi	sp,sp,32
   17d3a:	8082                	ret
   17d3c:	60e2                	ld	ra,24(sp)
   17d3e:	450d                	li	a0,3
   17d40:	6105                	addi	sp,sp,32
   17d42:	8082                	ret
   17d44:	4509                	li	a0,2
   17d46:	b7e5                	j	17d2e <__sigtramp+0x36>
   17d48:	e42a                	sd	a0,8(sp)
   17d4a:	10000593          	li	a1,256
   17d4e:	8536                	mv	a0,a3
   17d50:	e036                	sd	a3,0(sp)
   17d52:	fc9f80ef          	jal	10d1a <_malloc_r>
   17d56:	6682                	ld	a3,0(sp)
   17d58:	87aa                	mv	a5,a0
   17d5a:	16a6b823          	sd	a0,368(a3)
   17d5e:	c919                	beqz	a0,17d74 <__sigtramp+0x7c>
   17d60:	6722                	ld	a4,8(sp)
   17d62:	86aa                	mv	a3,a0
   17d64:	10050613          	addi	a2,a0,256
   17d68:	0006b023          	sd	zero,0(a3)
   17d6c:	06a1                	addi	a3,a3,8
   17d6e:	fed61de3          	bne	a2,a3,17d68 <__sigtramp+0x70>
   17d72:	bf71                	j	17d0e <__sigtramp+0x16>
   17d74:	557d                	li	a0,-1
   17d76:	bf65                	j	17d2e <__sigtramp+0x36>
   17d78:	557d                	li	a0,-1
   17d7a:	8082                	ret

0000000000017d7c <_kill_r>:
   17d7c:	1101                	addi	sp,sp,-32
   17d7e:	87ae                	mv	a5,a1
   17d80:	e822                	sd	s0,16(sp)
   17d82:	e426                	sd	s1,8(sp)
   17d84:	85b2                	mv	a1,a2
   17d86:	84aa                	mv	s1,a0
   17d88:	853e                	mv	a0,a5
   17d8a:	ec06                	sd	ra,24(sp)
   17d8c:	8801ac23          	sw	zero,-1896(gp) # 1b650 <errno>
   17d90:	0e0000ef          	jal	17e70 <_kill>
   17d94:	57fd                	li	a5,-1
   17d96:	00f50763          	beq	a0,a5,17da4 <_kill_r+0x28>
   17d9a:	60e2                	ld	ra,24(sp)
   17d9c:	6442                	ld	s0,16(sp)
   17d9e:	64a2                	ld	s1,8(sp)
   17da0:	6105                	addi	sp,sp,32
   17da2:	8082                	ret
   17da4:	8981a783          	lw	a5,-1896(gp) # 1b650 <errno>
   17da8:	dbed                	beqz	a5,17d9a <_kill_r+0x1e>
   17daa:	60e2                	ld	ra,24(sp)
   17dac:	6442                	ld	s0,16(sp)
   17dae:	c09c                	sw	a5,0(s1)
   17db0:	64a2                	ld	s1,8(sp)
   17db2:	6105                	addi	sp,sp,32
   17db4:	8082                	ret

0000000000017db6 <_getpid_r>:
   17db6:	a841                	j	17e46 <_getpid>

0000000000017db8 <_close>:
   17db8:	03900893          	li	a7,57
   17dbc:	00000073          	ecall
   17dc0:	00054463          	bltz	a0,17dc8 <_close+0x10>
   17dc4:	2501                	sext.w	a0,a0
   17dc6:	8082                	ret
   17dc8:	1101                	addi	sp,sp,-32
   17dca:	ec06                	sd	ra,24(sp)
   17dcc:	e42a                	sd	a0,8(sp)
   17dce:	c8dff0ef          	jal	17a5a <__errno>
   17dd2:	67a2                	ld	a5,8(sp)
   17dd4:	60e2                	ld	ra,24(sp)
   17dd6:	40f007bb          	negw	a5,a5
   17dda:	c11c                	sw	a5,0(a0)
   17ddc:	557d                	li	a0,-1
   17dde:	6105                	addi	sp,sp,32
   17de0:	8082                	ret

0000000000017de2 <_exit>:
   17de2:	05d00893          	li	a7,93
   17de6:	00000073          	ecall
   17dea:	00054363          	bltz	a0,17df0 <_exit+0xe>
   17dee:	a001                	j	17dee <_exit+0xc>
   17df0:	1101                	addi	sp,sp,-32
   17df2:	ec06                	sd	ra,24(sp)
   17df4:	e42a                	sd	a0,8(sp)
   17df6:	c65ff0ef          	jal	17a5a <__errno>
   17dfa:	67a2                	ld	a5,8(sp)
   17dfc:	40f007bb          	negw	a5,a5
   17e00:	c11c                	sw	a5,0(a0)
   17e02:	a001                	j	17e02 <_exit+0x20>

0000000000017e04 <_fstat>:
   17e04:	7135                	addi	sp,sp,-160
   17e06:	872e                	mv	a4,a1
   17e08:	ed06                	sd	ra,152(sp)
   17e0a:	e922                	sd	s0,144(sp)
   17e0c:	05000893          	li	a7,80
   17e10:	080c                	addi	a1,sp,16
   17e12:	00000073          	ecall
   17e16:	00054d63          	bltz	a0,17e30 <_fstat+0x2c>
   17e1a:	0005041b          	sext.w	s0,a0
   17e1e:	080c                	addi	a1,sp,16
   17e20:	853a                	mv	a0,a4
   17e22:	134000ef          	jal	17f56 <_conv_stat>
   17e26:	60ea                	ld	ra,152(sp)
   17e28:	8522                	mv	a0,s0
   17e2a:	644a                	ld	s0,144(sp)
   17e2c:	610d                	addi	sp,sp,160
   17e2e:	8082                	ret
   17e30:	e03a                	sd	a4,0(sp)
   17e32:	e42a                	sd	a0,8(sp)
   17e34:	c27ff0ef          	jal	17a5a <__errno>
   17e38:	67a2                	ld	a5,8(sp)
   17e3a:	6702                	ld	a4,0(sp)
   17e3c:	547d                	li	s0,-1
   17e3e:	40f007bb          	negw	a5,a5
   17e42:	c11c                	sw	a5,0(a0)
   17e44:	bfe9                	j	17e1e <_fstat+0x1a>

0000000000017e46 <_getpid>:
   17e46:	4505                	li	a0,1
   17e48:	8082                	ret

0000000000017e4a <_isatty>:
   17e4a:	7119                	addi	sp,sp,-128
   17e4c:	002c                	addi	a1,sp,8
   17e4e:	fc86                	sd	ra,120(sp)
   17e50:	fb5ff0ef          	jal	17e04 <_fstat>
   17e54:	57fd                	li	a5,-1
   17e56:	00f50963          	beq	a0,a5,17e68 <_isatty+0x1e>
   17e5a:	4532                	lw	a0,12(sp)
   17e5c:	70e6                	ld	ra,120(sp)
   17e5e:	00d5551b          	srliw	a0,a0,0xd
   17e62:	8905                	andi	a0,a0,1
   17e64:	6109                	addi	sp,sp,128
   17e66:	8082                	ret
   17e68:	70e6                	ld	ra,120(sp)
   17e6a:	4501                	li	a0,0
   17e6c:	6109                	addi	sp,sp,128
   17e6e:	8082                	ret

0000000000017e70 <_kill>:
   17e70:	1141                	addi	sp,sp,-16
   17e72:	e406                	sd	ra,8(sp)
   17e74:	be7ff0ef          	jal	17a5a <__errno>
   17e78:	60a2                	ld	ra,8(sp)
   17e7a:	47d9                	li	a5,22
   17e7c:	c11c                	sw	a5,0(a0)
   17e7e:	557d                	li	a0,-1
   17e80:	0141                	addi	sp,sp,16
   17e82:	8082                	ret

0000000000017e84 <_lseek>:
   17e84:	03e00893          	li	a7,62
   17e88:	00000073          	ecall
   17e8c:	00054363          	bltz	a0,17e92 <_lseek+0xe>
   17e90:	8082                	ret
   17e92:	1101                	addi	sp,sp,-32
   17e94:	ec06                	sd	ra,24(sp)
   17e96:	e42a                	sd	a0,8(sp)
   17e98:	bc3ff0ef          	jal	17a5a <__errno>
   17e9c:	67a2                	ld	a5,8(sp)
   17e9e:	60e2                	ld	ra,24(sp)
   17ea0:	40f007bb          	negw	a5,a5
   17ea4:	c11c                	sw	a5,0(a0)
   17ea6:	57fd                	li	a5,-1
   17ea8:	853e                	mv	a0,a5
   17eaa:	6105                	addi	sp,sp,32
   17eac:	8082                	ret

0000000000017eae <_read>:
   17eae:	03f00893          	li	a7,63
   17eb2:	00000073          	ecall
   17eb6:	00054363          	bltz	a0,17ebc <_read+0xe>
   17eba:	8082                	ret
   17ebc:	1101                	addi	sp,sp,-32
   17ebe:	ec06                	sd	ra,24(sp)
   17ec0:	e42a                	sd	a0,8(sp)
   17ec2:	b99ff0ef          	jal	17a5a <__errno>
   17ec6:	67a2                	ld	a5,8(sp)
   17ec8:	60e2                	ld	ra,24(sp)
   17eca:	40f007bb          	negw	a5,a5
   17ece:	c11c                	sw	a5,0(a0)
   17ed0:	57fd                	li	a5,-1
   17ed2:	853e                	mv	a0,a5
   17ed4:	6105                	addi	sp,sp,32
   17ed6:	8082                	ret

0000000000017ed8 <_sbrk>:
   17ed8:	8c81b783          	ld	a5,-1848(gp) # 1b680 <heap_end.0>
   17edc:	1141                	addi	sp,sp,-16
   17ede:	e406                	sd	ra,8(sp)
   17ee0:	872a                	mv	a4,a0
   17ee2:	ef81                	bnez	a5,17efa <_sbrk+0x22>
   17ee4:	0d600893          	li	a7,214
   17ee8:	4501                	li	a0,0
   17eea:	00000073          	ecall
   17eee:	57fd                	li	a5,-1
   17ef0:	02f50663          	beq	a0,a5,17f1c <_sbrk+0x44>
   17ef4:	87aa                	mv	a5,a0
   17ef6:	8ca1b423          	sd	a0,-1848(gp) # 1b680 <heap_end.0>
   17efa:	00f70533          	add	a0,a4,a5
   17efe:	0d600893          	li	a7,214
   17f02:	00000073          	ecall
   17f06:	8c81b783          	ld	a5,-1848(gp) # 1b680 <heap_end.0>
   17f0a:	973e                	add	a4,a4,a5
   17f0c:	00e51863          	bne	a0,a4,17f1c <_sbrk+0x44>
   17f10:	60a2                	ld	ra,8(sp)
   17f12:	8ca1b423          	sd	a0,-1848(gp) # 1b680 <heap_end.0>
   17f16:	853e                	mv	a0,a5
   17f18:	0141                	addi	sp,sp,16
   17f1a:	8082                	ret
   17f1c:	b3fff0ef          	jal	17a5a <__errno>
   17f20:	60a2                	ld	ra,8(sp)
   17f22:	47b1                	li	a5,12
   17f24:	c11c                	sw	a5,0(a0)
   17f26:	557d                	li	a0,-1
   17f28:	0141                	addi	sp,sp,16
   17f2a:	8082                	ret

0000000000017f2c <_write>:
   17f2c:	04000893          	li	a7,64
   17f30:	00000073          	ecall
   17f34:	00054363          	bltz	a0,17f3a <_write+0xe>
   17f38:	8082                	ret
   17f3a:	1101                	addi	sp,sp,-32
   17f3c:	ec06                	sd	ra,24(sp)
   17f3e:	e42a                	sd	a0,8(sp)
   17f40:	b1bff0ef          	jal	17a5a <__errno>
   17f44:	67a2                	ld	a5,8(sp)
   17f46:	60e2                	ld	ra,24(sp)
   17f48:	40f007bb          	negw	a5,a5
   17f4c:	c11c                	sw	a5,0(a0)
   17f4e:	57fd                	li	a5,-1
   17f50:	853e                	mv	a0,a5
   17f52:	6105                	addi	sp,sp,32
   17f54:	8082                	ret

0000000000017f56 <_conv_stat>:
   17f56:	0005b383          	ld	t2,0(a1)
   17f5a:	0085b283          	ld	t0,8(a1)
   17f5e:	0105af83          	lw	t6,16(a1)
   17f62:	0145af03          	lw	t5,20(a1)
   17f66:	0185ae83          	lw	t4,24(a1)
   17f6a:	01c5ae03          	lw	t3,28(a1)
   17f6e:	0205b303          	ld	t1,32(a1)
   17f72:	0305b883          	ld	a7,48(a1)
   17f76:	0405b803          	ld	a6,64(a1)
   17f7a:	5d90                	lw	a2,56(a1)
   17f7c:	65b4                	ld	a3,72(a1)
   17f7e:	6db8                	ld	a4,88(a1)
   17f80:	75bc                	ld	a5,104(a1)
   17f82:	00751023          	sh	t2,0(a0)
   17f86:	00551123          	sh	t0,2(a0)
   17f8a:	01f52223          	sw	t6,4(a0)
   17f8e:	01e51423          	sh	t5,8(a0)
   17f92:	01d51523          	sh	t4,10(a0)
   17f96:	01c51623          	sh	t3,12(a0)
   17f9a:	00651723          	sh	t1,14(a0)
   17f9e:	01153823          	sd	a7,16(a0)
   17fa2:	05053823          	sd	a6,80(a0)
   17fa6:	e530                	sd	a2,72(a0)
   17fa8:	ed14                	sd	a3,24(a0)
   17faa:	f518                	sd	a4,40(a0)
   17fac:	fd1c                	sd	a5,56(a0)
   17fae:	8082                	ret

0000000000017fb0 <__eqtf2>:
   17fb0:	002027f3          	frrm	a5
   17fb4:	68a1                	lui	a7,0x8
   17fb6:	0305d813          	srli	a6,a1,0x30
   17fba:	18fd                	addi	a7,a7,-1 # 7fff <exit-0x8121>
   17fbc:	577d                	li	a4,-1
   17fbe:	8341                	srli	a4,a4,0x10
   17fc0:	0306d793          	srli	a5,a3,0x30
   17fc4:	01187833          	and	a6,a6,a7
   17fc8:	00e5f333          	and	t1,a1,a4
   17fcc:	0117f7b3          	and	a5,a5,a7
   17fd0:	8f75                	and	a4,a4,a3
   17fd2:	91fd                	srli	a1,a1,0x3f
   17fd4:	92fd                	srli	a3,a3,0x3f
   17fd6:	01181a63          	bne	a6,a7,17fea <__eqtf2+0x3a>
   17fda:	006568b3          	or	a7,a0,t1
   17fde:	02089063          	bnez	a7,17ffe <__eqtf2+0x4e>
   17fe2:	01078663          	beq	a5,a6,17fee <__eqtf2+0x3e>
   17fe6:	4785                	li	a5,1
   17fe8:	a0ad                	j	18052 <__eqtf2+0xa2>
   17fea:	05179063          	bne	a5,a7,1802a <__eqtf2+0x7a>
   17fee:	00e668b3          	or	a7,a2,a4
   17ff2:	02088c63          	beqz	a7,1802a <__eqtf2+0x7a>
   17ff6:	66a1                	lui	a3,0x8
   17ff8:	16fd                	addi	a3,a3,-1 # 7fff <exit-0x8121>
   17ffa:	00d81e63          	bne	a6,a3,18016 <__eqtf2+0x66>
   17ffe:	00656533          	or	a0,a0,t1
   18002:	c509                	beqz	a0,1800c <__eqtf2+0x5c>
   18004:	4685                	li	a3,1
   18006:	16be                	slli	a3,a3,0x2f
   18008:	00d36d63          	bltu	t1,a3,18022 <__eqtf2+0x72>
   1800c:	66a1                	lui	a3,0x8
   1800e:	16fd                	addi	a3,a3,-1 # 7fff <exit-0x8121>
   18010:	4505                	li	a0,1
   18012:	04d79263          	bne	a5,a3,18056 <__eqtf2+0xa6>
   18016:	8e59                	or	a2,a2,a4
   18018:	c619                	beqz	a2,18026 <__eqtf2+0x76>
   1801a:	4785                	li	a5,1
   1801c:	17be                	slli	a5,a5,0x2f
   1801e:	00f77463          	bgeu	a4,a5,18026 <__eqtf2+0x76>
   18022:	00186073          	csrsi	fflags,16
   18026:	4505                	li	a0,1
   18028:	8082                	ret
   1802a:	40f807b3          	sub	a5,a6,a5
   1802e:	8e09                	sub	a2,a2,a0
   18030:	00f037b3          	snez	a5,a5
   18034:	00c03633          	snez	a2,a2
   18038:	8fd1                	or	a5,a5,a2
   1803a:	f7d5                	bnez	a5,17fe6 <__eqtf2+0x36>
   1803c:	fae315e3          	bne	t1,a4,17fe6 <__eqtf2+0x36>
   18040:	00d58963          	beq	a1,a3,18052 <__eqtf2+0xa2>
   18044:	4785                	li	a5,1
   18046:	00081663          	bnez	a6,18052 <__eqtf2+0xa2>
   1804a:	006567b3          	or	a5,a0,t1
   1804e:	00f037b3          	snez	a5,a5
   18052:	853e                	mv	a0,a5
   18054:	8082                	ret
   18056:	8082                	ret

0000000000018058 <__getf2>:
   18058:	002027f3          	frrm	a5
   1805c:	67a1                	lui	a5,0x8
   1805e:	0305d813          	srli	a6,a1,0x30
   18062:	17fd                	addi	a5,a5,-1 # 7fff <exit-0x8121>
   18064:	537d                	li	t1,-1
   18066:	01035313          	srli	t1,t1,0x10
   1806a:	0306d713          	srli	a4,a3,0x30
   1806e:	00f87833          	and	a6,a6,a5
   18072:	0065f8b3          	and	a7,a1,t1
   18076:	8f7d                	and	a4,a4,a5
   18078:	91fd                	srli	a1,a1,0x3f
   1807a:	03f6de13          	srli	t3,a3,0x3f
   1807e:	04f80063          	beq	a6,a5,180be <__getf2+0x66>
   18082:	0066f6b3          	and	a3,a3,t1
   18086:	6321                	lui	t1,0x8
   18088:	137d                	addi	t1,t1,-1 # 7fff <exit-0x8121>
   1808a:	87ba                	mv	a5,a4
   1808c:	00671663          	bne	a4,t1,18098 <__getf2+0x40>
   18090:	00c6e333          	or	t1,a3,a2
   18094:	02031863          	bnez	t1,180c4 <__getf2+0x6c>
   18098:	4301                	li	t1,0
   1809a:	00081663          	bnez	a6,180a6 <__getf2+0x4e>
   1809e:	00a8e333          	or	t1,a7,a0
   180a2:	00133313          	seqz	t1,t1
   180a6:	eb29                	bnez	a4,180f8 <__getf2+0xa0>
   180a8:	00c6eeb3          	or	t4,a3,a2
   180ac:	02030063          	beqz	t1,180cc <__getf2+0x74>
   180b0:	020e8263          	beqz	t4,180d4 <__getf2+0x7c>
   180b4:	4785                	li	a5,1
   180b6:	000e1f63          	bnez	t3,180d4 <__getf2+0x7c>
   180ba:	57fd                	li	a5,-1
   180bc:	a821                	j	180d4 <__getf2+0x7c>
   180be:	00a8e7b3          	or	a5,a7,a0
   180c2:	d3e1                	beqz	a5,18082 <__getf2+0x2a>
   180c4:	00186073          	csrsi	fflags,16
   180c8:	57f9                	li	a5,-2
   180ca:	a029                	j	180d4 <__getf2+0x7c>
   180cc:	020e9863          	bnez	t4,180fc <__getf2+0xa4>
   180d0:	57fd                	li	a5,-1
   180d2:	cd85                	beqz	a1,1810a <__getf2+0xb2>
   180d4:	853e                	mv	a0,a5
   180d6:	8082                	ret
   180d8:	fce84ee3          	blt	a6,a4,180b4 <__getf2+0x5c>
   180dc:	ff16eae3          	bltu	a3,a7,180d0 <__getf2+0x78>
   180e0:	00a67463          	bgeu	a2,a0,180e8 <__getf2+0x90>
   180e4:	fed886e3          	beq	a7,a3,180d0 <__getf2+0x78>
   180e8:	00c56563          	bltu	a0,a2,180f2 <__getf2+0x9a>
   180ec:	4781                	li	a5,0
   180ee:	fed8f3e3          	bgeu	a7,a3,180d4 <__getf2+0x7c>
   180f2:	4785                	li	a5,1
   180f4:	f1e5                	bnez	a1,180d4 <__getf2+0x7c>
   180f6:	b7d1                	j	180ba <__getf2+0x62>
   180f8:	fa031ee3          	bnez	t1,180b4 <__getf2+0x5c>
   180fc:	fcbe1ae3          	bne	t3,a1,180d0 <__getf2+0x78>
   18100:	fd075ce3          	bge	a4,a6,180d8 <__getf2+0x80>
   18104:	57fd                	li	a5,-1
   18106:	fc0e17e3          	bnez	t3,180d4 <__getf2+0x7c>
   1810a:	4785                	li	a5,1
   1810c:	b7e1                	j	180d4 <__getf2+0x7c>

000000000001810e <__letf2>:
   1810e:	002027f3          	frrm	a5
   18112:	67a1                	lui	a5,0x8
   18114:	0305d813          	srli	a6,a1,0x30
   18118:	17fd                	addi	a5,a5,-1 # 7fff <exit-0x8121>
   1811a:	537d                	li	t1,-1
   1811c:	01035313          	srli	t1,t1,0x10
   18120:	0306d713          	srli	a4,a3,0x30
   18124:	00f87833          	and	a6,a6,a5
   18128:	0065f8b3          	and	a7,a1,t1
   1812c:	8f7d                	and	a4,a4,a5
   1812e:	91fd                	srli	a1,a1,0x3f
   18130:	03f6de13          	srli	t3,a3,0x3f
   18134:	04f80063          	beq	a6,a5,18174 <__letf2+0x66>
   18138:	0066f6b3          	and	a3,a3,t1
   1813c:	6321                	lui	t1,0x8
   1813e:	137d                	addi	t1,t1,-1 # 7fff <exit-0x8121>
   18140:	87ba                	mv	a5,a4
   18142:	00671663          	bne	a4,t1,1814e <__letf2+0x40>
   18146:	00c6e333          	or	t1,a3,a2
   1814a:	02031863          	bnez	t1,1817a <__letf2+0x6c>
   1814e:	4301                	li	t1,0
   18150:	00081663          	bnez	a6,1815c <__letf2+0x4e>
   18154:	00a8e333          	or	t1,a7,a0
   18158:	00133313          	seqz	t1,t1
   1815c:	eb29                	bnez	a4,181ae <__letf2+0xa0>
   1815e:	00c6eeb3          	or	t4,a3,a2
   18162:	02030063          	beqz	t1,18182 <__letf2+0x74>
   18166:	020e8263          	beqz	t4,1818a <__letf2+0x7c>
   1816a:	4785                	li	a5,1
   1816c:	000e1f63          	bnez	t3,1818a <__letf2+0x7c>
   18170:	57fd                	li	a5,-1
   18172:	a821                	j	1818a <__letf2+0x7c>
   18174:	00a8e7b3          	or	a5,a7,a0
   18178:	d3e1                	beqz	a5,18138 <__letf2+0x2a>
   1817a:	00186073          	csrsi	fflags,16
   1817e:	4789                	li	a5,2
   18180:	a029                	j	1818a <__letf2+0x7c>
   18182:	020e9863          	bnez	t4,181b2 <__letf2+0xa4>
   18186:	57fd                	li	a5,-1
   18188:	cd85                	beqz	a1,181c0 <__letf2+0xb2>
   1818a:	853e                	mv	a0,a5
   1818c:	8082                	ret
   1818e:	fce84ee3          	blt	a6,a4,1816a <__letf2+0x5c>
   18192:	ff16eae3          	bltu	a3,a7,18186 <__letf2+0x78>
   18196:	00a67463          	bgeu	a2,a0,1819e <__letf2+0x90>
   1819a:	fed886e3          	beq	a7,a3,18186 <__letf2+0x78>
   1819e:	00c56563          	bltu	a0,a2,181a8 <__letf2+0x9a>
   181a2:	4781                	li	a5,0
   181a4:	fed8f3e3          	bgeu	a7,a3,1818a <__letf2+0x7c>
   181a8:	4785                	li	a5,1
   181aa:	f1e5                	bnez	a1,1818a <__letf2+0x7c>
   181ac:	b7d1                	j	18170 <__letf2+0x62>
   181ae:	fa031ee3          	bnez	t1,1816a <__letf2+0x5c>
   181b2:	fcbe1ae3          	bne	t3,a1,18186 <__letf2+0x78>
   181b6:	fd075ce3          	bge	a4,a6,1818e <__letf2+0x80>
   181ba:	57fd                	li	a5,-1
   181bc:	fc0e17e3          	bnez	t3,1818a <__letf2+0x7c>
   181c0:	4785                	li	a5,1
   181c2:	b7e1                	j	1818a <__letf2+0x7c>

00000000000181c4 <__multf3>:
   181c4:	711d                	addi	sp,sp,-96
   181c6:	e8a2                	sd	s0,80(sp)
   181c8:	f852                	sd	s4,48(sp)
   181ca:	e862                	sd	s8,16(sp)
   181cc:	ec86                	sd	ra,88(sp)
   181ce:	e4a6                	sd	s1,72(sp)
   181d0:	e0ca                	sd	s2,64(sp)
   181d2:	fc4e                	sd	s3,56(sp)
   181d4:	f456                	sd	s5,40(sp)
   181d6:	f05a                	sd	s6,32(sp)
   181d8:	ec5e                	sd	s7,24(sp)
   181da:	e466                	sd	s9,8(sp)
   181dc:	842a                	mv	s0,a0
   181de:	8c32                	mv	s8,a2
   181e0:	8a36                	mv	s4,a3
   181e2:	002029f3          	frrm	s3
   181e6:	67a1                	lui	a5,0x8
   181e8:	0305db13          	srli	s6,a1,0x30
   181ec:	17fd                	addi	a5,a5,-1 # 7fff <exit-0x8121>
   181ee:	01059913          	slli	s2,a1,0x10
   181f2:	00fb7b33          	and	s6,s6,a5
   181f6:	2981                	sext.w	s3,s3
   181f8:	01095913          	srli	s2,s2,0x10
   181fc:	03f5da93          	srli	s5,a1,0x3f
   18200:	020b0563          	beqz	s6,1822a <__multf3+0x66>
   18204:	08fb0363          	beq	s6,a5,1828a <__multf3+0xc6>
   18208:	090e                	slli	s2,s2,0x3
   1820a:	03d55793          	srli	a5,a0,0x3d
   1820e:	0127e7b3          	or	a5,a5,s2
   18212:	4905                	li	s2,1
   18214:	194e                	slli	s2,s2,0x33
   18216:	0127e933          	or	s2,a5,s2
   1821a:	77f1                	lui	a5,0xffffc
   1821c:	0785                	addi	a5,a5,1 # ffffffffffffc001 <__BSS_END__+0xfffffffffffd83c9>
   1821e:	00351b93          	slli	s7,a0,0x3
   18222:	9b3e                	add	s6,s6,a5
   18224:	4c81                	li	s9,0
   18226:	4481                	li	s1,0
   18228:	a8b5                	j	182a4 <__multf3+0xe0>
   1822a:	01256bb3          	or	s7,a0,s2
   1822e:	0e0b8963          	beqz	s7,18320 <__multf3+0x15c>
   18232:	02090d63          	beqz	s2,1826c <__multf3+0xa8>
   18236:	854a                	mv	a0,s2
   18238:	7a5000ef          	jal	191dc <__clzdi2>
   1823c:	2501                	sext.w	a0,a0
   1823e:	ff150793          	addi	a5,a0,-15
   18242:	03d00713          	li	a4,61
   18246:	0037869b          	addiw	a3,a5,3
   1824a:	40f707bb          	subw	a5,a4,a5
   1824e:	00d91933          	sll	s2,s2,a3
   18252:	00f457b3          	srl	a5,s0,a5
   18256:	0127e7b3          	or	a5,a5,s2
   1825a:	00d41933          	sll	s2,s0,a3
   1825e:	7b71                	lui	s6,0xffffc
   18260:	0b45                	addi	s6,s6,17 # ffffffffffffc011 <__BSS_END__+0xfffffffffffd83d9>
   18262:	8bca                	mv	s7,s2
   18264:	40ab0b33          	sub	s6,s6,a0
   18268:	893e                	mv	s2,a5
   1826a:	bf6d                	j	18224 <__multf3+0x60>
   1826c:	771000ef          	jal	191dc <__clzdi2>
   18270:	0405051b          	addiw	a0,a0,64
   18274:	ff150793          	addi	a5,a0,-15
   18278:	03c00713          	li	a4,60
   1827c:	fcf753e3          	bge	a4,a5,18242 <__multf3+0x7e>
   18280:	fc37879b          	addiw	a5,a5,-61
   18284:	00f417b3          	sll	a5,s0,a5
   18288:	bfd9                	j	1825e <__multf3+0x9a>
   1828a:	01256bb3          	or	s7,a0,s2
   1828e:	080b8d63          	beqz	s7,18328 <__multf3+0x164>
   18292:	4485                	li	s1,1
   18294:	14be                	slli	s1,s1,0x2f
   18296:	009934b3          	sltu	s1,s2,s1
   1829a:	0044949b          	slliw	s1,s1,0x4
   1829e:	8baa                	mv	s7,a0
   182a0:	2b01                	sext.w	s6,s6
   182a2:	4c8d                	li	s9,3
   182a4:	56fd                	li	a3,-1
   182a6:	6621                	lui	a2,0x8
   182a8:	030a5713          	srli	a4,s4,0x30
   182ac:	9636                	add	a2,a2,a3
   182ae:	0106d413          	srli	s0,a3,0x10
   182b2:	8f71                	and	a4,a4,a2
   182b4:	008a7433          	and	s0,s4,s0
   182b8:	87e2                	mv	a5,s8
   182ba:	03fa5a13          	srli	s4,s4,0x3f
   182be:	cb2d                	beqz	a4,18330 <__multf3+0x16c>
   182c0:	0cc70663          	beq	a4,a2,1838c <__multf3+0x1c8>
   182c4:	040e                	slli	s0,s0,0x3
   182c6:	03dc5693          	srli	a3,s8,0x3d
   182ca:	8ec1                	or	a3,a3,s0
   182cc:	4405                	li	s0,1
   182ce:	144e                	slli	s0,s0,0x33
   182d0:	8c55                	or	s0,s0,a3
   182d2:	76f1                	lui	a3,0xffffc
   182d4:	0685                	addi	a3,a3,1 # ffffffffffffc001 <__BSS_END__+0xfffffffffffd83c9>
   182d6:	003c1793          	slli	a5,s8,0x3
   182da:	9736                	add	a4,a4,a3
   182dc:	4881                	li	a7,0
   182de:	002c9693          	slli	a3,s9,0x2
   182e2:	01670833          	add	a6,a4,s6
   182e6:	0116e6b3          	or	a3,a3,a7
   182ea:	4729                	li	a4,10
   182ec:	00180593          	addi	a1,a6,1
   182f0:	0cd74f63          	blt	a4,a3,183ce <__multf3+0x20a>
   182f4:	4509                	li	a0,2
   182f6:	014ac633          	xor	a2,s5,s4
   182fa:	4705                	li	a4,1
   182fc:	0ad54b63          	blt	a0,a3,183b2 <__multf3+0x1ee>
   18300:	16fd                	addi	a3,a3,-1
   18302:	0ed76063          	bltu	a4,a3,183e2 <__multf3+0x21e>
   18306:	8cc6                	mv	s9,a7
   18308:	4709                	li	a4,2
   1830a:	4cec8263          	beq	s9,a4,187ce <__multf3+0x60a>
   1830e:	468d                	li	a3,3
   18310:	4705                	li	a4,1
   18312:	4adc8863          	beq	s9,a3,187c2 <__multf3+0x5fe>
   18316:	26ec9763          	bne	s9,a4,18584 <__multf3+0x3c0>
   1831a:	4701                	li	a4,0
   1831c:	4501                	li	a0,0
   1831e:	a151                	j	187a2 <__multf3+0x5de>
   18320:	4901                	li	s2,0
   18322:	4b01                	li	s6,0
   18324:	4c85                	li	s9,1
   18326:	b701                	j	18226 <__multf3+0x62>
   18328:	4901                	li	s2,0
   1832a:	2b01                	sext.w	s6,s6
   1832c:	4c89                	li	s9,2
   1832e:	bde5                	j	18226 <__multf3+0x62>
   18330:	008c67b3          	or	a5,s8,s0
   18334:	c7b5                	beqz	a5,183a0 <__multf3+0x1dc>
   18336:	c81d                	beqz	s0,1836c <__multf3+0x1a8>
   18338:	8522                	mv	a0,s0
   1833a:	6a3000ef          	jal	191dc <__clzdi2>
   1833e:	2501                	sext.w	a0,a0
   18340:	ff150793          	addi	a5,a0,-15
   18344:	03d00713          	li	a4,61
   18348:	0037861b          	addiw	a2,a5,3
   1834c:	40f707bb          	subw	a5,a4,a5
   18350:	00c41433          	sll	s0,s0,a2
   18354:	00fc57b3          	srl	a5,s8,a5
   18358:	0087e6b3          	or	a3,a5,s0
   1835c:	00cc1433          	sll	s0,s8,a2
   18360:	7771                	lui	a4,0xffffc
   18362:	0745                	addi	a4,a4,17 # ffffffffffffc011 <__BSS_END__+0xfffffffffffd83d9>
   18364:	87a2                	mv	a5,s0
   18366:	8f09                	sub	a4,a4,a0
   18368:	8436                	mv	s0,a3
   1836a:	bf8d                	j	182dc <__multf3+0x118>
   1836c:	8562                	mv	a0,s8
   1836e:	66f000ef          	jal	191dc <__clzdi2>
   18372:	0405051b          	addiw	a0,a0,64
   18376:	ff150793          	addi	a5,a0,-15
   1837a:	03c00713          	li	a4,60
   1837e:	fcf753e3          	bge	a4,a5,18344 <__multf3+0x180>
   18382:	fc37879b          	addiw	a5,a5,-61
   18386:	00fc16b3          	sll	a3,s8,a5
   1838a:	bfd9                	j	18360 <__multf3+0x19c>
   1838c:	008c6633          	or	a2,s8,s0
   18390:	ce01                	beqz	a2,183a8 <__multf3+0x1e4>
   18392:	82c5                	srli	a3,a3,0x11
   18394:	2701                	sext.w	a4,a4
   18396:	488d                	li	a7,3
   18398:	f486e3e3          	bltu	a3,s0,182de <__multf3+0x11a>
   1839c:	44c1                	li	s1,16
   1839e:	b781                	j	182de <__multf3+0x11a>
   183a0:	4401                	li	s0,0
   183a2:	4701                	li	a4,0
   183a4:	4885                	li	a7,1
   183a6:	bf25                	j	182de <__multf3+0x11a>
   183a8:	4401                	li	s0,0
   183aa:	4781                	li	a5,0
   183ac:	2701                	sext.w	a4,a4
   183ae:	4889                	li	a7,2
   183b0:	b73d                	j	182de <__multf3+0x11a>
   183b2:	00d716b3          	sll	a3,a4,a3
   183b6:	5306f513          	andi	a0,a3,1328
   183ba:	e10d                	bnez	a0,183dc <__multf3+0x218>
   183bc:	2406f313          	andi	t1,a3,576
   183c0:	3e031a63          	bnez	t1,187b4 <__multf3+0x5f0>
   183c4:	0886f693          	andi	a3,a3,136
   183c8:	ce89                	beqz	a3,183e2 <__multf3+0x21e>
   183ca:	8652                	mv	a2,s4
   183cc:	bf2d                	j	18306 <__multf3+0x142>
   183ce:	473d                	li	a4,15
   183d0:	3ee68863          	beq	a3,a4,187c0 <__multf3+0x5fc>
   183d4:	472d                	li	a4,11
   183d6:	8656                	mv	a2,s5
   183d8:	fee689e3          	beq	a3,a4,183ca <__multf3+0x206>
   183dc:	844a                	mv	s0,s2
   183de:	87de                	mv	a5,s7
   183e0:	b725                	j	18308 <__multf3+0x144>
   183e2:	008786b3          	add	a3,a5,s0
   183e6:	020bd513          	srli	a0,s7,0x20
   183ea:	0207d893          	srli	a7,a5,0x20
   183ee:	01790733          	add	a4,s2,s7
   183f2:	00f6bfb3          	sltu	t6,a3,a5
   183f6:	1b82                	slli	s7,s7,0x20
   183f8:	1782                	slli	a5,a5,0x20
   183fa:	020bdb93          	srli	s7,s7,0x20
   183fe:	9381                	srli	a5,a5,0x20
   18400:	03778eb3          	mul	t4,a5,s7
   18404:	01273f33          	sltu	t5,a4,s2
   18408:	02f507b3          	mul	a5,a0,a5
   1840c:	03150533          	mul	a0,a0,a7
   18410:	037888b3          	mul	a7,a7,s7
   18414:	00f88333          	add	t1,a7,a5
   18418:	020ed893          	srli	a7,t4,0x20
   1841c:	989a                	add	a7,a7,t1
   1841e:	00f8f563          	bgeu	a7,a5,18428 <__multf3+0x264>
   18422:	4785                	li	a5,1
   18424:	1782                	slli	a5,a5,0x20
   18426:	953e                	add	a0,a0,a5
   18428:	0208de13          	srli	t3,a7,0x20
   1842c:	9e2a                	add	t3,t3,a0
   1842e:	1e82                	slli	t4,t4,0x20
   18430:	02071313          	slli	t1,a4,0x20
   18434:	02069513          	slli	a0,a3,0x20
   18438:	02035313          	srli	t1,t1,0x20
   1843c:	020ede93          	srli	t4,t4,0x20
   18440:	02075293          	srli	t0,a4,0x20
   18444:	0206d793          	srli	a5,a3,0x20
   18448:	9101                	srli	a0,a0,0x20
   1844a:	1882                	slli	a7,a7,0x20
   1844c:	98f6                	add	a7,a7,t4
   1844e:	02650eb3          	mul	t4,a0,t1
   18452:	02a28533          	mul	a0,t0,a0
   18456:	02f282b3          	mul	t0,t0,a5
   1845a:	026787b3          	mul	a5,a5,t1
   1845e:	020ed313          	srli	t1,t4,0x20
   18462:	97aa                	add	a5,a5,a0
   18464:	933e                	add	t1,t1,a5
   18466:	00a37563          	bgeu	t1,a0,18470 <__multf3+0x2ac>
   1846a:	4785                	li	a5,1
   1846c:	1782                	slli	a5,a5,0x20
   1846e:	92be                	add	t0,t0,a5
   18470:	02095393          	srli	t2,s2,0x20
   18474:	02045793          	srli	a5,s0,0x20
   18478:	1902                	slli	s2,s2,0x20
   1847a:	1402                	slli	s0,s0,0x20
   1847c:	02095913          	srli	s2,s2,0x20
   18480:	9001                	srli	s0,s0,0x20
   18482:	03240a33          	mul	s4,s0,s2
   18486:	1e82                	slli	t4,t4,0x20
   18488:	020ede93          	srli	t4,t4,0x20
   1848c:	02035513          	srli	a0,t1,0x20
   18490:	1302                	slli	t1,t1,0x20
   18492:	9376                	add	t1,t1,t4
   18494:	02838433          	mul	s0,t2,s0
   18498:	02f383b3          	mul	t2,t2,a5
   1849c:	032787b3          	mul	a5,a5,s2
   184a0:	00878eb3          	add	t4,a5,s0
   184a4:	020a5793          	srli	a5,s4,0x20
   184a8:	97f6                	add	a5,a5,t4
   184aa:	0087f563          	bgeu	a5,s0,184b4 <__multf3+0x2f0>
   184ae:	4e85                	li	t4,1
   184b0:	1e82                	slli	t4,t4,0x20
   184b2:	93f6                	add	t2,t2,t4
   184b4:	0207de93          	srli	t4,a5,0x20
   184b8:	9e9e                	add	t4,t4,t2
   184ba:	020a1393          	slli	t2,s4,0x20
   184be:	0203d393          	srli	t2,t2,0x20
   184c2:	1782                	slli	a5,a5,0x20
   184c4:	979e                	add	a5,a5,t2
   184c6:	41f003b3          	neg	t2,t6
   184ca:	00777733          	and	a4,a4,t2
   184ce:	41e003b3          	neg	t2,t5
   184d2:	0076f6b3          	and	a3,a3,t2
   184d6:	01c303b3          	add	t2,t1,t3
   184da:	0063b333          	sltu	t1,t2,t1
   184de:	951a                	add	a0,a0,t1
   184e0:	9516                	add	a0,a0,t0
   184e2:	01ff7f33          	and	t5,t5,t6
   184e6:	00653333          	sltu	t1,a0,t1
   184ea:	972a                	add	a4,a4,a0
   184ec:	937a                	add	t1,t1,t5
   184ee:	00a73533          	sltu	a0,a4,a0
   184f2:	9736                	add	a4,a4,a3
   184f4:	951a                	add	a0,a0,t1
   184f6:	00d736b3          	sltu	a3,a4,a3
   184fa:	41c70fb3          	sub	t6,a4,t3
   184fe:	96aa                	add	a3,a3,a0
   18500:	40ee0e33          	sub	t3,t3,a4
   18504:	41138533          	sub	a0,t2,a7
   18508:	00a3b333          	sltu	t1,t2,a0
   1850c:	001e3e13          	seqz	t3,t3
   18510:	406f8f33          	sub	t5,t6,t1
   18514:	01f73733          	sltu	a4,a4,t6
   18518:	01c37333          	and	t1,t1,t3
   1851c:	00676733          	or	a4,a4,t1
   18520:	40f50333          	sub	t1,a0,a5
   18524:	00653533          	sltu	a0,a0,t1
   18528:	41df0fb3          	sub	t6,t5,t4
   1852c:	40a78e33          	sub	t3,a5,a0
   18530:	9e7e                	add	t3,t3,t6
   18532:	8e99                	sub	a3,a3,a4
   18534:	00fe3733          	sltu	a4,t3,a5
   18538:	001fb793          	seqz	a5,t6
   1853c:	96f6                	add	a3,a3,t4
   1853e:	8d7d                	and	a0,a0,a5
   18540:	01ff37b3          	sltu	a5,t5,t6
   18544:	9736                	add	a4,a4,a3
   18546:	8fc9                	or	a5,a5,a0
   18548:	8f1d                	sub	a4,a4,a5
   1854a:	00d31793          	slli	a5,t1,0xd
   1854e:	0117e7b3          	or	a5,a5,a7
   18552:	00f037b3          	snez	a5,a5
   18556:	03335313          	srli	t1,t1,0x33
   1855a:	0736                	slli	a4,a4,0xd
   1855c:	00de1693          	slli	a3,t3,0xd
   18560:	0067e7b3          	or	a5,a5,t1
   18564:	033e5413          	srli	s0,t3,0x33
   18568:	8fd5                	or	a5,a5,a3
   1856a:	00b71693          	slli	a3,a4,0xb
   1856e:	8c59                	or	s0,s0,a4
   18570:	0406d963          	bgez	a3,185c2 <__multf3+0x3fe>
   18574:	0017d713          	srli	a4,a5,0x1
   18578:	8b85                	andi	a5,a5,1
   1857a:	8f5d                	or	a4,a4,a5
   1857c:	03f41793          	slli	a5,s0,0x3f
   18580:	8fd9                	or	a5,a5,a4
   18582:	8005                	srli	s0,s0,0x1
   18584:	6691                	lui	a3,0x4
   18586:	16fd                	addi	a3,a3,-1 # 3fff <exit-0xc121>
   18588:	96ae                	add	a3,a3,a1
   1858a:	0cd05663          	blez	a3,18656 <__multf3+0x492>
   1858e:	0077f713          	andi	a4,a5,7
   18592:	cf1d                	beqz	a4,185d0 <__multf3+0x40c>
   18594:	0014e493          	ori	s1,s1,1
   18598:	4709                	li	a4,2
   1859a:	2481                	sext.w	s1,s1
   1859c:	02e98963          	beq	s3,a4,185ce <__multf3+0x40a>
   185a0:	470d                	li	a4,3
   185a2:	02e98263          	beq	s3,a4,185c6 <__multf3+0x402>
   185a6:	02099563          	bnez	s3,185d0 <__multf3+0x40c>
   185aa:	00f7f713          	andi	a4,a5,15
   185ae:	4511                	li	a0,4
   185b0:	02a70063          	beq	a4,a0,185d0 <__multf3+0x40c>
   185b4:	00a78733          	add	a4,a5,a0
   185b8:	00f73533          	sltu	a0,a4,a5
   185bc:	942a                	add	s0,s0,a0
   185be:	87ba                	mv	a5,a4
   185c0:	a801                	j	185d0 <__multf3+0x40c>
   185c2:	85c2                	mv	a1,a6
   185c4:	b7c1                	j	18584 <__multf3+0x3c0>
   185c6:	e609                	bnez	a2,185d0 <__multf3+0x40c>
   185c8:	00878713          	addi	a4,a5,8
   185cc:	b7f5                	j	185b8 <__multf3+0x3f4>
   185ce:	fe6d                	bnez	a2,185c8 <__multf3+0x404>
   185d0:	00b41713          	slli	a4,s0,0xb
   185d4:	00075863          	bgez	a4,185e4 <__multf3+0x420>
   185d8:	577d                	li	a4,-1
   185da:	1752                	slli	a4,a4,0x34
   185dc:	177d                	addi	a4,a4,-1
   185de:	6691                	lui	a3,0x4
   185e0:	8c79                	and	s0,s0,a4
   185e2:	96ae                	add	a3,a3,a1
   185e4:	65a1                	lui	a1,0x8
   185e6:	ffe58713          	addi	a4,a1,-2 # 7ffe <exit-0x8122>
   185ea:	04d74063          	blt	a4,a3,1862a <__multf3+0x466>
   185ee:	838d                	srli	a5,a5,0x3
   185f0:	03d41513          	slli	a0,s0,0x3d
   185f4:	8d5d                	or	a0,a0,a5
   185f6:	00345713          	srli	a4,s0,0x3
   185fa:	00f6161b          	slliw	a2,a2,0xf
   185fe:	01071593          	slli	a1,a4,0x10
   18602:	8e55                	or	a2,a2,a3
   18604:	1642                	slli	a2,a2,0x30
   18606:	81c1                	srli	a1,a1,0x10
   18608:	8dd1                	or	a1,a1,a2
   1860a:	c099                	beqz	s1,18610 <__multf3+0x44c>
   1860c:	0014a073          	csrs	fflags,s1
   18610:	60e6                	ld	ra,88(sp)
   18612:	6446                	ld	s0,80(sp)
   18614:	64a6                	ld	s1,72(sp)
   18616:	6906                	ld	s2,64(sp)
   18618:	79e2                	ld	s3,56(sp)
   1861a:	7a42                	ld	s4,48(sp)
   1861c:	7aa2                	ld	s5,40(sp)
   1861e:	7b02                	ld	s6,32(sp)
   18620:	6be2                	ld	s7,24(sp)
   18622:	6c42                	ld	s8,16(sp)
   18624:	6ca2                	ld	s9,8(sp)
   18626:	6125                	addi	sp,sp,96
   18628:	8082                	ret
   1862a:	4789                	li	a5,2
   1862c:	02f98363          	beq	s3,a5,18652 <__multf3+0x48e>
   18630:	478d                	li	a5,3
   18632:	00f98863          	beq	s3,a5,18642 <__multf3+0x47e>
   18636:	00099763          	bnez	s3,18644 <__multf3+0x480>
   1863a:	4501                	li	a0,0
   1863c:	fff58693          	addi	a3,a1,-1
   18640:	a021                	j	18648 <__multf3+0x484>
   18642:	de65                	beqz	a2,1863a <__multf3+0x476>
   18644:	557d                	li	a0,-1
   18646:	86ba                	mv	a3,a4
   18648:	0054e493          	ori	s1,s1,5
   1864c:	2481                	sext.w	s1,s1
   1864e:	872a                	mv	a4,a0
   18650:	b76d                	j	185fa <__multf3+0x436>
   18652:	f665                	bnez	a2,1863a <__multf3+0x476>
   18654:	bfc5                	j	18644 <__multf3+0x480>
   18656:	e2cd                	bnez	a3,186f8 <__multf3+0x534>
   18658:	0077f693          	andi	a3,a5,7
   1865c:	8722                	mv	a4,s0
   1865e:	ce85                	beqz	a3,18696 <__multf3+0x4d2>
   18660:	0014e493          	ori	s1,s1,1
   18664:	4689                	li	a3,2
   18666:	2481                	sext.w	s1,s1
   18668:	02d98663          	beq	s3,a3,18694 <__multf3+0x4d0>
   1866c:	468d                	li	a3,3
   1866e:	00d98f63          	beq	s3,a3,1868c <__multf3+0x4c8>
   18672:	02099263          	bnez	s3,18696 <__multf3+0x4d2>
   18676:	00f7f693          	andi	a3,a5,15
   1867a:	4591                	li	a1,4
   1867c:	00b68d63          	beq	a3,a1,18696 <__multf3+0x4d2>
   18680:	ffc7b713          	sltiu	a4,a5,-4
   18684:	00173713          	seqz	a4,a4
   18688:	9722                	add	a4,a4,s0
   1868a:	a031                	j	18696 <__multf3+0x4d2>
   1868c:	e609                	bnez	a2,18696 <__multf3+0x4d2>
   1868e:	ff87b713          	sltiu	a4,a5,-8
   18692:	bfcd                	j	18684 <__multf3+0x4c0>
   18694:	fe6d                	bnez	a2,1868e <__multf3+0x4ca>
   18696:	03475593          	srli	a1,a4,0x34
   1869a:	8985                	andi	a1,a1,1
   1869c:	0015c593          	xori	a1,a1,1
   186a0:	4705                	li	a4,1
   186a2:	04000513          	li	a0,64
   186a6:	9d19                	subw	a0,a0,a4
   186a8:	00e7d833          	srl	a6,a5,a4
   186ac:	00a416b3          	sll	a3,s0,a0
   186b0:	00a79533          	sll	a0,a5,a0
   186b4:	0106e6b3          	or	a3,a3,a6
   186b8:	00a03533          	snez	a0,a0
   186bc:	00a6e7b3          	or	a5,a3,a0
   186c0:	00e45733          	srl	a4,s0,a4
   186c4:	0077f693          	andi	a3,a5,7
   186c8:	ceb5                	beqz	a3,18744 <__multf3+0x580>
   186ca:	0014e493          	ori	s1,s1,1
   186ce:	4689                	li	a3,2
   186d0:	2481                	sext.w	s1,s1
   186d2:	06d98863          	beq	s3,a3,18742 <__multf3+0x57e>
   186d6:	468d                	li	a3,3
   186d8:	06d98163          	beq	s3,a3,1873a <__multf3+0x576>
   186dc:	06099463          	bnez	s3,18744 <__multf3+0x580>
   186e0:	00f7f693          	andi	a3,a5,15
   186e4:	4511                	li	a0,4
   186e6:	04a68f63          	beq	a3,a0,18744 <__multf3+0x580>
   186ea:	00a786b3          	add	a3,a5,a0
   186ee:	00f6b533          	sltu	a0,a3,a5
   186f2:	972a                	add	a4,a4,a0
   186f4:	87b6                	mv	a5,a3
   186f6:	a0b9                	j	18744 <__multf3+0x580>
   186f8:	f8d00713          	li	a4,-115
   186fc:	06e6cf63          	blt	a3,a4,1877a <__multf3+0x5b6>
   18700:	4585                	li	a1,1
   18702:	fc200513          	li	a0,-62
   18706:	40d58733          	sub	a4,a1,a3
   1870a:	f8a6dce3          	bge	a3,a0,186a2 <__multf3+0x4de>
   1870e:	fc07059b          	addiw	a1,a4,-64
   18712:	fc100813          	li	a6,-63
   18716:	00b455b3          	srl	a1,s0,a1
   1871a:	4501                	li	a0,0
   1871c:	01068763          	beq	a3,a6,1872a <__multf3+0x566>
   18720:	08000513          	li	a0,128
   18724:	9d19                	subw	a0,a0,a4
   18726:	00a41533          	sll	a0,s0,a0
   1872a:	8d5d                	or	a0,a0,a5
   1872c:	00a03533          	snez	a0,a0
   18730:	00a5e7b3          	or	a5,a1,a0
   18734:	4701                	li	a4,0
   18736:	4585                	li	a1,1
   18738:	b771                	j	186c4 <__multf3+0x500>
   1873a:	e609                	bnez	a2,18744 <__multf3+0x580>
   1873c:	00878693          	addi	a3,a5,8
   18740:	b77d                	j	186ee <__multf3+0x52a>
   18742:	fe6d                	bnez	a2,1873c <__multf3+0x578>
   18744:	00c71693          	slli	a3,a4,0xc
   18748:	0206d263          	bgez	a3,1876c <__multf3+0x5a8>
   1874c:	0014e493          	ori	s1,s1,1
   18750:	2481                	sext.w	s1,s1
   18752:	4701                	li	a4,0
   18754:	4501                	li	a0,0
   18756:	4685                	li	a3,1
   18758:	ea0581e3          	beqz	a1,185fa <__multf3+0x436>
   1875c:	0014f793          	andi	a5,s1,1
   18760:	0017979b          	slliw	a5,a5,0x1
   18764:	8fc5                	or	a5,a5,s1
   18766:	0007849b          	sext.w	s1,a5
   1876a:	bd41                	j	185fa <__multf3+0x436>
   1876c:	03d71513          	slli	a0,a4,0x3d
   18770:	838d                	srli	a5,a5,0x3
   18772:	8d5d                	or	a0,a0,a5
   18774:	830d                	srli	a4,a4,0x3
   18776:	4681                	li	a3,0
   18778:	b7c5                	j	18758 <__multf3+0x594>
   1877a:	00f46533          	or	a0,s0,a5
   1877e:	cd11                	beqz	a0,1879a <__multf3+0x5d6>
   18780:	4789                	li	a5,2
   18782:	0014e493          	ori	s1,s1,1
   18786:	02f98463          	beq	s3,a5,187ae <__multf3+0x5ea>
   1878a:	478d                	li	a5,3
   1878c:	00f98d63          	beq	s3,a5,187a6 <__multf3+0x5e2>
   18790:	4505                	li	a0,1
   18792:	00099363          	bnez	s3,18798 <__multf3+0x5d4>
   18796:	4515                	li	a0,5
   18798:	810d                	srli	a0,a0,0x3
   1879a:	0024e493          	ori	s1,s1,2
   1879e:	2481                	sext.w	s1,s1
   187a0:	4701                	li	a4,0
   187a2:	4681                	li	a3,0
   187a4:	bd99                	j	185fa <__multf3+0x436>
   187a6:	4525                	li	a0,9
   187a8:	da65                	beqz	a2,18798 <__multf3+0x5d4>
   187aa:	4505                	li	a0,1
   187ac:	b7f5                	j	18798 <__multf3+0x5d4>
   187ae:	4525                	li	a0,9
   187b0:	f665                	bnez	a2,18798 <__multf3+0x5d4>
   187b2:	bfe5                	j	187aa <__multf3+0x5e6>
   187b4:	66a1                	lui	a3,0x8
   187b6:	173e                	slli	a4,a4,0x2f
   187b8:	16fd                	addi	a3,a3,-1 # 7fff <exit-0x8121>
   187ba:	4601                	li	a2,0
   187bc:	44c1                	li	s1,16
   187be:	bd35                	j	185fa <__multf3+0x436>
   187c0:	4705                	li	a4,1
   187c2:	66a1                	lui	a3,0x8
   187c4:	173e                	slli	a4,a4,0x2f
   187c6:	4501                	li	a0,0
   187c8:	16fd                	addi	a3,a3,-1 # 7fff <exit-0x8121>
   187ca:	4601                	li	a2,0
   187cc:	b53d                	j	185fa <__multf3+0x436>
   187ce:	66a1                	lui	a3,0x8
   187d0:	4701                	li	a4,0
   187d2:	4501                	li	a0,0
   187d4:	16fd                	addi	a3,a3,-1 # 7fff <exit-0x8121>
   187d6:	b515                	j	185fa <__multf3+0x436>

00000000000187d8 <__subtf3>:
   187d8:	7179                	addi	sp,sp,-48
   187da:	f406                	sd	ra,40(sp)
   187dc:	f022                	sd	s0,32(sp)
   187de:	ec26                	sd	s1,24(sp)
   187e0:	e84a                	sd	s2,16(sp)
   187e2:	e44e                	sd	s3,8(sp)
   187e4:	e052                	sd	s4,0(sp)
   187e6:	002029f3          	frrm	s3
   187ea:	577d                	li	a4,-1
   187ec:	8341                	srli	a4,a4,0x10
   187ee:	0305d813          	srli	a6,a1,0x30
   187f2:	03f5d913          	srli	s2,a1,0x3f
   187f6:	8df9                	and	a1,a1,a4
   187f8:	058e                	slli	a1,a1,0x3
   187fa:	03d55313          	srli	t1,a0,0x3d
   187fe:	67a1                	lui	a5,0x8
   18800:	17fd                	addi	a5,a5,-1 # 7fff <exit-0x8121>
   18802:	0306de93          	srli	t4,a3,0x30
   18806:	00b36333          	or	t1,t1,a1
   1880a:	03f6d593          	srli	a1,a3,0x3f
   1880e:	8ef9                	and	a3,a3,a4
   18810:	03d65e13          	srli	t3,a2,0x3d
   18814:	00f87833          	and	a6,a6,a5
   18818:	068e                	slli	a3,a3,0x3
   1881a:	00fefeb3          	and	t4,t4,a5
   1881e:	2981                	sext.w	s3,s3
   18820:	84c2                	mv	s1,a6
   18822:	050e                	slli	a0,a0,0x3
   18824:	00de6e33          	or	t3,t3,a3
   18828:	060e                	slli	a2,a2,0x3
   1882a:	00fe9563          	bne	t4,a5,18834 <__subtf3+0x5c>
   1882e:	00ce67b3          	or	a5,t3,a2
   18832:	e399                	bnez	a5,18838 <__subtf3+0x60>
   18834:	0015c593          	xori	a1,a1,1
   18838:	68a1                	lui	a7,0x8
   1883a:	41d807bb          	subw	a5,a6,t4
   1883e:	18fd                	addi	a7,a7,-1 # 7fff <exit-0x8121>
   18840:	33259963          	bne	a1,s2,18b72 <__subtf3+0x39a>
   18844:	0ef05a63          	blez	a5,18938 <__subtf3+0x160>
   18848:	060e9a63          	bnez	t4,188bc <__subtf3+0xe4>
   1884c:	00ce6733          	or	a4,t3,a2
   18850:	e711                	bnez	a4,1885c <__subtf3+0x84>
   18852:	862a                	mv	a2,a0
   18854:	05180763          	beq	a6,a7,188a2 <__subtf3+0xca>
   18858:	4781                	li	a5,0
   1885a:	a2dd                	j	18a40 <__subtf3+0x268>
   1885c:	37fd                	addiw	a5,a5,-1
   1885e:	e3a1                	bnez	a5,1889e <__subtf3+0xc6>
   18860:	962a                	add	a2,a2,a0
   18862:	9e1a                	add	t3,t3,t1
   18864:	00a63533          	sltu	a0,a2,a0
   18868:	00ae0333          	add	t1,t3,a0
   1886c:	00c31793          	slli	a5,t1,0xc
   18870:	0207d563          	bgez	a5,1889a <__subtf3+0xc2>
   18874:	67a1                	lui	a5,0x8
   18876:	0485                	addi	s1,s1,1
   18878:	17fd                	addi	a5,a5,-1 # 7fff <exit-0x8121>
   1887a:	2cf48863          	beq	s1,a5,18b4a <__subtf3+0x372>
   1887e:	57fd                	li	a5,-1
   18880:	17ce                	slli	a5,a5,0x33
   18882:	17fd                	addi	a5,a5,-1
   18884:	00f377b3          	and	a5,t1,a5
   18888:	00165713          	srli	a4,a2,0x1
   1888c:	8a05                	andi	a2,a2,1
   1888e:	8f51                	or	a4,a4,a2
   18890:	03f79613          	slli	a2,a5,0x3f
   18894:	8e59                	or	a2,a2,a4
   18896:	0017d313          	srli	t1,a5,0x1
   1889a:	4781                	li	a5,0
   1889c:	aca1                	j	18af4 <__subtf3+0x31c>
   1889e:	03181563          	bne	a6,a7,188c8 <__subtf3+0xf0>
   188a2:	00a36633          	or	a2,t1,a0
   188a6:	70060063          	beqz	a2,18fa6 <__subtf3+0x7ce>
   188aa:	03235793          	srli	a5,t1,0x32
   188ae:	8b85                	andi	a5,a5,1
   188b0:	0017c793          	xori	a5,a5,1
   188b4:	0047979b          	slliw	a5,a5,0x4
   188b8:	862a                	mv	a2,a0
   188ba:	a259                	j	18a40 <__subtf3+0x268>
   188bc:	ff1803e3          	beq	a6,a7,188a2 <__subtf3+0xca>
   188c0:	4705                	li	a4,1
   188c2:	174e                	slli	a4,a4,0x33
   188c4:	00ee6e33          	or	t3,t3,a4
   188c8:	07400713          	li	a4,116
   188cc:	06f74163          	blt	a4,a5,1892e <__subtf3+0x156>
   188d0:	03f00713          	li	a4,63
   188d4:	02f74963          	blt	a4,a5,18906 <__subtf3+0x12e>
   188d8:	04000693          	li	a3,64
   188dc:	9e9d                	subw	a3,a3,a5
   188de:	00de1733          	sll	a4,t3,a3
   188e2:	00f655b3          	srl	a1,a2,a5
   188e6:	00d616b3          	sll	a3,a2,a3
   188ea:	8f4d                	or	a4,a4,a1
   188ec:	00d036b3          	snez	a3,a3
   188f0:	8f55                	or	a4,a4,a3
   188f2:	00fe57b3          	srl	a5,t3,a5
   188f6:	00a70633          	add	a2,a4,a0
   188fa:	979a                	add	a5,a5,t1
   188fc:	00e63733          	sltu	a4,a2,a4
   18900:	00e78333          	add	t1,a5,a4
   18904:	b7a5                	j	1886c <__subtf3+0x94>
   18906:	fc07871b          	addiw	a4,a5,-64
   1890a:	04000593          	li	a1,64
   1890e:	00ee5733          	srl	a4,t3,a4
   18912:	4681                	li	a3,0
   18914:	00b78763          	beq	a5,a1,18922 <__subtf3+0x14a>
   18918:	08000693          	li	a3,128
   1891c:	9e9d                	subw	a3,a3,a5
   1891e:	00de16b3          	sll	a3,t3,a3
   18922:	8ed1                	or	a3,a3,a2
   18924:	00d036b3          	snez	a3,a3
   18928:	8f55                	or	a4,a4,a3
   1892a:	4781                	li	a5,0
   1892c:	b7e9                	j	188f6 <__subtf3+0x11e>
   1892e:	00ce6733          	or	a4,t3,a2
   18932:	00e03733          	snez	a4,a4
   18936:	bfd5                	j	1892a <__subtf3+0x152>
   18938:	c7e1                	beqz	a5,18a00 <__subtf3+0x228>
   1893a:	08081163          	bnez	a6,189bc <__subtf3+0x1e4>
   1893e:	00a36733          	or	a4,t1,a0
   18942:	e30d                	bnez	a4,18964 <__subtf3+0x18c>
   18944:	671e9363          	bne	t4,a7,18faa <__subtf3+0x7d2>
   18948:	00ce6333          	or	t1,t3,a2
   1894c:	66030363          	beqz	t1,18fb2 <__subtf3+0x7da>
   18950:	032e5793          	srli	a5,t3,0x32
   18954:	8b85                	andi	a5,a5,1
   18956:	0017c793          	xori	a5,a5,1
   1895a:	0047979b          	slliw	a5,a5,0x4
   1895e:	8372                	mv	t1,t3
   18960:	84f6                	mv	s1,t4
   18962:	a8f9                	j	18a40 <__subtf3+0x268>
   18964:	fff7c793          	not	a5,a5
   18968:	2781                	sext.w	a5,a5
   1896a:	eb89                	bnez	a5,1897c <__subtf3+0x1a4>
   1896c:	962a                	add	a2,a2,a0
   1896e:	9e1a                	add	t3,t3,t1
   18970:	00a63533          	sltu	a0,a2,a0
   18974:	00ae0333          	add	t1,t3,a0
   18978:	84f6                	mv	s1,t4
   1897a:	bdcd                	j	1886c <__subtf3+0x94>
   1897c:	fd1e86e3          	beq	t4,a7,18948 <__subtf3+0x170>
   18980:	07400713          	li	a4,116
   18984:	06f74963          	blt	a4,a5,189f6 <__subtf3+0x21e>
   18988:	03f00713          	li	a4,63
   1898c:	04f74163          	blt	a4,a5,189ce <__subtf3+0x1f6>
   18990:	04000693          	li	a3,64
   18994:	9e9d                	subw	a3,a3,a5
   18996:	00d31733          	sll	a4,t1,a3
   1899a:	00f555b3          	srl	a1,a0,a5
   1899e:	00d516b3          	sll	a3,a0,a3
   189a2:	8f4d                	or	a4,a4,a1
   189a4:	00d036b3          	snez	a3,a3
   189a8:	8f55                	or	a4,a4,a3
   189aa:	00f357b3          	srl	a5,t1,a5
   189ae:	963a                	add	a2,a2,a4
   189b0:	97f2                	add	a5,a5,t3
   189b2:	00e63733          	sltu	a4,a2,a4
   189b6:	00e78333          	add	t1,a5,a4
   189ba:	bf7d                	j	18978 <__subtf3+0x1a0>
   189bc:	f91e86e3          	beq	t4,a7,18948 <__subtf3+0x170>
   189c0:	4705                	li	a4,1
   189c2:	174e                	slli	a4,a4,0x33
   189c4:	40f007bb          	negw	a5,a5
   189c8:	00e36333          	or	t1,t1,a4
   189cc:	bf55                	j	18980 <__subtf3+0x1a8>
   189ce:	fc07871b          	addiw	a4,a5,-64
   189d2:	04000593          	li	a1,64
   189d6:	00e35733          	srl	a4,t1,a4
   189da:	4681                	li	a3,0
   189dc:	00b78763          	beq	a5,a1,189ea <__subtf3+0x212>
   189e0:	08000693          	li	a3,128
   189e4:	9e9d                	subw	a3,a3,a5
   189e6:	00d316b3          	sll	a3,t1,a3
   189ea:	8ec9                	or	a3,a3,a0
   189ec:	00d036b3          	snez	a3,a3
   189f0:	8f55                	or	a4,a4,a3
   189f2:	4781                	li	a5,0
   189f4:	bf6d                	j	189ae <__subtf3+0x1d6>
   189f6:	00a36733          	or	a4,t1,a0
   189fa:	00e03733          	snez	a4,a4
   189fe:	bfd5                	j	189f2 <__subtf3+0x21a>
   18a00:	00180713          	addi	a4,a6,1
   18a04:	03171693          	slli	a3,a4,0x31
   18a08:	92c9                	srli	a3,a3,0x32
   18a0a:	e6f9                	bnez	a3,18ad8 <__subtf3+0x300>
   18a0c:	00a36733          	or	a4,t1,a0
   18a10:	08081363          	bnez	a6,18a96 <__subtf3+0x2be>
   18a14:	4e070663          	beqz	a4,18f00 <__subtf3+0x728>
   18a18:	00ce6733          	or	a4,t3,a2
   18a1c:	4e070663          	beqz	a4,18f08 <__subtf3+0x730>
   18a20:	962a                	add	a2,a2,a0
   18a22:	9e1a                	add	t3,t3,t1
   18a24:	00a63533          	sltu	a0,a2,a0
   18a28:	00ae0333          	add	t1,t3,a0
   18a2c:	00c31713          	slli	a4,t1,0xc
   18a30:	40075863          	bgez	a4,18e40 <__subtf3+0x668>
   18a34:	577d                	li	a4,-1
   18a36:	174e                	slli	a4,a4,0x33
   18a38:	177d                	addi	a4,a4,-1
   18a3a:	00e37333          	and	t1,t1,a4
   18a3e:	4485                	li	s1,1
   18a40:	6721                	lui	a4,0x8
   18a42:	03d31513          	slli	a0,t1,0x3d
   18a46:	820d                	srli	a2,a2,0x3
   18a48:	177d                	addi	a4,a4,-1 # 7fff <exit-0x8121>
   18a4a:	8d51                	or	a0,a0,a2
   18a4c:	00335313          	srli	t1,t1,0x3
   18a50:	00e49a63          	bne	s1,a4,18a64 <__subtf3+0x28c>
   18a54:	00656533          	or	a0,a0,t1
   18a58:	4301                	li	t1,0
   18a5a:	c509                	beqz	a0,18a64 <__subtf3+0x28c>
   18a5c:	4305                	li	t1,1
   18a5e:	133e                	slli	t1,t1,0x2f
   18a60:	4501                	li	a0,0
   18a62:	4901                	li	s2,0
   18a64:	03149713          	slli	a4,s1,0x31
   18a68:	00197913          	andi	s2,s2,1
   18a6c:	9345                	srli	a4,a4,0x31
   18a6e:	093e                	slli	s2,s2,0xf
   18a70:	01031593          	slli	a1,t1,0x10
   18a74:	00e96933          	or	s2,s2,a4
   18a78:	1942                	slli	s2,s2,0x30
   18a7a:	81c1                	srli	a1,a1,0x10
   18a7c:	0125e5b3          	or	a1,a1,s2
   18a80:	c399                	beqz	a5,18a86 <__subtf3+0x2ae>
   18a82:	0017a073          	csrs	fflags,a5
   18a86:	70a2                	ld	ra,40(sp)
   18a88:	7402                	ld	s0,32(sp)
   18a8a:	64e2                	ld	s1,24(sp)
   18a8c:	6942                	ld	s2,16(sp)
   18a8e:	69a2                	ld	s3,8(sp)
   18a90:	6a02                	ld	s4,0(sp)
   18a92:	6145                	addi	sp,sp,48
   18a94:	8082                	ret
   18a96:	03181563          	bne	a6,a7,18ac0 <__subtf3+0x2e8>
   18a9a:	c31d                	beqz	a4,18ac0 <__subtf3+0x2e8>
   18a9c:	03235793          	srli	a5,t1,0x32
   18aa0:	8b85                	andi	a5,a5,1
   18aa2:	0017c793          	xori	a5,a5,1
   18aa6:	0047979b          	slliw	a5,a5,0x4
   18aaa:	030e9163          	bne	t4,a6,18acc <__subtf3+0x2f4>
   18aae:	00ce66b3          	or	a3,t3,a2
   18ab2:	ca99                	beqz	a3,18ac8 <__subtf3+0x2f0>
   18ab4:	00de1693          	slli	a3,t3,0xd
   18ab8:	0006c863          	bltz	a3,18ac8 <__subtf3+0x2f0>
   18abc:	47c1                	li	a5,16
   18abe:	a029                	j	18ac8 <__subtf3+0x2f0>
   18ac0:	66a1                	lui	a3,0x8
   18ac2:	16fd                	addi	a3,a3,-1 # 7fff <exit-0x8121>
   18ac4:	fede85e3          	beq	t4,a3,18aae <__subtf3+0x2d6>
   18ac8:	2e070263          	beqz	a4,18dac <__subtf3+0x5d4>
   18acc:	00ce6e33          	or	t3,t3,a2
   18ad0:	2e0e1563          	bnez	t3,18dba <__subtf3+0x5e2>
   18ad4:	862a                	mv	a2,a0
   18ad6:	ace1                	j	18dae <__subtf3+0x5d6>
   18ad8:	03170063          	beq	a4,a7,18af8 <__subtf3+0x320>
   18adc:	962a                	add	a2,a2,a0
   18ade:	9e1a                	add	t3,t3,t1
   18ae0:	00a63533          	sltu	a0,a2,a0
   18ae4:	9e2a                	add	t3,t3,a0
   18ae6:	03fe1693          	slli	a3,t3,0x3f
   18aea:	8205                	srli	a2,a2,0x1
   18aec:	8e55                	or	a2,a2,a3
   18aee:	001e5313          	srli	t1,t3,0x1
   18af2:	84ba                	mv	s1,a4
   18af4:	4701                	li	a4,0
   18af6:	ae49                	j	18e88 <__subtf3+0x6b0>
   18af8:	4a098563          	beqz	s3,18fa2 <__subtf3+0x7ca>
   18afc:	468d                	li	a3,3
   18afe:	02d99a63          	bne	s3,a3,18b32 <__subtf3+0x35a>
   18b02:	4a090063          	beqz	s2,18fa2 <__subtf3+0x7ca>
   18b06:	64a1                	lui	s1,0x8
   18b08:	14f9                	addi	s1,s1,-2 # 7ffe <exit-0x8122>
   18b0a:	567d                	li	a2,-1
   18b0c:	8332                	mv	t1,a2
   18b0e:	4715                	li	a4,5
   18b10:	468d                	li	a3,3
   18b12:	40d98d63          	beq	s3,a3,18f2c <__subtf3+0x754>
   18b16:	42099363          	bnez	s3,18f3c <__subtf3+0x764>
   18b1a:	00f67693          	andi	a3,a2,15
   18b1e:	4591                	li	a1,4
   18b20:	40b68e63          	beq	a3,a1,18f3c <__subtf3+0x764>
   18b24:	00b606b3          	add	a3,a2,a1
   18b28:	00c6b5b3          	sltu	a1,a3,a2
   18b2c:	932e                	add	t1,t1,a1
   18b2e:	8636                	mv	a2,a3
   18b30:	a131                	j	18f3c <__subtf3+0x764>
   18b32:	4789                	li	a5,2
   18b34:	42f99a63          	bne	s3,a5,18f68 <__subtf3+0x790>
   18b38:	46091563          	bnez	s2,18fa2 <__subtf3+0x7ca>
   18b3c:	64a1                	lui	s1,0x8
   18b3e:	567d                	li	a2,-1
   18b40:	14f9                	addi	s1,s1,-2 # 7ffe <exit-0x8122>
   18b42:	8332                	mv	t1,a2
   18b44:	4715                	li	a4,5
   18b46:	87ba                	mv	a5,a4
   18b48:	a109                	j	18f4a <__subtf3+0x772>
   18b4a:	02098063          	beqz	s3,18b6a <__subtf3+0x392>
   18b4e:	478d                	li	a5,3
   18b50:	00f99863          	bne	s3,a5,18b60 <__subtf3+0x388>
   18b54:	00090b63          	beqz	s2,18b6a <__subtf3+0x392>
   18b58:	64a1                	lui	s1,0x8
   18b5a:	14f9                	addi	s1,s1,-2 # 7ffe <exit-0x8122>
   18b5c:	4781                	li	a5,0
   18b5e:	b775                	j	18b0a <__subtf3+0x332>
   18b60:	4789                	li	a5,2
   18b62:	40f99363          	bne	s3,a5,18f68 <__subtf3+0x790>
   18b66:	fc090be3          	beqz	s2,18b3c <__subtf3+0x364>
   18b6a:	4301                	li	t1,0
   18b6c:	4601                	li	a2,0
   18b6e:	4795                	li	a5,5
   18b70:	bdc1                	j	18a40 <__subtf3+0x268>
   18b72:	0af05d63          	blez	a5,18c2c <__subtf3+0x454>
   18b76:	060e9b63          	bnez	t4,18bec <__subtf3+0x414>
   18b7a:	00ce6733          	or	a4,t3,a2
   18b7e:	cc070ae3          	beqz	a4,18852 <__subtf3+0x7a>
   18b82:	37fd                	addiw	a5,a5,-1
   18b84:	e395                	bnez	a5,18ba8 <__subtf3+0x3d0>
   18b86:	40c50633          	sub	a2,a0,a2
   18b8a:	41c30e33          	sub	t3,t1,t3
   18b8e:	00c53533          	sltu	a0,a0,a2
   18b92:	40ae0333          	sub	t1,t3,a0
   18b96:	00c31793          	slli	a5,t1,0xc
   18b9a:	d007d0e3          	bgez	a5,1889a <__subtf3+0xc2>
   18b9e:	00d31413          	slli	s0,t1,0xd
   18ba2:	8035                	srli	s0,s0,0xd
   18ba4:	8a32                	mv	s4,a2
   18ba6:	a499                	j	18dec <__subtf3+0x614>
   18ba8:	cf180de3          	beq	a6,a7,188a2 <__subtf3+0xca>
   18bac:	07400713          	li	a4,116
   18bb0:	06f74963          	blt	a4,a5,18c22 <__subtf3+0x44a>
   18bb4:	03f00713          	li	a4,63
   18bb8:	04f74163          	blt	a4,a5,18bfa <__subtf3+0x422>
   18bbc:	04000693          	li	a3,64
   18bc0:	9e9d                	subw	a3,a3,a5
   18bc2:	00de1733          	sll	a4,t3,a3
   18bc6:	00f655b3          	srl	a1,a2,a5
   18bca:	00d616b3          	sll	a3,a2,a3
   18bce:	8f4d                	or	a4,a4,a1
   18bd0:	00d036b3          	snez	a3,a3
   18bd4:	8f55                	or	a4,a4,a3
   18bd6:	00fe57b3          	srl	a5,t3,a5
   18bda:	40e50633          	sub	a2,a0,a4
   18bde:	40f307b3          	sub	a5,t1,a5
   18be2:	00c53533          	sltu	a0,a0,a2
   18be6:	40a78333          	sub	t1,a5,a0
   18bea:	b775                	j	18b96 <__subtf3+0x3be>
   18bec:	cb180be3          	beq	a6,a7,188a2 <__subtf3+0xca>
   18bf0:	4705                	li	a4,1
   18bf2:	174e                	slli	a4,a4,0x33
   18bf4:	00ee6e33          	or	t3,t3,a4
   18bf8:	bf55                	j	18bac <__subtf3+0x3d4>
   18bfa:	fc07871b          	addiw	a4,a5,-64
   18bfe:	04000593          	li	a1,64
   18c02:	00ee5733          	srl	a4,t3,a4
   18c06:	4681                	li	a3,0
   18c08:	00b78763          	beq	a5,a1,18c16 <__subtf3+0x43e>
   18c0c:	08000693          	li	a3,128
   18c10:	9e9d                	subw	a3,a3,a5
   18c12:	00de16b3          	sll	a3,t3,a3
   18c16:	8ed1                	or	a3,a3,a2
   18c18:	00d036b3          	snez	a3,a3
   18c1c:	8f55                	or	a4,a4,a3
   18c1e:	4781                	li	a5,0
   18c20:	bf6d                	j	18bda <__subtf3+0x402>
   18c22:	00ce6733          	or	a4,t3,a2
   18c26:	00e03733          	snez	a4,a4
   18c2a:	bfd5                	j	18c1e <__subtf3+0x446>
   18c2c:	cfe1                	beqz	a5,18d04 <__subtf3+0x52c>
   18c2e:	08081963          	bnez	a6,18cc0 <__subtf3+0x4e8>
   18c32:	00a36733          	or	a4,t1,a0
   18c36:	e30d                	bnez	a4,18c58 <__subtf3+0x480>
   18c38:	892e                	mv	s2,a1
   18c3a:	371e9863          	bne	t4,a7,18faa <__subtf3+0x7d2>
   18c3e:	00ce6333          	or	t1,t3,a2
   18c42:	36030763          	beqz	t1,18fb0 <__subtf3+0x7d8>
   18c46:	032e5793          	srli	a5,t3,0x32
   18c4a:	8b85                	andi	a5,a5,1
   18c4c:	0017c793          	xori	a5,a5,1
   18c50:	0047979b          	slliw	a5,a5,0x4
   18c54:	892e                	mv	s2,a1
   18c56:	b321                	j	1895e <__subtf3+0x186>
   18c58:	fff7c793          	not	a5,a5
   18c5c:	2781                	sext.w	a5,a5
   18c5e:	ef89                	bnez	a5,18c78 <__subtf3+0x4a0>
   18c60:	40a60533          	sub	a0,a2,a0
   18c64:	00a637b3          	sltu	a5,a2,a0
   18c68:	406e0e33          	sub	t3,t3,t1
   18c6c:	862a                	mv	a2,a0
   18c6e:	40fe0333          	sub	t1,t3,a5
   18c72:	84f6                	mv	s1,t4
   18c74:	892e                	mv	s2,a1
   18c76:	b705                	j	18b96 <__subtf3+0x3be>
   18c78:	fd1e83e3          	beq	t4,a7,18c3e <__subtf3+0x466>
   18c7c:	07400713          	li	a4,116
   18c80:	06f74d63          	blt	a4,a5,18cfa <__subtf3+0x522>
   18c84:	03f00713          	li	a4,63
   18c88:	04f74563          	blt	a4,a5,18cd2 <__subtf3+0x4fa>
   18c8c:	04000693          	li	a3,64
   18c90:	9e9d                	subw	a3,a3,a5
   18c92:	00d31733          	sll	a4,t1,a3
   18c96:	00f55833          	srl	a6,a0,a5
   18c9a:	00d516b3          	sll	a3,a0,a3
   18c9e:	01076733          	or	a4,a4,a6
   18ca2:	00d036b3          	snez	a3,a3
   18ca6:	8f55                	or	a4,a4,a3
   18ca8:	00f357b3          	srl	a5,t1,a5
   18cac:	40e60733          	sub	a4,a2,a4
   18cb0:	00e63333          	sltu	t1,a2,a4
   18cb4:	40fe07b3          	sub	a5,t3,a5
   18cb8:	863a                	mv	a2,a4
   18cba:	40678333          	sub	t1,a5,t1
   18cbe:	bf55                	j	18c72 <__subtf3+0x49a>
   18cc0:	f71e8fe3          	beq	t4,a7,18c3e <__subtf3+0x466>
   18cc4:	4705                	li	a4,1
   18cc6:	174e                	slli	a4,a4,0x33
   18cc8:	40f007bb          	negw	a5,a5
   18ccc:	00e36333          	or	t1,t1,a4
   18cd0:	b775                	j	18c7c <__subtf3+0x4a4>
   18cd2:	fc07871b          	addiw	a4,a5,-64
   18cd6:	04000813          	li	a6,64
   18cda:	00e35733          	srl	a4,t1,a4
   18cde:	4681                	li	a3,0
   18ce0:	01078763          	beq	a5,a6,18cee <__subtf3+0x516>
   18ce4:	08000693          	li	a3,128
   18ce8:	9e9d                	subw	a3,a3,a5
   18cea:	00d316b3          	sll	a3,t1,a3
   18cee:	8ec9                	or	a3,a3,a0
   18cf0:	00d036b3          	snez	a3,a3
   18cf4:	8f55                	or	a4,a4,a3
   18cf6:	4781                	li	a5,0
   18cf8:	bf55                	j	18cac <__subtf3+0x4d4>
   18cfa:	00a36733          	or	a4,t1,a0
   18cfe:	00e03733          	snez	a4,a4
   18d02:	bfd5                	j	18cf6 <__subtf3+0x51e>
   18d04:	00180713          	addi	a4,a6,1
   18d08:	03171693          	slli	a3,a4,0x31
   18d0c:	92c9                	srli	a3,a3,0x32
   18d0e:	eadd                	bnez	a3,18dc4 <__subtf3+0x5ec>
   18d10:	00ce6733          	or	a4,t3,a2
   18d14:	00a366b3          	or	a3,t1,a0
   18d18:	04081f63          	bnez	a6,18d76 <__subtf3+0x59e>
   18d1c:	ea91                	bnez	a3,18d30 <__subtf3+0x558>
   18d1e:	1e071363          	bnez	a4,18f04 <__subtf3+0x72c>
   18d22:	ffe98913          	addi	s2,s3,-2
   18d26:	00193913          	seqz	s2,s2
   18d2a:	4301                	li	t1,0
   18d2c:	4601                	li	a2,0
   18d2e:	bb09                	j	18a40 <__subtf3+0x268>
   18d30:	1c070c63          	beqz	a4,18f08 <__subtf3+0x730>
   18d34:	40c506b3          	sub	a3,a0,a2
   18d38:	00d53833          	sltu	a6,a0,a3
   18d3c:	41c30733          	sub	a4,t1,t3
   18d40:	41070733          	sub	a4,a4,a6
   18d44:	00c71813          	slli	a6,a4,0xc
   18d48:	00085d63          	bgez	a6,18d62 <__subtf3+0x58a>
   18d4c:	40a60533          	sub	a0,a2,a0
   18d50:	00a637b3          	sltu	a5,a2,a0
   18d54:	406e0e33          	sub	t3,t3,t1
   18d58:	862a                	mv	a2,a0
   18d5a:	40fe0333          	sub	t1,t3,a5
   18d5e:	892e                	mv	s2,a1
   18d60:	a0c5                	j	18e40 <__subtf3+0x668>
   18d62:	00e6e633          	or	a2,a3,a4
   18d66:	1a061363          	bnez	a2,18f0c <__subtf3+0x734>
   18d6a:	ffe98913          	addi	s2,s3,-2
   18d6e:	00193913          	seqz	s2,s2
   18d72:	4301                	li	t1,0
   18d74:	b1f1                	j	18a40 <__subtf3+0x268>
   18d76:	03181563          	bne	a6,a7,18da0 <__subtf3+0x5c8>
   18d7a:	24068a63          	beqz	a3,18fce <__subtf3+0x7f6>
   18d7e:	03235793          	srli	a5,t1,0x32
   18d82:	8b85                	andi	a5,a5,1
   18d84:	0017c793          	xori	a5,a5,1
   18d88:	0047979b          	slliw	a5,a5,0x4
   18d8c:	030e9563          	bne	t4,a6,18db6 <__subtf3+0x5de>
   18d90:	cb11                	beqz	a4,18da4 <__subtf3+0x5cc>
   18d92:	00de1813          	slli	a6,t3,0xd
   18d96:	00084763          	bltz	a6,18da4 <__subtf3+0x5cc>
   18d9a:	47c1                	li	a5,16
   18d9c:	c699                	beqz	a3,18daa <__subtf3+0x5d2>
   18d9e:	a831                	j	18dba <__subtf3+0x5e2>
   18da0:	ff1e88e3          	beq	t4,a7,18d90 <__subtf3+0x5b8>
   18da4:	ea89                	bnez	a3,18db6 <__subtf3+0x5de>
   18da6:	20070863          	beqz	a4,18fb6 <__subtf3+0x7de>
   18daa:	892e                	mv	s2,a1
   18dac:	8372                	mv	t1,t3
   18dae:	6721                	lui	a4,0x8
   18db0:	fff70493          	addi	s1,a4,-1 # 7fff <exit-0x8121>
   18db4:	b171                	j	18a40 <__subtf3+0x268>
   18db6:	d0070fe3          	beqz	a4,18ad4 <__subtf3+0x2fc>
   18dba:	4305                	li	t1,1
   18dbc:	4901                	li	s2,0
   18dbe:	134a                	slli	t1,t1,0x32
   18dc0:	4601                	li	a2,0
   18dc2:	b7f5                	j	18dae <__subtf3+0x5d6>
   18dc4:	40c50733          	sub	a4,a0,a2
   18dc8:	00e536b3          	sltu	a3,a0,a4
   18dcc:	41c30433          	sub	s0,t1,t3
   18dd0:	8c15                	sub	s0,s0,a3
   18dd2:	00c41693          	slli	a3,s0,0xc
   18dd6:	8a3a                	mv	s4,a4
   18dd8:	0c06d063          	bgez	a3,18e98 <__subtf3+0x6c0>
   18ddc:	40a60a33          	sub	s4,a2,a0
   18de0:	406e0433          	sub	s0,t3,t1
   18de4:	01463633          	sltu	a2,a2,s4
   18de8:	8c11                	sub	s0,s0,a2
   18dea:	892e                	mv	s2,a1
   18dec:	c061                	beqz	s0,18eac <__subtf3+0x6d4>
   18dee:	8522                	mv	a0,s0
   18df0:	3ec000ef          	jal	191dc <__clzdi2>
   18df4:	ff45061b          	addiw	a2,a0,-12
   18df8:	04000313          	li	t1,64
   18dfc:	40c3033b          	subw	t1,t1,a2
   18e00:	00c41433          	sll	s0,s0,a2
   18e04:	006a5333          	srl	t1,s4,t1
   18e08:	00836333          	or	t1,t1,s0
   18e0c:	00ca1433          	sll	s0,s4,a2
   18e10:	0e964063          	blt	a2,s1,18ef0 <__subtf3+0x718>
   18e14:	9e05                	subw	a2,a2,s1
   18e16:	0016071b          	addiw	a4,a2,1 # 8001 <exit-0x811f>
   18e1a:	03f00793          	li	a5,63
   18e1e:	0ae7c563          	blt	a5,a4,18ec8 <__subtf3+0x6f0>
   18e22:	04000793          	li	a5,64
   18e26:	9f99                	subw	a5,a5,a4
   18e28:	00f31633          	sll	a2,t1,a5
   18e2c:	00e456b3          	srl	a3,s0,a4
   18e30:	00f417b3          	sll	a5,s0,a5
   18e34:	8e55                	or	a2,a2,a3
   18e36:	00f037b3          	snez	a5,a5
   18e3a:	8e5d                	or	a2,a2,a5
   18e3c:	00e35333          	srl	t1,t1,a4
   18e40:	00c367b3          	or	a5,t1,a2
   18e44:	18078263          	beqz	a5,18fc8 <__subtf3+0x7f0>
   18e48:	00161693          	slli	a3,a2,0x1
   18e4c:	03f65713          	srli	a4,a2,0x3f
   18e50:	00131793          	slli	a5,t1,0x1
   18e54:	0076f593          	andi	a1,a3,7
   18e58:	97ba                	add	a5,a5,a4
   18e5a:	4701                	li	a4,0
   18e5c:	c18d                	beqz	a1,18e7e <__subtf3+0x6a6>
   18e5e:	4709                	li	a4,2
   18e60:	0ce98263          	beq	s3,a4,18f24 <__subtf3+0x74c>
   18e64:	470d                	li	a4,3
   18e66:	0ae98663          	beq	s3,a4,18f12 <__subtf3+0x73a>
   18e6a:	4705                	li	a4,1
   18e6c:	00099963          	bnez	s3,18e7e <__subtf3+0x6a6>
   18e70:	00f6f593          	andi	a1,a3,15
   18e74:	4511                	li	a0,4
   18e76:	ffc6b693          	sltiu	a3,a3,-4
   18e7a:	0aa59163          	bne	a1,a0,18f1c <__subtf3+0x744>
   18e7e:	93d1                	srli	a5,a5,0x34
   18e80:	8b85                	andi	a5,a5,1
   18e82:	0017c793          	xori	a5,a5,1
   18e86:	4481                	li	s1,0
   18e88:	00767693          	andi	a3,a2,7
   18e8c:	cac5                	beqz	a3,18f3c <__subtf3+0x764>
   18e8e:	4709                	li	a4,2
   18e90:	0ae98363          	beq	s3,a4,18f36 <__subtf3+0x75e>
   18e94:	4705                	li	a4,1
   18e96:	b9ad                	j	18b10 <__subtf3+0x338>
   18e98:	00876633          	or	a2,a4,s0
   18e9c:	fa21                	bnez	a2,18dec <__subtf3+0x614>
   18e9e:	ffe98913          	addi	s2,s3,-2
   18ea2:	00193913          	seqz	s2,s2
   18ea6:	4301                	li	t1,0
   18ea8:	4481                	li	s1,0
   18eaa:	be59                	j	18a40 <__subtf3+0x268>
   18eac:	8552                	mv	a0,s4
   18eae:	32e000ef          	jal	191dc <__clzdi2>
   18eb2:	0345061b          	addiw	a2,a0,52
   18eb6:	03f00793          	li	a5,63
   18eba:	f2c7dfe3          	bge	a5,a2,18df8 <__subtf3+0x620>
   18ebe:	ff45031b          	addiw	t1,a0,-12
   18ec2:	006a1333          	sll	t1,s4,t1
   18ec6:	b7a9                	j	18e10 <__subtf3+0x638>
   18ec8:	fc16061b          	addiw	a2,a2,-63
   18ecc:	04000693          	li	a3,64
   18ed0:	00c35633          	srl	a2,t1,a2
   18ed4:	4781                	li	a5,0
   18ed6:	00d70763          	beq	a4,a3,18ee4 <__subtf3+0x70c>
   18eda:	08000793          	li	a5,128
   18ede:	9f99                	subw	a5,a5,a4
   18ee0:	00f317b3          	sll	a5,t1,a5
   18ee4:	8fc1                	or	a5,a5,s0
   18ee6:	00f037b3          	snez	a5,a5
   18eea:	8e5d                	or	a2,a2,a5
   18eec:	4301                	li	t1,0
   18eee:	bf89                	j	18e40 <__subtf3+0x668>
   18ef0:	57fd                	li	a5,-1
   18ef2:	17ce                	slli	a5,a5,0x33
   18ef4:	17fd                	addi	a5,a5,-1
   18ef6:	8c91                	sub	s1,s1,a2
   18ef8:	00f37333          	and	t1,t1,a5
   18efc:	8622                	mv	a2,s0
   18efe:	ba71                	j	1889a <__subtf3+0xc2>
   18f00:	8372                	mv	t1,t3
   18f02:	bf3d                	j	18e40 <__subtf3+0x668>
   18f04:	8372                	mv	t1,t3
   18f06:	bda1                	j	18d5e <__subtf3+0x586>
   18f08:	862a                	mv	a2,a0
   18f0a:	bf1d                	j	18e40 <__subtf3+0x668>
   18f0c:	833a                	mv	t1,a4
   18f0e:	8636                	mv	a2,a3
   18f10:	bf05                	j	18e40 <__subtf3+0x668>
   18f12:	4705                	li	a4,1
   18f14:	f60915e3          	bnez	s2,18e7e <__subtf3+0x6a6>
   18f18:	ff86b693          	sltiu	a3,a3,-8
   18f1c:	0016b693          	seqz	a3,a3
   18f20:	97b6                	add	a5,a5,a3
   18f22:	bfb1                	j	18e7e <__subtf3+0x6a6>
   18f24:	4705                	li	a4,1
   18f26:	f4090ce3          	beqz	s2,18e7e <__subtf3+0x6a6>
   18f2a:	b7fd                	j	18f18 <__subtf3+0x740>
   18f2c:	00091863          	bnez	s2,18f3c <__subtf3+0x764>
   18f30:	00860693          	addi	a3,a2,8
   18f34:	bed5                	j	18b28 <__subtf3+0x350>
   18f36:	4705                	li	a4,1
   18f38:	fe091ce3          	bnez	s2,18f30 <__subtf3+0x758>
   18f3c:	c00785e3          	beqz	a5,18b46 <__subtf3+0x36e>
   18f40:	00177793          	andi	a5,a4,1
   18f44:	0017979b          	slliw	a5,a5,0x1
   18f48:	8fd9                	or	a5,a5,a4
   18f4a:	00c31713          	slli	a4,t1,0xc
   18f4e:	ae0759e3          	bgez	a4,18a40 <__subtf3+0x268>
   18f52:	6721                	lui	a4,0x8
   18f54:	0485                	addi	s1,s1,1
   18f56:	177d                	addi	a4,a4,-1 # 7fff <exit-0x8121>
   18f58:	00e48e63          	beq	s1,a4,18f74 <__subtf3+0x79c>
   18f5c:	577d                	li	a4,-1
   18f5e:	174e                	slli	a4,a4,0x33
   18f60:	177d                	addi	a4,a4,-1
   18f62:	00e37333          	and	t1,t1,a4
   18f66:	bce9                	j	18a40 <__subtf3+0x268>
   18f68:	64a1                	lui	s1,0x8
   18f6a:	537d                	li	t1,-1
   18f6c:	14f9                	addi	s1,s1,-2 # 7ffe <exit-0x8122>
   18f6e:	861a                	mv	a2,t1
   18f70:	4795                	li	a5,5
   18f72:	bfe1                	j	18f4a <__subtf3+0x772>
   18f74:	4601                	li	a2,0
   18f76:	02098163          	beqz	s3,18f98 <__subtf3+0x7c0>
   18f7a:	470d                	li	a4,3
   18f7c:	00e99863          	bne	s3,a4,18f8c <__subtf3+0x7b4>
   18f80:	00090c63          	beqz	s2,18f98 <__subtf3+0x7c0>
   18f84:	64a1                	lui	s1,0x8
   18f86:	567d                	li	a2,-1
   18f88:	14f9                	addi	s1,s1,-2 # 7ffe <exit-0x8122>
   18f8a:	a039                	j	18f98 <__subtf3+0x7c0>
   18f8c:	ffe98693          	addi	a3,s3,-2
   18f90:	faf5                	bnez	a3,18f84 <__subtf3+0x7ac>
   18f92:	00197713          	andi	a4,s2,1
   18f96:	d77d                	beqz	a4,18f84 <__subtf3+0x7ac>
   18f98:	0057e793          	ori	a5,a5,5
   18f9c:	2781                	sext.w	a5,a5
   18f9e:	8332                	mv	t1,a2
   18fa0:	b445                	j	18a40 <__subtf3+0x268>
   18fa2:	84ba                	mv	s1,a4
   18fa4:	b6d9                	j	18b6a <__subtf3+0x392>
   18fa6:	4301                	li	t1,0
   18fa8:	b845                	j	18858 <__subtf3+0x80>
   18faa:	8372                	mv	t1,t3
   18fac:	84f6                	mv	s1,t4
   18fae:	b06d                	j	18858 <__subtf3+0x80>
   18fb0:	892e                	mv	s2,a1
   18fb2:	4601                	li	a2,0
   18fb4:	bfe5                	j	18fac <__subtf3+0x7d4>
   18fb6:	4305                	li	t1,1
   18fb8:	6721                	lui	a4,0x8
   18fba:	4901                	li	s2,0
   18fbc:	4601                	li	a2,0
   18fbe:	134a                	slli	t1,t1,0x32
   18fc0:	fff70493          	addi	s1,a4,-1 # 7fff <exit-0x8121>
   18fc4:	47c1                	li	a5,16
   18fc6:	bcad                	j	18a40 <__subtf3+0x268>
   18fc8:	4301                	li	t1,0
   18fca:	4601                	li	a2,0
   18fcc:	bdf1                	j	18ea8 <__subtf3+0x6d0>
   18fce:	dd0e9ce3          	bne	t4,a6,18da6 <__subtf3+0x5ce>
   18fd2:	bb7d                	j	18d90 <__subtf3+0x5b8>

0000000000018fd4 <__unordtf2>:
   18fd4:	882a                	mv	a6,a0
   18fd6:	002027f3          	frrm	a5
   18fda:	57fd                	li	a5,-1
   18fdc:	83c1                	srli	a5,a5,0x10
   18fde:	6721                	lui	a4,0x8
   18fe0:	00f5f8b3          	and	a7,a1,a5
   18fe4:	177d                	addi	a4,a4,-1 # 7fff <exit-0x8121>
   18fe6:	91c1                	srli	a1,a1,0x30
   18fe8:	8ff5                	and	a5,a5,a3
   18fea:	8df9                	and	a1,a1,a4
   18fec:	92c1                	srli	a3,a3,0x30
   18fee:	8ef9                	and	a3,a3,a4
   18ff0:	00e59563          	bne	a1,a4,18ffa <__unordtf2+0x26>
   18ff4:	01156533          	or	a0,a0,a7
   18ff8:	e909                	bnez	a0,1900a <__unordtf2+0x36>
   18ffa:	4501                	li	a0,0
   18ffc:	02e69d63          	bne	a3,a4,19036 <__unordtf2+0x62>
   19000:	00f66733          	or	a4,a2,a5
   19004:	cb0d                	beqz	a4,19036 <__unordtf2+0x62>
   19006:	00d59f63          	bne	a1,a3,19024 <__unordtf2+0x50>
   1900a:	01186833          	or	a6,a6,a7
   1900e:	00080663          	beqz	a6,1901a <__unordtf2+0x46>
   19012:	4705                	li	a4,1
   19014:	173e                	slli	a4,a4,0x2f
   19016:	00e8ed63          	bltu	a7,a4,19030 <__unordtf2+0x5c>
   1901a:	6721                	lui	a4,0x8
   1901c:	177d                	addi	a4,a4,-1 # 7fff <exit-0x8121>
   1901e:	4505                	li	a0,1
   19020:	00e69b63          	bne	a3,a4,19036 <__unordtf2+0x62>
   19024:	8e5d                	or	a2,a2,a5
   19026:	c619                	beqz	a2,19034 <__unordtf2+0x60>
   19028:	4705                	li	a4,1
   1902a:	173e                	slli	a4,a4,0x2f
   1902c:	00e7f463          	bgeu	a5,a4,19034 <__unordtf2+0x60>
   19030:	00186073          	csrsi	fflags,16
   19034:	4505                	li	a0,1
   19036:	8082                	ret

0000000000019038 <__fixtfsi>:
   19038:	862a                	mv	a2,a0
   1903a:	002027f3          	frrm	a5
   1903e:	00159713          	slli	a4,a1,0x1
   19042:	03175693          	srli	a3,a4,0x31
   19046:	6711                	lui	a4,0x4
   19048:	01059793          	slli	a5,a1,0x10
   1904c:	1779                	addi	a4,a4,-2 # 3ffe <exit-0xc122>
   1904e:	83c1                	srli	a5,a5,0x10
   19050:	91fd                	srli	a1,a1,0x3f
   19052:	00d74863          	blt	a4,a3,19062 <__fixtfsi+0x2a>
   19056:	e2a5                	bnez	a3,190b6 <__fixtfsi+0x7e>
   19058:	00f56633          	or	a2,a0,a5
   1905c:	4501                	li	a0,0
   1905e:	ea31                	bnez	a2,190b2 <__fixtfsi+0x7a>
   19060:	8082                	ret
   19062:	6711                	lui	a4,0x4
   19064:	0775                	addi	a4,a4,29 # 401d <exit-0xc103>
   19066:	02d75063          	bge	a4,a3,19086 <__fixtfsi+0x4e>
   1906a:	80000537          	lui	a0,0x80000
   1906e:	c5b1                	beqz	a1,190ba <__fixtfsi+0x82>
   19070:	6711                	lui	a4,0x4
   19072:	0779                	addi	a4,a4,30 # 401e <exit-0xc102>
   19074:	04e69563          	bne	a3,a4,190be <__fixtfsi+0x86>
   19078:	0117d713          	srli	a4,a5,0x11
   1907c:	e329                	bnez	a4,190be <__fixtfsi+0x86>
   1907e:	17be                	slli	a5,a5,0x2f
   19080:	8fd1                	or	a5,a5,a2
   19082:	eb85                	bnez	a5,190b2 <__fixtfsi+0x7a>
   19084:	8082                	ret
   19086:	4705                	li	a4,1
   19088:	1742                	slli	a4,a4,0x30
   1908a:	8fd9                	or	a5,a5,a4
   1908c:	6611                	lui	a2,0x4
   1908e:	7771                	lui	a4,0xffffc
   19090:	2745                	addiw	a4,a4,17 # ffffffffffffc011 <__BSS_END__+0xfffffffffffd83d9>
   19092:	02f6061b          	addiw	a2,a2,47 # 402f <exit-0xc0f1>
   19096:	9f35                	addw	a4,a4,a3
   19098:	40d606bb          	subw	a3,a2,a3
   1909c:	00e79733          	sll	a4,a5,a4
   190a0:	00d7d7b3          	srl	a5,a5,a3
   190a4:	8f49                	or	a4,a4,a0
   190a6:	0007851b          	sext.w	a0,a5
   190aa:	c199                	beqz	a1,190b0 <__fixtfsi+0x78>
   190ac:	40a0053b          	negw	a0,a0
   190b0:	cb11                	beqz	a4,190c4 <__fixtfsi+0x8c>
   190b2:	4785                	li	a5,1
   190b4:	a031                	j	190c0 <__fixtfsi+0x88>
   190b6:	4501                	li	a0,0
   190b8:	bfed                	j	190b2 <__fixtfsi+0x7a>
   190ba:	fff54513          	not	a0,a0
   190be:	47c1                	li	a5,16
   190c0:	0017a073          	csrs	fflags,a5
   190c4:	8082                	ret

00000000000190c6 <__floatsitf>:
   190c6:	1101                	addi	sp,sp,-32
   190c8:	ec06                	sd	ra,24(sp)
   190ca:	e822                	sd	s0,16(sp)
   190cc:	e426                	sd	s1,8(sp)
   190ce:	c129                	beqz	a0,19110 <__floatsitf+0x4a>
   190d0:	41f5579b          	sraiw	a5,a0,0x1f
   190d4:	00f54433          	xor	s0,a0,a5
   190d8:	9c1d                	subw	s0,s0,a5
   190da:	1402                	slli	s0,s0,0x20
   190dc:	9001                	srli	s0,s0,0x20
   190de:	01f5549b          	srliw	s1,a0,0x1f
   190e2:	8522                	mv	a0,s0
   190e4:	0f8000ef          	jal	191dc <__clzdi2>
   190e8:	6791                	lui	a5,0x4
   190ea:	03e7879b          	addiw	a5,a5,62 # 403e <exit-0xc0e2>
   190ee:	9f89                	subw	a5,a5,a0
   190f0:	3545                	addiw	a0,a0,-15 # 7ffffff1 <__BSS_END__+0x7ffdc3b9>
   190f2:	00a41433          	sll	s0,s0,a0
   190f6:	00f4959b          	slliw	a1,s1,0xf
   190fa:	0442                	slli	s0,s0,0x10
   190fc:	8ddd                	or	a1,a1,a5
   190fe:	8041                	srli	s0,s0,0x10
   19100:	15c2                	slli	a1,a1,0x30
   19102:	60e2                	ld	ra,24(sp)
   19104:	8dc1                	or	a1,a1,s0
   19106:	6442                	ld	s0,16(sp)
   19108:	64a2                	ld	s1,8(sp)
   1910a:	4501                	li	a0,0
   1910c:	6105                	addi	sp,sp,32
   1910e:	8082                	ret
   19110:	4481                	li	s1,0
   19112:	4401                	li	s0,0
   19114:	4781                	li	a5,0
   19116:	b7c5                	j	190f6 <__floatsitf+0x30>

0000000000019118 <__extenddftf2>:
   19118:	1101                	addi	sp,sp,-32
   1911a:	e20507d3          	fmv.x.d	a5,fa0
   1911e:	ec06                	sd	ra,24(sp)
   19120:	e822                	sd	s0,16(sp)
   19122:	e426                	sd	s1,8(sp)
   19124:	00202773          	frrm	a4
   19128:	0347d513          	srli	a0,a5,0x34
   1912c:	7ff57513          	andi	a0,a0,2047
   19130:	00150713          	addi	a4,a0,1
   19134:	00c79413          	slli	s0,a5,0xc
   19138:	7fe77713          	andi	a4,a4,2046
   1913c:	8031                	srli	s0,s0,0xc
   1913e:	03f7d493          	srli	s1,a5,0x3f
   19142:	cb11                	beqz	a4,19156 <__extenddftf2+0x3e>
   19144:	6711                	lui	a4,0x4
   19146:	c0070713          	addi	a4,a4,-1024 # 3c00 <exit-0xc520>
   1914a:	00445793          	srli	a5,s0,0x4
   1914e:	953a                	add	a0,a0,a4
   19150:	1472                	slli	s0,s0,0x3c
   19152:	4701                	li	a4,0
   19154:	a8b9                	j	191b2 <__extenddftf2+0x9a>
   19156:	ed1d                	bnez	a0,19194 <__extenddftf2+0x7c>
   19158:	4781                	li	a5,0
   1915a:	dc65                	beqz	s0,19152 <__extenddftf2+0x3a>
   1915c:	8522                	mv	a0,s0
   1915e:	07e000ef          	jal	191dc <__clzdi2>
   19162:	0005071b          	sext.w	a4,a0
   19166:	47b9                	li	a5,14
   19168:	02e7c063          	blt	a5,a4,19188 <__extenddftf2+0x70>
   1916c:	47bd                	li	a5,15
   1916e:	9f89                	subw	a5,a5,a0
   19170:	0315071b          	addiw	a4,a0,49
   19174:	00f457b3          	srl	a5,s0,a5
   19178:	00e41433          	sll	s0,s0,a4
   1917c:	6711                	lui	a4,0x4
   1917e:	c0c7071b          	addiw	a4,a4,-1012 # 3c0c <exit-0xc514>
   19182:	40a7053b          	subw	a0,a4,a0
   19186:	b7f1                	j	19152 <__extenddftf2+0x3a>
   19188:	ff15079b          	addiw	a5,a0,-15
   1918c:	00f417b3          	sll	a5,s0,a5
   19190:	4401                	li	s0,0
   19192:	b7ed                	j	1917c <__extenddftf2+0x64>
   19194:	c021                	beqz	s0,191d4 <__extenddftf2+0xbc>
   19196:	4685                	li	a3,1
   19198:	03369713          	slli	a4,a3,0x33
   1919c:	00e43733          	sltu	a4,s0,a4
   191a0:	00445793          	srli	a5,s0,0x4
   191a4:	16be                	slli	a3,a3,0x2f
   191a6:	6521                	lui	a0,0x8
   191a8:	0047171b          	slliw	a4,a4,0x4
   191ac:	8fd5                	or	a5,a5,a3
   191ae:	1472                	slli	s0,s0,0x3c
   191b0:	157d                	addi	a0,a0,-1 # 7fff <exit-0x8121>
   191b2:	01079593          	slli	a1,a5,0x10
   191b6:	00f4979b          	slliw	a5,s1,0xf
   191ba:	8fc9                	or	a5,a5,a0
   191bc:	17c2                	slli	a5,a5,0x30
   191be:	81c1                	srli	a1,a1,0x10
   191c0:	8ddd                	or	a1,a1,a5
   191c2:	c319                	beqz	a4,191c8 <__extenddftf2+0xb0>
   191c4:	00186073          	csrsi	fflags,16
   191c8:	60e2                	ld	ra,24(sp)
   191ca:	8522                	mv	a0,s0
   191cc:	6442                	ld	s0,16(sp)
   191ce:	64a2                	ld	s1,8(sp)
   191d0:	6105                	addi	sp,sp,32
   191d2:	8082                	ret
   191d4:	6521                	lui	a0,0x8
   191d6:	4781                	li	a5,0
   191d8:	157d                	addi	a0,a0,-1 # 7fff <exit-0x8121>
   191da:	bfa5                	j	19152 <__extenddftf2+0x3a>

00000000000191dc <__clzdi2>:
   191dc:	03800793          	li	a5,56
   191e0:	00f55733          	srl	a4,a0,a5
   191e4:	0ff77693          	zext.b	a3,a4
   191e8:	ee99                	bnez	a3,19206 <__clzdi2+0x2a>
   191ea:	17e1                	addi	a5,a5,-8
   191ec:	fbf5                	bnez	a5,191e0 <__clzdi2+0x4>
   191ee:	04000713          	li	a4,64
   191f2:	8f1d                	sub	a4,a4,a5
   191f4:	67e9                	lui	a5,0x1a
   191f6:	95078793          	addi	a5,a5,-1712 # 19950 <__clz_tab>
   191fa:	97aa                	add	a5,a5,a0
   191fc:	0007c503          	lbu	a0,0(a5)
   19200:	40a7053b          	subw	a0,a4,a0
   19204:	8082                	ret
   19206:	853a                	mv	a0,a4
   19208:	b7dd                	j	191ee <__clzdi2+0x12>
